"-5 degrees board impact joint"

"Time      "	".JOINT_qianhou.Element_Force.Mag"
0.000000e+00	4.212966e+01
1.000000e-04	1.361473e+01
2.000000e-04	2.373312e+01
3.000000e-04	2.878944e+01
4.000000e-04	3.156170e+01
5.000000e-04	3.329613e+01
6.000000e-04	3.450269e+01
7.000000e-04	3.539550e+01
8.000000e-04	3.608480e+01
9.000000e-04	3.663239e+01
1.000000e-03	3.707876e+01
1.100000e-03	3.744987e+01
1.200000e-03	3.776376e+01
1.300000e-03	3.803213e+01
1.400000e-03	3.826516e+01
1.500000e-03	3.846941e+01
1.600000e-03	3.865000e+01
1.700000e-03	3.881058e+01
1.800000e-03	3.895469e+01
1.900000e-03	3.908500e+01
2.000000e-03	3.920300e+01
2.100000e-03	3.931048e+01
2.200000e-03	3.940905e+01
2.300000e-03	3.949960e+01
2.400000e-03	3.958314e+01
2.500000e-03	3.966062e+01
2.600000e-03	3.973250e+01
2.700000e-03	3.979948e+01
2.800000e-03	3.986208e+01
2.900000e-03	3.992073e+01
3.000000e-03	3.997567e+01
3.100000e-03	4.002742e+01
3.200000e-03	4.007625e+01
3.300000e-03	4.012165e+01
3.400000e-03	4.016493e+01
3.500000e-03	4.020607e+01
3.600000e-03	4.024513e+01
3.700000e-03	4.028224e+01
3.800000e-03	4.031757e+01
3.900000e-03	4.035124e+01
4.000000e-03	4.038335e+01
4.100000e-03	4.041401e+01
4.200000e-03	4.044334e+01
4.300000e-03	4.047143e+01
4.400000e-03	4.049835e+01
4.500000e-03	4.052375e+01
4.600000e-03	4.054884e+01
4.700000e-03	4.057230e+01
4.800000e-03	4.059556e+01
4.900000e-03	4.061763e+01
5.000000e-03	4.063885e+01
5.100000e-03	4.065935e+01
5.200000e-03	4.067905e+01
5.300000e-03	4.069813e+01
5.400000e-03	4.071655e+01
5.500000e-03	4.073435e+01
5.600000e-03	4.075160e+01
5.700000e-03	4.076828e+01
5.800000e-03	4.078439e+01
5.900000e-03	4.080002e+01
6.000000e-03	4.081516e+01
6.100000e-03	4.082985e+01
6.200000e-03	4.084409e+01
6.300000e-03	4.085792e+01
6.400000e-03	4.087135e+01
6.500000e-03	4.088438e+01
6.600000e-03	4.089707e+01
6.700000e-03	4.090938e+01
6.800000e-03	4.092137e+01
6.900000e-03	4.093302e+01
7.000000e-03	4.094436e+01
7.100000e-03	4.095520e+01
7.200000e-03	4.096591e+01
7.300000e-03	4.097637e+01
7.400000e-03	4.098653e+01
7.500000e-03	4.099646e+01
7.600000e-03	4.100612e+01
7.700000e-03	4.101555e+01
7.800000e-03	4.102473e+01
7.900000e-03	4.103369e+01
8.000000e-03	4.104243e+01
8.100000e-03	4.105095e+01
8.200000e-03	4.105928e+01
8.300000e-03	4.106739e+01
8.400000e-03	4.107533e+01
8.500000e-03	4.108306e+01
8.600000e-03	4.109062e+01
8.700000e-03	4.109800e+01
8.800000e-03	4.110521e+01
8.900000e-03	4.111226e+01
9.000000e-03	4.111913e+01
9.100000e-03	4.112586e+01
9.200000e-03	4.113242e+01
9.300000e-03	4.113884e+01
9.400000e-03	4.114511e+01
9.500000e-03	4.115155e+01
9.600000e-03	4.115759e+01
9.700000e-03	4.116346e+01
9.800000e-03	4.116922e+01
9.900000e-03	4.117482e+01
1.000000e-02	4.118032e+01
1.010000e-02	4.118568e+01
1.020000e-02	4.119094e+01
1.030000e-02	4.119606e+01
1.040000e-02	4.120108e+01
1.050000e-02	4.120599e+01
1.060000e-02	4.121078e+01
1.070000e-02	4.121527e+01
1.080000e-02	4.121981e+01
1.090000e-02	4.122428e+01
1.100000e-02	4.122864e+01
1.110000e-02	4.123291e+01
1.120000e-02	4.123708e+01
1.130000e-02	4.124115e+01
1.140000e-02	4.124527e+01
1.150000e-02	4.124918e+01
1.160000e-02	4.125300e+01
1.170000e-02	4.125671e+01
1.180000e-02	4.126034e+01
1.190000e-02	4.126389e+01
1.200000e-02	4.126738e+01
1.210000e-02	4.127082e+01
1.220000e-02	4.127409e+01
1.230000e-02	4.127743e+01
1.240000e-02	4.128070e+01
1.250000e-02	4.128393e+01
1.260000e-02	4.128710e+01
1.270000e-02	4.129022e+01
1.280000e-02	4.129329e+01
1.290000e-02	4.129631e+01
1.300000e-02	4.129931e+01
1.310000e-02	4.130223e+01
1.320000e-02	4.130513e+01
1.330000e-02	4.130798e+01
1.340000e-02	4.131079e+01
1.350000e-02	4.131356e+01
1.360000e-02	4.131629e+01
1.370000e-02	4.131898e+01
1.380000e-02	4.132162e+01
1.390000e-02	4.132424e+01
1.400000e-02	4.132681e+01
1.410000e-02	4.132935e+01
1.420000e-02	4.133185e+01
1.430000e-02	4.133432e+01
1.440000e-02	4.133675e+01
1.450000e-02	4.133915e+01
1.460000e-02	4.134152e+01
1.470000e-02	4.134385e+01
1.480000e-02	4.134616e+01
1.490000e-02	4.134842e+01
1.500000e-02	4.135066e+01
1.510000e-02	4.135287e+01
1.520000e-02	4.135505e+01
1.530000e-02	4.135720e+01
1.540000e-02	4.135931e+01
1.550000e-02	4.136141e+01
1.560000e-02	4.136346e+01
1.570000e-02	4.136550e+01
1.580000e-02	4.136751e+01
1.590000e-02	4.136954e+01
1.600000e-02	4.137150e+01
1.610000e-02	4.137343e+01
1.620000e-02	4.137534e+01
1.630000e-02	4.137721e+01
1.640000e-02	4.137907e+01
1.650000e-02	4.138089e+01
1.660000e-02	4.138270e+01
1.670000e-02	4.138447e+01
1.680000e-02	4.138623e+01
1.690000e-02	4.138797e+01
1.700000e-02	4.138968e+01
1.710000e-02	4.139140e+01
1.720000e-02	4.139307e+01
1.730000e-02	4.139476e+01
1.740000e-02	4.139641e+01
1.750000e-02	4.139807e+01
1.760000e-02	4.139970e+01
1.770000e-02	4.140132e+01
1.780000e-02	4.140293e+01
1.790000e-02	4.140451e+01
1.800000e-02	4.140611e+01
1.810000e-02	4.140767e+01
1.820000e-02	4.140923e+01
1.830000e-02	4.141077e+01
1.840000e-02	4.141231e+01
1.850000e-02	4.141383e+01
1.860000e-02	4.141534e+01
1.870000e-02	4.141685e+01
1.880000e-02	4.141833e+01
1.890000e-02	4.141982e+01
1.900000e-02	4.142128e+01
1.910000e-02	4.142275e+01
1.920000e-02	4.142420e+01
1.930000e-02	4.142564e+01
1.940000e-02	4.142707e+01
1.950000e-02	4.142849e+01
1.960000e-02	4.142991e+01
1.970000e-02	4.143131e+01
1.980000e-02	4.143271e+01
1.990000e-02	4.143410e+01
2.000000e-02	4.143548e+01
2.010000e-02	4.143685e+01
2.020000e-02	4.143822e+01
2.030000e-02	4.143958e+01
2.040000e-02	4.144092e+01
2.050000e-02	4.144227e+01
2.060000e-02	4.144360e+01
2.070000e-02	4.144494e+01
2.080000e-02	4.144625e+01
2.090000e-02	4.144757e+01
2.100000e-02	4.144888e+01
2.110000e-02	4.145018e+01
2.120000e-02	4.145149e+01
2.130000e-02	4.145277e+01
2.140000e-02	4.145406e+01
2.150000e-02	4.145533e+01
2.160000e-02	4.145661e+01
2.170000e-02	4.145788e+01
2.180000e-02	4.145914e+01
2.190000e-02	4.146040e+01
2.200000e-02	4.146165e+01
2.210000e-02	4.146290e+01
2.220000e-02	4.146413e+01
2.230000e-02	4.146538e+01
2.240000e-02	4.146660e+01
2.250000e-02	4.146783e+01
2.260000e-02	4.146905e+01
2.270000e-02	4.147027e+01
2.280000e-02	4.147148e+01
2.290000e-02	4.147268e+01
2.300000e-02	4.147389e+01
2.310000e-02	4.147507e+01
2.320000e-02	4.147627e+01
2.330000e-02	4.147745e+01
2.340000e-02	4.147864e+01
2.350000e-02	4.147981e+01
2.360000e-02	4.148098e+01
2.370000e-02	4.148216e+01
2.380000e-02	4.148331e+01
2.390000e-02	4.148448e+01
2.400000e-02	4.148562e+01
2.410000e-02	4.148677e+01
2.420000e-02	4.148791e+01
2.430000e-02	4.148905e+01
2.440000e-02	4.149019e+01
2.450000e-02	4.149130e+01
2.460000e-02	4.149244e+01
2.470000e-02	4.149354e+01
2.480000e-02	4.149466e+01
2.490000e-02	4.149576e+01
2.500000e-02	4.149687e+01
2.510000e-02	4.149796e+01
2.520000e-02	4.149905e+01
2.530000e-02	4.150014e+01
2.540000e-02	4.150121e+01
2.550000e-02	4.150229e+01
2.560000e-02	4.150335e+01
2.570000e-02	4.150442e+01
2.580000e-02	4.150548e+01
2.590000e-02	4.150653e+01
2.600000e-02	4.150757e+01
2.610000e-02	4.150861e+01
2.620000e-02	4.150965e+01
2.630000e-02	4.151067e+01
2.640000e-02	4.151170e+01
2.650000e-02	4.151271e+01
2.660000e-02	4.151373e+01
2.670000e-02	4.151473e+01
2.680000e-02	4.151573e+01
2.690000e-02	4.151673e+01
2.700000e-02	4.151771e+01
2.710000e-02	4.151871e+01
2.720000e-02	4.151967e+01
2.730000e-02	4.152065e+01
2.740000e-02	4.152161e+01
2.750000e-02	4.152258e+01
2.760000e-02	4.152353e+01
2.770000e-02	4.152448e+01
2.780000e-02	4.152543e+01
2.790000e-02	4.152636e+01
2.800000e-02	4.152731e+01
2.810000e-02	4.152823e+01
2.820000e-02	4.152916e+01
2.830000e-02	4.153008e+01
2.840000e-02	4.153100e+01
2.850000e-02	4.153191e+01
2.860000e-02	4.153282e+01
2.870000e-02	4.153373e+01
2.880000e-02	4.153462e+01
2.890000e-02	4.153553e+01
2.900000e-02	4.153642e+01
2.910000e-02	4.153731e+01
2.920000e-02	4.153819e+01
2.930000e-02	4.153908e+01
2.940000e-02	4.153996e+01
2.950000e-02	4.154083e+01
2.960000e-02	4.154171e+01
2.970000e-02	4.154257e+01
2.980000e-02	4.154345e+01
2.990000e-02	4.154430e+01
3.000000e-02	4.154516e+01
3.010000e-02	4.154602e+01
3.020000e-02	4.154687e+01
3.030000e-02	4.154773e+01
3.040000e-02	4.154856e+01
3.050000e-02	4.154942e+01
3.060000e-02	4.155024e+01
3.070000e-02	4.155109e+01
3.080000e-02	4.155192e+01
3.090000e-02	4.155275e+01
3.100000e-02	4.155358e+01
3.110000e-02	4.155440e+01
3.120000e-02	4.155523e+01
3.130000e-02	4.155604e+01
3.140000e-02	4.155686e+01
3.150000e-02	4.155767e+01
3.160000e-02	4.155849e+01
3.170000e-02	4.155929e+01
3.180000e-02	4.156010e+01
3.190000e-02	4.156090e+01
3.200000e-02	4.156169e+01
3.210000e-02	4.156250e+01
3.220000e-02	4.156328e+01
3.230000e-02	4.156408e+01
3.240000e-02	4.156485e+01
3.250000e-02	4.156564e+01
3.260000e-02	4.156642e+01
3.270000e-02	4.156720e+01
3.280000e-02	4.156798e+01
3.290000e-02	4.156874e+01
3.300000e-02	4.156952e+01
3.310000e-02	4.157027e+01
3.320000e-02	4.157104e+01
3.330000e-02	4.157179e+01
3.340000e-02	4.157255e+01
3.350000e-02	4.157331e+01
3.360000e-02	4.157405e+01
3.370000e-02	4.157481e+01
3.380000e-02	4.157554e+01
3.390000e-02	4.157629e+01
3.400000e-02	4.157702e+01
3.410000e-02	4.157776e+01
3.420000e-02	4.157849e+01
3.430000e-02	4.157921e+01
3.440000e-02	4.157994e+01
3.450000e-02	4.158066e+01
3.460000e-02	4.158139e+01
3.470000e-02	4.158209e+01
3.480000e-02	4.158281e+01
3.490000e-02	4.158352e+01
3.500000e-02	4.158423e+01
3.510000e-02	4.158493e+01
3.520000e-02	4.158563e+01
3.530000e-02	4.158634e+01
3.540000e-02	4.158703e+01
3.550000e-02	4.158773e+01
3.560000e-02	4.158842e+01
3.570000e-02	4.158911e+01
3.580000e-02	4.158980e+01
3.590000e-02	4.159036e+01
3.600000e-02	4.159116e+01
3.610000e-02	4.159171e+01
3.620000e-02	4.159252e+01
3.630000e-02	4.159307e+01
3.640000e-02	4.159387e+01
3.650000e-02	4.159443e+01
3.660000e-02	4.159521e+01
3.670000e-02	4.159577e+01
3.680000e-02	4.159641e+01
3.690000e-02	4.159707e+01
3.700000e-02	4.159773e+01
3.710000e-02	4.159840e+01
3.720000e-02	4.159906e+01
3.730000e-02	4.159972e+01
3.740000e-02	4.160037e+01
3.750000e-02	4.160103e+01
3.760000e-02	4.160169e+01
3.770000e-02	4.160234e+01
3.780000e-02	4.160299e+01
3.790000e-02	4.160363e+01
3.800000e-02	4.160429e+01
3.810000e-02	4.160493e+01
3.820000e-02	4.160558e+01
3.830000e-02	4.160621e+01
3.840000e-02	4.160685e+01
3.850000e-02	4.160749e+01
3.860000e-02	4.160812e+01
3.870000e-02	4.160877e+01
3.880000e-02	4.160938e+01
3.890000e-02	4.161002e+01
3.900000e-02	4.161064e+01
3.910000e-02	4.161127e+01
3.920000e-02	4.161189e+01
3.930000e-02	4.161251e+01
3.940000e-02	4.161313e+01
3.950000e-02	4.161373e+01
3.960000e-02	4.161436e+01
3.970000e-02	4.161496e+01
3.980000e-02	4.161557e+01
3.990000e-02	4.161617e+01
4.000000e-02	4.161677e+01
4.010000e-02	4.161737e+01
4.020000e-02	4.161796e+01
4.030000e-02	4.161856e+01
4.040000e-02	4.161914e+01
4.050000e-02	4.161974e+01
4.060000e-02	4.162031e+01
4.070000e-02	4.162090e+01
4.080000e-02	4.162147e+01
4.090000e-02	4.162205e+01
4.100000e-02	4.162262e+01
4.110000e-02	4.162319e+01
4.120000e-02	4.162376e+01
4.130000e-02	4.162431e+01
4.140000e-02	4.162488e+01
4.150000e-02	4.162543e+01
4.160000e-02	4.162598e+01
4.170000e-02	4.162669e+01
4.180000e-02	4.162712e+01
4.190000e-02	4.162780e+01
4.200000e-02	4.162820e+01
4.210000e-02	4.162888e+01
4.220000e-02	4.162927e+01
4.230000e-02	4.162994e+01
4.240000e-02	4.163033e+01
4.250000e-02	4.163100e+01
4.260000e-02	4.163138e+01
4.270000e-02	4.163204e+01
4.280000e-02	4.163242e+01
4.290000e-02	4.163306e+01
4.300000e-02	4.163344e+01
4.310000e-02	4.163409e+01
4.320000e-02	4.163461e+01
4.330000e-02	4.163512e+01
4.340000e-02	4.163562e+01
4.350000e-02	4.163612e+01
4.360000e-02	4.163661e+01
4.370000e-02	4.163712e+01
4.380000e-02	4.163760e+01
4.390000e-02	4.163810e+01
4.400000e-02	4.163859e+01
4.410000e-02	4.163908e+01
4.420000e-02	4.163956e+01
4.430000e-02	4.164005e+01
4.440000e-02	4.164054e+01
4.450000e-02	4.164101e+01
4.460000e-02	4.164150e+01
4.470000e-02	4.164196e+01
4.480000e-02	4.164245e+01
4.490000e-02	4.164292e+01
4.500000e-02	4.164339e+01
4.510000e-02	4.164387e+01
4.520000e-02	4.164433e+01
4.530000e-02	4.164481e+01
4.540000e-02	4.164526e+01
4.550000e-02	4.164575e+01
4.560000e-02	4.164619e+01
4.570000e-02	4.164667e+01
4.580000e-02	4.164712e+01
4.590000e-02	4.164759e+01
4.600000e-02	4.164805e+01
4.610000e-02	4.164849e+01
4.620000e-02	4.164897e+01
4.630000e-02	4.164940e+01
4.640000e-02	4.164988e+01
4.650000e-02	4.165031e+01
4.660000e-02	4.165078e+01
4.670000e-02	4.165121e+01
4.680000e-02	4.165167e+01
4.690000e-02	4.165212e+01
4.700000e-02	4.165254e+01
4.710000e-02	4.165302e+01
4.720000e-02	4.165343e+01
4.730000e-02	4.165389e+01
4.740000e-02	4.165431e+01
4.750000e-02	4.165476e+01
4.760000e-02	4.165519e+01
4.770000e-02	4.165561e+01
4.780000e-02	4.165608e+01
4.790000e-02	4.165647e+01
4.800000e-02	4.165693e+01
4.810000e-02	4.165733e+01
4.820000e-02	4.165778e+01
4.830000e-02	4.165819e+01
4.840000e-02	4.165862e+01
4.850000e-02	4.165904e+01
4.860000e-02	4.165945e+01
4.870000e-02	4.165989e+01
4.880000e-02	4.166028e+01
4.890000e-02	4.166072e+01
4.900000e-02	4.166111e+01
4.910000e-02	4.166154e+01
4.920000e-02	4.166194e+01
4.930000e-02	4.166235e+01
4.940000e-02	4.166277e+01
4.950000e-02	4.166315e+01
4.960000e-02	4.166359e+01
4.970000e-02	4.166397e+01
4.980000e-02	4.166439e+01
4.990000e-02	4.166467e+01
5.000000e-02	4.166506e+01
5.010000e-02	4.166545e+01
5.020000e-02	4.166584e+01
5.030000e-02	4.166627e+01
5.040000e-02	4.166663e+01
5.050000e-02	4.166706e+01
5.060000e-02	4.166744e+01
5.070000e-02	4.166786e+01
5.080000e-02	4.166825e+01
5.090000e-02	4.166865e+01
5.100000e-02	4.166906e+01
5.110000e-02	4.166944e+01
5.120000e-02	4.166987e+01
5.130000e-02	4.167024e+01
5.140000e-02	4.167066e+01
5.150000e-02	4.167104e+01
5.160000e-02	4.167146e+01
5.170000e-02	4.167185e+01
5.180000e-02	4.167226e+01
5.190000e-02	4.167267e+01
5.200000e-02	4.167305e+01
5.210000e-02	4.167348e+01
5.220000e-02	4.167386e+01
5.230000e-02	4.167429e+01
5.240000e-02	4.167468e+01
5.250000e-02	4.167509e+01
5.260000e-02	4.167550e+01
5.270000e-02	4.167589e+01
5.280000e-02	4.167633e+01
5.290000e-02	4.167670e+01
5.300000e-02	4.167714e+01
5.310000e-02	4.167752e+01
5.320000e-02	4.167795e+01
5.330000e-02	4.167835e+01
5.340000e-02	4.167876e+01
5.350000e-02	4.167918e+01
5.360000e-02	4.167957e+01
5.370000e-02	4.168001e+01
5.380000e-02	4.168039e+01
5.390000e-02	4.168082e+01
5.400000e-02	4.168121e+01
5.410000e-02	4.168164e+01
5.420000e-02	4.168204e+01
5.430000e-02	4.168245e+01
5.440000e-02	4.168288e+01
5.450000e-02	4.168326e+01
5.460000e-02	4.168370e+01
5.470000e-02	4.168408e+01
5.480000e-02	4.168451e+01
5.490000e-02	4.168491e+01
5.500000e-02	4.168532e+01
5.510000e-02	4.168573e+01
5.520000e-02	4.168613e+01
5.530000e-02	4.168656e+01
5.540000e-02	4.168694e+01
5.550000e-02	4.168738e+01
5.560000e-02	4.168776e+01
5.570000e-02	4.168819e+01
5.580000e-02	4.168858e+01
5.590000e-02	4.168900e+01
5.600000e-02	4.168942e+01
5.610000e-02	4.168980e+01
5.620000e-02	4.169024e+01
5.630000e-02	4.169062e+01
5.640000e-02	4.169105e+01
5.650000e-02	4.169144e+01
5.660000e-02	4.169186e+01
5.670000e-02	4.169226e+01
5.680000e-02	4.169266e+01
5.690000e-02	4.169309e+01
5.700000e-02	4.169347e+01
5.710000e-02	4.169391e+01
5.720000e-02	4.169430e+01
5.730000e-02	4.169473e+01
5.740000e-02	4.169513e+01
5.750000e-02	4.169555e+01
5.760000e-02	4.169597e+01
5.770000e-02	4.169636e+01
5.780000e-02	4.169680e+01
5.790000e-02	4.169719e+01
5.800000e-02	4.169763e+01
5.810000e-02	4.169802e+01
5.820000e-02	4.169846e+01
5.830000e-02	4.169886e+01
5.840000e-02	4.169928e+01
5.850000e-02	4.169972e+01
5.860000e-02	4.170011e+01
5.870000e-02	4.170056e+01
5.880000e-02	4.170095e+01
5.890000e-02	4.170152e+01
5.900000e-02	4.170194e+01
5.910000e-02	4.170238e+01
5.920000e-02	4.170279e+01
5.930000e-02	4.170321e+01
5.940000e-02	4.170366e+01
5.950000e-02	4.170405e+01
5.960000e-02	4.170451e+01
5.970000e-02	4.170491e+01
5.980000e-02	4.170535e+01
5.990000e-02	4.170576e+01
6.000000e-02	4.170619e+01
6.010000e-02	4.170662e+01
6.020000e-02	4.170703e+01
6.030000e-02	4.170748e+01
6.040000e-02	4.170788e+01
6.050000e-02	4.170833e+01
6.060000e-02	4.170873e+01
6.070000e-02	4.170917e+01
6.080000e-02	4.170958e+01
6.090000e-02	4.171000e+01
6.100000e-02	4.171044e+01
6.110000e-02	4.171083e+01
6.120000e-02	4.171128e+01
6.130000e-02	4.171167e+01
6.140000e-02	4.171211e+01
6.150000e-02	4.171252e+01
6.160000e-02	4.171294e+01
6.170000e-02	4.171336e+01
6.180000e-02	4.171376e+01
6.190000e-02	4.171420e+01
6.200000e-02	4.171458e+01
6.210000e-02	4.171502e+01
6.220000e-02	4.171541e+01
6.230000e-02	4.171584e+01
6.240000e-02	4.171623e+01
6.250000e-02	4.171665e+01
6.260000e-02	4.171706e+01
6.270000e-02	4.171744e+01
6.280000e-02	4.171788e+01
6.290000e-02	4.171825e+01
6.300000e-02	4.171868e+01
6.310000e-02	4.171906e+01
6.320000e-02	4.171948e+01
6.330000e-02	4.171987e+01
6.340000e-02	4.172027e+01
6.350000e-02	4.172069e+01
6.360000e-02	4.172105e+01
6.370000e-02	4.172148e+01
6.380000e-02	4.172185e+01
6.390000e-02	4.172227e+01
6.400000e-02	4.172265e+01
6.410000e-02	4.172306e+01
6.420000e-02	4.172345e+01
6.430000e-02	4.172383e+01
6.440000e-02	4.172425e+01
6.450000e-02	4.172462e+01
6.460000e-02	4.172504e+01
6.470000e-02	4.172541e+01
6.480000e-02	4.172582e+01
6.490000e-02	4.172620e+01
6.500000e-02	4.172659e+01
6.510000e-02	4.172700e+01
6.520000e-02	4.172736e+01
6.530000e-02	4.172778e+01
6.540000e-02	4.172814e+01
6.550000e-02	4.172856e+01
6.560000e-02	4.172893e+01
6.570000e-02	4.172933e+01
6.580000e-02	4.172971e+01
6.590000e-02	4.173010e+01
6.600000e-02	4.173050e+01
6.610000e-02	4.173086e+01
6.620000e-02	4.173128e+01
6.630000e-02	4.173164e+01
6.640000e-02	4.173204e+01
6.650000e-02	4.173241e+01
6.660000e-02	4.173280e+01
6.670000e-02	4.173319e+01
6.680000e-02	4.173355e+01
6.690000e-02	4.173396e+01
6.700000e-02	4.173431e+01
6.710000e-02	4.173471e+01
6.720000e-02	4.173507e+01
6.730000e-02	4.173546e+01
6.740000e-02	4.173583e+01
6.750000e-02	4.173620e+01
6.760000e-02	4.173659e+01
6.770000e-02	4.173694e+01
6.780000e-02	4.173734e+01
6.790000e-02	4.173768e+01
6.800000e-02	4.173807e+01
6.810000e-02	4.173842e+01
6.820000e-02	4.173879e+01
6.830000e-02	4.173916e+01
6.840000e-02	4.173951e+01
6.850000e-02	4.173990e+01
6.860000e-02	4.174022e+01
6.870000e-02	4.174061e+01
6.880000e-02	4.174095e+01
6.890000e-02	4.174132e+01
6.900000e-02	4.174166e+01
6.910000e-02	4.174203e+01
6.920000e-02	4.174238e+01
6.930000e-02	4.174271e+01
6.940000e-02	4.174310e+01
6.950000e-02	4.174333e+01
6.960000e-02	4.174378e+01
6.970000e-02	4.174403e+01
6.980000e-02	4.174447e+01
6.990000e-02	4.174473e+01
7.000000e-02	4.174516e+01
7.010000e-02	4.174552e+01
7.020000e-02	4.174576e+01
7.030000e-02	4.174621e+01
7.040000e-02	4.174645e+01
7.050000e-02	4.174689e+01
7.060000e-02	4.174714e+01
7.070000e-02	4.174747e+01
7.080000e-02	4.174780e+01
7.090000e-02	4.174813e+01
7.100000e-02	4.174850e+01
7.110000e-02	4.174881e+01
7.120000e-02	4.174917e+01
7.130000e-02	4.174949e+01
7.140000e-02	4.174984e+01
7.150000e-02	4.175017e+01
7.160000e-02	4.175051e+01
7.170000e-02	4.175086e+01
7.180000e-02	4.175116e+01
7.190000e-02	4.175154e+01
7.200000e-02	4.175184e+01
7.210000e-02	4.175220e+01
7.220000e-02	4.175251e+01
7.230000e-02	4.175286e+01
7.240000e-02	4.175318e+01
7.250000e-02	4.175351e+01
7.260000e-02	4.175385e+01
7.270000e-02	4.175416e+01
7.280000e-02	4.175451e+01
7.290000e-02	4.175482e+01
7.300000e-02	4.175516e+01
7.310000e-02	4.175547e+01
7.320000e-02	4.175580e+01
7.330000e-02	4.175613e+01
7.340000e-02	4.175643e+01
7.350000e-02	4.175678e+01
7.360000e-02	4.175707e+01
7.370000e-02	4.175741e+01
7.380000e-02	4.175770e+01
7.390000e-02	4.175803e+01
7.400000e-02	4.175834e+01
7.410000e-02	4.175865e+01
7.420000e-02	4.175897e+01
7.430000e-02	4.175925e+01
7.440000e-02	4.175958e+01
7.450000e-02	4.175986e+01
7.460000e-02	4.176019e+01
7.470000e-02	4.176047e+01
7.480000e-02	4.176078e+01
7.490000e-02	4.176108e+01
7.500000e-02	4.176136e+01
7.510000e-02	4.176167e+01
7.520000e-02	4.176194e+01
7.530000e-02	4.176226e+01
7.540000e-02	4.176253e+01
7.550000e-02	4.176283e+01
7.560000e-02	4.176311e+01
7.570000e-02	4.176339e+01
7.580000e-02	4.176369e+01
7.590000e-02	4.176394e+01
7.600000e-02	4.176426e+01
7.610000e-02	4.176465e+01
7.620000e-02	4.176486e+01
7.630000e-02	4.176522e+01
7.640000e-02	4.176541e+01
7.650000e-02	4.176578e+01
7.660000e-02	4.176606e+01
7.670000e-02	4.176636e+01
7.680000e-02	4.176661e+01
7.690000e-02	4.176691e+01
7.700000e-02	4.176716e+01
7.710000e-02	4.176745e+01
7.720000e-02	4.176770e+01
7.730000e-02	4.176799e+01
7.740000e-02	4.176825e+01
7.750000e-02	4.176851e+01
7.760000e-02	4.176880e+01
7.770000e-02	4.176904e+01
7.780000e-02	4.176933e+01
7.790000e-02	4.176957e+01
7.800000e-02	4.176986e+01
7.810000e-02	4.177011e+01
7.820000e-02	4.177037e+01
7.830000e-02	4.177064e+01
7.840000e-02	4.177088e+01
7.850000e-02	4.177117e+01
7.860000e-02	4.177140e+01
7.870000e-02	4.177168e+01
7.880000e-02	4.177192e+01
7.890000e-02	4.177219e+01
7.900000e-02	4.177244e+01
7.910000e-02	4.177268e+01
7.920000e-02	4.177296e+01
7.930000e-02	4.177318e+01
7.940000e-02	4.177346e+01
7.950000e-02	4.177369e+01
7.960000e-02	4.177396e+01
7.970000e-02	4.177419e+01
7.980000e-02	4.177444e+01
7.990000e-02	4.177469e+01
8.000000e-02	4.177492e+01
8.010000e-02	4.177519e+01
8.020000e-02	4.177540e+01
8.030000e-02	4.177566e+01
8.040000e-02	4.177588e+01
8.050000e-02	4.177613e+01
8.060000e-02	4.177636e+01
8.070000e-02	4.177660e+01
8.080000e-02	4.177684e+01
8.090000e-02	4.177705e+01
8.100000e-02	4.177731e+01
8.110000e-02	4.177751e+01
8.120000e-02	4.177776e+01
8.130000e-02	4.177798e+01
8.140000e-02	4.177821e+01
8.150000e-02	4.177844e+01
8.160000e-02	4.177865e+01
8.170000e-02	4.177890e+01
8.180000e-02	4.177909e+01
8.190000e-02	4.177934e+01
8.200000e-02	4.177954e+01
8.210000e-02	4.177978e+01
8.220000e-02	4.177999e+01
8.230000e-02	4.178021e+01
8.240000e-02	4.178044e+01
8.250000e-02	4.178063e+01
8.260000e-02	4.178088e+01
8.270000e-02	4.178107e+01
8.280000e-02	4.178131e+01
8.290000e-02	4.178151e+01
8.300000e-02	4.178173e+01
8.310000e-02	4.178195e+01
8.320000e-02	4.178215e+01
8.330000e-02	4.178239e+01
8.340000e-02	4.178257e+01
8.350000e-02	4.178282e+01
8.360000e-02	4.178301e+01
8.370000e-02	4.178325e+01
8.380000e-02	4.178344e+01
8.390000e-02	4.178367e+01
8.400000e-02	4.178388e+01
8.410000e-02	4.178409e+01
8.420000e-02	4.178432e+01
8.430000e-02	4.178451e+01
8.440000e-02	4.178474e+01
8.450000e-02	4.178494e+01
8.460000e-02	4.178517e+01
8.470000e-02	4.178537e+01
8.480000e-02	4.178558e+01
8.490000e-02	4.178581e+01
8.500000e-02	4.178590e+01
8.510000e-02	4.178611e+01
8.520000e-02	4.178629e+01
8.530000e-02	4.178652e+01
8.540000e-02	4.178671e+01
8.550000e-02	4.178693e+01
8.560000e-02	4.178714e+01
8.570000e-02	4.178734e+01
8.580000e-02	4.178757e+01
8.590000e-02	4.178775e+01
8.600000e-02	4.178799e+01
8.610000e-02	4.178817e+01
8.620000e-02	4.178840e+01
8.630000e-02	4.178859e+01
8.640000e-02	4.178880e+01
8.650000e-02	4.178902e+01
8.660000e-02	4.178920e+01
8.670000e-02	4.178943e+01
8.680000e-02	4.178961e+01
8.690000e-02	4.178984e+01
8.700000e-02	4.179003e+01
8.710000e-02	4.179024e+01
8.720000e-02	4.179044e+01
8.730000e-02	4.179064e+01
8.740000e-02	4.179086e+01
8.750000e-02	4.179104e+01
8.760000e-02	4.179127e+01
8.770000e-02	4.179145e+01
8.780000e-02	4.179167e+01
8.790000e-02	4.179186e+01
8.800000e-02	4.179207e+01
8.810000e-02	4.179227e+01
8.820000e-02	4.179247e+01
8.830000e-02	4.179269e+01
8.840000e-02	4.179287e+01
8.850000e-02	4.179310e+01
8.860000e-02	4.179328e+01
8.870000e-02	4.179350e+01
8.880000e-02	4.179370e+01
8.890000e-02	4.179390e+01
8.900000e-02	4.179412e+01
8.910000e-02	4.179431e+01
8.920000e-02	4.179454e+01
8.930000e-02	4.179472e+01
8.940000e-02	4.179496e+01
8.950000e-02	4.179515e+01
8.960000e-02	4.179537e+01
8.970000e-02	4.179558e+01
8.980000e-02	4.179588e+01
8.990000e-02	4.179613e+01
9.000000e-02	4.179633e+01
9.010000e-02	4.179657e+01
9.020000e-02	4.179676e+01
9.030000e-02	4.179699e+01
9.040000e-02	4.179719e+01
9.050000e-02	4.179742e+01
9.060000e-02	4.179763e+01
9.070000e-02	4.179784e+01
9.080000e-02	4.179808e+01
9.090000e-02	4.179828e+01
9.100000e-02	4.179852e+01
9.110000e-02	4.179872e+01
9.120000e-02	4.179896e+01
9.130000e-02	4.179917e+01
9.140000e-02	4.179939e+01
9.150000e-02	4.179962e+01
9.160000e-02	4.179983e+01
9.170000e-02	4.180007e+01
9.180000e-02	4.180027e+01
9.190000e-02	4.180052e+01
9.200000e-02	4.180073e+01
9.210000e-02	4.180096e+01
9.220000e-02	4.180119e+01
9.230000e-02	4.180140e+01
9.240000e-02	4.180165e+01
9.250000e-02	4.180185e+01
9.260000e-02	4.180211e+01
9.270000e-02	4.180231e+01
9.280000e-02	4.180256e+01
9.290000e-02	4.180278e+01
9.300000e-02	4.180300e+01
9.310000e-02	4.180325e+01
9.320000e-02	4.180346e+01
9.330000e-02	4.180371e+01
9.340000e-02	4.180392e+01
9.350000e-02	4.180417e+01
9.360000e-02	4.180439e+01
9.370000e-02	4.180463e+01
9.380000e-02	4.180487e+01
9.390000e-02	4.180509e+01
9.400000e-02	4.180535e+01
9.410000e-02	4.180556e+01
9.420000e-02	4.180582e+01
9.430000e-02	4.180603e+01
9.440000e-02	4.180629e+01
9.450000e-02	4.180652e+01
9.460000e-02	4.180677e+01
9.470000e-02	4.180701e+01
9.480000e-02	4.180724e+01
9.490000e-02	4.180750e+01
9.500000e-02	4.180772e+01
9.510000e-02	4.180799e+01
9.520000e-02	4.180821e+01
9.530000e-02	4.180847e+01
9.540000e-02	4.180871e+01
9.550000e-02	4.180895e+01
9.560000e-02	4.180921e+01
9.570000e-02	4.180945e+01
9.580000e-02	4.180971e+01
9.590000e-02	4.180994e+01
9.600000e-02	4.181021e+01
9.610000e-02	4.181045e+01
9.620000e-02	4.181071e+01
9.630000e-02	4.181096e+01
9.640000e-02	4.181121e+01
9.650000e-02	4.181148e+01
9.660000e-02	4.181171e+01
9.670000e-02	4.181199e+01
9.680000e-02	4.181222e+01
9.690000e-02	4.181249e+01
9.700000e-02	4.181274e+01
9.710000e-02	4.181299e+01
9.720000e-02	4.181326e+01
9.730000e-02	4.181350e+01
9.740000e-02	4.181378e+01
9.750000e-02	4.181401e+01
9.760000e-02	4.181429e+01
9.770000e-02	4.181452e+01
9.780000e-02	4.181479e+01
9.790000e-02	4.181504e+01
9.800000e-02	4.181530e+01
9.810000e-02	4.181556e+01
9.820000e-02	4.181580e+01
9.830000e-02	4.181608e+01
9.840000e-02	4.181631e+01
9.850000e-02	4.181658e+01
9.860000e-02	4.181682e+01
9.870000e-02	4.181708e+01
9.880000e-02	4.181734e+01
9.890000e-02	4.181758e+01
9.900000e-02	4.181785e+01
9.910000e-02	4.181808e+01
9.920000e-02	4.181835e+01
9.930000e-02	4.181858e+01
9.940000e-02	4.181885e+01
9.950000e-02	4.181909e+01
9.960000e-02	4.181934e+01
9.970000e-02	4.181960e+01
9.980000e-02	4.181983e+01
9.990000e-02	4.182010e+01
1.000000e-01	4.181912e+01
1.001000e-01	4.182078e+01
1.002000e-01	4.182071e+01
1.003000e-01	4.182109e+01
1.004000e-01	4.182128e+01
1.005000e-01	4.182153e+01
1.006000e-01	4.182179e+01
1.007000e-01	4.182202e+01
1.008000e-01	4.182227e+01
1.009000e-01	4.182251e+01
1.010000e-01	4.182275e+01
1.011000e-01	4.182299e+01
1.012000e-01	4.182324e+01
1.013000e-01	4.182348e+01
1.014000e-01	4.182371e+01
1.015000e-01	4.182396e+01
1.016000e-01	4.182419e+01
1.017000e-01	4.182443e+01
1.018000e-01	4.182466e+01
1.019000e-01	4.182490e+01
1.020000e-01	4.182513e+01
1.021000e-01	4.182536e+01
1.022000e-01	4.182560e+01
1.023000e-01	4.182582e+01
1.024000e-01	4.182606e+01
1.025000e-01	4.182628e+01
1.026000e-01	4.182651e+01
1.027000e-01	4.182674e+01
1.028000e-01	4.182696e+01
1.029000e-01	4.182719e+01
1.030000e-01	4.182741e+01
1.031000e-01	4.182763e+01
1.032000e-01	4.182785e+01
1.033000e-01	4.182807e+01
1.034000e-01	4.182828e+01
1.035000e-01	4.182850e+01
1.036000e-01	4.182871e+01
1.037000e-01	4.182893e+01
1.038000e-01	4.182914e+01
1.039000e-01	4.182934e+01
1.040000e-01	4.182956e+01
1.041000e-01	4.182975e+01
1.042000e-01	4.182997e+01
1.043000e-01	4.183016e+01
1.044000e-01	4.183036e+01
1.045000e-01	4.183057e+01
1.046000e-01	4.183076e+01
1.047000e-01	4.183097e+01
1.048000e-01	4.183115e+01
1.049000e-01	4.183135e+01
1.050000e-01	4.183153e+01
1.051000e-01	4.183173e+01
1.052000e-01	4.183191e+01
1.053000e-01	4.183210e+01
1.053899e-01	2.946676e+03
1.054000e-01	9.593402e+04
1.054284e-01	3.599040e+04
1.054546e-01	3.437163e+04
1.054836e-01	3.180707e+04
1.055000e-01	3.036668e+04
1.055277e-01	2.888459e+04
1.055532e-01	2.921580e+04
1.055783e-01	3.004941e+04
1.056000e-01	3.092401e+04
1.056251e-01	3.137438e+04
1.056503e-01	3.129469e+04
1.056760e-01	3.063805e+04
1.057000e-01	2.978367e+04
1.058000e-01	2.808971e+04
1.058812e-01	2.679250e+04
1.059000e-01	2.628093e+04
1.060000e-01	2.409868e+04
1.061000e-01	2.347796e+04
1.062000e-01	2.229580e+04
1.063000e-01	2.105723e+04
1.064000e-01	2.030795e+04
1.065000e-01	1.933271e+04
1.066000e-01	1.834209e+04
1.067000e-01	1.762575e+04
1.068000e-01	1.691922e+04
1.069000e-01	1.615654e+04
1.070000e-01	1.550011e+04
1.071000e-01	1.488375e+04
1.072000e-01	1.423204e+04
1.073000e-01	1.357395e+04
1.074000e-01	1.297067e+04
1.075000e-01	1.241486e+04
1.076000e-01	1.188133e+04
1.077000e-01	1.137695e+04
1.078000e-01	1.091363e+04
1.079000e-01	1.047889e+04
1.080000e-01	1.005330e+04
1.081000e-01	9.626839e+03
1.082000e-01	9.214062e+03
1.083000e-01	8.814628e+03
1.084000e-01	8.434479e+03
1.085000e-01	8.072016e+03
1.086000e-01	7.736113e+03
1.086551e-01	7.559247e+03
1.087000e-01	7.473758e+03
1.088000e-01	7.143789e+03
1.089000e-01	6.865511e+03
1.090000e-01	6.607084e+03
1.091000e-01	6.360672e+03
1.092000e-01	6.121416e+03
1.093000e-01	5.887155e+03
1.094000e-01	5.656730e+03
1.095000e-01	5.430035e+03
1.096000e-01	5.208177e+03
1.097000e-01	4.991671e+03
1.098000e-01	4.783497e+03
1.099000e-01	4.583627e+03
1.100000e-01	4.394182e+03
1.101000e-01	4.215405e+03
1.102000e-01	4.047886e+03
1.103000e-01	3.890176e+03
1.104000e-01	3.741957e+03
1.105000e-01	3.601290e+03
1.106000e-01	3.467244e+03
1.107000e-01	3.337994e+03
1.108000e-01	3.212829e+03
1.109000e-01	3.091326e+03
1.110000e-01	2.972409e+03
1.111000e-01	2.856079e+03
1.112000e-01	2.744215e+03
1.113000e-01	2.633053e+03
1.114000e-01	2.526304e+03
1.115000e-01	2.422263e+03
1.116000e-01	2.322296e+03
1.117000e-01	2.226090e+03
1.118000e-01	2.134178e+03
1.119000e-01	2.046534e+03
1.120000e-01	1.963346e+03
1.121000e-01	1.884562e+03
1.122000e-01	1.810149e+03
1.123000e-01	1.739944e+03
1.124000e-01	1.673747e+03
1.125000e-01	1.611279e+03
1.126000e-01	1.552227e+03
1.127000e-01	1.496241e+03
1.128000e-01	1.442961e+03
1.129000e-01	1.392034e+03
1.130000e-01	1.343127e+03
1.131000e-01	1.295948e+03
1.132000e-01	1.250246e+03
1.133000e-01	1.205827e+03
1.134000e-01	1.162546e+03
1.135000e-01	1.120312e+03
1.136000e-01	1.079073e+03
1.137000e-01	1.038816e+03
1.138000e-01	9.995518e+02
1.139000e-01	9.613059e+02
1.140000e-01	9.241136e+02
1.141000e-01	8.880081e+02
1.142000e-01	8.530204e+02
1.143000e-01	8.191714e+02
1.144000e-01	7.864742e+02
1.145000e-01	7.549317e+02
1.146000e-01	7.247894e+02
1.147000e-01	6.955177e+02
1.148000e-01	6.673572e+02
1.149000e-01	6.402986e+02
1.150000e-01	6.143107e+02
1.151000e-01	5.893738e+02
1.152000e-01	5.654599e+02
1.153000e-01	5.423846e+02
1.154000e-01	5.204590e+02
1.155000e-01	4.994852e+02
1.156000e-01	4.794343e+02
1.157000e-01	4.602830e+02
1.158000e-01	4.420064e+02
1.159000e-01	4.245773e+02
1.160000e-01	4.079683e+02
1.161000e-01	3.921494e+02
1.162000e-01	3.770892e+02
1.163000e-01	3.627550e+02
1.164000e-01	3.491110e+02
1.165000e-01	3.361220e+02
1.166000e-01	3.237496e+02
1.167000e-01	3.119564e+02
1.168000e-01	3.007035e+02
1.169000e-01	2.899528e+02
1.170000e-01	2.796667e+02
1.171000e-01	2.698083e+02
1.172000e-01	2.603431e+02
1.173000e-01	2.512369e+02
1.174000e-01	2.424596e+02
1.175000e-01	2.339815e+02
1.176000e-01	2.257777e+02
1.177000e-01	2.178242e+02
1.178000e-01	2.101013e+02
1.179000e-01	2.025912e+02
1.180000e-01	1.952794e+02
1.181000e-01	1.881543e+02
1.182000e-01	1.812063e+02
1.183000e-01	1.744283e+02
1.184000e-01	1.678163e+02
1.185000e-01	1.613657e+02
1.186000e-01	1.550774e+02
1.187000e-01	1.489481e+02
1.188000e-01	1.429832e+02
1.189000e-01	1.371782e+02
1.190000e-01	1.315431e+02
1.191000e-01	1.260707e+02
1.192000e-01	1.207753e+02
1.193000e-01	1.156445e+02
1.194000e-01	1.106988e+02
1.195000e-01	1.059165e+02
1.196000e-01	1.013366e+02
1.197000e-01	9.691449e+01
1.198000e-01	9.267639e+01
1.199000e-01	8.860997e+01
1.200000e-01	8.472375e+01
1.201000e-01	8.100713e+01
1.202000e-01	7.746492e+01
1.203000e-01	7.407604e+01
1.204000e-01	7.086916e+01
1.205000e-01	6.781401e+01
1.206000e-01	6.492416e+01
1.207000e-01	6.218708e+01
1.208000e-01	5.958934e+01
1.209000e-01	5.712966e+01
1.210000e-01	5.480694e+01
1.211000e-01	5.261130e+01
1.212000e-01	5.054032e+01
1.213000e-01	4.858608e+01
1.214000e-01	4.674354e+01
1.215000e-01	4.500696e+01
1.216000e-01	4.336987e+01
1.217000e-01	4.182742e+01
1.218000e-01	4.037298e+01
1.219000e-01	3.900184e+01
1.220000e-01	3.770808e+01
1.221000e-01	3.648629e+01
1.222000e-01	3.533213e+01
1.223000e-01	3.423933e+01
1.224000e-01	3.320473e+01
1.225000e-01	3.222204e+01
1.226000e-01	3.128843e+01
1.227000e-01	3.039844e+01
1.228000e-01	2.954903e+01
1.229000e-01	2.873592e+01
1.230000e-01	2.795546e+01
1.231000e-01	2.720482e+01
1.232000e-01	2.647930e+01
1.233000e-01	2.577627e+01
1.234000e-01	2.520413e+01
1.235000e-01	2.444324e+01
1.236000e-01	2.383510e+01
1.237000e-01	2.316770e+01
1.238000e-01	2.254250e+01
1.239000e-01	2.191529e+01
1.240000e-01	2.130039e+01
1.241000e-01	2.069158e+01
1.242000e-01	2.008948e+01
1.243000e-01	1.949293e+01
1.244000e-01	1.890146e+01
1.245000e-01	1.831481e+01
1.246000e-01	1.773213e+01
1.247000e-01	1.714969e+01
1.248000e-01	1.657772e+01
1.249000e-01	1.600664e+01
1.250000e-01	1.544239e+01
1.251000e-01	1.488322e+01
1.252000e-01	1.433006e+01
1.253000e-01	1.378347e+01
1.254000e-01	1.324429e+01
1.255000e-01	1.271241e+01
1.256000e-01	1.218962e+01
1.257000e-01	1.167531e+01
1.258000e-01	1.117127e+01
1.259000e-01	1.067711e+01
1.260000e-01	1.019421e+01
1.261000e-01	9.722860e+00
1.262000e-01	9.263771e+00
1.263000e-01	8.817832e+00
1.264000e-01	8.384925e+00
1.265000e-01	7.966326e+00
1.266000e-01	7.561753e+00
1.267000e-01	7.172091e+00
1.268000e-01	6.797277e+00
1.269000e-01	6.437711e+00
1.270000e-01	6.093562e+00
1.271000e-01	5.764397e+00
1.272000e-01	5.451023e+00
1.273000e-01	5.151975e+00
1.274000e-01	4.868155e+00
1.275000e-01	4.597751e+00
1.276000e-01	4.340974e+00
1.277000e-01	4.091053e+00
1.278000e-01	3.866253e+00
1.279000e-01	3.654722e+00
1.280000e-01	3.472701e+00
1.281000e-01	3.293835e+00
1.282000e-01	3.159742e+00
1.283000e-01	2.996143e+00
1.284000e-01	2.901427e+00
1.285000e-01	2.798880e+00
1.286000e-01	2.681725e+00
1.287000e-01	2.612147e+00
1.288000e-01	2.528167e+00
1.289000e-01	2.436223e+00
1.290000e-01	2.382033e+00
1.291000e-01	2.307466e+00
1.292000e-01	2.244146e+00
1.293000e-01	2.186185e+00
1.294000e-01	2.121728e+00
1.295000e-01	2.079599e+00
1.296000e-01	2.001886e+00
1.297000e-01	1.969773e+00
1.298000e-01	1.927177e+00
1.299000e-01	1.895720e+00
1.300000e-01	1.830742e+00
1.301000e-01	1.810514e+00
1.302000e-01	1.782105e+00
1.303000e-01	1.770015e+00
1.304000e-01	1.765746e+00
1.305000e-01	1.774097e+00
1.306000e-01	1.817493e+00
1.307000e-01	1.869924e+00
1.308000e-01	1.923159e+00
1.309000e-01	1.986298e+00
1.310000e-01	2.053485e+00
1.311000e-01	2.129949e+00
1.312000e-01	2.212458e+00
1.313000e-01	2.304151e+00
1.314000e-01	2.402276e+00
1.315000e-01	2.509488e+00
1.316000e-01	2.623858e+00
1.317000e-01	2.746704e+00
1.318000e-01	2.873239e+00
1.319000e-01	3.001304e+00
1.320000e-01	3.128753e+00
1.321000e-01	3.256572e+00
1.322000e-01	3.387837e+00
1.323000e-01	3.524949e+00
1.324000e-01	3.670827e+00
1.325000e-01	3.825518e+00
1.326000e-01	3.989201e+00
1.327000e-01	4.160510e+00
1.328000e-01	4.345595e+00
1.329000e-01	4.515995e+00
1.330000e-01	4.711553e+00
1.331000e-01	4.902087e+00
1.332000e-01	5.102960e+00
1.333000e-01	5.305740e+00
1.334000e-01	5.514439e+00
1.335000e-01	1.221284e+02
1.336000e-01	9.382806e+02
1.336830e-01	1.662062e+03
1.337000e-01	1.810929e+03
1.337333e-01	2.020523e+03
1.338000e-01	2.012823e+03
1.338773e-01	1.414205e+03
1.339000e-01	1.206996e+03
1.339251e-01	1.004395e+03
1.339502e-01	8.312918e+02
1.339755e-01	6.260812e+02
1.340000e-01	4.230602e+02
1.340270e-01	2.331474e+02
1.340542e-01	1.179258e+02
1.340810e-01	1.011574e+02
1.341000e-01	1.036181e+02
1.342000e-01	1.122060e+02
1.342826e-01	1.155060e+02
1.343000e-01	1.152705e+02
1.344000e-01	1.137130e+02
1.345000e-01	1.082441e+02
1.345801e-01	1.006717e+02
1.346000e-01	9.992738e+01
1.346255e-01	9.657333e+01
1.346780e-01	9.213312e+01
1.347000e-01	8.987885e+01
1.347605e-01	8.340988e+01
1.347868e-01	8.057202e+01
1.348000e-01	7.910780e+01
1.348681e-01	7.151020e+01
1.349000e-01	6.826165e+01
1.349371e-01	6.372008e+01
1.349715e-01	6.077364e+01
1.350000e-01	5.813173e+01
1.350419e-01	5.423712e+01
1.350806e-01	5.080488e+01
1.351000e-01	4.913540e+01
1.351454e-01	4.544643e+01
1.351818e-01	4.262359e+01
1.352000e-01	4.120717e+01
1.352491e-01	3.774024e+01
1.352830e-01	3.545780e+01
1.353000e-01	3.438631e+01
1.353505e-01	3.133069e+01
1.354000e-01	2.859187e+01
1.354282e-01	2.717244e+01
1.354761e-01	2.478827e+01
1.355000e-01	2.339377e+01
1.355296e-01	2.215103e+01
1.355765e-01	1.989650e+01
1.356000e-01	1.887495e+01
1.357000e-01	1.506286e+01
1.358000e-01	1.201426e+01
1.359000e-01	9.554810e+00
1.359667e-01	8.198617e+00
1.360000e-01	7.783530e+00
1.360333e-01	7.045322e+00
1.360667e-01	6.760464e+00
1.361000e-01	6.102298e+00
1.361333e-01	5.915672e+00
1.361667e-01	5.332848e+00
1.362000e-01	5.193784e+00
1.362407e-01	4.641020e+00
1.362703e-01	4.487001e+00
1.363000e-01	4.267354e+00
1.364000e-01	3.611169e+00
1.365000e-01	3.162092e+00
1.366000e-01	2.907308e+00
1.367000e-01	2.782155e+00
1.368000e-01	2.758645e+00
1.369000e-01	2.772266e+00
1.370000e-01	2.873271e+00
1.371000e-01	2.987721e+00
1.372000e-01	3.112449e+00
1.373000e-01	3.238768e+00
1.373401e-01	3.277287e+00
1.373701e-01	3.303945e+00
1.374000e-01	3.329853e+00
1.374439e-01	3.365416e+00
1.374720e-01	3.388013e+00
1.375000e-01	3.409606e+00
1.375377e-01	3.438515e+00
1.375689e-01	3.462201e+00
1.376000e-01	3.485161e+00
1.376472e-01	3.520547e+00
1.376736e-01	3.539436e+00
1.377000e-01	3.559374e+00
1.377503e-01	3.595472e+00
1.378000e-01	3.631739e+00
1.378259e-01	3.650332e+00
1.378518e-01	3.669454e+00
1.378901e-01	3.738260e+00
1.379000e-01	3.749337e+00
1.380000e-01	3.775749e+00
1.381000e-01	3.844451e+00
1.382000e-01	3.913811e+00
1.383000e-01	3.983357e+00
1.384000e-01	4.055189e+00
1.385000e-01	4.120607e+00
1.386000e-01	4.186217e+00
1.387000e-01	4.252004e+00
1.388000e-01	4.314233e+00
1.389000e-01	4.381050e+00
1.390000e-01	4.445452e+00
1.391000e-01	4.508449e+00
1.392000e-01	4.570871e+00
1.393000e-01	4.632007e+00
1.394000e-01	4.692565e+00
1.395000e-01	4.753743e+00
1.396000e-01	4.804315e+00
1.397000e-01	4.867621e+00
1.398000e-01	4.927481e+00
1.399000e-01	4.986829e+00
1.400000e-01	5.043571e+00
1.401000e-01	5.101790e+00
1.402000e-01	5.156972e+00
1.403000e-01	5.212053e+00
1.404000e-01	5.267335e+00
1.405000e-01	5.320287e+00
1.406000e-01	5.373329e+00
1.407000e-01	5.426447e+00
1.408000e-01	5.477837e+00
1.409000e-01	5.528448e+00
1.410000e-01	5.578471e+00
1.411000e-01	5.628487e+00
1.412000e-01	5.677375e+00
1.413000e-01	5.725290e+00
1.414000e-01	5.772886e+00
1.415000e-01	5.820221e+00
1.416000e-01	5.865847e+00
1.416646e-01	1.339576e+01
1.417000e-01	5.941866e+00
1.418000e-01	5.960144e+00
1.419000e-01	6.003307e+00
1.420000e-01	6.043905e+00
1.421000e-01	6.085944e+00
1.422000e-01	6.129073e+00
1.423000e-01	6.169733e+00
1.424000e-01	6.209054e+00
1.425000e-01	6.249044e+00
1.426000e-01	6.288412e+00
1.427000e-01	6.326761e+00
1.428000e-01	6.364290e+00
1.429000e-01	6.400703e+00
1.429984e-01	8.821858e+01
1.430000e-01	1.528116e+02
1.431000e-01	6.619281e+00
1.432000e-01	6.458367e+00
1.433000e-01	6.541487e+00
1.434000e-01	6.567632e+00
1.435000e-01	6.600659e+00
1.436000e-01	6.639382e+00
1.437000e-01	6.662801e+00
1.438000e-01	6.697251e+00
1.438595e-01	3.670221e+01
1.439000e-01	6.710239e+00
1.440000e-01	6.747325e+00
1.441000e-01	6.775878e+00
1.442000e-01	6.802789e+00
1.443000e-01	6.827888e+00
1.444000e-01	6.851704e+00
1.445000e-01	6.910919e+00
1.446000e-01	6.873514e+00
1.447000e-01	6.916608e+00
1.448000e-01	6.937462e+00
1.449000e-01	6.956247e+00
1.449341e-01	3.192037e+01
1.450000e-01	7.143953e+00
1.450680e-01	3.556331e+02
1.451000e-01	9.716739e+00
1.452000e-01	9.367193e+00
1.453000e-01	6.005257e+00
1.454000e-01	6.577488e+00
1.455000e-01	7.185289e+00
1.456000e-01	7.516600e+00
1.457000e-01	7.694800e+00
1.458000e-01	7.772812e+00
1.459000e-01	6.419123e+00
1.460000e-01	6.056272e+00
1.461000e-01	5.984974e+00
1.462000e-01	5.989619e+00
1.463000e-01	5.995897e+00
1.464000e-01	5.992177e+00
1.465000e-01	5.995306e+00
1.466000e-01	6.001102e+00
1.467000e-01	6.003841e+00
1.468000e-01	6.003189e+00
1.469000e-01	6.004100e+00
1.470000e-01	6.000436e+00
1.471000e-01	5.996409e+00
1.472000e-01	5.991214e+00
1.473000e-01	5.984159e+00
1.474000e-01	5.975819e+00
1.475000e-01	5.965631e+00
1.476000e-01	5.955213e+00
1.477000e-01	5.943150e+00
1.478000e-01	5.929994e+00
1.479000e-01	5.916120e+00
1.480000e-01	5.900889e+00
1.481000e-01	5.884565e+00
1.482000e-01	5.867535e+00
1.483000e-01	5.849293e+00
1.484000e-01	5.829704e+00
1.485000e-01	5.809623e+00
1.485678e-01	5.795140e+00
1.486000e-01	5.788193e+00
1.487000e-01	5.765845e+00
1.488000e-01	5.742213e+00
1.489000e-01	5.717976e+00
1.490000e-01	5.692323e+00
1.491000e-01	5.665890e+00
1.492000e-01	5.638321e+00
1.493000e-01	5.609688e+00
1.494000e-01	5.580236e+00
1.495000e-01	5.549773e+00
1.496000e-01	5.518189e+00
1.497000e-01	5.485632e+00
1.498000e-01	5.452027e+00
1.499000e-01	5.417517e+00
1.500000e-01	5.381335e+00
1.501000e-01	5.346493e+00
1.502000e-01	5.308822e+00
1.503000e-01	5.270694e+00
1.504000e-01	5.230984e+00
1.505000e-01	5.190778e+00
1.506000e-01	5.149243e+00
1.507000e-01	5.107432e+00
1.508000e-01	5.063739e+00
1.509000e-01	5.020049e+00
1.510000e-01	4.974801e+00
1.511000e-01	4.928968e+00
1.512000e-01	4.881196e+00
1.513000e-01	4.834861e+00
1.514000e-01	4.785817e+00
1.515000e-01	4.735714e+00
1.516000e-01	4.684823e+00
1.517000e-01	4.633039e+00
1.518000e-01	4.580290e+00
1.519000e-01	4.526518e+00
1.520000e-01	4.436495e+00
1.521000e-01	4.394569e+00
1.522000e-01	4.325738e+00
1.523000e-01	4.238426e+00
1.524000e-01	4.135610e+00
1.525000e-01	4.219025e+00
1.526000e-01	4.704907e+00
1.527000e-01	4.542570e+00
1.528000e-01	4.074097e+00
1.529000e-01	3.892262e+00
1.530000e-01	3.876962e+00
1.531000e-01	3.866554e+00
1.532000e-01	3.816938e+00
1.533000e-01	3.747816e+00
1.534000e-01	3.680222e+00
1.535000e-01	3.617619e+00
1.536000e-01	3.556318e+00
1.537000e-01	3.493781e+00
1.538000e-01	3.429975e+00
1.539000e-01	3.365530e+00
1.540000e-01	3.300737e+00
1.541000e-01	3.235608e+00
1.542000e-01	3.170049e+00
1.543000e-01	3.104075e+00
1.544000e-01	3.037695e+00
1.545000e-01	2.970958e+00
1.546000e-01	2.903864e+00
1.547000e-01	2.836442e+00
1.548000e-01	2.768712e+00
1.549000e-01	2.700672e+00
1.550000e-01	2.632368e+00
1.551000e-01	2.563792e+00
1.552000e-01	2.494990e+00
1.553000e-01	2.425951e+00
1.554000e-01	2.356727e+00
1.555000e-01	2.287312e+00
1.556000e-01	2.217731e+00
1.557000e-01	2.150319e+00
1.558000e-01	2.076691e+00
1.559000e-01	2.009037e+00
1.560000e-01	1.936468e+00
1.561000e-01	1.869362e+00
1.562000e-01	1.798669e+00
1.563000e-01	1.727159e+00
1.564000e-01	1.657141e+00
1.565000e-01	1.587250e+00
1.566000e-01	1.517568e+00
1.567000e-01	1.447754e+00
1.568000e-01	1.378179e+00
1.569000e-01	1.308806e+00
1.570000e-01	1.239756e+00
1.571000e-01	1.171088e+00
1.572000e-01	1.102819e+00
1.573000e-01	1.035128e+00
1.574000e-01	9.680725e-01
1.575000e-01	9.018545e-01
1.576000e-01	8.366366e-01
1.577000e-01	7.726929e-01
1.578000e-01	7.103436e-01
1.579000e-01	6.499611e-01
1.580000e-01	5.918996e-01
1.581000e-01	5.327394e-01
1.582000e-01	4.589076e-01
1.583000e-01	3.789622e-01
1.584000e-01	3.159517e-01
1.585000e-01	2.654826e-01
1.586000e-01	2.360105e-01
1.587000e-01	2.367672e-01
1.588000e-01	2.670422e-01
1.589000e-01	3.178504e-01
1.590000e-01	3.806575e-01
1.591000e-01	4.505871e-01
1.592000e-01	5.250797e-01
1.593000e-01	1.338396e+01
1.594000e-01	3.068443e+02
1.595000e-01	5.428303e+02
1.596000e-01	5.728626e+02
1.597000e-01	5.471959e+02
1.598000e-01	4.928977e+02
1.599000e-01	2.129576e+02
1.600000e-01	2.043241e+00
1.601000e-01	2.029196e+00
1.602000e-01	1.821147e+00
1.603000e-01	2.118469e+00
1.604000e-01	2.182501e+00
1.605000e-01	2.333694e+00
1.605375e-01	7.241913e+03
1.605708e-01	2.125425e+03
1.606000e-01	2.695027e+02
1.606292e-01	2.925646e+01
1.606646e-01	3.815107e+01
1.607000e-01	5.303114e+01
1.608000e-01	5.443114e+01
1.609000e-01	6.232096e+01
1.609417e-01	4.365935e+01
1.609741e-01	3.493127e+01
1.610000e-01	2.963385e+01
1.610333e-01	2.290570e+01
1.611000e-01	1.891292e+01
1.611500e-01	1.383287e+01
1.611778e-01	1.235870e+01
1.612000e-01	1.123718e+01
1.612307e-01	9.953483e+00
1.612654e-01	9.107070e+00
1.613000e-01	7.420828e+00
1.613346e-01	6.992169e+00
1.613680e-01	6.207869e+00
1.614000e-01	5.667976e+00
1.614333e-01	5.534364e+00
1.614667e-01	4.200775e+00
1.615000e-01	4.645442e+00
1.615286e-01	4.108784e+00
1.615573e-01	3.805240e+00
1.616000e-01	3.659728e+00
1.616398e-01	3.189142e+00
1.616699e-01	3.239335e+00
1.617000e-01	3.095994e+00
1.617424e-01	3.000009e+00
1.617712e-01	2.976735e+00
1.618000e-01	2.936087e+00
1.618444e-01	2.932132e+00
1.619000e-01	2.942990e+00
1.619374e-01	2.969126e+00
1.619687e-01	2.995453e+00
1.620000e-01	3.023353e+00
1.620476e-01	3.069853e+00
1.620738e-01	3.095537e+00
1.621000e-01	3.122300e+00
1.621506e-01	3.172694e+00
1.622000e-01	3.222017e+00
1.622525e-01	3.274115e+00
1.623000e-01	3.320603e+00
1.623544e-01	3.373818e+00
1.624000e-01	3.417298e+00
1.624595e-01	3.474574e+00
1.625000e-01	3.512061e+00
1.625615e-01	3.570274e+00
1.626000e-01	3.605066e+00
1.627000e-01	3.696477e+00
1.628000e-01	3.786334e+00
1.629000e-01	3.874808e+00
1.630000e-01	3.962175e+00
1.631000e-01	4.048634e+00
1.632000e-01	4.134216e+00
1.633000e-01	4.218722e+00
1.634000e-01	4.302118e+00
1.635000e-01	4.384142e+00
1.636000e-01	4.465712e+00
1.637000e-01	4.545695e+00
1.638000e-01	4.623252e+00
1.639000e-01	4.702295e+00
1.640000e-01	4.780206e+00
1.641000e-01	4.856876e+00
1.642000e-01	4.932496e+00
1.643000e-01	5.006763e+00
1.644000e-01	5.080342e+00
1.645000e-01	5.152126e+00
1.646000e-01	5.222288e+00
1.647000e-01	5.292691e+00
1.648000e-01	5.361910e+00
1.649000e-01	5.429980e+00
1.650000e-01	5.496982e+00
1.651000e-01	5.562504e+00
1.652000e-01	5.625961e+00
1.653000e-01	5.689867e+00
1.654000e-01	5.752457e+00
1.655000e-01	5.814184e+00
1.656000e-01	5.874481e+00
1.657000e-01	5.935129e+00
1.658000e-01	5.995196e+00
1.659000e-01	6.053388e+00
1.660000e-01	6.092539e+00
1.661000e-01	6.147896e+00
1.662000e-01	6.200716e+00
1.663000e-01	6.253003e+00
1.664000e-01	6.303829e+00
1.665000e-01	6.353578e+00
1.666000e-01	6.402079e+00
1.667000e-01	6.449388e+00
1.668000e-01	6.495502e+00
1.669000e-01	6.540384e+00
1.670000e-01	6.584074e+00
1.671000e-01	6.626523e+00
1.672000e-01	6.667778e+00
1.673000e-01	6.707778e+00
1.674000e-01	6.746568e+00
1.675000e-01	6.784133e+00
1.676000e-01	6.820442e+00
1.677000e-01	6.855542e+00
1.678000e-01	6.889377e+00
1.679000e-01	6.922001e+00
1.680000e-01	6.953342e+00
1.681000e-01	6.983488e+00
1.682000e-01	7.012344e+00
1.683000e-01	1.845456e+02
1.684000e-01	8.279178e+01
1.685000e-01	2.228095e+01
1.686000e-01	5.483461e+00
1.687000e-01	3.462462e+00
1.688000e-01	4.017879e+00
1.689000e-01	4.250644e+00
1.690000e-01	4.318299e+00
1.691000e-01	4.330715e+00
1.692000e-01	4.324893e+00
1.693000e-01	4.318034e+00
1.694000e-01	4.356842e+00
1.695000e-01	4.692382e+00
1.696000e-01	4.830386e+00
1.697000e-01	4.571599e+00
1.698000e-01	4.410156e+00
1.699000e-01	4.372114e+00
1.700000e-01	4.374718e+00
1.701000e-01	4.379360e+00
1.702000e-01	4.377520e+00
1.703000e-01	4.371007e+00
1.704000e-01	4.362468e+00
1.705000e-01	4.353518e+00
1.706000e-01	4.343663e+00
1.707000e-01	4.333309e+00
1.708000e-01	4.322012e+00
1.709000e-01	4.309819e+00
1.710000e-01	4.296817e+00
1.711000e-01	4.283068e+00
1.712000e-01	4.268457e+00
1.713000e-01	4.253096e+00
1.714000e-01	4.236953e+00
1.715000e-01	4.220147e+00
1.716000e-01	4.202307e+00
1.717000e-01	4.184331e+00
1.718000e-01	4.164793e+00
1.719000e-01	4.145118e+00
1.720000e-01	4.124967e+00
1.721000e-01	4.103773e+00
1.722000e-01	4.082226e+00
1.723000e-01	4.059623e+00
1.724000e-01	4.036715e+00
1.725000e-01	4.012981e+00
1.726000e-01	3.988593e+00
1.727000e-01	3.963634e+00
1.728000e-01	3.938195e+00
1.729000e-01	3.912099e+00
1.730000e-01	3.886199e+00
1.731000e-01	3.858734e+00
1.732000e-01	3.831037e+00
1.733000e-01	3.802767e+00
1.734000e-01	3.774157e+00
1.735000e-01	3.745092e+00
1.736000e-01	3.715600e+00
1.737000e-01	3.685678e+00
1.738000e-01	3.655353e+00
1.739000e-01	3.624588e+00
1.740000e-01	3.593492e+00
1.741000e-01	3.561980e+00
1.742000e-01	3.530159e+00
1.743000e-01	3.497969e+00
1.744000e-01	3.465493e+00
1.745000e-01	3.432696e+00
1.746000e-01	3.399594e+00
1.747000e-01	3.366272e+00
1.748000e-01	3.332607e+00
1.749000e-01	3.298796e+00
1.750000e-01	3.264658e+00
1.751000e-01	3.230385e+00
1.752000e-01	3.195838e+00
1.753000e-01	3.161157e+00
1.754000e-01	3.126262e+00
1.755000e-01	3.091193e+00
1.756000e-01	3.056023e+00
1.757000e-01	3.020624e+00
1.758000e-01	2.985181e+00
1.759000e-01	2.949535e+00
1.760000e-01	2.913845e+00
1.761000e-01	2.877994e+00
1.762000e-01	2.842081e+00
1.763000e-01	2.806091e+00
1.764000e-01	2.769969e+00
1.765000e-01	2.733859e+00
1.766000e-01	2.697602e+00
1.767000e-01	2.661363e+00
1.768000e-01	2.625015e+00
1.769000e-01	2.588674e+00
1.770000e-01	2.552269e+00
1.771000e-01	2.515821e+00
1.772000e-01	2.479411e+00
1.773000e-01	2.442889e+00
1.774000e-01	2.406449e+00
1.775000e-01	2.369920e+00
1.776000e-01	2.333453e+00
1.777000e-01	2.296939e+00
1.778000e-01	2.260460e+00
1.779000e-01	2.224001e+00
1.780000e-01	2.187518e+00
1.781000e-01	2.151129e+00
1.782000e-01	2.114693e+00
1.783000e-01	2.078370e+00
1.784000e-01	2.042026e+00
1.785000e-01	2.005793e+00
1.786000e-01	1.969575e+00
1.787000e-01	1.933456e+00
1.788000e-01	1.897424e+00
1.789000e-01	1.861442e+00
1.790000e-01	1.825633e+00
1.791000e-01	1.789873e+00
1.792000e-01	1.754309e+00
1.793000e-01	1.718847e+00
1.794000e-01	1.683597e+00
1.795000e-01	1.648511e+00
1.796000e-01	1.613647e+00
1.797000e-01	1.579039e+00
1.798000e-01	1.544667e+00
1.799000e-01	1.510636e+00
1.800000e-01	1.476898e+00
1.801000e-01	1.443571e+00
1.802000e-01	1.410624e+00
1.803000e-01	1.378160e+00
1.804000e-01	1.346203e+00
1.805000e-01	1.314798e+00
1.806000e-01	1.284047e+00
1.807000e-01	1.253959e+00
1.808000e-01	1.224662e+00
1.809000e-01	1.196190e+00
1.810000e-01	1.168664e+00
1.811000e-01	1.142143e+00
1.812000e-01	1.121054e+00
1.813000e-01	1.095935e+00
1.814000e-01	1.071601e+00
1.815000e-01	1.048415e+00
1.816000e-01	1.028230e+00
1.817000e-01	1.009989e+00
1.818000e-01	9.938321e-01
1.819000e-01	9.794995e-01
1.820000e-01	9.671597e-01
1.821000e-01	9.569380e-01
1.822000e-01	9.489479e-01
1.823000e-01	9.433516e-01
1.824000e-01	9.401481e-01
1.825000e-01	9.394787e-01
1.826000e-01	9.412949e-01
1.827000e-01	9.456903e-01
1.828000e-01	9.526091e-01
1.829000e-01	9.620327e-01
1.830000e-01	9.739916e-01
1.831000e-01	9.882861e-01
1.832000e-01	1.005021e+00
1.833000e-01	1.023935e+00
1.834000e-01	1.045086e+00
1.835000e-01	1.068260e+00
1.836000e-01	1.093412e+00
1.837000e-01	1.120454e+00
1.838000e-01	1.149176e+00
1.839000e-01	1.179652e+00
1.840000e-01	1.211563e+00
1.841000e-01	9.501823e+01
1.842000e-01	4.095805e+02
1.843000e-01	6.032686e+02
1.844000e-01	4.424020e+02
1.845000e-01	1.360962e+02
1.846000e-01	5.543595e+00
1.847000e-01	9.936100e-01
1.848000e-01	1.019599e+00
1.849000e-01	1.079191e+00
1.850000e-01	1.158421e+00
1.851000e-01	1.243036e+00
1.852000e-01	1.328520e+00
1.853000e-01	1.413513e+00
1.854000e-01	1.498061e+00
1.855000e-01	1.582217e+00
1.856000e-01	1.666070e+00
1.857000e-01	1.749639e+00
1.858000e-01	1.832865e+00
1.859000e-01	1.915370e+00
1.860000e-01	1.997333e+00
1.860311e-01	1.175377e+03
1.860623e-01	2.135724e+03
1.861000e-01	5.037697e+02
1.861503e-01	2.245706e+00
1.862000e-01	1.911711e+00
1.863000e-01	1.954887e+00
1.864000e-01	2.092842e+00
1.865000e-01	2.158062e+00
1.866000e-01	2.232933e+00
1.867000e-01	2.300652e+00
1.868000e-01	2.370767e+00
1.869000e-01	2.437188e+00
1.870000e-01	2.503662e+00
1.871000e-01	2.568789e+00
1.871333e-01	2.594507e+00
1.872000e-01	2.635145e+00
1.873000e-01	2.701961e+00
1.874000e-01	2.765243e+00
1.875000e-01	2.829632e+00
1.876000e-01	2.892444e+00
1.877000e-01	2.955158e+00
1.878000e-01	3.016886e+00
1.879000e-01	3.078162e+00
1.880000e-01	3.138574e+00
1.881000e-01	3.198404e+00
1.882000e-01	3.257429e+00
1.883000e-01	3.315791e+00
1.884000e-01	3.373398e+00
1.885000e-01	3.430298e+00
1.886000e-01	3.486479e+00
1.887000e-01	3.541899e+00
1.888000e-01	3.596651e+00
1.889000e-01	3.650598e+00
1.890000e-01	3.703833e+00
1.891000e-01	3.756312e+00
1.892000e-01	3.807996e+00
1.893000e-01	3.858940e+00
1.894000e-01	3.909049e+00
1.895000e-01	3.958439e+00
1.896000e-01	4.006943e+00
1.897000e-01	4.054732e+00
1.898000e-01	4.101656e+00
1.899000e-01	4.147814e+00
1.900000e-01	4.193131e+00
1.901000e-01	4.237642e+00
1.902000e-01	4.281367e+00
1.902793e-01	4.501636e+01
1.903000e-01	7.007160e+02
1.903413e-01	1.406018e+03
1.903707e-01	6.131488e+02
1.904000e-01	1.535023e+02
1.904587e-01	4.314961e+00
1.905000e-01	4.237701e+00
1.906000e-01	4.281707e+00
1.907000e-01	4.321286e+00
1.908000e-01	4.355672e+00
1.909000e-01	4.384337e+00
1.910000e-01	4.414880e+00
1.911000e-01	4.443615e+00
1.912000e-01	4.471765e+00
1.913000e-01	4.499006e+00
1.914000e-01	4.525225e+00
1.915000e-01	4.550816e+00
1.916000e-01	4.575337e+00
1.917000e-01	4.599226e+00
1.918000e-01	4.622083e+00
1.919000e-01	4.644206e+00
1.920000e-01	4.665371e+00
1.921000e-01	4.685717e+00
1.922000e-01	4.705224e+00
1.923000e-01	4.723763e+00
1.924000e-01	4.741586e+00
1.925000e-01	4.758381e+00
1.926000e-01	4.774443e+00
1.927000e-01	4.789528e+00
1.928000e-01	4.803813e+00
1.929000e-01	4.817194e+00
1.930000e-01	4.829682e+00
1.931000e-01	4.841372e+00
1.932000e-01	4.852068e+00
1.933000e-01	4.862032e+00
1.934000e-01	4.870985e+00
1.935000e-01	4.879178e+00
1.936000e-01	4.886410e+00
1.937000e-01	4.892828e+00
1.938000e-01	4.898352e+00
1.939000e-01	4.902966e+00
1.940000e-01	4.906807e+00
1.941000e-01	4.909642e+00
1.942000e-01	4.911742e+00
1.943000e-01	4.912860e+00
1.944000e-01	4.913194e+00
1.945000e-01	4.912606e+00
1.946000e-01	4.911170e+00
1.947000e-01	4.908907e+00
1.948000e-01	4.905685e+00
1.949000e-01	4.901734e+00
1.950000e-01	4.896793e+00
1.951000e-01	4.891104e+00
1.952000e-01	4.884482e+00
1.953000e-01	4.877043e+00
1.954000e-01	4.868767e+00
1.955000e-01	4.859592e+00
1.956000e-01	4.849643e+00
1.957000e-01	4.838765e+00
1.958000e-01	4.827139e+00
1.959000e-01	4.814592e+00
1.960000e-01	4.801274e+00
1.961000e-01	4.787090e+00
1.962000e-01	4.772082e+00
1.963000e-01	4.756269e+00
1.964000e-01	4.739592e+00
1.965000e-01	4.722165e+00
1.966000e-01	4.703839e+00
1.967000e-01	4.684783e+00
1.968000e-01	4.664868e+00
1.969000e-01	4.644160e+00
1.970000e-01	4.622680e+00
1.971000e-01	4.600360e+00
1.972000e-01	4.577308e+00
1.973000e-01	4.553393e+00
1.974000e-01	4.528789e+00
1.975000e-01	4.503319e+00
1.976000e-01	4.477143e+00
1.977000e-01	4.450169e+00
1.978000e-01	4.422433e+00
1.979000e-01	4.393960e+00
1.980000e-01	4.364690e+00
1.981000e-01	4.334752e+00
1.982000e-01	4.303974e+00
1.983000e-01	4.272542e+00
1.984000e-01	4.240345e+00
1.985000e-01	4.207408e+00
1.986000e-01	4.173796e+00
1.987000e-01	4.139423e+00
1.988000e-01	4.104381e+00
1.989000e-01	4.068603e+00
1.990000e-01	4.032174e+00
1.991000e-01	3.995014e+00
1.992000e-01	3.957188e+00
1.993000e-01	3.918703e+00
1.994000e-01	3.879513e+00
1.995000e-01	3.839699e+00
1.996000e-01	3.799194e+00
1.997000e-01	3.758081e+00
1.998000e-01	3.716266e+00
1.999000e-01	3.673892e+00
2.000000e-01	3.630823e+00
2.001000e-01	3.587170e+00
2.002000e-01	3.542900e+00
2.003000e-01	3.498008e+00
2.004000e-01	3.452545e+00
2.005000e-01	3.406448e+00
2.006000e-01	3.359838e+00
2.007000e-01	3.312566e+00
2.008000e-01	3.264801e+00
2.009000e-01	3.216440e+00
2.010000e-01	3.167525e+00
2.011000e-01	3.118093e+00
2.012000e-01	3.068092e+00
2.013000e-01	3.017610e+00
2.014000e-01	2.966540e+00
2.015000e-01	2.915050e+00
2.016000e-01	2.862975e+00
2.017000e-01	2.810463e+00
2.018000e-01	2.757444e+00
2.019000e-01	2.703951e+00
2.020000e-01	2.815233e+02
2.021000e-01	5.321361e+01
2.022000e-01	8.233883e+00
2.023000e-01	1.414707e+00
2.024000e-01	8.660042e+00
2.025000e-01	1.440318e+00
2.026000e-01	1.336804e+00
2.027000e-01	1.264491e+00
2.028000e-01	3.366527e+01
2.029000e-01	1.741786e+00
2.030000e-01	1.426205e+00
2.031000e-01	1.569963e+00
2.032000e-01	1.443668e+00
2.033000e-01	1.091753e+00
2.034000e-01	1.900567e+00
2.035000e-01	1.846479e+00
2.036000e-01	1.792463e+00
2.037000e-01	1.734767e+00
2.038000e-01	1.675143e+00
2.039000e-01	1.627655e+00
2.040000e-01	7.993740e-01
2.041000e-01	1.144936e+00
2.042000e-01	1.293204e+00
2.043000e-01	1.105316e+00
2.044000e-01	1.081424e+00
2.045000e-01	1.042413e+00
2.046000e-01	9.886690e-01
2.047000e-01	9.436935e-01
2.048000e-01	8.956147e-01
2.049000e-01	8.463455e-01
2.050000e-01	7.977111e-01
2.051000e-01	7.492936e-01
2.052000e-01	7.007047e-01
2.053000e-01	6.518679e-01
2.054000e-01	6.032442e-01
2.055000e-01	5.547024e-01
2.056000e-01	5.056922e-01
2.057000e-01	4.566293e-01
2.058000e-01	4.078388e-01
2.059000e-01	3.589431e-01
2.060000e-01	3.101108e-01
2.061000e-01	2.618401e-01
2.062000e-01	2.137909e-01
2.063000e-01	1.666558e-01
2.064000e-01	1.217221e-01
2.065000e-01	8.227961e-02
2.066000e-01	6.029246e-02
2.067000e-01	7.386943e-02
2.068000e-01	9.130304e+00
2.069000e-01	7.698629e+01
2.070000e-01	1.527583e+02
2.071000e-01	1.625218e+02
2.072000e-01	9.703277e+01
2.073000e-01	2.085790e+01
2.074000e-01	8.941346e-02
2.075000e-01	9.467242e-02
2.076000e-01	2.741241e+01
2.077000e-01	1.348084e+02
2.078000e-01	2.142765e+02
2.079000e-01	1.798473e+02
2.080000e-01	6.954487e+01
2.081000e-01	3.810788e-01
2.082000e-01	9.372261e-01
2.083000e-01	7.651454e-01
2.084000e-01	8.218484e-01
2.085000e-01	8.781832e-01
2.086000e-01	9.337846e-01
2.087000e-01	9.898392e-01
2.088000e-01	1.044907e+00
2.089000e-01	1.101312e+00
2.090000e-01	1.155379e+00
2.091000e-01	1.209481e+00
2.092000e-01	1.262977e+00
2.093000e-01	1.317223e+00
2.094000e-01	1.370151e+00
2.095000e-01	1.424714e+00
2.096000e-01	1.476397e+00
2.097000e-01	1.528155e+00
2.098000e-01	1.579251e+00
2.099000e-01	1.631313e+00
2.100000e-01	1.683047e+00
2.101000e-01	1.732966e+00
2.102000e-01	1.783298e+00
2.103000e-01	1.834548e+00
2.104000e-01	1.875828e+00
2.105000e-01	1.928622e+00
2.106000e-01	1.977307e+00
2.107000e-01	2.026345e+00
2.108000e-01	2.073517e+00
2.109000e-01	2.120725e+00
2.110000e-01	2.166927e+00
2.111000e-01	2.212880e+00
2.112000e-01	2.258092e+00
2.113000e-01	2.302971e+00
2.114000e-01	2.347175e+00
2.115000e-01	2.390984e+00
2.115508e-01	4.587169e+00
2.115781e-01	6.826881e+02
2.116000e-01	1.407297e+03
2.116333e-01	7.965687e+02
2.117000e-01	2.514972e+00
2.117850e-01	2.444521e+00
2.118000e-01	2.444081e+00
2.119000e-01	2.405167e+00
2.120000e-01	2.443205e+00
2.121000e-01	2.506552e+00
2.122000e-01	2.509667e+00
2.123000e-01	2.543906e+00
2.124000e-01	2.581468e+00
2.125000e-01	2.609347e+00
2.126000e-01	2.998185e+00
2.127000e-01	2.434744e+00
2.128000e-01	2.661866e+00
2.129000e-01	2.744959e+00
2.130000e-01	2.392241e+00
2.131000e-01	2.818077e+00
2.132000e-01	2.888778e+00
2.133000e-01	2.903392e+00
2.134000e-01	2.864528e+00
2.135000e-01	2.003942e+01
2.136000e-01	2.976086e+00
2.137000e-01	2.645292e+00
2.138000e-01	3.252270e+00
2.139000e-01	4.881010e+00
2.140000e-01	3.208049e+00
2.141000e-01	3.541693e+00
2.142000e-01	3.154796e+00
2.143000e-01	2.092439e+00
2.144000e-01	2.716929e+00
2.145000e-01	3.600718e+00
2.146000e-01	3.218666e+00
2.147000e-01	3.150503e+00
2.148000e-01	3.173252e+00
2.149000e-01	3.996029e+00
2.150000e-01	3.215692e+00
2.151000e-01	3.625559e+00
2.152000e-01	3.195057e+00
2.153000e-01	3.349211e+00
2.154000e-01	6.521997e+00
2.155000e-01	3.613009e+00
2.156000e-01	3.411927e+00
2.157000e-01	3.627129e+00
2.158000e-01	3.451727e+00
2.159000e-01	3.142100e+00
2.160000e-01	3.323551e+00
2.161000e-01	3.363673e+00
2.162000e-01	8.174992e+02
2.163000e-01	3.554003e+00
2.164000e-01	3.509820e+00
2.165000e-01	3.489701e+00
2.166000e-01	7.906476e+00
2.167000e-01	3.387106e+00
2.168000e-01	2.702917e+00
2.169000e-01	3.402518e+00
2.170000e-01	2.574621e+02
2.171000e-01	3.676195e+00
2.172000e-01	3.462266e+00
2.173000e-01	7.285122e+00
2.174000e-01	3.674339e+00
2.175000e-01	3.393036e+00
2.176000e-01	3.705536e+00
2.177000e-01	3.531937e+00
2.178000e-01	3.444860e+00
2.179000e-01	5.085836e+00
2.180000e-01	4.150640e+00
2.181000e-01	3.418628e+00
2.182000e-01	3.358524e+00
2.183000e-01	2.663912e+00
2.184000e-01	3.381966e+00
2.185000e-01	2.929765e+00
2.186000e-01	3.863974e+00
2.187000e-01	3.387352e+00
2.188000e-01	3.371710e+00
2.189000e-01	4.341645e+00
2.190000e-01	3.456837e+00
2.191000e-01	3.491693e+00
2.192000e-01	3.260345e+00
2.193000e-01	3.428601e+00
2.194000e-01	3.380496e+00
2.195000e-01	3.322579e+00
2.196000e-01	3.303294e+00
2.197000e-01	3.287250e+00
2.198000e-01	3.277186e+00
2.199000e-01	3.262458e+00
2.200000e-01	3.248459e+00
2.201000e-01	3.234266e+00
2.202000e-01	3.219084e+00
2.203000e-01	3.202905e+00
2.204000e-01	3.186923e+00
2.205000e-01	3.169744e+00
2.206000e-01	3.152235e+00
2.207000e-01	3.134333e+00
2.208000e-01	3.115872e+00
2.209000e-01	3.096774e+00
2.210000e-01	3.077111e+00
2.211000e-01	3.056993e+00
2.212000e-01	3.036273e+00
2.213000e-01	3.015067e+00
2.214000e-01	2.993331e+00
2.215000e-01	2.971210e+00
2.216000e-01	2.948262e+00
2.217000e-01	2.924957e+00
2.218000e-01	2.901350e+00
2.219000e-01	2.876897e+00
2.220000e-01	2.852016e+00
2.221000e-01	2.826885e+00
2.222000e-01	2.801074e+00
2.223000e-01	2.774859e+00
2.224000e-01	2.748109e+00
2.225000e-01	2.720900e+00
2.226000e-01	2.693259e+00
2.227000e-01	2.665200e+00
2.228000e-01	2.636533e+00
2.229000e-01	2.607497e+00
2.230000e-01	2.577989e+00
2.231000e-01	2.548046e+00
2.232000e-01	2.517684e+00
2.233000e-01	2.486864e+00
2.234000e-01	2.455594e+00
2.235000e-01	2.423856e+00
2.236000e-01	2.391801e+00
2.237000e-01	2.401660e+00
2.238000e-01	2.320463e+00
2.239000e-01	2.279861e+00
2.240000e-01	2.248267e+00
2.241000e-01	2.234133e+00
2.242000e-01	2.189142e+00
2.243000e-01	2.156606e+00
2.244000e-01	2.133912e+00
2.245000e-01	2.089596e+00
2.246000e-01	2.040935e+00
2.247000e-01	2.016756e+00
2.248000e-01	1.974864e+00
2.249000e-01	1.940112e+00
2.250000e-01	1.902262e+00
2.251000e-01	1.866125e+00
2.252000e-01	1.828912e+00
2.253000e-01	1.787983e+00
2.254000e-01	1.750927e+00
2.255000e-01	1.712725e+00
2.256000e-01	1.710908e+00
2.257000e-01	1.633147e+00
2.258000e-01	1.594167e+00
2.259000e-01	1.554464e+00
2.260000e-01	1.513751e+00
2.261000e-01	1.472974e+00
2.262000e-01	1.432856e+00
2.263000e-01	1.391890e+00
2.264000e-01	1.351399e+00
2.265000e-01	1.308981e+00
2.266000e-01	1.267342e+00
2.267000e-01	1.225525e+00
2.268000e-01	1.183545e+00
2.269000e-01	1.140915e+00
2.270000e-01	1.098582e+00
2.271000e-01	1.055984e+00
2.272000e-01	1.013311e+00
2.273000e-01	9.353535e-01
2.274000e-01	9.264831e-01
2.275000e-01	8.842849e-01
2.276000e-01	8.411447e-01
2.277000e-01	7.948644e-01
2.278000e-01	7.543001e-01
2.279000e-01	7.093183e-01
2.280000e-01	6.659325e-01
2.281000e-01	6.221609e-01
2.282000e-01	5.934423e-01
2.283000e-01	4.283667e-01
2.284000e-01	4.899674e-01
2.285000e-01	5.026068e-01
2.286000e-01	4.019260e-01
2.287000e-01	3.578552e-01
2.288000e-01	3.137991e-01
2.289000e-01	2.693138e-01
2.290000e-01	2.257588e-01
2.291000e-01	1.837982e-01
2.292000e-01	1.421947e-01
2.293000e-01	1.035947e-01
2.294000e-01	7.216403e-02
2.295000e-01	6.285558e-02
2.296000e-01	1.572498e+01
2.297000e-01	7.522612e+01
2.298000e-01	1.310382e+02
2.299000e-01	1.305935e+02
2.300000e-01	7.488800e+01
2.301000e-01	1.577045e+01
2.302000e-01	1.243408e-01
2.303000e-01	1.359585e-01
2.304000e-01	1.341791e-01
2.305000e-01	6.382970e-01
2.306000e-01	3.473830e+01
2.307000e-01	9.427232e+01
2.308000e-01	1.276406e+02
2.309000e-01	1.037670e+02
2.310000e-01	4.519766e+01
2.311000e-01	3.246725e+00
2.312000e-01	5.739989e-01
2.313000e-01	6.290670e-01
2.314000e-01	6.522991e-01
2.315000e-01	6.925404e-01
2.316000e-01	7.283490e-01
2.317000e-01	7.701815e-01
2.318000e-01	8.111376e-01
2.319000e-01	8.514280e-01
2.320000e-01	8.918861e-01
2.321000e-01	9.318826e-01
2.322000e-01	9.723530e-01
2.323000e-01	1.011604e+00
2.324000e-01	1.050805e+00
2.325000e-01	1.089535e+00
2.326000e-01	1.128592e+00
2.327000e-01	1.166666e+00
2.328000e-01	1.205701e+00
2.329000e-01	1.242979e+00
2.330000e-01	1.280282e+00
2.331000e-01	1.316965e+00
2.332000e-01	1.354095e+00
2.333000e-01	1.391309e+00
2.334000e-01	1.427015e+00
2.335000e-01	1.463064e+00
2.336000e-01	1.498375e+00
2.337000e-01	1.533547e+00
2.338000e-01	1.568229e+00
2.339000e-01	1.602641e+00
2.340000e-01	1.636614e+00
2.341000e-01	1.670251e+00
2.342000e-01	1.703501e+00
2.343000e-01	1.736366e+00
2.344000e-01	1.768849e+00
2.345000e-01	1.800935e+00
2.346000e-01	1.832641e+00
2.347000e-01	1.863920e+00
2.348000e-01	1.894824e+00
2.349000e-01	1.925317e+00
2.350000e-01	1.955379e+00
2.351000e-01	1.985054e+00
2.352000e-01	2.014291e+00
2.353000e-01	2.043120e+00
2.354000e-01	2.071506e+00
2.355000e-01	2.099498e+00
2.356000e-01	2.127012e+00
2.357000e-01	2.154129e+00
2.358000e-01	2.180795e+00
2.359000e-01	2.207010e+00
2.360000e-01	2.232800e+00
2.361000e-01	2.258120e+00
2.362000e-01	2.283024e+00
2.363000e-01	2.307420e+00
2.364000e-01	2.331430e+00
2.365000e-01	2.354923e+00
2.366000e-01	2.377980e+00
2.367000e-01	2.400583e+00
2.368000e-01	2.422694e+00
2.369000e-01	2.444365e+00
2.370000e-01	2.465534e+00
2.371000e-01	2.486276e+00
2.372000e-01	2.506488e+00
2.373000e-01	2.526267e+00
2.374000e-01	2.545555e+00
2.375000e-01	2.564344e+00
2.376000e-01	2.582687e+00
2.377000e-01	2.600495e+00
2.378000e-01	2.617890e+00
2.379000e-01	2.634707e+00
2.380000e-01	2.651124e+00
2.381000e-01	2.666991e+00
2.382000e-01	2.682378e+00
2.383000e-01	2.697304e+00
2.384000e-01	2.711689e+00
2.385000e-01	2.725622e+00
2.386000e-01	2.739017e+00
2.387000e-01	2.751970e+00
2.388000e-01	2.764355e+00
2.389000e-01	2.776315e+00
2.390000e-01	2.787719e+00
2.391000e-01	2.798647e+00
2.392000e-01	2.809081e+00
2.393000e-01	2.818991e+00
2.394000e-01	2.828437e+00
2.395000e-01	2.837324e+00
2.396000e-01	2.845783e+00
2.397000e-01	2.853660e+00
2.398000e-01	2.861100e+00
2.399000e-01	2.868012e+00
2.400000e-01	2.874414e+00
2.401000e-01	2.880337e+00
2.402000e-01	2.885722e+00
2.403000e-01	2.890663e+00
2.404000e-01	2.895026e+00
2.405000e-01	2.898967e+00
2.406000e-01	2.902353e+00
2.407000e-01	2.905254e+00
2.408000e-01	2.907676e+00
2.409000e-01	2.909567e+00
2.410000e-01	2.910992e+00
2.411000e-01	2.911889e+00
2.412000e-01	1.862076e+02
2.413000e-01	1.281341e+02
2.414000e-01	6.517263e+01
2.415000e-01	3.242895e+01
2.416000e-01	1.625500e+01
2.417000e-01	8.467192e+00
2.418000e-01	4.924657e+00
2.419000e-01	3.508695e+00
2.420000e-01	3.039809e+00
2.421000e-01	2.889131e+00
2.422000e-01	2.846172e+00
2.423000e-01	2.844011e+00
2.424000e-01	2.887126e+00
2.425000e-01	3.111018e+00
2.426000e-01	2.777125e+00
2.427000e-01	2.769298e+00
2.428000e-01	2.759814e+00
2.429000e-01	2.748509e+00
2.430000e-01	2.737450e+00
2.431000e-01	2.726276e+00
2.432000e-01	2.713712e+00
2.433000e-01	2.701280e+00
2.434000e-01	2.688716e+00
2.435000e-01	2.675124e+00
2.436000e-01	2.639429e+00
2.437000e-01	2.812522e+00
2.438000e-01	2.753254e+00
2.439000e-01	2.680869e+00
2.440000e-01	2.640035e+00
2.441000e-01	2.616828e+00
2.442000e-01	2.602095e+00
2.443000e-01	2.590353e+00
2.444000e-01	2.580205e+00
2.445000e-01	2.571799e+00
2.446000e-01	2.567836e+00
2.447000e-01	2.554850e+00
2.448000e-01	2.547421e+00
2.449000e-01	2.541869e+00
2.450000e-01	2.536396e+00
2.451000e-01	2.531453e+00
2.452000e-01	2.527239e+00
2.453000e-01	2.523905e+00
2.454000e-01	2.521469e+00
2.455000e-01	2.520061e+00
2.456000e-01	2.519883e+00
2.457000e-01	2.520570e+00
2.458000e-01	2.523304e+00
2.459000e-01	2.525948e+00
2.460000e-01	2.533484e+00
2.461000e-01	2.536306e+00
2.462000e-01	2.547538e+00
2.463000e-01	2.551929e+00
2.464000e-01	2.564220e+00
2.465000e-01	2.577005e+00
2.466000e-01	2.031963e+00
2.467000e-01	2.073075e+00
2.468000e-01	2.868163e+00
2.469000e-01	3.346423e+00
2.470000e-01	3.759119e+00
2.471000e-01	3.659137e+00
2.472000e-01	3.347621e+00
2.473000e-01	2.397671e+00
2.474000e-01	2.327089e+00
2.475000e-01	2.200842e+00
2.476000e-01	2.551677e+00
2.477000e-01	2.650056e+00
2.478000e-01	2.734658e+00
2.479000e-01	2.809611e+00
2.480000e-01	2.876748e+00
2.481000e-01	2.937462e+00
2.482000e-01	2.993608e+00
2.483000e-01	3.044246e+00
2.484000e-01	3.092699e+00
2.485000e-01	3.138750e+00
2.486000e-01	3.182706e+00
2.487000e-01	3.225378e+00
2.488000e-01	3.267105e+00
2.489000e-01	3.307020e+00
2.490000e-01	3.346557e+00
2.491000e-01	3.385341e+00
2.492000e-01	3.423290e+00
2.493000e-01	3.460364e+00
2.494000e-01	1.209097e+00
2.495000e-01	1.173430e+00
2.496000e-01	3.469817e+00
2.497000e-01	3.866904e+00
2.498000e-01	3.904426e+00
2.499000e-01	3.870825e+00
2.500000e-01	3.834484e+00
2.501000e-01	3.810636e+00
2.502000e-01	3.801077e+00
2.503000e-01	3.801914e+00
2.504000e-01	3.809249e+00
2.505000e-01	3.820167e+00
2.506000e-01	3.836583e+00
2.507000e-01	3.847566e+00
2.508000e-01	3.860527e+00
2.509000e-01	3.871700e+00
2.510000e-01	3.881821e+00
2.511000e-01	3.889683e+00
2.512000e-01	3.896194e+00
2.513000e-01	3.900950e+00
2.514000e-01	3.903522e+00
2.515000e-01	3.982132e+00
2.516000e-01	3.900879e+00
2.517000e-01	3.896522e+00
2.518000e-01	3.891863e+00
2.519000e-01	3.883826e+00
2.520000e-01	3.893740e+00
2.521000e-01	3.883658e+00
2.522000e-01	3.866232e+00
2.523000e-01	3.847156e+00
2.524000e-01	3.823253e+00
2.525000e-01	3.807260e+00
2.526000e-01	3.781193e+00
2.527000e-01	3.760856e+00
2.528000e-01	3.741073e+00
2.529000e-01	3.720394e+00
2.530000e-01	3.694760e+00
2.531000e-01	1.995275e+01
2.532000e-01	7.301634e+01
2.533000e-01	1.221828e+02
2.534000e-01	1.332296e+02
2.535000e-01	1.053715e+02
2.536000e-01	6.865779e+01
2.537000e-01	4.975304e+01
2.538000e-01	6.545745e+01
2.539000e-01	9.634706e+01
2.540000e-01	1.605633e+02
2.541000e-01	1.258415e+02
2.542000e-01	7.352488e+01
2.543000e-01	3.648135e+01
2.544000e-01	1.775496e+01
2.545000e-01	8.937138e+00
2.546000e-01	4.778872e+00
2.547000e-01	2.829957e+00
2.548000e-01	1.978847e+00
2.549000e-01	1.780405e+00
2.550000e-01	2.529512e+00
2.551000e-01	1.721560e+00
2.552000e-01	5.847063e-01
2.553000e-01	6.182264e-01
2.554000e-01	6.487119e-01
2.555000e-01	6.783930e-01
2.556000e-01	7.085897e-01
2.557000e-01	7.390103e-01
2.558000e-01	7.668087e-01
2.559000e-01	7.962509e-01
2.560000e-01	8.260634e-01
2.561000e-01	8.554270e-01
2.562000e-01	8.836353e-01
2.563000e-01	9.573992e-01
2.564000e-01	1.585678e+00
2.565000e-01	1.455160e+00
2.566000e-01	1.191540e+00
2.567000e-01	1.095837e+00
2.568000e-01	1.088449e+00
2.569000e-01	1.105342e+00
2.570000e-01	1.125901e+00
2.571000e-01	1.149899e+00
2.572000e-01	1.173688e+00
2.573000e-01	1.195911e+00
2.574000e-01	1.218996e+00
2.575000e-01	1.242232e+00
2.576000e-01	1.264460e+00
2.577000e-01	1.287231e+00
2.578000e-01	1.235172e+00
2.579000e-01	1.337049e+00
2.580000e-01	1.361709e+00
2.581000e-01	1.383173e+00
2.582000e-01	1.396201e+00
2.583000e-01	1.417864e+00
2.584000e-01	1.436994e+00
2.585000e-01	1.461118e+00
2.586000e-01	1.482581e+00
2.587000e-01	1.502570e+00
2.588000e-01	1.523050e+00
2.589000e-01	1.544478e+00
2.590000e-01	1.565206e+00
2.591000e-01	1.584222e+00
2.592000e-01	1.603320e+00
2.593000e-01	1.622721e+00
2.594000e-01	1.642167e+00
2.595000e-01	1.660494e+00
2.596000e-01	1.678967e+00
2.597000e-01	1.697604e+00
2.598000e-01	1.715234e+00
2.599000e-01	1.732661e+00
2.600000e-01	1.750508e+00
2.601000e-01	1.768369e+00
2.602000e-01	1.782995e+00
2.603000e-01	1.797398e+00
2.604000e-01	1.816599e+00
2.605000e-01	1.845389e+00
2.606000e-01	1.863149e+00
2.607000e-01	1.877654e+00
2.608000e-01	1.891905e+00
2.609000e-01	1.905943e+00
2.610000e-01	1.919730e+00
2.611000e-01	1.932806e+00
2.612000e-01	1.945558e+00
2.613000e-01	1.957896e+00
2.614000e-01	1.970424e+00
2.615000e-01	1.982417e+00
2.616000e-01	1.983682e+00
2.617000e-01	1.988334e+00
2.618000e-01	1.996932e+00
2.619000e-01	2.006788e+00
2.620000e-01	2.016627e+00
2.621000e-01	2.026304e+00
2.622000e-01	2.035813e+00
2.623000e-01	2.045232e+00
2.624000e-01	2.054446e+00
2.625000e-01	2.063676e+00
2.626000e-01	2.072811e+00
2.627000e-01	2.081776e+00
2.628000e-01	2.090139e+00
2.629000e-01	2.068643e+00
2.630000e-01	2.105790e+00
2.631000e-01	2.110668e+00
2.632000e-01	2.109617e+00
2.633000e-01	2.120083e+00
2.634000e-01	2.128283e+00
2.635000e-01	2.148485e+00
2.636000e-01	2.131560e+00
2.637000e-01	2.133477e+00
2.638000e-01	2.136581e+00
2.639000e-01	2.137694e+00
2.640000e-01	2.142834e+00
2.641000e-01	2.142715e+00
2.642000e-01	2.143765e+00
2.643000e-01	2.144646e+00
2.644000e-01	2.145185e+00
2.645000e-01	2.144701e+00
2.646000e-01	2.145466e+00
2.647000e-01	2.144662e+00
2.648000e-01	2.143582e+00
2.649000e-01	2.142211e+00
2.650000e-01	2.140536e+00
2.651000e-01	2.138476e+00
2.652000e-01	2.134944e+00
2.653000e-01	2.132217e+00
2.654000e-01	2.135233e+00
2.655000e-01	2.126998e+00
2.656000e-01	2.121075e+00
2.657000e-01	2.115859e+00
2.658000e-01	2.110729e+00
2.659000e-01	2.105023e+00
2.660000e-01	2.100555e+00
2.661000e-01	2.094354e+00
2.662000e-01	2.087123e+00
2.663000e-01	2.080741e+00
2.664000e-01	2.073345e+00
2.665000e-01	2.066126e+00
2.666000e-01	2.055333e+00
2.667000e-01	2.050510e+00
2.668000e-01	2.042580e+00
2.669000e-01	2.037458e+00
2.670000e-01	2.025018e+00
2.671000e-01	2.017486e+00
2.672000e-01	2.005457e+00
2.673000e-01	1.996882e+00
2.674000e-01	1.986773e+00
2.675000e-01	1.976730e+00
2.676000e-01	1.022844e+01
2.677000e-01	1.104583e+01
2.678000e-01	9.432135e+00
2.679000e-01	7.683032e+00
2.680000e-01	6.183421e+00
2.681000e-01	4.948682e+00
2.682000e-01	3.894109e+00
2.683000e-01	3.026410e+00
2.684000e-01	2.460924e+00
2.685000e-01	2.164236e+00
2.686000e-01	2.000427e+00
2.687000e-01	1.903437e+00
2.688000e-01	1.841063e+00
2.689000e-01	1.795997e+00
2.690000e-01	1.763712e+00
2.691000e-01	1.750022e+00
2.692000e-01	1.779733e+00
2.693000e-01	1.759347e+00
2.694000e-01	1.738714e+00
2.695000e-01	1.721550e+00
2.696000e-01	1.803835e+00
2.697000e-01	1.551421e+00
2.698000e-01	1.506637e+00
2.699000e-01	1.671555e+00
2.700000e-01	1.735255e+00
2.701000e-01	1.636444e+00
2.702000e-01	1.583934e+00
2.703000e-01	1.606972e+00
2.704000e-01	1.616444e+00
2.705000e-01	1.587934e+00
2.706000e-01	1.561328e+00
2.707000e-01	1.552718e+00
2.708000e-01	1.544599e+00
2.709000e-01	1.528591e+00
2.710000e-01	1.512339e+00
2.711000e-01	1.499457e+00
2.712000e-01	1.489949e+00
2.713000e-01	1.482536e+00
2.714000e-01	1.476641e+00
2.715000e-01	1.472963e+00
2.716000e-01	1.471825e+00
2.717000e-01	1.471897e+00
2.718000e-01	1.471771e+00
2.719000e-01	1.473279e+00
2.720000e-01	1.471440e+00
2.721000e-01	1.474869e+00
2.722000e-01	1.469385e+00
2.723000e-01	1.471744e+00
2.724000e-01	1.463825e+00
2.725000e-01	1.464763e+00
2.726000e-01	1.456318e+00
2.727000e-01	1.456237e+00
2.728000e-01	1.447236e+00
2.729000e-01	1.441279e+00
2.730000e-01	1.435617e+00
2.731000e-01	1.431764e+00
2.732000e-01	1.424908e+00
2.733000e-01	1.418446e+00
2.734000e-01	1.412843e+00
2.735000e-01	1.408550e+00
2.736000e-01	1.401931e+00
2.737000e-01	1.395247e+00
2.738000e-01	1.390364e+00
2.739000e-01	1.385888e+00
2.740000e-01	1.381196e+00
2.741000e-01	1.376542e+00
2.742000e-01	1.372183e+00
2.743000e-01	1.368246e+00
2.744000e-01	1.364540e+00
2.745000e-01	1.361045e+00
2.746000e-01	9.579828e+00
2.747000e-01	9.630388e+00
2.748000e-01	7.839373e+00
2.749000e-01	6.183846e+00
2.750000e-01	4.727781e+00
2.751000e-01	3.519746e+00
2.752000e-01	2.522650e+00
2.753000e-01	1.980164e+01
2.754000e-01	1.654527e+00
2.755000e-01	1.455562e+00
2.756000e-01	1.400560e+00
2.757000e-01	1.272930e+00
2.758000e-01	1.225232e+00
2.759000e-01	1.204352e+00
2.760000e-01	1.196136e+00
2.761000e-01	1.196752e+00
2.762000e-01	1.200728e+00
2.763000e-01	1.059060e+00
2.764000e-01	1.162783e+00
2.765000e-01	1.129521e+00
2.766000e-01	2.538166e+00
2.767000e-01	1.035093e+00
2.768000e-01	1.155852e+00
2.769000e-01	1.275228e+00
2.770000e-01	1.317179e+01
2.771000e-01	4.106844e+01
2.772000e-01	8.768311e+01
2.773000e-01	1.326538e+02
2.774000e-01	1.456023e+02
2.775000e-01	1.181600e+02
2.776000e-01	7.257111e+01
2.777000e-01	3.837559e+01
2.778000e-01	2.173757e+01
2.779000e-01	1.321286e+01
2.780000e-01	8.023459e+00
2.781000e-01	4.885209e+00
2.782000e-01	3.005515e+00
2.783000e-01	1.907470e+00
2.784000e-01	1.341109e+00
2.785000e-01	1.188842e+00
2.786000e-01	1.682228e+00
2.787000e-01	4.399858e-01
2.788000e-01	4.493539e-01
2.789000e-01	4.749257e-01
2.790000e-01	4.996503e-01
2.791000e-01	5.230553e-01
2.792000e-01	5.489599e-01
2.793000e-01	5.701501e-01
2.794000e-01	5.929254e-01
2.795000e-01	6.165767e-01
2.796000e-01	6.405218e-01
2.797000e-01	6.630260e-01
2.798000e-01	6.860119e-01
2.799000e-01	7.093056e-01
2.800000e-01	7.316725e-01
2.801000e-01	7.538892e-01
2.802000e-01	7.758710e-01
2.803000e-01	7.977918e-01
2.804000e-01	8.195480e-01
2.805000e-01	8.411013e-01
2.806000e-01	8.624787e-01
2.807000e-01	8.835066e-01
2.808000e-01	9.042015e-01
2.809000e-01	9.246179e-01
2.810000e-01	9.450026e-01
2.811000e-01	9.652909e-01
2.812000e-01	9.853088e-01
2.813000e-01	1.004849e+00
2.814000e-01	1.024068e+00
2.815000e-01	1.043156e+00
2.816000e-01	1.062044e+00
2.817000e-01	1.080620e+00
2.818000e-01	1.097608e+00
2.819000e-01	1.115598e+00
2.820000e-01	1.133330e+00
2.821000e-01	1.150847e+00
2.822000e-01	1.169894e+00
2.823000e-01	1.187094e+00
2.824000e-01	1.203332e+00
2.825000e-01	1.217537e+00
2.826000e-01	1.237617e+00
2.827000e-01	1.251478e+00
2.828000e-01	1.267988e+00
2.829000e-01	1.264720e+00
2.830000e-01	1.300948e+00
2.831000e-01	1.311851e+00
2.832000e-01	1.328103e+00
2.833000e-01	1.341526e+00
2.834000e-01	1.355863e+00
2.835000e-01	1.369330e+00
2.836000e-01	1.566772e+00
2.837000e-01	4.676284e+01
2.838000e-01	1.900636e+01
2.839000e-01	7.189407e+00
2.840000e-01	2.943211e+00
2.841000e-01	1.836745e+00
2.842000e-01	2.048291e+00
2.843000e-01	1.459386e+00
2.844000e-01	1.469471e+00
2.845000e-01	1.478836e+00
2.846000e-01	1.487150e+00
2.847000e-01	1.497730e+00
2.848000e-01	1.507385e+00
2.849000e-01	1.515362e+00
2.850000e-01	1.523645e+00
2.851000e-01	1.532389e+00
2.852000e-01	1.540095e+00
2.853000e-01	1.547123e+00
2.854000e-01	1.554650e+00
2.855000e-01	1.561382e+00
2.856000e-01	1.567727e+00
2.857000e-01	1.574202e+00
2.858000e-01	1.580015e+00
2.859000e-01	1.585364e+00
2.860000e-01	1.590778e+00
2.861000e-01	1.595789e+00
2.862000e-01	1.600342e+00
2.863000e-01	1.604617e+00
2.864000e-01	1.608537e+00
2.865000e-01	1.612182e+00
2.866000e-01	1.615534e+00
2.867000e-01	1.618462e+00
2.868000e-01	1.621337e+00
2.869000e-01	1.623791e+00
2.870000e-01	1.625929e+00
2.871000e-01	1.627579e+00
2.872000e-01	1.627442e+00
2.873000e-01	1.630130e+00
2.874000e-01	1.630951e+00
2.875000e-01	1.631458e+00
2.876000e-01	1.664401e+00
2.877000e-01	1.629879e+00
2.878000e-01	1.630687e+00
2.879000e-01	1.629971e+00
2.880000e-01	1.628945e+00
2.881000e-01	1.627547e+00
2.882000e-01	1.625914e+00
2.883000e-01	1.623795e+00
2.884000e-01	1.621580e+00
2.885000e-01	1.618524e+00
2.886000e-01	1.615757e+00
2.887000e-01	1.612616e+00
2.888000e-01	1.609203e+00
2.889000e-01	1.605078e+00
2.890000e-01	1.601014e+00
2.891000e-01	1.595947e+00
2.892000e-01	1.591390e+00
2.893000e-01	1.586422e+00
2.894000e-01	1.581186e+00
2.895000e-01	1.575402e+00
2.896000e-01	1.569278e+00
2.897000e-01	1.563007e+00
2.898000e-01	1.556402e+00
2.899000e-01	1.549489e+00
2.900000e-01	1.542310e+00
2.901000e-01	1.534809e+00
2.902000e-01	1.527041e+00
2.903000e-01	1.518989e+00
2.904000e-01	1.510598e+00
2.905000e-01	1.502017e+00
2.906000e-01	1.493043e+00
2.907000e-01	1.483887e+00
2.908000e-01	1.474372e+00
2.909000e-01	1.464638e+00
2.910000e-01	1.454593e+00
2.911000e-01	1.444266e+00
2.912000e-01	1.433736e+00
2.913000e-01	1.422818e+00
2.914000e-01	1.411765e+00
2.915000e-01	1.400326e+00
2.916000e-01	1.388720e+00
2.917000e-01	1.376781e+00
2.918000e-01	1.364627e+00
2.919000e-01	1.352219e+00
2.920000e-01	1.339481e+00
2.921000e-01	1.326628e+00
2.922000e-01	1.313367e+00
2.923000e-01	1.300002e+00
2.924000e-01	1.286278e+00
2.925000e-01	1.272396e+00
2.926000e-01	1.258216e+00
2.927000e-01	1.243816e+00
2.928000e-01	1.231673e+00
2.929000e-01	1.214673e+00
2.930000e-01	1.199507e+00
2.931000e-01	1.184120e+00
2.932000e-01	1.168480e+00
2.933000e-01	1.152696e+00
2.934000e-01	1.136816e+00
2.935000e-01	1.120281e+00
2.936000e-01	1.104111e+00
2.937000e-01	1.087325e+00
2.938000e-01	1.070592e+00
2.939000e-01	1.053508e+00
2.940000e-01	1.036274e+00
2.941000e-01	1.018864e+00
2.942000e-01	1.001183e+00
2.943000e-01	9.834208e-01
2.944000e-01	9.653405e-01
2.945000e-01	9.471966e-01
2.946000e-01	9.287667e-01
2.947000e-01	9.102322e-01
2.948000e-01	8.897011e-01
2.949000e-01	8.718146e-01
2.950000e-01	8.531721e-01
2.951000e-01	8.352604e-01
2.952000e-01	8.141930e-01
2.953000e-01	7.954990e-01
2.954000e-01	7.753899e-01
2.955000e-01	7.556201e-01
2.956000e-01	7.355628e-01
2.957000e-01	7.153535e-01
2.958000e-01	6.950532e-01
2.959000e-01	6.745351e-01
2.960000e-01	6.539802e-01
2.961000e-01	6.331833e-01
2.962000e-01	6.123362e-01
2.963000e-01	5.913441e-01
2.964000e-01	5.701889e-01
2.965000e-01	5.489864e-01
2.966000e-01	5.275905e-01
2.967000e-01	5.061573e-01
2.968000e-01	4.853431e-01
2.969000e-01	4.629553e-01
2.970000e-01	4.411065e-01
2.971000e-01	4.192125e-01
2.972000e-01	3.972529e-01
2.973000e-01	3.752313e-01
2.974000e-01	3.530662e-01
2.975000e-01	3.308837e-01
2.976000e-01	3.085832e-01
2.977000e-01	2.862557e-01
2.978000e-01	2.638451e-01
2.979000e-01	2.414165e-01
2.980000e-01	2.189201e-01
2.981000e-01	1.964200e-01
2.982000e-01	1.739316e-01
2.983000e-01	1.514436e-01
2.984000e-01	1.290747e-01
2.985000e-01	1.068441e-01
2.986000e-01	9.266462e-02
2.987000e-01	5.921127e-02
2.988000e-01	4.323969e-02
2.989000e-01	6.759948e-02
2.990000e-01	3.053969e-02
2.991000e-01	3.070257e+00
2.992000e-01	1.871813e+01
2.993000e-01	4.043327e+01
2.994000e-01	5.469232e+01
2.995000e-01	5.129223e+01
2.996000e-01	3.275447e+01
2.997000e-01	1.190793e+01
2.998000e-01	8.310371e+00
2.999000e-01	2.845760e+01
3.000000e-01	5.087312e+01
3.001000e-01	5.996313e+01
3.002000e-01	4.902299e+01
3.003000e-01	2.609864e+01
3.004000e-01	6.274364e+00
3.005000e-01	2.258594e-01
3.006000e-01	2.465617e-01
3.007000e-01	2.702267e-01
3.008000e-01	2.909046e-01
3.009000e-01	3.121424e-01
3.010000e-01	3.334473e-01
3.011000e-01	3.545365e-01
3.012000e-01	3.753735e-01
3.013000e-01	3.961764e-01
3.014000e-01	4.168143e-01
3.015000e-01	4.372906e-01
3.016000e-01	4.575723e-01
3.017000e-01	4.776737e-01
3.018000e-01	4.976047e-01
3.019000e-01	5.173955e-01
3.020000e-01	5.370381e-01
3.021000e-01	5.565191e-01
3.022000e-01	5.757496e-01
3.023000e-01	5.948112e-01
3.024000e-01	6.136736e-01
3.025000e-01	6.324338e-01
3.026000e-01	6.508879e-01
3.027000e-01	6.691462e-01
3.028000e-01	6.872727e-01
3.029000e-01	7.052283e-01
3.030000e-01	7.229156e-01
3.031000e-01	7.404263e-01
3.032000e-01	7.576838e-01
3.033000e-01	7.748122e-01
3.034000e-01	7.917909e-01
3.035000e-01	8.083517e-01
3.036000e-01	8.247680e-01
3.037000e-01	8.407463e-01
3.038000e-01	8.579368e-01
3.039000e-01	8.724072e-01
3.040000e-01	8.886310e-01
3.041000e-01	8.998301e-01
3.042000e-01	9.181884e-01
3.043000e-01	9.339309e-01
3.044000e-01	9.484055e-01
3.045000e-01	9.627453e-01
3.046000e-01	9.769596e-01
3.047000e-01	9.908678e-01
3.048000e-01	1.004561e+00
3.049000e-01	1.018004e+00
3.050000e-01	1.031218e+00
3.051000e-01	1.044158e+00
3.052000e-01	1.056880e+00
3.053000e-01	1.069349e+00
3.054000e-01	1.081548e+00
3.055000e-01	1.093525e+00
3.056000e-01	1.105226e+00
3.057000e-01	1.116692e+00
3.058000e-01	1.127878e+00
3.059000e-01	1.138850e+00
3.060000e-01	1.149510e+00
3.061000e-01	1.160150e+00
3.062000e-01	1.170218e+00
3.063000e-01	1.180106e+00
3.064000e-01	1.188624e+00
3.065000e-01	1.200396e+00
3.066000e-01	2.536754e+01
3.067000e-01	4.006780e+01
3.068000e-01	2.849944e+01
3.069000e-01	1.614920e+01
3.070000e-01	8.862872e+00
3.071000e-01	4.983008e+00
3.072000e-01	3.161606e+00
3.073000e-01	2.485424e+00
3.074000e-01	1.252200e+00
3.075000e-01	1.270477e+00
3.076000e-01	1.273853e+00
3.077000e-01	1.274146e+00
3.078000e-01	1.275905e+00
3.079000e-01	1.284510e+00
3.080000e-01	1.292447e+00
3.081000e-01	1.296151e+00
3.082000e-01	1.301091e+00
3.083000e-01	1.305869e+00
3.084000e-01	1.309032e+00
3.085000e-01	1.415748e+00
3.086000e-01	1.292513e+00
3.087000e-01	1.323312e+00
3.088000e-01	1.324674e+00
3.089000e-01	1.324194e+00
3.090000e-01	1.322736e+00
3.091000e-01	1.322971e+00
3.092000e-01	1.329929e+00
3.093000e-01	1.330193e+00
3.094000e-01	1.329315e+00
3.095000e-01	1.329446e+00
3.096000e-01	1.329709e+00
3.097000e-01	1.330638e+00
3.098000e-01	1.330163e+00
3.099000e-01	1.329256e+00
3.100000e-01	1.329111e+00
3.101000e-01	1.328725e+00
3.102000e-01	1.323940e+00
3.103000e-01	1.324704e+00
3.104000e-01	1.323204e+00
3.105000e-01	1.321435e+00
3.106000e-01	1.318907e+00
3.107000e-01	1.316119e+00
3.108000e-01	1.313271e+00
3.109000e-01	1.310205e+00
3.110000e-01	1.306876e+00
3.111000e-01	1.303233e+00
3.112000e-01	1.299287e+00
3.113000e-01	1.295025e+00
3.114000e-01	1.290568e+00
3.115000e-01	1.285908e+00
3.116000e-01	1.280882e+00
3.117000e-01	1.276026e+00
3.118000e-01	1.269682e+00
3.119000e-01	1.265041e+00
3.120000e-01	1.257874e+00
3.121000e-01	1.252477e+00
3.122000e-01	1.247638e+00
3.123000e-01	1.239953e+00
3.124000e-01	1.232542e+00
3.125000e-01	1.225443e+00
3.126000e-01	1.218023e+00
3.127000e-01	1.210431e+00
3.128000e-01	1.202555e+00
3.129000e-01	1.194513e+00
3.130000e-01	1.185999e+00
3.131000e-01	1.177705e+00
3.132000e-01	1.168828e+00
3.133000e-01	1.159684e+00
3.134000e-01	1.150321e+00
3.135000e-01	1.140810e+00
3.136000e-01	1.131152e+00
3.137000e-01	1.121198e+00
3.138000e-01	1.111060e+00
3.139000e-01	1.100694e+00
3.140000e-01	1.090111e+00
3.141000e-01	1.079329e+00
3.142000e-01	1.068320e+00
3.143000e-01	1.057105e+00
3.144000e-01	1.045702e+00
3.145000e-01	1.034064e+00
3.146000e-01	1.022257e+00
3.147000e-01	1.010217e+00
3.148000e-01	9.980255e-01
3.149000e-01	9.855649e-01
3.150000e-01	9.730069e-01
3.151000e-01	9.601692e-01
3.152000e-01	9.472000e-01
3.153000e-01	9.340243e-01
3.154000e-01	9.206621e-01
3.155000e-01	9.071308e-01
3.156000e-01	8.934074e-01
3.157000e-01	8.795285e-01
3.158000e-01	8.654392e-01
3.159000e-01	8.512215e-01
3.160000e-01	8.368098e-01
3.161000e-01	8.222313e-01
3.162000e-01	8.075074e-01
3.163000e-01	7.925993e-01
3.164000e-01	7.775581e-01
3.165000e-01	7.623267e-01
3.166000e-01	7.469937e-01
3.167000e-01	7.314592e-01
3.168000e-01	7.158021e-01
3.169000e-01	7.000085e-01
3.170000e-01	6.840469e-01
3.171000e-01	6.679751e-01
3.172000e-01	6.517413e-01
3.173000e-01	6.354062e-01
3.174000e-01	6.188918e-01
3.175000e-01	6.022998e-01
3.176000e-01	5.855622e-01
3.177000e-01	5.686869e-01
3.178000e-01	5.517294e-01
3.179000e-01	5.346164e-01
3.180000e-01	5.174259e-01
3.181000e-01	5.000866e-01
3.182000e-01	4.826988e-01
3.183000e-01	4.651307e-01
3.184000e-01	4.475332e-01
3.185000e-01	4.297978e-01
3.186000e-01	4.119746e-01
3.187000e-01	3.940748e-01
3.188000e-01	3.760663e-01
3.189000e-01	3.580056e-01
3.190000e-01	3.398090e-01
3.191000e-01	3.216125e-01
3.192000e-01	3.032745e-01
3.193000e-01	2.848993e-01
3.194000e-01	2.664684e-01
3.195000e-01	2.479488e-01
3.196000e-01	2.294062e-01
3.197000e-01	2.107922e-01
3.198000e-01	1.921649e-01
3.199000e-01	1.734680e-01
3.200000e-01	1.547922e-01
3.201000e-01	1.361092e-01
3.202000e-01	1.174283e-01
3.203000e-01	9.886969e-02
3.204000e-01	8.043119e-02
3.205000e-01	6.237900e-02
3.206000e-01	4.511761e-02
3.207000e-01	3.025433e-02
3.208000e-01	2.294498e-02
3.209000e-01	2.960454e-02
3.210000e-01	2.058024e+00
3.211000e-01	1.418411e+01
3.212000e-01	3.197480e+01
3.213000e-01	4.558712e+01
3.214000e-01	4.666221e+01
3.215000e-01	3.490648e+01
3.216000e-01	1.720121e+01
3.217000e-01	7.501323e+00
3.218000e-01	1.602258e+01
3.219000e-01	3.015499e+01
3.220000e-01	3.934889e+01
3.221000e-01	7.572974e+01
3.222000e-01	7.370826e+01
3.223000e-01	5.904647e+01
3.224000e-01	4.401062e+01
3.225000e-01	3.157905e+01
3.226000e-01	2.247758e+01
3.227000e-01	1.609451e+01
3.228000e-01	1.158709e+01
3.229000e-01	8.477252e+00
3.230000e-01	6.450158e+00
3.231000e-01	5.008996e+00
3.232000e-01	4.051057e+00
3.233000e-01	3.452442e+00
3.234000e-01	3.216259e+00
3.235000e-01	2.775993e+00
3.236000e-01	8.911700e-01
3.237000e-01	4.919876e-01
3.238000e-01	6.711797e-01
3.239000e-01	8.908177e-01
3.240000e-01	1.053608e+00
3.241000e-01	1.157317e+00
3.242000e-01	1.219850e+00
3.243000e-01	4.389792e+00
3.244000e-01	9.190218e-01
3.245000e-01	1.036265e+00
3.246000e-01	1.122679e+00
3.247000e-01	1.176437e+00
3.248000e-01	1.269203e+00
3.249000e-01	4.831881e+01
3.250000e-01	4.299604e+01
3.251000e-01	2.973789e+01
3.252000e-01	1.964002e+01
3.253000e-01	1.276552e+01
3.254000e-01	8.258242e+00
3.255000e-01	5.396609e+00
3.256000e-01	3.636243e+00
3.257000e-01	2.650548e+00
3.258000e-01	2.113304e+00
3.259000e-01	9.902833e-01
3.260000e-01	6.151296e-01
3.261000e-01	6.245132e-01
3.262000e-01	6.337919e-01
3.263000e-01	6.416673e-01
3.264000e-01	6.507453e-01
3.265000e-01	6.583908e-01
3.266000e-01	6.665244e-01
3.267000e-01	6.747232e-01
3.268000e-01	6.820341e-01
3.269000e-01	6.896211e-01
3.270000e-01	6.971907e-01
3.271000e-01	7.043404e-01
3.272000e-01	7.108391e-01
3.273000e-01	7.180651e-01
3.274000e-01	3.162379e-01
3.275000e-01	7.194343e-01
3.276000e-01	7.330159e-01
3.277000e-01	7.440310e-01
3.278000e-01	7.498484e-01
3.279000e-01	7.545578e-01
3.280000e-01	7.602312e-01
3.281000e-01	7.655728e-01
3.282000e-01	7.707636e-01
3.283000e-01	7.757146e-01
3.284000e-01	7.804167e-01
3.285000e-01	7.849442e-01
3.286000e-01	7.892511e-01
3.287000e-01	7.801007e-01
3.288000e-01	7.985552e-01
3.289000e-01	8.013270e-01
3.290000e-01	8.049139e-01
3.291000e-01	8.095415e-01
3.292000e-01	8.108313e-01
3.293000e-01	8.155500e-01
3.294000e-01	4.334598e-01
3.295000e-01	8.158966e-01
3.296000e-01	8.444637e-01
3.297000e-01	8.250716e-01
3.298000e-01	8.269276e-01
3.299000e-01	8.282378e-01
3.300000e-01	8.304020e-01
3.301000e-01	8.322577e-01
3.302000e-01	8.331349e-01
3.303000e-01	8.341968e-01
3.304000e-01	8.352087e-01
3.305000e-01	8.537060e-01
3.306000e-01	8.372130e-01
3.307000e-01	8.364524e-01
3.308000e-01	8.369015e-01
3.309000e-01	7.995242e-01
3.310000e-01	8.316748e-01
3.311000e-01	1.923001e+00
3.312000e-01	3.228044e+00
3.313000e-01	3.538618e+00
3.314000e-01	3.266941e+00
3.315000e-01	2.771944e+00
3.316000e-01	2.258506e+00
3.317000e-01	2.149787e+00
3.318000e-01	1.452781e+00
3.319000e-01	1.230613e+00
3.320000e-01	1.113673e+00
3.321000e-01	1.034105e+00
3.322000e-01	3.902137e+01
3.323000e-01	4.897781e+00
3.324000e-01	4.019947e+00
3.325000e-01	3.204321e+00
3.326000e-01	2.409652e+00
3.327000e-01	1.790073e+00
3.328000e-01	1.356088e+00
3.329000e-01	1.148359e+00
3.330000e-01	1.007864e+00
3.331000e-01	9.294391e-01
3.332000e-01	8.848838e-01
3.333000e-01	8.585025e-01
3.334000e-01	5.878262e-01
3.335000e-01	6.609741e-01
3.336000e-01	7.389347e-01
3.337000e-01	7.500744e-01
3.338000e-01	8.148202e-01
3.339000e-01	7.855775e-01
3.340000e-01	7.566835e-01
3.341000e-01	7.345897e-01
3.342000e-01	6.698299e-01
3.343000e-01	4.853530e-01
3.344000e-01	4.853532e-01
3.345000e-01	5.607477e-01
3.346000e-01	6.438056e-01
3.347000e-01	6.913611e-01
3.348000e-01	6.802778e-01
3.349000e-01	6.434395e-01
3.350000e-01	6.224903e-01
3.351000e-01	6.266837e-01
3.352000e-01	6.437244e-01
3.353000e-01	6.540847e-01
3.354000e-01	6.503040e-01
3.355000e-01	6.343224e-01
3.356000e-01	6.129345e-01
3.357000e-01	5.952241e-01
3.358000e-01	5.828049e-01
3.359000e-01	5.767791e-01
3.360000e-01	5.708733e-01
3.361000e-01	5.641768e-01
3.362000e-01	5.551480e-01
3.363000e-01	5.459848e-01
3.364000e-01	5.380873e-01
3.365000e-01	5.324119e-01
3.366000e-01	5.272107e-01
3.367000e-01	5.232710e-01
3.368000e-01	5.183451e-01
3.369000e-01	5.125888e-01
3.370000e-01	5.060792e-01
3.371000e-01	4.999702e-01
3.372000e-01	4.928553e-01
3.373000e-01	4.860613e-01
3.374000e-01	4.813403e-01
3.375000e-01	4.739223e-01
3.376000e-01	4.698361e-01
3.377000e-01	4.645732e-01
3.378000e-01	4.593224e-01
3.379000e-01	4.539152e-01
3.380000e-01	4.481973e-01
3.381000e-01	4.423836e-01
3.382000e-01	4.365028e-01
3.383000e-01	4.308735e-01
3.384000e-01	4.254896e-01
3.385000e-01	4.205077e-01
3.386000e-01	4.158560e-01
3.387000e-01	4.115596e-01
3.388000e-01	4.076087e-01
3.389000e-01	4.031894e-01
3.390000e-01	3.992581e-01
3.391000e-01	3.961356e-01
3.392000e-01	3.938335e-01
3.393000e-01	3.918517e-01
3.394000e-01	3.901569e-01
3.395000e-01	3.887255e-01
3.396000e-01	3.876160e-01
3.397000e-01	3.869046e-01
3.398000e-01	3.864606e-01
3.399000e-01	3.864122e-01
3.400000e-01	3.853571e-01
3.401000e-01	3.855597e-01
3.402000e-01	3.864892e-01
3.403000e-01	3.878872e-01
3.404000e-01	3.897635e-01
3.405000e-01	3.920170e-01
3.406000e-01	3.947337e-01
3.407000e-01	3.977448e-01
3.408000e-01	4.011399e-01
3.409000e-01	4.047681e-01
3.410000e-01	7.191151e-01
3.411000e-01	4.927183e+00
3.412000e-01	1.256468e+01
3.413000e-01	2.102082e+01
3.414000e-01	2.712795e+01
3.415000e-01	2.828301e+01
3.416000e-01	2.403287e+01
3.417000e-01	1.654039e+01
3.418000e-01	9.572285e+00
3.419000e-01	8.483453e+00
3.420000e-01	1.635554e+01
3.421000e-01	2.713782e+01
3.422000e-01	3.457841e+01
3.423000e-01	3.379967e+01
3.424000e-01	2.524033e+01
3.425000e-01	1.387191e+01
3.426000e-01	5.335878e+00
3.427000e-01	2.176036e+00
3.428000e-01	4.727741e-01
3.429000e-01	1.057969e-01
3.430000e-01	1.736879e-01
3.431000e-01	4.073527e+00
3.432000e-01	4.709232e+01
3.433000e-01	3.906362e+01
3.434000e-01	2.946271e+01
3.435000e-01	2.160558e+01
3.436000e-01	1.575511e+01
3.437000e-01	1.136771e+01
3.438000e-01	8.258963e+00
3.439000e-01	6.053019e+00
3.440000e-01	4.539698e+00
3.441000e-01	3.557812e+00
3.442000e-01	2.975496e+00
3.443000e-01	1.825827e+00
3.444000e-01	3.110803e-01
3.445000e-01	3.453560e-01
3.446000e-01	3.268953e-01
3.447000e-01	3.354383e-01
3.448000e-01	3.448833e-01
3.449000e-01	3.522530e-01
3.450000e-01	3.602448e-01
3.451000e-01	3.691910e-01
3.452000e-01	3.768755e-01
3.453000e-01	3.832349e-01
3.454000e-01	3.920337e-01
3.455000e-01	3.989485e-01
3.456000e-01	4.058675e-01
3.457000e-01	4.136021e-01
3.458000e-01	4.205731e-01
3.459000e-01	4.267311e-01
3.460000e-01	4.339852e-01
3.461000e-01	4.403635e-01
3.462000e-01	4.497000e-01
3.463000e-01	4.712101e-01
3.464000e-01	4.675181e-01
3.465000e-01	4.649763e-01
3.466000e-01	4.669151e-01
3.467000e-01	4.712545e-01
3.468000e-01	4.765028e-01
3.469000e-01	4.819718e-01
3.470000e-01	4.872858e-01
3.471000e-01	4.924589e-01
3.472000e-01	4.974124e-01
3.473000e-01	5.022419e-01
3.474000e-01	5.065685e-01
3.475000e-01	5.108063e-01
3.476000e-01	5.146682e-01
3.477000e-01	5.187243e-01
3.478000e-01	5.229178e-01
3.479000e-01	5.296780e-01
3.480000e-01	5.395561e-01
3.481000e-01	5.552794e-01
3.482000e-01	5.632620e-01
3.483000e-01	5.417245e-01
3.484000e-01	5.477852e-01
3.485000e-01	5.507672e-01
3.486000e-01	5.532741e-01
3.487000e-01	5.555724e-01
3.488000e-01	5.578406e-01
3.489000e-01	5.600370e-01
3.490000e-01	5.619959e-01
3.491000e-01	5.638282e-01
3.492000e-01	5.654242e-01
3.493000e-01	5.669324e-01
3.494000e-01	5.682190e-01
3.495000e-01	5.693837e-01
3.496000e-01	5.703699e-01
3.497000e-01	5.711402e-01
3.498000e-01	5.718914e-01
3.499000e-01	5.722887e-01
3.500000e-01	5.727255e-01
3.501000e-01	5.728397e-01
3.502000e-01	5.728845e-01
3.503000e-01	5.726988e-01
3.504000e-01	5.724103e-01
3.505000e-01	5.719776e-01
3.506000e-01	5.712721e-01
3.507000e-01	5.705573e-01
3.508000e-01	5.695353e-01
3.509000e-01	5.684777e-01
3.510000e-01	5.671688e-01
3.511000e-01	5.657441e-01
3.512000e-01	5.641802e-01
3.513000e-01	5.623701e-01
3.514000e-01	5.605483e-01
3.515000e-01	5.583914e-01
3.516000e-01	5.562518e-01
3.517000e-01	5.538094e-01
3.518000e-01	5.513150e-01
3.519000e-01	5.486200e-01
3.520000e-01	5.457477e-01
3.521000e-01	5.428015e-01
3.522000e-01	5.395814e-01
3.523000e-01	5.363567e-01
3.524000e-01	5.328226e-01
3.525000e-01	5.292805e-01
3.526000e-01	5.254752e-01
3.527000e-01	5.215940e-01
3.528000e-01	5.175349e-01
3.529000e-01	5.133054e-01
3.530000e-01	5.090066e-01
3.531000e-01	5.044321e-01
3.532000e-01	4.998699e-01
3.533000e-01	4.950084e-01
3.534000e-01	4.901327e-01
3.535000e-01	4.850213e-01
3.536000e-01	4.798122e-01
3.537000e-01	4.744759e-01
3.538000e-01	4.689347e-01
3.539000e-01	4.633580e-01
3.540000e-01	4.427063e-01
3.541000e-01	4.474787e-01
3.542000e-01	4.454260e-01
3.543000e-01	4.394772e-01
3.544000e-01	4.331399e-01
3.545000e-01	4.266214e-01
3.546000e-01	4.201175e-01
3.547000e-01	4.133642e-01
3.548000e-01	4.065623e-01
3.549000e-01	3.995840e-01
3.550000e-01	3.925192e-01
3.551000e-01	4.331656e-01
3.552000e-01	3.737084e-01
3.553000e-01	3.697152e-01
3.554000e-01	3.646971e-01
3.555000e-01	3.707846e-01
3.556000e-01	3.482794e-01
3.557000e-01	3.387996e-01
3.558000e-01	3.314723e-01
3.559000e-01	3.236013e-01
3.560000e-01	3.148769e-01
3.561000e-01	3.066302e-01
3.562000e-01	2.947891e-01
3.563000e-01	4.029250e-01
3.564000e-01	2.590393e-01
3.565000e-01	7.219779e+00
3.566000e-01	1.889250e+00
3.567000e-01	2.427824e-01
3.568000e-01	2.348442e-01
3.569000e-01	2.255323e-01
3.570000e-01	2.337476e-01
3.571000e-01	1.211790e-01
3.572000e-01	1.455307e-01
3.573000e-01	1.983823e-01
3.574000e-01	1.886973e-01
3.575000e-01	1.789430e-01
3.576000e-01	1.702966e-01
3.577000e-01	1.609522e-01
3.578000e-01	1.506424e-01
3.579000e-01	1.407740e-01
3.580000e-01	1.315768e-01
3.581000e-01	1.211580e-01
3.582000e-01	1.112685e-01
3.583000e-01	1.015526e-01
3.584000e-01	1.396203e+02
3.585000e-01	4.669628e-02
3.586000e-01	6.510044e-02
3.587000e-01	6.916806e-02
3.588000e-01	1.122353e+00
3.589000e-01	5.575643e+00
3.590000e-01	1.245127e+01
3.591000e-01	1.921677e+01
3.592000e-01	2.283164e+01
3.593000e-01	2.149986e+01
3.594000e-01	1.802096e+01
3.595000e-01	1.968281e+01
3.596000e-01	1.598999e+01
3.597000e-01	1.186864e+01
3.598000e-01	8.674481e+00
3.599000e-01	6.265645e+00
3.600000e-01	4.525200e+00
3.601000e-01	3.126243e+00
3.602000e-01	1.659521e+00
3.603000e-01	6.885466e-01
3.604000e-01	3.878650e-01
3.605000e-01	1.118160e+00
3.606000e-01	5.728845e+00
3.607000e-01	1.300368e+01
3.608000e-01	2.072690e+01
3.609000e-01	2.591184e+01
3.610000e-01	2.654515e+01
3.611000e-01	2.299198e+01
3.612000e-01	1.743578e+01
3.613000e-01	1.223868e+01
3.614000e-01	8.406661e+00
3.615000e-01	5.732020e+00
3.616000e-01	4.015308e+00
3.617000e-01	2.548822e+00
3.618000e-01	8.979780e-01
3.619000e-01	2.138193e-01
3.620000e-01	1.969340e-01
3.621000e-01	2.090251e-01
3.622000e-01	2.180315e-01
3.623000e-01	2.263490e-01
3.624000e-01	2.341784e-01
3.625000e-01	2.416943e-01
3.626000e-01	2.490224e-01
3.627000e-01	2.564374e-01
3.628000e-01	2.639666e-01
3.629000e-01	2.709032e-01
3.630000e-01	2.778028e-01
3.631000e-01	2.843665e-01
3.632000e-01	2.916523e-01
3.633000e-01	2.974603e-01
3.634000e-01	3.042346e-01
3.635000e-01	3.100686e-01
3.636000e-01	3.167789e-01
3.637000e-01	3.211575e-01
3.638000e-01	3.268130e-01
3.639000e-01	3.322039e-01
3.640000e-01	3.380686e-01
3.641000e-01	3.431926e-01
3.642000e-01	3.485385e-01
3.643000e-01	3.535387e-01
3.644000e-01	3.610526e-01
3.645000e-01	3.694710e-01
3.646000e-01	3.684524e-01
3.647000e-01	3.726049e-01
3.648000e-01	3.771137e-01
3.649000e-01	3.807211e-01
3.650000e-01	3.849290e-01
3.651000e-01	3.892552e-01
3.652000e-01	3.925339e-01
3.653000e-01	3.961207e-01
3.654000e-01	4.000574e-01
3.655000e-01	4.032784e-01
3.656000e-01	4.065777e-01
3.657000e-01	4.094908e-01
3.658000e-01	4.122448e-01
3.659000e-01	4.148764e-01
3.660000e-01	4.172988e-01
3.661000e-01	4.197338e-01
3.662000e-01	4.220920e-01
3.663000e-01	4.243432e-01
3.664000e-01	4.263365e-01
3.665000e-01	4.280574e-01
3.666000e-01	4.295439e-01
3.667000e-01	4.310606e-01
3.668000e-01	4.328586e-01
3.669000e-01	4.339433e-01
3.670000e-01	4.348346e-01
3.671000e-01	4.359562e-01
3.672000e-01	4.348072e-01
3.673000e-01	4.365276e-01
3.674000e-01	4.374311e-01
3.675000e-01	4.376708e-01
3.676000e-01	4.378081e-01
3.677000e-01	4.378624e-01
3.678000e-01	4.378242e-01
3.679000e-01	4.375399e-01
3.680000e-01	4.370282e-01
3.681000e-01	4.364436e-01
3.682000e-01	4.356968e-01
3.683000e-01	4.347824e-01
3.684000e-01	4.337502e-01
3.685000e-01	4.325252e-01
3.686000e-01	4.312135e-01
3.687000e-01	4.296972e-01
3.688000e-01	4.280538e-01
3.689000e-01	4.262877e-01
3.690000e-01	4.243268e-01
3.691000e-01	4.222731e-01
3.692000e-01	4.200243e-01
3.693000e-01	4.176885e-01
3.694000e-01	4.151349e-01
3.695000e-01	4.125041e-01
3.696000e-01	4.097098e-01
3.697000e-01	4.067420e-01
3.698000e-01	4.036926e-01
3.699000e-01	4.004387e-01
3.700000e-01	3.970995e-01
3.701000e-01	3.935766e-01
3.702000e-01	3.899539e-01
3.703000e-01	3.861694e-01
3.704000e-01	3.822349e-01
3.705000e-01	3.782197e-01
3.706000e-01	3.739920e-01
3.707000e-01	3.697064e-01
3.708000e-01	3.652235e-01
3.709000e-01	3.606598e-01
3.710000e-01	3.559123e-01
3.711000e-01	3.510965e-01
3.712000e-01	3.460958e-01
3.713000e-01	3.409854e-01
3.714000e-01	3.357709e-01
3.715000e-01	3.303833e-01
3.716000e-01	3.249204e-01
3.717000e-01	3.192866e-01
3.718000e-01	3.135830e-01
3.719000e-01	3.076897e-01
3.720000e-01	3.017372e-01
3.721000e-01	2.956452e-01
3.722000e-01	2.894071e-01
3.723000e-01	2.831066e-01
3.724000e-01	2.766330e-01
3.725000e-01	2.700948e-01
3.726000e-01	2.634037e-01
3.727000e-01	2.566370e-01
3.728000e-01	2.497403e-01
3.729000e-01	2.427193e-01
3.730000e-01	2.356493e-01
3.731000e-01	2.283984e-01
3.732000e-01	2.211190e-01
3.733000e-01	2.136785e-01
3.734000e-01	2.061880e-01
3.735000e-01	1.985534e-01
3.736000e-01	1.908802e-01
3.737000e-01	1.830712e-01
3.738000e-01	1.751834e-01
3.739000e-01	1.672400e-01
3.740000e-01	1.591673e-01
3.741000e-01	1.510679e-01
3.742000e-01	1.428513e-01
3.743000e-01	1.346213e-01
3.744000e-01	1.262669e-01
3.745000e-01	1.179242e-01
3.746000e-01	1.095237e-01
3.747000e-01	1.010745e-01
3.748000e-01	9.267717e-02
3.749000e-01	8.424913e-02
3.750000e-01	7.593749e-02
3.751000e-01	6.771226e-02
3.752000e-01	5.838004e-01
3.753000e-01	3.999311e+00
3.754000e-01	9.568788e+00
3.755000e-01	1.551891e+01
3.756000e-01	1.955052e+01
3.757000e-01	1.992595e+01
3.758000e-01	1.647979e+01
3.759000e-01	1.072264e+01
3.760000e-01	4.939382e+00
3.761000e-01	1.032654e+00
3.762000e-01	7.200123e-02
3.763000e-01	7.244594e-02
3.764000e-01	7.291365e-02
3.765000e-01	7.323203e-02
3.766000e-01	7.353629e-02
3.767000e-01	7.383465e-02
3.768000e-01	7.406689e-02
3.769000e-01	7.426865e-02
3.770000e-01	7.444212e-02
3.771000e-01	7.459569e-02
3.772000e-01	7.467153e-02
3.773000e-01	2.168595e-01
3.774000e-01	2.486285e+00
3.775000e-01	6.604773e+00
3.776000e-01	1.142590e+01
3.777000e-01	1.531035e+01
3.778000e-01	1.664062e+01
3.779000e-01	1.491982e+01
3.780000e-01	1.085210e+01
3.781000e-01	6.041390e+00
3.782000e-01	2.099223e+00
3.783000e-01	7.594546e-02
3.784000e-01	1.649419e-01
3.785000e-01	1.730751e-01
3.786000e-01	1.798174e-01
3.787000e-01	1.871501e-01
3.788000e-01	1.939408e-01
3.789000e-01	2.008957e-01
3.790000e-01	2.040859e-01
3.791000e-01	2.067789e-01
3.792000e-01	2.045486e+01
3.793000e-01	2.423871e+01
3.794000e-01	1.718955e+01
3.795000e-01	1.124953e+01
3.796000e-01	7.210107e+00
3.797000e-01	3.100402e+01
3.798000e-01	1.329995e+01
3.799000e-01	4.295929e+00
3.800000e-01	2.017682e+00
3.801000e-01	2.619489e-01
3.802000e-01	2.664248e-01
3.803000e-01	2.704845e-01
3.804000e-01	2.721177e-01
3.805000e-01	2.769230e-01
3.806000e-01	2.798936e-01
3.807000e-01	2.831675e-01
3.808000e-01	2.886102e-01
3.809000e-01	2.907788e-01
3.810000e-01	2.936947e-01
3.811000e-01	2.961806e-01
3.812000e-01	2.993772e-01
3.813000e-01	2.672425e-01
3.814000e-01	3.051616e-01
3.815000e-01	3.070760e-01
3.816000e-01	3.673526e-01
3.817000e-01	3.275544e-01
3.818000e-01	3.229470e-01
3.819000e-01	3.462967e-01
3.820000e-01	3.168056e-01
3.821000e-01	3.182734e-01
3.822000e-01	3.198964e-01
3.823000e-01	3.207521e-01
3.824000e-01	3.221506e-01
3.825000e-01	3.231774e-01
3.826000e-01	3.233746e-01
3.827000e-01	3.277659e-01
3.828000e-01	3.191477e-01
3.829000e-01	3.222742e-01
3.830000e-01	3.286911e-01
3.831000e-01	3.283454e-01
3.832000e-01	3.247500e-01
3.833000e-01	3.257395e-01
3.834000e-01	3.255365e-01
3.835000e-01	3.261203e-01
3.836000e-01	3.254327e-01
3.837000e-01	3.243471e-01
3.838000e-01	3.242310e-01
3.839000e-01	3.232831e-01
3.840000e-01	3.219091e-01
3.841000e-01	3.209450e-01
3.842000e-01	3.180495e-01
3.843000e-01	4.209463e-01
3.844000e-01	2.664936e-01
3.845000e-01	3.143504e-01
3.846000e-01	3.139731e-01
3.847000e-01	3.107681e-01
3.848000e-01	3.313450e-01
3.849000e-01	2.889309e-01
3.850000e-01	3.010382e-01
3.851000e-01	3.003769e-01
3.852000e-01	2.996012e-01
3.853000e-01	2.957208e-01
3.854000e-01	2.943226e-01
3.855000e-01	2.918828e-01
3.856000e-01	2.883104e-01
3.857000e-01	2.850988e-01
3.858000e-01	2.810183e-01
3.859000e-01	2.770160e-01
3.860000e-01	2.744148e-01
3.861000e-01	2.708380e-01
3.862000e-01	2.663563e-01
3.863000e-01	2.627026e-01
3.864000e-01	2.590511e-01
3.865000e-01	2.542066e-01
3.866000e-01	2.498904e-01
3.867000e-01	2.460169e-01
3.868000e-01	2.410254e-01
3.869000e-01	2.364594e-01
3.870000e-01	2.284846e-01
3.871000e-01	2.260561e-01
3.872000e-01	2.219325e-01
3.873000e-01	2.168048e-01
3.874000e-01	2.116128e-01
3.875000e-01	2.061037e-01
3.876000e-01	2.009918e-01
3.877000e-01	1.952332e-01
3.878000e-01	1.895991e-01
3.879000e-01	1.839031e-01
3.880000e-01	1.780130e-01
3.881000e-01	2.848619e-01
3.882000e-01	1.644121e-01
3.883000e-01	1.602170e-01
3.884000e-01	1.542604e-01
3.885000e-01	1.475373e-01
3.886000e-01	1.408482e-01
3.887000e-01	1.345058e-01
3.888000e-01	1.276492e-01
3.889000e-01	1.212546e-01
3.890000e-01	1.148279e-01
3.891000e-01	1.074431e-01
3.892000e-01	4.154242e-01
3.893000e-01	1.033184e-01
3.894000e-01	8.469605e-02
3.895000e-01	7.612339e-02
3.896000e-01	7.238906e+01
3.897000e-01	1.757269e+01
3.898000e-01	3.106735e+00
3.899000e-01	6.360569e-01
3.900000e-01	3.323550e-01
3.901000e-01	7.555745e-01
3.902000e-01	4.227108e-02
3.903000e-01	3.906221e-02
3.904000e-01	3.271946e-02
3.905000e-01	6.435926e-02
3.906000e-01	4.152016e-02
3.907000e-01	2.666090e-02
3.908000e-01	1.316133e+00
3.909000e-01	4.549726e+00
3.910000e-01	9.007324e+00
3.911000e-01	1.331499e+01
3.912000e-01	1.583445e+01
3.913000e-01	1.552201e+01
3.914000e-01	1.315251e+01
3.915000e-01	3.220600e+01
3.916000e-01	1.944739e+01
3.917000e-01	1.284714e+01
3.918000e-01	1.163147e+01
3.919000e-01	1.169306e+01
3.920000e-01	1.019793e+01
3.921000e-01	7.909480e+00
3.922000e-01	5.351219e+00
3.923000e-01	2.789181e+00
3.924000e-01	1.042573e+00
3.925000e-01	3.358554e-01
3.926000e-01	1.989261e-01
3.927000e-01	1.730776e-01
3.928000e-01	2.663629e+01
3.929000e-01	2.210764e+01
3.930000e-01	1.533356e+01
3.931000e-01	1.020089e+01
3.932000e-01	6.728672e+00
3.933000e-01	4.542170e+00
3.934000e-01	3.230189e+00
3.935000e-01	1.672821e+00
3.936000e-01	1.496448e-01
3.937000e-01	1.388998e-01
3.938000e-01	1.428644e-01
3.939000e-01	1.466340e-01
3.940000e-01	1.500667e-01
3.941000e-01	1.534221e-01
3.942000e-01	1.566872e-01
3.943000e-01	1.597754e-01
3.944000e-01	9.777521e+00
3.945000e-01	1.600695e-01
3.946000e-01	1.529231e-01
3.947000e-01	1.821823e-01
3.948000e-01	1.722477e-01
3.949000e-01	1.743963e-01
3.950000e-01	1.791970e-01
3.951000e-01	2.625585e-01
3.952000e-01	1.928575e-01
3.953000e-01	1.893137e-01
3.954000e-01	1.879881e-01
3.955000e-01	2.085922e-01
3.956000e-01	3.261013e-01
3.957000e-01	3.192986e-01
3.958000e-01	2.886500e-01
3.959000e-01	2.033682e-01
3.960000e-01	1.955753e-01
3.961000e-01	1.967747e-01
3.962000e-01	1.977255e-01
3.963000e-01	1.986739e-01
3.964000e-01	1.994949e-01
3.965000e-01	2.000564e-01
3.966000e-01	2.006087e-01
3.967000e-01	2.009996e-01
3.968000e-01	2.013117e-01
3.969000e-01	2.015265e-01
3.970000e-01	2.015764e-01
3.971000e-01	2.015515e-01
3.972000e-01	2.014167e-01
3.973000e-01	2.011535e-01
3.974000e-01	2.007390e-01
3.975000e-01	2.003728e-01
3.976000e-01	1.997175e-01
3.977000e-01	1.989842e-01
3.978000e-01	1.982512e-01
3.979000e-01	1.972636e-01
3.980000e-01	1.963991e-01
3.981000e-01	1.951243e-01
3.982000e-01	1.938228e-01
3.983000e-01	1.925540e-01
3.984000e-01	1.911092e-01
3.985000e-01	1.895355e-01
3.986000e-01	1.878576e-01
3.987000e-01	1.860507e-01
3.988000e-01	1.841734e-01
3.989000e-01	1.821825e-01
3.990000e-01	1.800384e-01
3.991000e-01	1.778966e-01
3.992000e-01	1.756687e-01
3.993000e-01	1.733669e-01
3.994000e-01	1.677932e-01
3.995000e-01	1.177484e-01
3.996000e-01	1.257849e-01
3.997000e-01	1.672771e-01
3.998000e-01	1.581144e-01
3.999000e-01	1.553692e-01
4.000000e-01	1.584287e-01
4.001000e-01	1.494012e-01
4.002000e-01	1.465604e-01
4.003000e-01	1.445401e-01
4.004000e-01	1.384634e-01
4.005000e-01	1.363374e-01
4.006000e-01	1.360063e-01
4.007000e-01	1.301168e-01
4.008000e-01	1.255227e-01
4.009000e-01	1.214321e-01
4.010000e-01	1.179190e-01
4.011000e-01	1.136226e-01
4.012000e-01	1.091787e-01
4.013000e-01	1.054159e-01
4.014000e-01	1.036225e-01
4.015000e-01	9.713358e-02
4.016000e-01	8.699374e-02
4.017000e-01	8.226998e-02
4.018000e-01	8.326627e-02
4.019000e-01	7.838495e-02
4.020000e-01	5.628371e-02
4.021000e-01	4.653311e-01
4.022000e-01	1.606728e+00
4.023000e-01	3.244763e+00
4.024000e-01	5.124136e+00
4.025000e-01	6.660863e+00
4.026000e-01	7.439926e+00
4.027000e-01	7.432823e+00
4.028000e-01	6.406520e+00
4.029000e-01	1.305387e+01
4.030000e-01	6.076673e+00
4.031000e-01	1.040458e+01
4.032000e-01	1.112580e+01
4.033000e-01	1.437851e+01
4.034000e-01	1.022832e+01
4.035000e-01	6.674188e+00
4.036000e-01	4.478011e+00
4.037000e-01	3.375420e+00
4.038000e-01	1.389326e+00
4.039000e-01	6.451445e-01
4.040000e-01	5.528824e-01
4.041000e-01	4.980679e-01
4.042000e-01	4.708861e-01
4.043000e-01	4.630844e-01
4.044000e-01	9.027337e-01
4.045000e-01	9.431307e-01
4.046000e-01	1.387761e+00
4.047000e-01	3.572933e+00
4.048000e-01	7.155437e+00
4.049000e-01	1.071184e+01
4.050000e-01	1.394158e+01
4.051000e-01	1.615488e+01
4.052000e-01	1.641919e+01
4.053000e-01	1.473175e+01
4.054000e-01	1.184444e+01
4.055000e-01	8.754691e+00
4.056000e-01	6.008298e+00
4.057000e-01	3.867186e+00
4.058000e-01	2.361619e+00
4.059000e-01	1.530929e+00
4.060000e-01	1.209744e+00
4.061000e-01	1.085682e+00
4.062000e-01	1.047409e+00
4.063000e-01	1.026346e+00
4.064000e-01	1.065606e+00
4.065000e-01	1.065585e+00
4.066000e-01	1.057423e+00
4.067000e-01	1.005923e+00
4.068000e-01	9.462604e-01
4.069000e-01	9.605301e-01
4.070000e-01	9.674992e-01
4.071000e-01	9.792404e-01
4.072000e-01	9.921522e-01
4.073000e-01	9.803441e-01
4.074000e-01	1.005102e+00
4.075000e-01	1.022577e+00
4.076000e-01	1.033515e+00
4.077000e-01	1.027431e+00
4.078000e-01	1.027890e+00
4.079000e-01	1.016342e+00
4.080000e-01	1.013588e+00
4.081000e-01	1.038784e+00
4.082000e-01	1.033172e+00
4.083000e-01	1.092547e+00
4.084000e-01	1.086621e+00
4.085000e-01	1.117129e+00
4.086000e-01	1.138426e+00
4.087000e-01	1.156496e+00
4.088000e-01	1.188288e+00
4.089000e-01	1.200324e+00
4.090000e-01	1.236271e+00
4.091000e-01	1.247544e+00
4.092000e-01	1.283357e+00
4.093000e-01	1.293145e+00
4.094000e-01	1.327572e+00
4.095000e-01	1.335609e+00
4.096000e-01	1.368685e+00
4.097000e-01	1.375322e+00
4.098000e-01	1.407590e+00
4.099000e-01	1.413357e+00
4.100000e-01	1.445478e+00
4.101000e-01	1.450864e+00
4.102000e-01	1.483301e+00
4.103000e-01	1.488663e+00
4.104000e-01	1.521726e+00
4.105000e-01	1.527207e+00
4.106000e-01	1.561075e+00
4.107000e-01	1.566686e+00
4.108000e-01	1.601420e+00
4.109000e-01	1.607112e+00
4.110000e-01	1.642713e+00
4.111000e-01	1.648366e+00
4.112000e-01	1.684827e+00
4.113000e-01	1.442498e+00
4.114000e-01	1.788576e+00
4.115000e-01	2.011674e+00
4.116000e-01	2.774779e+00
4.117000e-01	4.081109e+00
4.118000e-01	5.875846e+00
4.119000e-01	7.071972e+00
4.120000e-01	8.131188e+00
4.121000e-01	8.464946e+00
4.122000e-01	7.620251e+00
4.123000e-01	7.349300e+00
4.124000e-01	6.160057e+00
4.125000e-01	5.106599e+00
4.126000e-01	4.236204e+00
4.127000e-01	3.584739e+00
4.128000e-01	3.110367e+00
4.129000e-01	2.777444e+00
4.130000e-01	3.416225e+00
4.131000e-01	6.499698e+00
4.132000e-01	6.528435e+00
4.133000e-01	5.776017e+00
4.134000e-01	4.882458e+00
4.135000e-01	4.059503e+00
4.136000e-01	3.384096e+00
4.137000e-01	2.899256e+00
4.138000e-01	2.586234e+00
4.139000e-01	2.397608e+00
4.140000e-01	2.293667e+00
4.141000e-01	2.244008e+00
4.142000e-01	2.230262e+00
4.143000e-01	2.245584e+00
4.144000e-01	2.277085e+00
4.145000e-01	2.326043e+00
4.146000e-01	2.389867e+00
4.147000e-01	2.377301e+00
4.148000e-01	2.275650e+00
4.149000e-01	2.303256e+00
4.150000e-01	2.330208e+00
4.151000e-01	2.350936e+00
4.152000e-01	2.368688e+00
4.153000e-01	2.382594e+00
4.154000e-01	2.399789e+00
4.155000e-01	2.090787e+01
4.156000e-01	1.117082e+01
4.157000e-01	1.069464e+01
4.158000e-01	1.078252e+01
4.159000e-01	1.035152e+01
4.160000e-01	9.295757e+00
4.161000e-01	7.842772e+00
4.162000e-01	6.621765e+00
4.163000e-01	5.762709e+00
4.164000e-01	5.103051e+00
4.165000e-01	4.610770e+00
4.166000e-01	4.259481e+00
4.167000e-01	4.008304e+00
4.168000e-01	3.886363e+00
4.169000e-01	4.485294e+00
4.170000e-01	6.427114e+00
4.171000e-01	9.635928e+00
4.172000e-01	1.344118e+01
4.173000e-01	1.676828e+01
4.174000e-01	1.868045e+01
4.175000e-01	1.873941e+01
4.176000e-01	1.710292e+01
4.177000e-01	1.449774e+01
4.178000e-01	1.157010e+01
4.179000e-01	8.841871e+00
4.180000e-01	6.602361e+00
4.181000e-01	4.879771e+00
4.182000e-01	4.769971e+00
4.183000e-01	4.799099e+00
4.184000e-01	4.646019e+00
4.185000e-01	4.272604e+00
4.186000e-01	3.863606e+00
4.187000e-01	3.528888e+00
4.188000e-01	3.273546e+00
4.189000e-01	3.081397e+00
4.190000e-01	2.928121e+00
4.191000e-01	2.792679e+00
4.192000e-01	2.655754e+00
4.193000e-01	2.510219e+00
4.194000e-01	2.371483e+00
4.195000e-01	2.257502e+00
4.196000e-01	2.281374e+00
4.197000e-01	2.574244e+00
4.198000e-01	3.217916e+00
4.199000e-01	4.335178e+00
4.200000e-01	5.732130e+00
4.201000e-01	7.201293e+00
4.202000e-01	8.527318e+00
4.203000e-01	9.351426e+00
4.204000e-01	9.532748e+00
4.205000e-01	9.145751e+00
4.206000e-01	8.235151e+00
4.207000e-01	7.184630e+00
4.208000e-01	6.136700e+00
4.209000e-01	5.196403e+00
4.210000e-01	4.406964e+00
4.211000e-01	3.801398e+00
4.212000e-01	3.332903e+00
4.213000e-01	2.965082e+00
4.214000e-01	2.674743e+00
4.215000e-01	2.449303e+00
4.216000e-01	2.272880e+00
4.217000e-01	2.136759e+00
4.218000e-01	2.030718e+00
4.219000e-01	1.948966e+00
4.220000e-01	1.885809e+00
4.221000e-01	1.838039e+00
4.222000e-01	1.802604e+00
4.223000e-01	1.777272e+00
4.224000e-01	1.754375e+00
4.225000e-01	1.724629e+00
4.226000e-01	1.675964e+00
4.227000e-01	1.597492e+00
4.228000e-01	1.488814e+00
4.229000e-01	1.401385e+00
4.230000e-01	1.337274e+00
4.231000e-01	1.305370e+00
4.232000e-01	1.287238e+00
4.233000e-01	1.277328e+00
4.234000e-01	1.289504e+00
4.235000e-01	1.307522e+00
4.236000e-01	1.332068e+00
4.237000e-01	1.359929e+00
4.238000e-01	1.387478e+00
4.239000e-01	1.411715e+00
4.240000e-01	1.431531e+00
4.241000e-01	1.443136e+00
4.242000e-01	1.449584e+00
4.243000e-01	1.449614e+00
4.244000e-01	1.444666e+00
4.245000e-01	1.435355e+00
4.246000e-01	1.423063e+00
4.247000e-01	1.408227e+00
4.248000e-01	1.392552e+00
4.249000e-01	1.375852e+00
4.250000e-01	1.359337e+00
4.251000e-01	1.343641e+00
4.252000e-01	1.329182e+00
4.253000e-01	1.316380e+00
4.254000e-01	1.305107e+00
4.255000e-01	1.296688e+00
4.256000e-01	1.289728e+00
4.257000e-01	1.285099e+00
4.258000e-01	1.282116e+00
4.259000e-01	1.281342e+00
4.260000e-01	1.281066e+00
4.261000e-01	1.282845e+00
4.262000e-01	1.284831e+00
4.263000e-01	1.287129e+00
4.264000e-01	1.289592e+00
4.265000e-01	1.292136e+00
4.266000e-01	1.294875e+00
4.267000e-01	1.297772e+00
4.268000e-01	1.299722e+00
4.269000e-01	1.301321e+00
4.270000e-01	1.302728e+00
4.271000e-01	1.303986e+00
4.272000e-01	1.307708e+00
4.273000e-01	1.416848e+00
4.274000e-01	1.770238e+00
4.275000e-01	2.440994e+00
4.276000e-01	3.412696e+00
4.277000e-01	4.560697e+00
4.278000e-01	5.598129e+00
4.279000e-01	6.490186e+00
4.280000e-01	7.078677e+00
4.281000e-01	7.198516e+00
4.282000e-01	6.860682e+00
4.283000e-01	6.546305e+00
4.284000e-01	6.775556e+00
4.285000e-01	7.876243e+00
4.286000e-01	9.738679e+00
4.287000e-01	1.177798e+01
4.288000e-01	1.327038e+01
4.289000e-01	1.354198e+01
4.290000e-01	1.243911e+01
4.291000e-01	1.035461e+01
4.292000e-01	7.839139e+00
4.293000e-01	5.418331e+00
4.294000e-01	3.400096e+00
4.295000e-01	2.006341e+00
4.296000e-01	1.211571e+00
4.297000e-01	8.004728e-01
4.298000e-01	5.930562e-01
4.299000e-01	4.895616e-01
4.300000e-01	4.374416e-01
4.301000e-01	4.138847e-01
4.302000e-01	4.108428e-01
4.303000e-01	4.170912e-01
4.304000e-01	4.296926e-01
4.305000e-01	4.462028e-01
4.306000e-01	3.915415e-01
4.307000e-01	3.907994e-01
4.308000e-01	2.996978e-01
4.309000e-01	2.187139e-01
4.310000e-01	6.546874e-02
4.311000e-01	8.281307e-02
4.312000e-01	9.324579e-02
4.313000e-01	3.033454e-02
4.314000e-01	1.299147e-01
4.315000e-01	8.919947e-02
4.316000e-01	1.027475e-01
4.317000e-01	1.314459e-01
4.318000e-01	1.714967e-01
4.319000e-01	2.086276e-01
4.320000e-01	2.630201e+00
4.321000e-01	2.392203e+00
4.322000e-01	2.160437e+00
4.323000e-01	1.662018e+00
4.324000e-01	1.090093e+01
4.325000e-01	1.618180e+00
4.326000e-01	1.832695e+00
4.327000e-01	1.872403e+00
4.328000e-01	1.828561e+00
4.329000e-01	1.725023e+00
4.330000e-01	1.608403e+00
4.331000e-01	1.482053e+00
4.332000e-01	1.361215e+00
4.333000e-01	1.249243e+00
4.334000e-01	1.151364e+00
4.335000e-01	1.070470e+00
4.336000e-01	1.007109e+00
4.337000e-01	9.599508e-01
4.338000e-01	9.273254e-01
4.339000e-01	9.052305e-01
4.340000e-01	8.918894e-01
4.341000e-01	8.871472e-01
4.342000e-01	8.875987e-01
4.343000e-01	8.948201e-01
4.344000e-01	9.075863e-01
4.345000e-01	9.319137e-01
4.346000e-01	1.084427e+00
4.347000e-01	1.456630e+00
4.348000e-01	2.085750e+00
4.349000e-01	2.916995e+00
4.350000e-01	3.864952e+00
4.351000e-01	4.790860e+00
4.352000e-01	5.527601e+00
4.353000e-01	5.994217e+00
4.354000e-01	6.047709e+00
4.355000e-01	5.699982e+00
4.356000e-01	5.066756e+00
4.357000e-01	4.213901e+00
4.358000e-01	4.390900e+00
4.359000e-01	3.181308e+00
4.360000e-01	1.818950e+00
4.361000e-01	1.389805e+00
4.362000e-01	1.380879e+00
4.363000e-01	1.437641e+00
4.364000e-01	1.522655e+00
4.365000e-01	1.520210e+00
4.366000e-01	1.573995e+00
4.367000e-01	1.619364e+00
4.368000e-01	1.610722e+00
4.369000e-01	1.572832e+00
4.370000e-01	1.518840e+00
4.371000e-01	1.460667e+00
4.372000e-01	1.400739e+00
4.373000e-01	1.340657e+00
4.374000e-01	1.276847e+00
4.375000e-01	1.224241e+00
4.376000e-01	1.169720e+00
4.377000e-01	1.136411e+00
4.378000e-01	1.115510e+00
4.379000e-01	1.109793e+00
4.380000e-01	1.119261e+00
4.381000e-01	1.141499e+00
4.382000e-01	1.172929e+00
4.383000e-01	1.209204e+00
4.384000e-01	1.231781e+00
4.385000e-01	1.288502e+00
4.386000e-01	1.321756e+00
4.387000e-01	1.358167e+00
4.388000e-01	1.389943e+00
4.389000e-01	1.418696e+00
4.390000e-01	1.497417e+00
4.391000e-01	2.069742e+00
4.392000e-01	3.144182e+00
4.393000e-01	4.908852e+00
4.394000e-01	6.966469e+00
4.395000e-01	9.623154e+00
4.396000e-01	1.098125e+01
4.397000e-01	1.111501e+01
4.398000e-01	1.004124e+01
4.399000e-01	8.179558e+00
4.400000e-01	6.017804e+00
4.401000e-01	4.013794e+00
4.402000e-01	2.467139e+00
4.403000e-01	2.789968e+00
4.404000e-01	1.614866e+01
4.405000e-01	1.193234e+01
4.406000e-01	1.054546e+01
4.407000e-01	9.250438e+00
4.408000e-01	7.697154e+00
4.409000e-01	6.190125e+00
4.410000e-01	4.984723e+00
4.411000e-01	4.029622e+00
4.412000e-01	3.244056e+00
4.413000e-01	2.622171e+00
4.414000e-01	2.140733e+00
4.415000e-01	1.738067e+00
4.416000e-01	1.355734e+00
4.417000e-01	1.171497e+00
4.418000e-01	1.270201e+00
4.419000e-01	1.599288e+00
4.420000e-01	2.123317e+00
4.421000e-01	2.856193e+00
4.422000e-01	3.600087e+00
4.423000e-01	4.239193e+00
4.424000e-01	4.638102e+00
4.425000e-01	4.937553e+00
4.426000e-01	4.972786e+00
4.427000e-01	4.614274e+00
4.428000e-01	3.874035e+00
4.429000e-01	3.040290e+00
4.430000e-01	2.250665e+00
4.431000e-01	1.596390e+00
4.432000e-01	1.046156e+00
4.433000e-01	5.932918e-01
4.434000e-01	3.886344e-01
4.435000e-01	2.692794e-01
4.436000e-01	2.051464e-01
4.437000e-01	1.757099e-01
4.438000e-01	1.703489e-01
4.439000e-01	1.860310e-01
4.440000e-01	2.175314e-01
4.441000e-01	2.446846e-01
4.442000e-01	2.030755e-01
4.443000e-01	7.152072e-02
4.444000e-01	7.742075e-02
4.445000e-01	7.694875e-02
4.446000e-01	7.716288e-02
4.447000e-01	7.404960e-02
4.448000e-01	7.714408e-02
4.449000e-01	7.602647e-02
4.450000e-01	7.545633e-02
4.451000e-01	7.600249e-02
4.452000e-01	1.898400e-01
4.453000e-01	5.690611e-02
4.454000e-01	7.530289e-02
4.455000e-01	2.128393e-02
4.456000e-01	2.592428e-01
4.457000e-01	5.684068e-02
4.458000e-01	7.076380e-02
4.459000e-01	7.002603e-02
4.460000e-01	6.718407e-02
4.461000e-01	6.117092e-02
4.462000e-01	5.843619e-02
4.463000e-01	5.914643e-02
4.464000e-01	5.696459e-02
4.465000e-01	5.565137e-02
4.466000e-01	5.329860e-02
4.467000e-01	5.147696e-02
4.468000e-01	5.956061e-02
4.469000e-01	5.058133e-01
4.470000e-01	8.444684e-01
4.471000e-01	8.598156e-01
4.472000e-01	6.950414e-01
4.473000e-01	5.097587e-01
4.474000e-01	8.491866e+00
4.475000e-01	9.040322e+00
4.476000e-01	6.053390e+00
4.477000e-01	3.908444e+00
4.478000e-01	2.473619e+00
4.479000e-01	6.168722e+00
4.480000e-01	1.072473e+01
4.481000e-01	1.155149e+01
4.482000e-01	1.099775e+01
4.483000e-01	1.034090e+01
4.484000e-01	9.648557e+00
4.485000e-01	8.957408e+00
4.486000e-01	8.223686e+00
4.487000e-01	7.454765e+00
4.488000e-01	6.678424e+00
4.489000e-01	5.931002e+00
4.490000e-01	5.245230e+00
4.491000e-01	4.672659e+00
4.492000e-01	4.521860e+00
4.493000e-01	4.902494e+00
4.494000e-01	5.713434e+00
4.495000e-01	6.836765e+00
4.496000e-01	7.899764e+00
4.497000e-01	8.972928e+00
4.498000e-01	9.337636e+00
4.499000e-01	8.847460e+00
4.500000e-01	7.638654e+00
4.501000e-01	6.009867e+00
4.502000e-01	4.319801e+00
4.503000e-01	2.865461e+00
4.504000e-01	1.804315e+00
4.505000e-01	1.139494e+00
4.506000e-01	7.766590e-01
4.507000e-01	5.966263e-01
4.508000e-01	5.166087e-01
4.509000e-01	4.857230e-01
4.510000e-01	3.947707e-01
4.511000e-01	2.410907e-01
4.512000e-01	2.408432e-01
4.513000e-01	2.505247e-01
4.514000e-01	2.641170e-01
4.515000e-01	2.822921e-01
4.516000e-01	1.129198e+00
4.517000e-01	3.856427e-01
4.518000e-01	3.631025e-01
4.519000e-01	1.901583e+00
4.520000e-01	2.801141e+00
4.521000e-01	2.697812e+00
4.522000e-01	2.366963e+00
4.523000e-01	3.177495e+00
4.524000e-01	3.831999e+00
4.525000e-01	3.956149e+00
4.526000e-01	3.941712e+00
4.527000e-01	3.898436e+00
4.528000e-01	3.839276e+00
4.529000e-01	3.773844e+00
4.530000e-01	3.699384e+00
4.531000e-01	3.626591e+00
4.532000e-01	3.605661e+00
4.533000e-01	3.658005e+00
4.534000e-01	3.800208e+00
4.535000e-01	4.037148e+00
4.536000e-01	4.358085e+00
4.537000e-01	4.721547e+00
4.538000e-01	5.073302e+00
4.539000e-01	5.365965e+00
4.540000e-01	5.549064e+00
4.541000e-01	5.588352e+00
4.542000e-01	5.486165e+00
4.543000e-01	5.264099e+00
4.544000e-01	4.960956e+00
4.545000e-01	4.618555e+00
4.546000e-01	4.281133e+00
4.547000e-01	3.979729e+00
4.548000e-01	3.730916e+00
4.549000e-01	3.547583e+00
4.550000e-01	3.432612e+00
4.551000e-01	3.371387e+00
4.552000e-01	3.334411e+00
4.553000e-01	3.309862e+00
4.554000e-01	3.291648e+00
4.555000e-01	3.277103e+00
4.556000e-01	3.264838e+00
4.557000e-01	3.254248e+00
4.558000e-01	3.245117e+00
4.559000e-01	3.237055e+00
4.560000e-01	3.230148e+00
4.561000e-01	3.225027e+00
4.562000e-01	3.220291e+00
4.563000e-01	3.218583e+00
4.564000e-01	3.215266e+00
4.565000e-01	3.214321e+00
4.566000e-01	3.217160e+00
4.567000e-01	3.218702e+00
4.568000e-01	3.223877e+00
4.569000e-01	3.227420e+00
4.570000e-01	3.235242e+00
4.571000e-01	3.244752e+00
4.572000e-01	3.250905e+00
4.573000e-01	3.262820e+00
4.574000e-01	3.274659e+00
4.575000e-01	3.282042e+00
4.576000e-01	3.295871e+00
4.577000e-01	3.309603e+00
4.578000e-01	3.324266e+00
4.579000e-01	3.339902e+00
4.580000e-01	3.356606e+00
4.581000e-01	3.374221e+00
4.582000e-01	3.402559e+00
4.583000e-01	3.475897e+00
4.584000e-01	3.629003e+00
4.585000e-01	4.104685e+00
4.586000e-01	5.034295e+00
4.587000e-01	6.432728e+00
4.588000e-01	8.105536e+00
4.589000e-01	9.858346e+00
4.590000e-01	1.163096e+01
4.591000e-01	1.282391e+01
4.592000e-01	1.317070e+01
4.593000e-01	1.261406e+01
4.594000e-01	1.135019e+01
4.595000e-01	9.621214e+00
4.596000e-01	7.773281e+00
4.597000e-01	6.056819e+00
4.598000e-01	4.601155e+00
4.599000e-01	3.471167e+00
4.600000e-01	2.689246e+00
4.601000e-01	2.168310e+00
4.602000e-01	1.910686e+00
4.603000e-01	1.654227e+00
4.604000e-01	1.570155e+00
4.605000e-01	2.924446e+00
4.606000e-01	4.140489e+00
4.607000e-01	4.900307e+00
4.608000e-01	5.333955e+00
4.609000e-01	5.528222e+00
4.610000e-01	5.584333e+00
4.611000e-01	5.591535e+00
4.612000e-01	5.587479e+00
4.613000e-01	5.581900e+00
4.614000e-01	5.580492e+00
4.615000e-01	5.583826e+00
4.616000e-01	5.594438e+00
4.617000e-01	5.612041e+00
4.618000e-01	5.635867e+00
4.619000e-01	5.667633e+00
4.620000e-01	5.705416e+00
4.621000e-01	5.749923e+00
4.622000e-01	5.802522e+00
4.623000e-01	5.862380e+00
4.624000e-01	5.929690e+00
4.625000e-01	6.003447e+00
4.626000e-01	6.094382e+00
4.627000e-01	6.223543e+00
4.628000e-01	6.406927e+00
4.629000e-01	6.655887e+00
4.630000e-01	6.979408e+00
4.631000e-01	7.376706e+00
4.632000e-01	7.833224e+00
4.633000e-01	8.323400e+00
4.634000e-01	8.813189e+00
4.635000e-01	9.268070e+00
4.636000e-01	9.645011e+00
4.637000e-01	9.924382e+00
4.638000e-01	1.009516e+01
4.639000e-01	1.016812e+01
4.640000e-01	1.016466e+01
4.641000e-01	1.010954e+01
4.642000e-01	1.003218e+01
4.643000e-01	9.954536e+00
4.644000e-01	9.894540e+00
4.645000e-01	9.874159e+00
4.646000e-01	9.888575e+00
4.647000e-01	9.959332e+00
4.648000e-01	1.004737e+01
4.649000e-01	1.021412e+01
4.650000e-01	1.034214e+01
4.651000e-01	1.053509e+01
4.652000e-01	1.071956e+01
4.653000e-01	1.092164e+01
4.654000e-01	1.113897e+01
4.655000e-01	1.136507e+01
4.656000e-01	1.160630e+01
4.657000e-01	1.185273e+01
4.658000e-01	1.211201e+01
4.659000e-01	1.237565e+01
4.660000e-01	1.264812e+01
4.661000e-01	1.292585e+01
4.662000e-01	1.326492e+01
4.663000e-01	1.386402e+01
4.664000e-01	1.479856e+01
4.665000e-01	1.610601e+01
4.666000e-01	1.799189e+01
4.667000e-01	1.984535e+01
4.668000e-01	2.062826e+01
4.669000e-01	2.171310e+01
4.670000e-01	2.232556e+01
4.671000e-01	2.248973e+01
4.672000e-01	2.234420e+01
4.673000e-01	2.210765e+01
4.674000e-01	2.189801e+01
4.675000e-01	2.185506e+01
4.676000e-01	2.193697e+01
4.677000e-01	2.215000e+01
4.678000e-01	2.229445e+01
4.679000e-01	2.235962e+01
4.680000e-01	2.231010e+01
4.681000e-01	2.216250e+01
4.682000e-01	2.194288e+01
4.683000e-01	2.167710e+01
4.684000e-01	2.139786e+01
4.685000e-01	2.110369e+01
4.686000e-01	2.082180e+01
4.687000e-01	2.055987e+01
4.688000e-01	2.032066e+01
4.689000e-01	2.010330e+01
4.690000e-01	1.990419e+01
4.691000e-01	1.971239e+01
4.692000e-01	1.952065e+01
4.693000e-01	1.932605e+01
4.694000e-01	1.912658e+01
4.695000e-01	1.892138e+01
4.696000e-01	1.870983e+01
4.697000e-01	1.849194e+01
4.698000e-01	1.826787e+01
4.699000e-01	1.803820e+01
4.700000e-01	1.780365e+01
4.701000e-01	1.759696e+01
4.702000e-01	1.736288e+01
4.703000e-01	1.712441e+01
4.704000e-01	1.689224e+01
4.705000e-01	1.666273e+01
4.706000e-01	1.647245e+01
4.707000e-01	1.632188e+01
4.708000e-01	1.624990e+01
4.709000e-01	1.618087e+01
4.710000e-01	1.617420e+01
4.711000e-01	1.621243e+01
4.712000e-01	1.627869e+01
4.713000e-01	1.634854e+01
4.714000e-01	1.639106e+01
4.715000e-01	1.639731e+01
4.716000e-01	1.633119e+01
4.717000e-01	1.619046e+01
4.718000e-01	1.596524e+01
4.719000e-01	1.570117e+01
4.720000e-01	1.536757e+01
4.721000e-01	1.502474e+01
4.722000e-01	1.467362e+01
4.723000e-01	1.435029e+01
4.724000e-01	1.405433e+01
4.725000e-01	1.379917e+01
4.726000e-01	1.359026e+01
4.727000e-01	1.351860e+01
4.728000e-01	1.369597e+01
4.729000e-01	1.412650e+01
4.730000e-01	1.475925e+01
4.731000e-01	1.549660e+01
4.732000e-01	1.619346e+01
4.733000e-01	1.669061e+01
4.734000e-01	1.686738e+01
4.735000e-01	1.668426e+01
4.736000e-01	1.618917e+01
4.737000e-01	1.549833e+01
4.738000e-01	1.479457e+01
4.739000e-01	1.408619e+01
4.740000e-01	1.362324e+01
4.741000e-01	1.321995e+01
4.742000e-01	1.454533e+01
4.743000e-01	3.434529e+01
4.744000e-01	3.508060e+01
4.745000e-01	3.425584e+01
4.746000e-01	3.144762e+01
4.747000e-01	2.767726e+01
4.748000e-01	2.865678e+01
4.749000e-01	2.654138e+01
4.750000e-01	2.506551e+01
4.751000e-01	5.198964e+02
4.752000e-01	2.243842e+01
4.753000e-01	2.131179e+01
4.754000e-01	2.652167e+01
4.755000e-01	2.283532e+01
4.756000e-01	2.277673e+01
4.757000e-01	2.233895e+01
4.758000e-01	2.181158e+01
4.759000e-01	2.134196e+01
4.760000e-01	2.091955e+01
4.761000e-01	2.052576e+01
4.762000e-01	2.012725e+01
4.763000e-01	1.971992e+01
4.764000e-01	1.930161e+01
4.765000e-01	1.887878e+01
4.766000e-01	1.845675e+01
4.767000e-01	1.811429e+01
4.768000e-01	1.789548e+01
4.769000e-01	1.773314e+01
4.770000e-01	1.762168e+01
4.771000e-01	1.755856e+01
4.772000e-01	1.754349e+01
4.773000e-01	1.756910e+01
4.774000e-01	1.763588e+01
4.775000e-01	1.773381e+01
4.776000e-01	1.786229e+01
4.777000e-01	1.800727e+01
4.778000e-01	1.816044e+01
4.779000e-01	1.831802e+01
4.780000e-01	1.847805e+01
4.781000e-01	1.864011e+01
4.782000e-01	1.880137e+01
4.783000e-01	1.896291e+01
4.784000e-01	1.912398e+01
4.785000e-01	1.928383e+01
4.786000e-01	1.944230e+01
4.787000e-01	1.959993e+01
4.788000e-01	1.975575e+01
4.789000e-01	1.990864e+01
4.790000e-01	2.006536e+01
4.791000e-01	2.021838e+01
4.792000e-01	2.037022e+01
4.793000e-01	2.052211e+01
4.794000e-01	2.068437e+01
4.795000e-01	2.086407e+01
4.796000e-01	2.106825e+01
4.797000e-01	2.130294e+01
4.798000e-01	2.157238e+01
4.799000e-01	2.187955e+01
4.800000e-01	2.222083e+01
4.801000e-01	2.259186e+01
4.802000e-01	2.298205e+01
4.803000e-01	2.337492e+01
4.804000e-01	2.375108e+01
4.805000e-01	2.409862e+01
4.806000e-01	2.439867e+01
4.807000e-01	2.465078e+01
4.808000e-01	2.484917e+01
4.809000e-01	2.500450e+01
4.810000e-01	2.512529e+01
4.811000e-01	2.523041e+01
4.812000e-01	2.534369e+01
4.813000e-01	2.545160e+01
4.814000e-01	2.560169e+01
4.815000e-01	2.578586e+01
4.816000e-01	2.599180e+01
4.817000e-01	2.624378e+01
4.818000e-01	2.654593e+01
4.819000e-01	2.687310e+01
4.820000e-01	2.723404e+01
4.821000e-01	2.762421e+01
4.822000e-01	2.804117e+01
4.823000e-01	2.848154e+01
4.824000e-01	2.894298e+01
4.825000e-01	2.942372e+01
4.826000e-01	2.997061e+01
4.827000e-01	3.079346e+01
4.828000e-01	3.196282e+01
4.829000e-01	3.346817e+01
4.830000e-01	3.521312e+01
4.831000e-01	3.701952e+01
4.832000e-01	3.866628e+01
4.833000e-01	3.995552e+01
4.834000e-01	4.076382e+01
4.835000e-01	4.115539e+01
4.836000e-01	4.120648e+01
4.837000e-01	4.110297e+01
4.838000e-01	4.100862e+01
4.839000e-01	4.103571e+01
4.840000e-01	4.130598e+01
4.841000e-01	4.168895e+01
4.842000e-01	4.209770e+01
4.843000e-01	4.242587e+01
4.844000e-01	4.264415e+01
4.845000e-01	4.275018e+01
4.846000e-01	4.275242e+01
4.847000e-01	4.266410e+01
4.848000e-01	4.249963e+01
4.849000e-01	4.227220e+01
4.850000e-01	4.199287e+01
4.851000e-01	4.166950e+01
4.852000e-01	4.130854e+01
4.853000e-01	4.092041e+01
4.854000e-01	4.054489e+01
4.855000e-01	4.005842e+01
4.856000e-01	3.955122e+01
4.857000e-01	3.902198e+01
4.858000e-01	3.845643e+01
4.859000e-01	3.786537e+01
4.860000e-01	3.725177e+01
4.861000e-01	3.663141e+01
4.862000e-01	3.598358e+01
4.863000e-01	5.593763e+01
4.864000e-01	5.927521e+01
4.865000e-01	6.036690e+01
4.866000e-01	6.060264e+01
4.867000e-01	6.032723e+01
4.868000e-01	5.998201e+01
4.869000e-01	5.966133e+01
4.870000e-01	5.928498e+01
4.871000e-01	5.877683e+01
4.872000e-01	5.819862e+01
4.873000e-01	5.747851e+01
4.874000e-01	5.671538e+01
4.875000e-01	5.586784e+01
4.876000e-01	5.495449e+01
4.877000e-01	5.399248e+01
4.878000e-01	5.299163e+01
4.879000e-01	5.195369e+01
4.880000e-01	5.088188e+01
4.881000e-01	4.978302e+01
4.882000e-01	4.865907e+01
4.883000e-01	4.751851e+01
4.884000e-01	4.636774e+01
4.885000e-01	4.521332e+01
4.886000e-01	4.406424e+01
4.887000e-01	4.299828e+01
4.888000e-01	4.206493e+01
4.889000e-01	4.126581e+01
4.890000e-01	4.057918e+01
4.891000e-01	3.996055e+01
4.892000e-01	3.934707e+01
4.893000e-01	3.867246e+01
4.894000e-01	3.787820e+01
4.895000e-01	3.688322e+01
4.896000e-01	3.579257e+01
4.897000e-01	3.456998e+01
4.898000e-01	3.335268e+01
4.899000e-01	3.214853e+01
4.900000e-01	3.103993e+01
4.901000e-01	3.007842e+01
4.902000e-01	2.927425e+01
4.903000e-01	2.862362e+01
4.904000e-01	2.808919e+01
4.905000e-01	2.759895e+01
4.906000e-01	2.714587e+01
4.907000e-01	2.672995e+01
4.908000e-01	2.635061e+01
4.909000e-01	2.600548e+01
4.910000e-01	2.569142e+01
4.911000e-01	2.540466e+01
4.912000e-01	2.514150e+01
4.913000e-01	2.489769e+01
4.914000e-01	2.466951e+01
4.915000e-01	2.445338e+01
4.916000e-01	2.424671e+01
4.917000e-01	2.404783e+01
4.918000e-01	2.385633e+01
4.919000e-01	2.366865e+01
4.920000e-01	2.349457e+01
4.921000e-01	2.333331e+01
4.922000e-01	2.318651e+01
4.923000e-01	2.306078e+01
4.924000e-01	2.294641e+01
4.925000e-01	2.285514e+01
4.926000e-01	2.278640e+01
4.927000e-01	2.273983e+01
4.928000e-01	2.271525e+01
4.929000e-01	2.271194e+01
4.930000e-01	2.272940e+01
4.931000e-01	2.276673e+01
4.932000e-01	2.282329e+01
4.933000e-01	2.289838e+01
4.934000e-01	2.299156e+01
4.935000e-01	2.310261e+01
4.936000e-01	2.323139e+01
4.937000e-01	2.337824e+01
4.938000e-01	2.354330e+01
4.939000e-01	2.372720e+01
4.940000e-01	2.393023e+01
4.941000e-01	2.415286e+01
4.942000e-01	2.439511e+01
4.943000e-01	2.465674e+01
4.944000e-01	2.493710e+01
4.945000e-01	2.523171e+01
4.946000e-01	2.554566e+01
4.947000e-01	2.587254e+01
4.948000e-01	2.620935e+01
4.949000e-01	2.655344e+01
4.950000e-01	2.690259e+01
4.951000e-01	2.725620e+01
4.952000e-01	2.760893e+01
4.953000e-01	2.796804e+01
4.954000e-01	2.832806e+01
4.955000e-01	2.869201e+01
4.956000e-01	2.906749e+01
4.957000e-01	2.945311e+01
4.958000e-01	2.985243e+01
4.959000e-01	3.026849e+01
4.960000e-01	3.070370e+01
4.961000e-01	3.116042e+01
4.962000e-01	3.170135e+01
4.963000e-01	3.237564e+01
4.964000e-01	3.318517e+01
4.965000e-01	3.411208e+01
4.966000e-01	3.511792e+01
4.967000e-01	3.614477e+01
4.968000e-01	3.712389e+01
4.969000e-01	3.799192e+01
4.970000e-01	3.870830e+01
4.971000e-01	3.926819e+01
4.972000e-01	3.970233e+01
4.973000e-01	4.006700e+01
4.974000e-01	4.042629e+01
4.975000e-01	4.083602e+01
4.976000e-01	4.144187e+01
4.977000e-01	4.207438e+01
4.978000e-01	4.283348e+01
4.979000e-01	4.370194e+01
4.980000e-01	4.461751e+01
4.981000e-01	4.554525e+01
4.982000e-01	4.648474e+01
4.983000e-01	4.742546e+01
4.984000e-01	4.836316e+01
4.985000e-01	4.929957e+01
4.986000e-01	5.022094e+01
4.987000e-01	5.112783e+01
4.988000e-01	5.201578e+01
4.989000e-01	5.288203e+01
4.990000e-01	5.372414e+01
4.991000e-01	5.454083e+01
4.992000e-01	5.532903e+01
4.993000e-01	5.608916e+01
4.994000e-01	5.681634e+01
4.995000e-01	5.750907e+01
4.996000e-01	5.816217e+01
4.997000e-01	5.877336e+01
4.998000e-01	5.933087e+01
4.999000e-01	5.984043e+01
5.000000e-01	6.029127e+01
5.001000e-01	6.068010e+01
5.002000e-01	6.100212e+01
5.003000e-01	6.125430e+01
5.004000e-01	6.144863e+01
5.005000e-01	6.153776e+01
5.006000e-01	6.158624e+01
5.007000e-01	6.152142e+01
5.008000e-01	6.142308e+01
5.009000e-01	6.120449e+01
5.010000e-01	6.096111e+01
5.011000e-01	6.059414e+01
5.012000e-01	6.021698e+01
5.013000e-01	5.981393e+01
5.014000e-01	5.946217e+01
5.015000e-01	5.913188e+01
5.016000e-01	5.887413e+01
5.017000e-01	5.863260e+01
5.018000e-01	5.834410e+01
5.019000e-01	5.793107e+01
5.020000e-01	5.736077e+01
5.021000e-01	5.649137e+01
5.022000e-01	5.538541e+01
5.023000e-01	5.406255e+01
5.024000e-01	5.259788e+01
5.025000e-01	5.107429e+01
5.026000e-01	4.956963e+01
5.027000e-01	4.814622e+01
5.028000e-01	4.683464e+01
5.029000e-01	4.565410e+01
5.030000e-01	4.459130e+01
5.031000e-01	4.358041e+01
5.032000e-01	4.259158e+01
5.033000e-01	4.163154e+01
5.034000e-01	4.069691e+01
5.035000e-01	3.979470e+01
5.036000e-01	3.892203e+01
5.037000e-01	3.808334e+01
5.038000e-01	3.727719e+01
5.039000e-01	3.650560e+01
5.040000e-01	3.577279e+01
5.041000e-01	3.506824e+01
5.042000e-01	3.439653e+01
5.043000e-01	3.376751e+01
5.044000e-01	3.317139e+01
5.045000e-01	3.260681e+01
5.046000e-01	3.207476e+01
5.047000e-01	3.157545e+01
5.048000e-01	3.110103e+01
5.049000e-01	3.066139e+01
5.050000e-01	3.025033e+01
5.051000e-01	2.986205e+01
5.052000e-01	2.949460e+01
5.053000e-01	2.914512e+01
5.054000e-01	2.881191e+01
5.055000e-01	2.849364e+01
5.056000e-01	2.819012e+01
5.057000e-01	2.790139e+01
5.058000e-01	2.762870e+01
5.059000e-01	2.737303e+01
5.060000e-01	2.713595e+01
5.061000e-01	2.691854e+01
5.062000e-01	2.672184e+01
5.063000e-01	2.654645e+01
5.064000e-01	2.639239e+01
5.065000e-01	2.625979e+01
5.066000e-01	2.614784e+01
5.067000e-01	2.605624e+01
5.068000e-01	2.598400e+01
5.069000e-01	2.593055e+01
5.070000e-01	2.589512e+01
5.071000e-01	2.587715e+01
5.072000e-01	2.587634e+01
5.073000e-01	2.589211e+01
5.074000e-01	2.592465e+01
5.075000e-01	2.597348e+01
5.076000e-01	2.603879e+01
5.077000e-01	2.612019e+01
5.078000e-01	2.621953e+01
5.079000e-01	2.639204e+01
5.080000e-01	2.666779e+01
5.081000e-01	2.704408e+01
5.082000e-01	2.750307e+01
5.083000e-01	2.801159e+01
5.084000e-01	2.852078e+01
5.085000e-01	2.897376e+01
5.086000e-01	2.931689e+01
5.087000e-01	2.951446e+01
5.088000e-01	2.955850e+01
5.089000e-01	2.947070e+01
5.090000e-01	2.929608e+01
5.091000e-01	2.908950e+01
5.092000e-01	2.890396e+01
5.093000e-01	2.878009e+01
5.094000e-01	2.874325e+01
5.095000e-01	2.880371e+01
5.096000e-01	2.896090e+01
5.097000e-01	2.918907e+01
5.098000e-01	2.943500e+01
5.099000e-01	2.969454e+01
5.100000e-01	2.996845e+01
5.101000e-01	3.025810e+01
5.102000e-01	3.056055e+01
5.103000e-01	3.088082e+01
5.104000e-01	3.121721e+01
5.105000e-01	3.156948e+01
5.106000e-01	3.193776e+01
5.107000e-01	3.232210e+01
5.108000e-01	3.272325e+01
5.109000e-01	3.314144e+01
5.110000e-01	3.357747e+01
5.111000e-01	3.403168e+01
5.112000e-01	3.450455e+01
5.113000e-01	3.499629e+01
5.114000e-01	3.550665e+01
5.115000e-01	3.603545e+01
5.116000e-01	3.658152e+01
5.117000e-01	3.714394e+01
5.118000e-01	3.772089e+01
5.119000e-01	3.831078e+01
5.120000e-01	3.891159e+01
5.121000e-01	3.952156e+01
5.122000e-01	4.013930e+01
5.123000e-01	4.076343e+01
5.124000e-01	4.139367e+01
5.125000e-01	4.202957e+01
5.126000e-01	4.267169e+01
5.127000e-01	4.332046e+01
5.128000e-01	4.397666e+01
5.129000e-01	4.464103e+01
5.130000e-01	4.531351e+01
5.131000e-01	4.599527e+01
5.132000e-01	4.668204e+01
5.133000e-01	4.738823e+01
5.134000e-01	4.807653e+01
5.135000e-01	4.878212e+01
5.136000e-01	4.948866e+01
5.137000e-01	5.019300e+01
5.138000e-01	5.089253e+01
5.139000e-01	5.158369e+01
5.140000e-01	5.230159e+01
5.141000e-01	5.309957e+01
5.142000e-01	5.398524e+01
5.143000e-01	5.494964e+01
5.144000e-01	5.596555e+01
5.145000e-01	5.698488e+01
5.146000e-01	5.794334e+01
5.147000e-01	5.877178e+01
5.148000e-01	5.941216e+01
5.149000e-01	5.983364e+01
5.150000e-01	6.003905e+01
5.151000e-01	6.006321e+01
5.152000e-01	5.995970e+01
5.153000e-01	5.978623e+01
5.154000e-01	5.959071e+01
5.155000e-01	5.940417e+01
5.156000e-01	5.924043e+01
5.157000e-01	5.909900e+01
5.158000e-01	5.896488e+01
5.159000e-01	5.877863e+01
5.160000e-01	5.852725e+01
5.161000e-01	5.821269e+01
5.162000e-01	5.783942e+01
5.163000e-01	5.741215e+01
5.164000e-01	5.693559e+01
5.165000e-01	5.641484e+01
5.166000e-01	5.585443e+01
5.167000e-01	5.525927e+01
5.168000e-01	5.465454e+01
5.169000e-01	5.398393e+01
5.170000e-01	5.332847e+01
5.171000e-01	5.263588e+01
5.172000e-01	5.192965e+01
5.173000e-01	5.121212e+01
5.174000e-01	5.048688e+01
5.175000e-01	4.975695e+01
5.176000e-01	4.902575e+01
5.177000e-01	4.829614e+01
5.178000e-01	4.757109e+01
5.179000e-01	4.685321e+01
5.180000e-01	4.614468e+01
5.181000e-01	4.544770e+01
5.182000e-01	4.476345e+01
5.183000e-01	4.409323e+01
5.184000e-01	4.343724e+01
5.185000e-01	4.279558e+01
5.186000e-01	4.216764e+01
5.187000e-01	4.155251e+01
5.188000e-01	4.094926e+01
5.189000e-01	4.035649e+01
5.190000e-01	3.977366e+01
5.191000e-01	3.919981e+01
5.192000e-01	3.863516e+01
5.193000e-01	3.807987e+01
5.194000e-01	3.755738e+01
5.195000e-01	3.711242e+01
5.196000e-01	3.674420e+01
5.197000e-01	3.647432e+01
5.198000e-01	3.627563e+01
5.199000e-01	3.612299e+01
5.200000e-01	3.597757e+01
5.201000e-01	3.579530e+01
5.202000e-01	3.553535e+01
5.203000e-01	3.517160e+01
5.204000e-01	3.470259e+01
5.205000e-01	3.413678e+01
5.206000e-01	3.352565e+01
5.207000e-01	3.290219e+01
5.208000e-01	3.230985e+01
5.209000e-01	3.178058e+01
5.210000e-01	3.133332e+01
5.211000e-01	3.097378e+01
5.212000e-01	3.069902e+01
5.213000e-01	3.049664e+01
5.214000e-01	3.032039e+01
5.215000e-01	3.015809e+01
5.216000e-01	3.000936e+01
5.217000e-01	2.987557e+01
5.218000e-01	2.975671e+01
5.219000e-01	2.965202e+01
5.220000e-01	2.955954e+01
5.221000e-01	2.947698e+01
5.222000e-01	2.940213e+01
5.223000e-01	2.933276e+01
5.224000e-01	2.926774e+01
5.225000e-01	2.920602e+01
5.226000e-01	2.914772e+01
5.227000e-01	2.909318e+01
5.228000e-01	2.904350e+01
5.229000e-01	2.900006e+01
5.230000e-01	2.896425e+01
5.231000e-01	2.893801e+01
5.232000e-01	2.892254e+01
5.233000e-01	2.891959e+01
5.234000e-01	2.893002e+01
5.235000e-01	2.895495e+01
5.236000e-01	2.899489e+01
5.237000e-01	2.905031e+01
5.238000e-01	2.912163e+01
5.239000e-01	2.920872e+01
5.240000e-01	2.931208e+01
5.241000e-01	2.943145e+01
5.242000e-01	2.956727e+01
5.243000e-01	2.971948e+01
5.244000e-01	2.988845e+01
5.245000e-01	3.007440e+01
5.246000e-01	3.027740e+01
5.247000e-01	3.049795e+01
5.248000e-01	3.073574e+01
5.249000e-01	3.099109e+01
5.250000e-01	3.126339e+01
5.251000e-01	3.156513e+01
5.252000e-01	3.193918e+01
5.253000e-01	3.239581e+01
5.254000e-01	3.293402e+01
5.255000e-01	3.354254e+01
5.256000e-01	3.419895e+01
5.257000e-01	3.486903e+01
5.258000e-01	3.551194e+01
5.259000e-01	3.608671e+01
5.260000e-01	3.656268e+01
5.261000e-01	3.692669e+01
5.262000e-01	3.718691e+01
5.263000e-01	3.737027e+01
5.264000e-01	3.751449e+01
5.265000e-01	3.765995e+01
5.266000e-01	3.784039e+01
5.267000e-01	3.807972e+01
5.268000e-01	3.838984e+01
5.269000e-01	3.877318e+01
5.270000e-01	3.922521e+01
5.271000e-01	3.972600e+01
5.272000e-01	4.023957e+01
5.273000e-01	4.076053e+01
5.274000e-01	4.128824e+01
5.275000e-01	4.182156e+01
5.276000e-01	4.235955e+01
5.277000e-01	4.290056e+01
5.278000e-01	4.344311e+01
5.279000e-01	4.398563e+01
5.280000e-01	4.452626e+01
5.281000e-01	4.506362e+01
5.282000e-01	4.559556e+01
5.283000e-01	4.612050e+01
5.284000e-01	4.663614e+01
5.285000e-01	4.714046e+01
5.286000e-01	4.763093e+01
5.287000e-01	4.810500e+01
5.288000e-01	4.856010e+01
5.289000e-01	4.899319e+01
5.290000e-01	4.940185e+01
5.291000e-01	4.978315e+01
5.292000e-01	5.013504e+01
5.293000e-01	5.045535e+01
5.294000e-01	5.074274e+01
5.295000e-01	5.099628e+01
5.296000e-01	5.121543e+01
5.297000e-01	5.140067e+01
5.298000e-01	5.155223e+01
5.299000e-01	5.167146e+01
5.300000e-01	5.175927e+01
5.301000e-01	5.181767e+01
5.302000e-01	5.187796e+01
5.303000e-01	5.196779e+01
5.304000e-01	5.209576e+01
5.305000e-01	5.226223e+01
5.306000e-01	5.245843e+01
5.307000e-01	5.266324e+01
5.308000e-01	5.284562e+01
5.309000e-01	5.296755e+01
5.310000e-01	5.299266e+01
5.311000e-01	5.290358e+01
5.312000e-01	5.267130e+01
5.313000e-01	5.230992e+01
5.314000e-01	5.186021e+01
5.315000e-01	5.135363e+01
5.316000e-01	5.082915e+01
5.317000e-01	5.032064e+01
5.318000e-01	4.985147e+01
5.319000e-01	4.943417e+01
5.320000e-01	4.907132e+01
5.321000e-01	4.875865e+01
5.322000e-01	4.847557e+01
5.323000e-01	4.819983e+01
5.324000e-01	4.790755e+01
5.325000e-01	4.760552e+01
5.326000e-01	4.729456e+01
5.327000e-01	4.697485e+01
5.328000e-01	4.663560e+01
5.329000e-01	4.629874e+01
5.330000e-01	4.595515e+01
5.331000e-01	4.560627e+01
5.332000e-01	4.525280e+01
5.333000e-01	4.489673e+01
5.334000e-01	4.453952e+01
5.335000e-01	4.418297e+01
5.336000e-01	4.382848e+01
5.337000e-01	4.347733e+01
5.338000e-01	4.313071e+01
5.339000e-01	4.278921e+01
5.340000e-01	4.245376e+01
5.341000e-01	4.212458e+01
5.342000e-01	4.180226e+01
5.343000e-01	4.148694e+01
5.344000e-01	4.117897e+01
5.345000e-01	4.087866e+01
5.346000e-01	4.058609e+01
5.347000e-01	4.030185e+01
5.348000e-01	4.002585e+01
5.349000e-01	3.975865e+01
5.350000e-01	3.950015e+01
5.351000e-01	3.925059e+01
5.352000e-01	3.900975e+01
5.353000e-01	3.877735e+01
5.354000e-01	3.856475e+01
5.355000e-01	3.839865e+01
5.356000e-01	3.828755e+01
5.357000e-01	3.824272e+01
5.358000e-01	3.825515e+01
5.359000e-01	3.831035e+01
5.360000e-01	3.838443e+01
5.361000e-01	3.844625e+01
5.362000e-01	3.846182e+01
5.363000e-01	3.840201e+01
5.364000e-01	3.824854e+01
5.365000e-01	3.799963e+01
5.366000e-01	3.767137e+01
5.367000e-01	3.728999e+01
5.368000e-01	3.688968e+01
5.369000e-01	3.650357e+01
5.370000e-01	3.615783e+01
5.371000e-01	3.586904e+01
5.372000e-01	3.564497e+01
5.373000e-01	3.548565e+01
5.374000e-01	3.538492e+01
5.375000e-01	3.533065e+01
5.376000e-01	3.529374e+01
5.377000e-01	3.527378e+01
5.378000e-01	3.526765e+01
5.379000e-01	3.527816e+01
5.380000e-01	3.530518e+01
5.381000e-01	3.534935e+01
5.382000e-01	3.541016e+01
5.383000e-01	3.548782e+01
5.384000e-01	3.558174e+01
5.385000e-01	3.569165e+01
5.386000e-01	3.581695e+01
5.387000e-01	3.595669e+01
5.388000e-01	3.611020e+01
5.389000e-01	3.627595e+01
5.390000e-01	3.645298e+01
5.391000e-01	3.663955e+01
5.392000e-01	3.683440e+01
5.393000e-01	3.703594e+01
5.394000e-01	3.724291e+01
5.395000e-01	3.745421e+01
5.396000e-01	3.766879e+01
5.397000e-01	3.788628e+01
5.398000e-01	3.810603e+01
5.399000e-01	3.832818e+01
5.400000e-01	3.855255e+01
5.401000e-01	3.877941e+01
5.402000e-01	3.900884e+01
5.403000e-01	3.924154e+01
5.404000e-01	3.950275e+01
5.405000e-01	3.981160e+01
5.406000e-01	4.017427e+01
5.407000e-01	4.059053e+01
5.408000e-01	4.105335e+01
5.409000e-01	4.154648e+01
5.410000e-01	4.204514e+01
5.411000e-01	4.251831e+01
5.412000e-01	4.293369e+01
5.413000e-01	4.326516e+01
5.414000e-01	4.349769e+01
5.415000e-01	4.363205e+01
5.416000e-01	4.368304e+01
5.417000e-01	4.367632e+01
5.418000e-01	4.364142e+01
5.419000e-01	4.360596e+01
5.420000e-01	4.359125e+01
5.421000e-01	4.360965e+01
5.422000e-01	4.366600e+01
5.423000e-01	4.375796e+01
5.424000e-01	4.387981e+01
5.425000e-01	4.401258e+01
5.426000e-01	4.413242e+01
5.427000e-01	4.423642e+01
5.428000e-01	4.432407e+01
5.429000e-01	4.439547e+01
5.430000e-01	4.445038e+01
5.431000e-01	4.448936e+01
5.432000e-01	4.451273e+01
5.433000e-01	4.452165e+01
5.434000e-01	4.451717e+01
5.435000e-01	4.450080e+01
5.436000e-01	4.447412e+01
5.437000e-01	4.443854e+01
5.438000e-01	4.439590e+01
5.439000e-01	4.434731e+01
5.440000e-01	4.429443e+01
5.441000e-01	4.423817e+01
5.442000e-01	4.417977e+01
5.443000e-01	4.412002e+01
5.444000e-01	4.405969e+01
5.445000e-01	4.399970e+01
5.446000e-01	4.394035e+01
5.447000e-01	4.388263e+01
5.448000e-01	4.382674e+01
5.449000e-01	4.377350e+01
5.450000e-01	4.372314e+01
5.451000e-01	4.367623e+01
5.452000e-01	4.363361e+01
5.453000e-01	4.361703e+01
5.454000e-01	4.364322e+01
5.455000e-01	4.371705e+01
5.456000e-01	4.383915e+01
5.457000e-01	4.400366e+01
5.458000e-01	4.419790e+01
5.459000e-01	4.440145e+01
5.460000e-01	4.458842e+01
5.461000e-01	4.473132e+01
5.462000e-01	4.480605e+01
5.463000e-01	4.479797e+01
5.464000e-01	4.470433e+01
5.465000e-01	4.453599e+01
5.466000e-01	4.431353e+01
5.467000e-01	4.406334e+01
5.468000e-01	4.381142e+01
5.469000e-01	4.357938e+01
5.470000e-01	4.338206e+01
5.471000e-01	4.322663e+01
5.472000e-01	4.311469e+01
5.473000e-01	4.304300e+01
5.474000e-01	4.300610e+01
5.475000e-01	4.298212e+01
5.476000e-01	4.296074e+01
5.477000e-01	4.294168e+01
5.478000e-01	4.292539e+01
5.479000e-01	4.291276e+01
5.480000e-01	4.290375e+01
5.481000e-01	4.289889e+01
5.482000e-01	4.289799e+01
5.483000e-01	4.290131e+01
5.484000e-01	4.290870e+01
5.485000e-01	4.292019e+01
5.486000e-01	4.293573e+01
5.487000e-01	4.295500e+01
5.488000e-01	4.297800e+01
5.489000e-01	4.300407e+01
5.490000e-01	4.303300e+01
5.491000e-01	4.306393e+01
5.492000e-01	4.309630e+01
5.493000e-01	4.312922e+01
5.494000e-01	4.316179e+01
5.495000e-01	4.319340e+01
5.496000e-01	4.322301e+01
5.497000e-01	4.325038e+01
5.498000e-01	4.327485e+01
5.499000e-01	4.329654e+01
5.500000e-01	4.332260e+01
5.501000e-01	4.337688e+01
5.502000e-01	4.346842e+01
5.503000e-01	4.360168e+01
5.504000e-01	4.377736e+01
5.505000e-01	4.398962e+01
5.506000e-01	4.422625e+01
5.507000e-01	4.446753e+01
5.508000e-01	4.468947e+01
5.509000e-01	4.486705e+01
5.510000e-01	4.497973e+01
5.511000e-01	4.501620e+01
5.512000e-01	4.497635e+01
5.513000e-01	4.487226e+01
5.514000e-01	4.472371e+01
5.515000e-01	4.455494e+01
5.516000e-01	4.438857e+01
5.517000e-01	4.424295e+01
5.518000e-01	4.412967e+01
5.519000e-01	4.405372e+01
5.520000e-01	4.401485e+01
5.521000e-01	4.400861e+01
5.522000e-01	4.402899e+01
5.523000e-01	4.405699e+01
5.524000e-01	4.408086e+01
5.525000e-01	4.409895e+01
5.526000e-01	4.411061e+01
5.527000e-01	4.411510e+01
5.528000e-01	4.411123e+01
5.529000e-01	4.409829e+01
5.530000e-01	4.407505e+01
5.531000e-01	4.404108e+01
5.532000e-01	4.399562e+01
5.533000e-01	4.393864e+01
5.534000e-01	4.387012e+01
5.535000e-01	4.379032e+01
5.536000e-01	4.370005e+01
5.537000e-01	4.359975e+01
5.538000e-01	4.349068e+01
5.539000e-01	4.337348e+01
5.540000e-01	4.324943e+01
5.541000e-01	4.311926e+01
5.542000e-01	4.298404e+01
5.543000e-01	4.284451e+01
5.544000e-01	4.270173e+01
5.545000e-01	4.257207e+01
5.546000e-01	4.246950e+01
5.547000e-01	4.240057e+01
5.548000e-01	4.236831e+01
5.549000e-01	4.237222e+01
5.550000e-01	4.240604e+01
5.551000e-01	4.245751e+01
5.552000e-01	4.250862e+01
5.553000e-01	4.253755e+01
5.554000e-01	4.252301e+01
5.555000e-01	4.244757e+01
5.556000e-01	4.230265e+01
5.557000e-01	4.208948e+01
5.558000e-01	4.181964e+01
5.559000e-01	4.151168e+01
5.560000e-01	4.118733e+01
5.561000e-01	4.086753e+01
5.562000e-01	4.056858e+01
5.563000e-01	4.030158e+01
5.564000e-01	4.007113e+01
5.565000e-01	3.987757e+01
5.566000e-01	3.971750e+01
5.567000e-01	3.958612e+01
5.568000e-01	3.947028e+01
5.569000e-01	3.935688e+01
5.570000e-01	3.924616e+01
5.571000e-01	3.913887e+01
5.572000e-01	3.903662e+01
5.573000e-01	3.894030e+01
5.574000e-01	3.885117e+01
5.575000e-01	3.877002e+01
5.576000e-01	3.869769e+01
5.577000e-01	3.863491e+01
5.578000e-01	3.858204e+01
5.579000e-01	3.853968e+01
5.580000e-01	3.850784e+01
5.581000e-01	3.848693e+01
5.582000e-01	3.847680e+01
5.583000e-01	3.847764e+01
5.584000e-01	3.848933e+01
5.585000e-01	3.851176e+01
5.586000e-01	3.854495e+01
5.587000e-01	3.858849e+01
5.588000e-01	3.864241e+01
5.589000e-01	3.870614e+01
5.590000e-01	3.878004e+01
5.591000e-01	3.887797e+01
5.592000e-01	3.901050e+01
5.593000e-01	3.918178e+01
5.594000e-01	3.939307e+01
5.595000e-01	3.964264e+01
5.596000e-01	3.992356e+01
5.597000e-01	4.022430e+01
5.598000e-01	4.052796e+01
5.599000e-01	4.081499e+01
5.600000e-01	4.106547e+01
5.601000e-01	4.126320e+01
5.602000e-01	4.139901e+01
5.603000e-01	4.147243e+01
5.604000e-01	4.149227e+01
5.605000e-01	4.147373e+01
5.606000e-01	4.143599e+01
5.607000e-01	4.139769e+01
5.608000e-01	4.137470e+01
5.609000e-01	4.137804e+01
5.610000e-01	4.141357e+01
5.611000e-01	4.148289e+01
5.612000e-01	4.158385e+01
5.613000e-01	4.171274e+01
5.614000e-01	4.186374e+01
5.615000e-01	4.202262e+01
5.616000e-01	4.218412e+01
5.617000e-01	4.234783e+01
5.618000e-01	4.251379e+01
5.619000e-01	4.268174e+01
5.620000e-01	4.285171e+01
5.621000e-01	4.302308e+01
5.622000e-01	4.319569e+01
5.623000e-01	4.336882e+01
5.624000e-01	4.354206e+01
5.625000e-01	4.371464e+01
5.626000e-01	4.388577e+01
5.627000e-01	4.405476e+01
5.628000e-01	4.422036e+01
5.629000e-01	4.438192e+01
5.630000e-01	4.453804e+01
5.631000e-01	4.468797e+01
5.632000e-01	4.483050e+01
5.633000e-01	4.496485e+01
5.634000e-01	4.509584e+01
5.635000e-01	4.523676e+01
5.636000e-01	4.539343e+01
5.637000e-01	4.556962e+01
5.638000e-01	4.576745e+01
5.639000e-01	4.598530e+01
5.640000e-01	4.621755e+01
5.641000e-01	4.645332e+01
5.642000e-01	4.667744e+01
5.643000e-01	4.687204e+01
5.644000e-01	4.701922e+01
5.645000e-01	4.710509e+01
5.646000e-01	4.712180e+01
5.647000e-01	4.707024e+01
5.648000e-01	4.695882e+01
5.649000e-01	4.680227e+01
5.650000e-01	4.661806e+01
5.651000e-01	4.642334e+01
5.652000e-01	4.623260e+01
5.653000e-01	4.605549e+01
5.654000e-01	4.589762e+01
5.655000e-01	4.575986e+01
5.656000e-01	4.564063e+01
5.657000e-01	4.553603e+01
5.658000e-01	4.544156e+01
5.659000e-01	4.534585e+01
5.660000e-01	4.524258e+01
5.661000e-01	4.513142e+01
5.662000e-01	4.501222e+01
5.663000e-01	4.488526e+01
5.664000e-01	4.475031e+01
5.665000e-01	4.460750e+01
5.666000e-01	4.445675e+01
5.667000e-01	4.429822e+01
5.668000e-01	4.413221e+01
5.669000e-01	4.395896e+01
5.670000e-01	4.377931e+01
5.671000e-01	4.359374e+01
5.672000e-01	4.340343e+01
5.673000e-01	4.320923e+01
5.674000e-01	4.301243e+01
5.675000e-01	4.281416e+01
5.676000e-01	4.261845e+01
5.677000e-01	4.243836e+01
5.678000e-01	4.228067e+01
5.679000e-01	4.215084e+01
5.680000e-01	4.205208e+01
5.681000e-01	4.198550e+01
5.682000e-01	4.194823e+01
5.683000e-01	4.193337e+01
5.684000e-01	4.192973e+01
5.685000e-01	4.192267e+01
5.686000e-01	4.189686e+01
5.687000e-01	4.183789e+01
5.688000e-01	4.174144e+01
5.689000e-01	4.158923e+01
5.690000e-01	4.139970e+01
5.691000e-01	4.117841e+01
5.692000e-01	4.093985e+01
5.693000e-01	4.069973e+01
5.694000e-01	4.047209e+01
5.695000e-01	4.026824e+01
5.696000e-01	4.009472e+01
5.697000e-01	3.995452e+01
5.698000e-01	3.984675e+01
5.699000e-01	3.976850e+01
5.700000e-01	3.971532e+01
5.701000e-01	3.968219e+01
5.702000e-01	3.965855e+01
5.703000e-01	3.963911e+01
5.704000e-01	3.962368e+01
5.705000e-01	3.961214e+01
5.706000e-01	3.960499e+01
5.707000e-01	3.960240e+01
5.708000e-01	3.960484e+01
5.709000e-01	3.961273e+01
5.710000e-01	3.962631e+01
5.711000e-01	3.964623e+01
5.712000e-01	3.967252e+01
5.713000e-01	3.970570e+01
5.714000e-01	3.974574e+01
5.715000e-01	3.979289e+01
5.716000e-01	3.984708e+01
5.717000e-01	3.990826e+01
5.718000e-01	3.997672e+01
5.719000e-01	4.006061e+01
5.720000e-01	4.016742e+01
5.721000e-01	4.030110e+01
5.722000e-01	4.046486e+01
5.723000e-01	4.065986e+01
5.724000e-01	4.088484e+01
5.725000e-01	4.113498e+01
5.726000e-01	4.140149e+01
5.727000e-01	4.167218e+01
5.728000e-01	4.193205e+01
5.729000e-01	4.216621e+01
5.730000e-01	4.236148e+01
5.731000e-01	4.250963e+01
5.732000e-01	4.260834e+01
5.733000e-01	4.266182e+01
5.734000e-01	4.267967e+01
5.735000e-01	4.267444e+01
5.736000e-01	4.265987e+01
5.737000e-01	4.264773e+01
5.738000e-01	4.264738e+01
5.739000e-01	4.266431e+01
5.740000e-01	4.270090e+01
5.741000e-01	4.275678e+01
5.742000e-01	4.282969e+01
5.743000e-01	4.291662e+01
5.744000e-01	4.301376e+01
5.745000e-01	4.311529e+01
5.746000e-01	4.321520e+01
5.747000e-01	4.331358e+01
5.748000e-01	4.341063e+01
5.749000e-01	4.350670e+01
5.750000e-01	4.360188e+01
5.751000e-01	4.369614e+01
5.752000e-01	4.378953e+01
5.753000e-01	4.388170e+01
5.754000e-01	4.397266e+01
5.755000e-01	4.406199e+01
5.756000e-01	4.414956e+01
5.757000e-01	4.423498e+01
5.758000e-01	4.431793e+01
5.759000e-01	4.440156e+01
5.760000e-01	4.449326e+01
5.761000e-01	4.459719e+01
5.762000e-01	4.471644e+01
5.763000e-01	4.485354e+01
5.764000e-01	4.500892e+01
5.765000e-01	4.518061e+01
5.766000e-01	4.536321e+01
5.767000e-01	4.554767e+01
5.768000e-01	4.572196e+01
5.769000e-01	4.587171e+01
5.770000e-01	4.598316e+01
5.771000e-01	4.604447e+01
5.772000e-01	4.604884e+01
5.773000e-01	4.599515e+01
5.774000e-01	4.588847e+01
5.775000e-01	4.573893e+01
5.776000e-01	4.555935e+01
5.777000e-01	4.536373e+01
5.778000e-01	4.516408e+01
5.779000e-01	4.497024e+01
5.780000e-01	4.478824e+01
5.781000e-01	4.462115e+01
5.782000e-01	4.446919e+01
5.783000e-01	4.433080e+01
5.784000e-01	4.420336e+01
5.785000e-01	4.408365e+01
5.786000e-01	4.396811e+01
5.787000e-01	4.385036e+01
5.788000e-01	4.372984e+01
5.789000e-01	4.360694e+01
5.790000e-01	4.348232e+01
5.791000e-01	4.335648e+01
5.792000e-01	4.322983e+01
5.793000e-01	4.310295e+01
5.794000e-01	4.297598e+01
5.795000e-01	4.284950e+01
5.796000e-01	4.272357e+01
5.797000e-01	4.259853e+01
5.798000e-01	4.247445e+01
5.799000e-01	4.235392e+01
5.800000e-01	4.224357e+01
5.801000e-01	4.214706e+01
5.802000e-01	4.206811e+01
5.803000e-01	4.200922e+01
5.804000e-01	4.197230e+01
5.805000e-01	4.195691e+01
5.806000e-01	4.196035e+01
5.807000e-01	4.197682e+01
5.808000e-01	4.199770e+01
5.809000e-01	4.201237e+01
5.810000e-01	4.200930e+01
5.811000e-01	4.197851e+01
5.812000e-01	4.191271e+01
5.813000e-01	4.180953e+01
5.814000e-01	4.167156e+01
5.815000e-01	4.150615e+01
5.816000e-01	4.132404e+01
5.817000e-01	4.113726e+01
5.818000e-01	4.095765e+01
5.819000e-01	4.079469e+01
5.820000e-01	4.065545e+01
5.821000e-01	4.054360e+01
5.822000e-01	4.046032e+01
5.823000e-01	4.040456e+01
5.824000e-01	4.037392e+01
5.825000e-01	4.036531e+01
5.826000e-01	4.037523e+01
5.827000e-01	4.040023e+01
5.828000e-01	4.043456e+01
5.829000e-01	4.047712e+01
5.830000e-01	4.052745e+01
5.831000e-01	4.058538e+01
5.832000e-01	4.065049e+01
5.833000e-01	4.072217e+01
5.834000e-01	4.080003e+01
5.835000e-01	4.088314e+01
5.836000e-01	4.097115e+01
5.837000e-01	4.106314e+01
5.838000e-01	4.115872e+01
5.839000e-01	4.126056e+01
5.840000e-01	4.137305e+01
5.841000e-01	4.149920e+01
5.842000e-01	4.164191e+01
5.843000e-01	4.180392e+01
5.844000e-01	4.198673e+01
5.845000e-01	4.219064e+01
5.846000e-01	4.241334e+01
5.847000e-01	4.265008e+01
5.848000e-01	4.289325e+01
5.849000e-01	4.313305e+01
5.850000e-01	4.335867e+01
5.851000e-01	4.355962e+01
5.852000e-01	4.372806e+01
5.853000e-01	4.385946e+01
5.854000e-01	4.395421e+01
5.855000e-01	4.401685e+01
5.856000e-01	4.405546e+01
5.857000e-01	4.407994e+01
5.858000e-01	4.410022e+01
5.859000e-01	4.412517e+01
5.860000e-01	4.416094e+01
5.861000e-01	4.421153e+01
5.862000e-01	4.427789e+01
5.863000e-01	4.435932e+01
5.864000e-01	4.445333e+01
5.865000e-01	4.455671e+01
5.866000e-01	4.466583e+01
5.867000e-01	4.477704e+01
5.868000e-01	4.488709e+01
5.869000e-01	4.499176e+01
5.870000e-01	4.508935e+01
5.871000e-01	4.517901e+01
5.872000e-01	4.526024e+01
5.873000e-01	4.533251e+01
5.874000e-01	4.539539e+01
5.875000e-01	4.544864e+01
5.876000e-01	4.549213e+01
5.877000e-01	4.552876e+01
5.878000e-01	4.556125e+01
5.879000e-01	4.559280e+01
5.880000e-01	4.562655e+01
5.881000e-01	4.566567e+01
5.882000e-01	4.571275e+01
5.883000e-01	4.576912e+01
5.884000e-01	4.583457e+01
5.885000e-01	4.590614e+01
5.886000e-01	4.597877e+01
5.887000e-01	4.604450e+01
5.888000e-01	4.609394e+01
5.889000e-01	4.611702e+01
5.890000e-01	4.610475e+01
5.891000e-01	4.605091e+01
5.892000e-01	4.595277e+01
5.893000e-01	4.581241e+01
5.894000e-01	4.563526e+01
5.895000e-01	4.543013e+01
5.896000e-01	4.520679e+01
5.897000e-01	4.497502e+01
5.898000e-01	4.474306e+01
5.899000e-01	4.451690e+01
5.900000e-01	4.430020e+01
5.901000e-01	4.409412e+01
5.902000e-01	4.389834e+01
5.903000e-01	4.371095e+01
5.904000e-01	4.352970e+01
5.905000e-01	4.335193e+01
5.906000e-01	4.317527e+01
5.907000e-01	4.299770e+01
5.908000e-01	4.281735e+01
5.909000e-01	4.263327e+01
5.910000e-01	4.244573e+01
5.911000e-01	4.225570e+01
5.912000e-01	4.206383e+01
5.913000e-01	4.187112e+01
5.914000e-01	4.167878e+01
5.915000e-01	4.148982e+01
5.916000e-01	4.130736e+01
5.917000e-01	4.113454e+01
5.918000e-01	4.097505e+01
5.919000e-01	4.083203e+01
5.920000e-01	4.070858e+01
5.921000e-01	4.060662e+01
5.922000e-01	4.052680e+01
5.923000e-01	4.046778e+01
5.924000e-01	4.042604e+01
5.925000e-01	4.039582e+01
5.926000e-01	4.036941e+01
5.927000e-01	4.033837e+01
5.928000e-01	4.029421e+01
5.929000e-01	4.023032e+01
5.930000e-01	4.014275e+01
5.931000e-01	4.003119e+01
5.932000e-01	3.989887e+01
5.933000e-01	3.975195e+01
5.934000e-01	3.959856e+01
5.935000e-01	3.944702e+01
5.936000e-01	3.930522e+01
5.937000e-01	3.917914e+01
5.938000e-01	3.907282e+01
5.939000e-01	3.898811e+01
5.940000e-01	3.892510e+01
5.941000e-01	3.888255e+01
5.942000e-01	3.885823e+01
5.943000e-01	3.884986e+01
5.944000e-01	3.885475e+01
5.945000e-01	3.887088e+01
5.946000e-01	3.889629e+01
5.947000e-01	3.892973e+01
5.948000e-01	3.897018e+01
5.949000e-01	3.901749e+01
5.950000e-01	3.907210e+01
5.951000e-01	3.913405e+01
5.952000e-01	3.920450e+01
5.953000e-01	3.928472e+01
5.954000e-01	3.937663e+01
5.955000e-01	3.948222e+01
5.956000e-01	3.960379e+01
5.957000e-01	3.974364e+01
5.958000e-01	3.990373e+01
5.959000e-01	4.008551e+01
5.960000e-01	4.028909e+01
5.961000e-01	4.051333e+01
5.962000e-01	4.075490e+01
5.963000e-01	4.100859e+01
5.964000e-01	4.126724e+01
5.965000e-01	4.152247e+01
5.966000e-01	4.176564e+01
5.967000e-01	4.198885e+01
5.968000e-01	4.218659e+01
5.969000e-01	4.235596e+01
5.970000e-01	4.249765e+01
5.971000e-01	4.261517e+01
5.972000e-01	4.271440e+01
5.973000e-01	4.280224e+01
5.974000e-01	4.288555e+01
5.975000e-01	4.297038e+01
5.976000e-01	4.306084e+01
5.977000e-01	4.315964e+01
5.978000e-01	4.326748e+01
5.979000e-01	4.338388e+01
5.980000e-01	4.350732e+01
5.981000e-01	4.363576e+01
5.982000e-01	4.376703e+01
5.983000e-01	4.389896e+01
5.984000e-01	4.402980e+01
5.985000e-01	4.415796e+01
5.986000e-01	4.428255e+01
5.987000e-01	4.440287e+01
5.988000e-01	4.451886e+01
5.989000e-01	4.463083e+01
5.990000e-01	4.473954e+01
5.991000e-01	4.484625e+01
5.992000e-01	4.495243e+01
5.993000e-01	4.506011e+01
5.994000e-01	4.517113e+01
5.995000e-01	4.528752e+01
5.996000e-01	4.541065e+01
5.997000e-01	4.554117e+01
5.998000e-01	4.567840e+01
5.999000e-01	4.581997e+01
6.000000e-01	4.596180e+01
6.001000e-01	4.609769e+01
6.002000e-01	4.622042e+01
6.003000e-01	4.632181e+01
6.004000e-01	4.639435e+01
6.005000e-01	4.643197e+01
6.006000e-01	4.643114e+01
6.007000e-01	4.639147e+01
6.008000e-01	4.631540e+01
6.009000e-01	4.620832e+01
6.010000e-01	4.607676e+01
6.011000e-01	4.592822e+01
6.012000e-01	4.576948e+01
6.013000e-01	4.560629e+01
6.014000e-01	4.544278e+01
6.015000e-01	4.528148e+01
6.016000e-01	4.512351e+01
6.017000e-01	4.496876e+01
6.018000e-01	4.481661e+01
6.019000e-01	4.466585e+01
6.020000e-01	4.451535e+01
6.021000e-01	4.436404e+01
6.022000e-01	4.421116e+01
6.023000e-01	4.405632e+01
6.024000e-01	4.389947e+01
6.025000e-01	4.374117e+01
6.026000e-01	4.358210e+01
6.027000e-01	4.342375e+01
6.028000e-01	4.326765e+01
6.029000e-01	4.311594e+01
6.030000e-01	4.297086e+01
6.031000e-01	4.283480e+01
6.032000e-01	4.271006e+01
6.033000e-01	4.259838e+01
6.034000e-01	4.250101e+01
6.035000e-01	4.241767e+01
6.036000e-01	4.234696e+01
6.037000e-01	4.228559e+01
6.038000e-01	4.222877e+01
6.039000e-01	4.217041e+01
6.040000e-01	4.210383e+01
6.041000e-01	4.202265e+01
6.042000e-01	4.192169e+01
6.043000e-01	4.180092e+01
6.044000e-01	4.165141e+01
6.045000e-01	4.148371e+01
6.046000e-01	4.130015e+01
6.047000e-01	4.110676e+01
6.048000e-01	4.091058e+01
6.049000e-01	4.071795e+01
6.050000e-01	4.053473e+01
6.051000e-01	4.036490e+01
6.052000e-01	4.021138e+01
6.053000e-01	4.007532e+01
6.054000e-01	3.995699e+01
6.055000e-01	3.985569e+01
6.056000e-01	3.977034e+01
6.057000e-01	3.969966e+01
6.058000e-01	3.964225e+01
6.059000e-01	3.959714e+01
6.060000e-01	3.956335e+01
6.061000e-01	3.954046e+01
6.062000e-01	3.952825e+01
6.063000e-01	3.952697e+01
6.064000e-01	3.953720e+01


