"     ankle"

"Time      "	".JOINT_15.Ax_Ay_Az_Projection_Angles.Z"	".JOINT_14.Ax_Ay_Az_Projection_Angles.Z"
0.000000e+00	0.000000e+00	1.193196e-13
1.000000e-04	0.000000e+00	1.234878e-05
2.000000e-04	0.000000e+00	4.768781e-05
3.000000e-04	-6.374715e-08	1.036150e-04
4.000000e-04	-1.518176e-07	1.778395e-04
5.000000e-04	-3.020207e-07	2.681441e-04
6.000000e-04	-5.382974e-07	3.721627e-04
7.000000e-04	-8.870085e-07	4.875043e-04
8.000000e-04	-1.379133e-06	6.117884e-04
9.000000e-04	-2.050989e-06	7.426396e-04
1.000000e-03	-2.944595e-06	8.777036e-04
1.100000e-03	-4.108367e-06	1.014658e-03
1.200000e-03	-5.597652e-06	1.151227e-03
1.300000e-03	-7.475266e-06	1.285189e-03
1.400000e-03	-9.811950e-06	1.414391e-03
1.500000e-03	-1.268679e-05	1.536762e-03
1.600000e-03	-1.618765e-05	1.650318e-03
1.700000e-03	-2.041136e-05	1.753178e-03
1.800000e-03	-2.546400e-05	1.843568e-03
1.900000e-03	-3.146091e-05	1.919837e-03
2.000000e-03	-3.852708e-05	1.980453e-03
2.100000e-03	-4.679653e-05	2.024023e-03
2.200000e-03	-5.641275e-05	2.049290e-03
2.300000e-03	-6.752861e-05	2.055135e-03
2.400000e-03	-8.030499e-05	2.040593e-03
2.500000e-03	-9.491158e-05	2.004843e-03
2.600000e-03	-1.115262e-04	1.947211e-03
2.700000e-03	-1.303349e-04	1.867174e-03
2.800000e-03	-1.515289e-04	1.764361e-03
2.900000e-03	-1.753066e-04	1.638543e-03
3.000000e-03	-2.018724e-04	1.489635e-03
3.100000e-03	-2.314363e-04	1.317691e-03
3.200000e-03	-2.642126e-04	1.122897e-03
3.300000e-03	-3.004196e-04	9.055673e-04
3.400000e-03	-3.402782e-04	6.661360e-04
3.500000e-03	-3.840147e-04	4.051555e-04
3.600000e-03	-4.318579e-04	1.232887e-04
3.700000e-03	-4.840337e-04	-1.787182e-04
3.800000e-03	-5.407723e-04	-5.000210e-04
3.900000e-03	-6.023050e-04	-8.396928e-04
4.000000e-03	-6.688643e-04	-1.196732e-03
4.100000e-03	-7.406834e-04	-1.570070e-03
4.200000e-03	-8.179958e-04	-1.958581e-03
4.300000e-03	-9.010369e-04	-2.361082e-03
4.400000e-03	-9.900372e-04	-2.776377e-03
4.500000e-03	-1.085237e-03	-3.203182e-03
4.600000e-03	-1.186865e-03	-3.640257e-03
4.700000e-03	-1.295165e-03	-4.086247e-03
4.800000e-03	-1.410367e-03	-4.539880e-03
4.900000e-03	-1.532720e-03	-4.999760e-03
5.000000e-03	-1.662448e-03	-5.464630e-03
5.100000e-03	-1.799808e-03	-5.933058e-03
5.200000e-03	-1.945019e-03	-6.403831e-03
5.300000e-03	-2.098348e-03	-6.875490e-03
5.400000e-03	-2.260031e-03	-7.346751e-03
5.500000e-03	-2.430326e-03	-7.816235e-03
5.600000e-03	-2.609464e-03	-8.282728e-03
5.700000e-03	-2.797708e-03	-8.744857e-03
5.800000e-03	-2.995314e-03	-9.201307e-03
5.900000e-03	-3.202537e-03	-9.650788e-03
6.000000e-03	-3.419632e-03	-1.009202e-02
6.100000e-03	-3.646857e-03	-1.052374e-02
6.200000e-03	-3.884466e-03	-1.094467e-02
6.300000e-03	-4.132716e-03	-1.135357e-02
6.400000e-03	-4.391859e-03	-1.174919e-02
6.500000e-03	-4.662145e-03	-1.213031e-02
6.600000e-03	-4.943820e-03	-1.249570e-02
6.700000e-03	-5.237124e-03	-1.284415e-02
6.800000e-03	-5.542288e-03	-1.317449e-02
6.900000e-03	-5.859537e-03	-1.348553e-02
7.000000e-03	-6.189084e-03	-1.377612e-02
7.100000e-03	-6.531132e-03	-1.404512e-02
7.200000e-03	-6.885865e-03	-1.429143e-02
7.300000e-03	-7.253441e-03	-1.451398e-02
7.400000e-03	-7.633982e-03	-1.471178e-02
7.500000e-03	-8.027570e-03	-1.488391e-02
7.600000e-03	-8.434236e-03	-1.502954e-02
7.700000e-03	-8.853954e-03	-1.514794e-02
7.800000e-03	-9.286643e-03	-1.523851e-02
7.900000e-03	-9.732153e-03	-1.530075e-02
8.000000e-03	-1.019027e-02	-1.533430e-02
8.100000e-03	-1.066072e-02	-1.533894e-02
8.200000e-03	-1.114314e-02	-1.531458e-02
8.300000e-03	-1.163713e-02	-1.526127e-02
8.400000e-03	-1.214221e-02	-1.517920e-02
8.500000e-03	-1.265783e-02	-1.506871e-02
8.600000e-03	-1.318342e-02	-1.493023e-02
8.700000e-03	-1.371832e-02	-1.476436e-02
8.800000e-03	-1.426186e-02	-1.457178e-02
8.900000e-03	-1.481333e-02	-1.435327e-02
9.000000e-03	-1.537198e-02	-1.410972e-02
9.100000e-03	-1.593708e-02	-1.384207e-02
9.200000e-03	-1.650785e-02	-1.355135e-02
9.300000e-03	-1.708355e-02	-1.323861e-02
9.400000e-03	-1.766342e-02	-1.290495e-02
9.500000e-03	-1.824677e-02	-1.255145e-02
9.600000e-03	-1.883289e-02	-1.217921e-02
9.700000e-03	-1.942114e-02	-1.178932e-02
9.800000e-03	-2.001095e-02	-1.138281e-02
9.900000e-03	-2.060176e-02	-1.096067e-02
1.000000e-02	-2.119310e-02	-1.052383e-02
1.010000e-02	-2.178457e-02	-1.007315e-02
1.020000e-02	-2.237584e-02	-9.609379e-03
1.030000e-02	-2.296666e-02	-9.133203e-03
1.040000e-02	-2.355684e-02	-8.645196e-03
1.050000e-02	-2.414629e-02	-8.145813e-03
1.060000e-02	-2.473500e-02	-7.635404e-03
1.070000e-02	-2.532302e-02	-7.114212e-03
1.080000e-02	-2.591047e-02	-6.582369e-03
1.090000e-02	-2.649755e-02	-6.039899e-03
1.100000e-02	-2.708453e-02	-5.486722e-03
1.110000e-02	-2.767171e-02	-4.922660e-03
1.120000e-02	-2.825946e-02	-4.347447e-03
1.130000e-02	-2.884819e-02	-3.760740e-03
1.140000e-02	-2.943831e-02	-3.162118e-03
1.150000e-02	-3.003029e-02	-2.551119e-03
1.160000e-02	-3.062461e-02	-1.927207e-03
1.170000e-02	-3.122171e-02	-1.289850e-03
1.180000e-02	-3.182209e-02	-6.384551e-04
1.190000e-02	-3.242616e-02	2.752697e-05
1.200000e-02	-3.303434e-02	7.086659e-04
1.210000e-02	-3.364705e-02	1.405530e-03
1.220000e-02	-3.426462e-02	2.118646e-03
1.230000e-02	-3.488736e-02	2.848499e-03
1.240000e-02	-3.551553e-02	3.595526e-03
1.250000e-02	-3.614930e-02	4.360104e-03
1.260000e-02	-3.678881e-02	5.142547e-03
1.270000e-02	-3.743413e-02	5.943098e-03
1.280000e-02	-3.808526e-02	6.761928e-03
1.290000e-02	-3.874213e-02	7.599130e-03
1.300000e-02	-3.940462e-02	8.454724e-03
1.310000e-02	-4.007254e-02	9.328654e-03
1.320000e-02	-4.074565e-02	1.022079e-02
1.330000e-02	-4.142366e-02	1.113095e-02
1.340000e-02	-4.210623e-02	1.205888e-02
1.350000e-02	-4.279298e-02	1.300427e-02
1.360000e-02	-4.348351e-02	1.396677e-02
1.370000e-02	-4.417738e-02	1.494601e-02
1.380000e-02	-4.487415e-02	1.594157e-02
1.390000e-02	-4.557338e-02	1.695305e-02
1.400000e-02	-4.627462e-02	1.798001e-02
1.410000e-02	-4.697745e-02	1.902205e-02
1.420000e-02	-4.768146e-02	2.007878e-02
1.430000e-02	-4.838629e-02	2.114983e-02
1.440000e-02	-4.909159e-02	2.223490e-02
1.450000e-02	-4.979710e-02	2.333371e-02
1.460000e-02	-5.050258e-02	2.444606e-02
1.470000e-02	-5.120787e-02	2.557180e-02
1.480000e-02	-5.191287e-02	2.671087e-02
1.490000e-02	-5.261756e-02	2.786327e-02
1.500000e-02	-5.332197e-02	2.902909e-02
1.510000e-02	-5.402622e-02	3.020849e-02
1.520000e-02	-5.473052e-02	3.140170e-02
1.530000e-02	-5.543511e-02	3.260904e-02
1.540000e-02	-5.614036e-02	3.383092e-02
1.550000e-02	-5.684665e-02	3.506776e-02
1.560000e-02	-5.755448e-02	3.632011e-02
1.570000e-02	-5.826436e-02	3.758851e-02
1.580000e-02	-5.897685e-02	3.887355e-02
1.590000e-02	-5.969257e-02	4.017582e-02
1.600000e-02	-6.041164e-02	4.149503e-02
1.610000e-02	-6.113396e-02	4.283042e-02
1.620000e-02	-6.185946e-02	4.418126e-02
1.630000e-02	-6.258810e-02	4.554685e-02
1.640000e-02	-6.331984e-02	4.692644e-02
1.650000e-02	-6.405463e-02	4.831925e-02
1.660000e-02	-6.479244e-02	4.972451e-02
1.670000e-02	-6.553324e-02	5.114144e-02
1.680000e-02	-6.627700e-02	5.256923e-02
1.690000e-02	-6.702369e-02	5.400708e-02
1.700000e-02	-6.777327e-02	5.545419e-02
1.710000e-02	-6.852572e-02	5.690974e-02
1.720000e-02	-6.928098e-02	5.837292e-02
1.730000e-02	-7.003902e-02	5.984292e-02
1.740000e-02	-7.079979e-02	6.131893e-02
1.750000e-02	-7.156324e-02	6.280013e-02
1.760000e-02	-7.232931e-02	6.428570e-02
1.770000e-02	-7.309792e-02	6.577485e-02
1.780000e-02	-7.386901e-02	6.726675e-02
1.790000e-02	-7.464250e-02	6.876059e-02
1.800000e-02	-7.541828e-02	7.025556e-02
1.810000e-02	-7.619628e-02	7.175084e-02
1.820000e-02	-7.697638e-02	7.324560e-02
1.830000e-02	-7.775848e-02	7.473902e-02
1.840000e-02	-7.854248e-02	7.623027e-02
1.850000e-02	-7.932825e-02	7.771851e-02
1.860000e-02	-8.011568e-02	7.920291e-02
1.870000e-02	-8.090466e-02	8.068261e-02
1.880000e-02	-8.169507e-02	8.215673e-02
1.890000e-02	-8.248680e-02	8.362444e-02
1.900000e-02	-8.327975e-02	8.508485e-02
1.910000e-02	-8.407382e-02	8.653709e-02
1.920000e-02	-8.486892e-02	8.798028e-02
1.930000e-02	-8.566496e-02	8.941353e-02
1.940000e-02	-8.646189e-02	9.083595e-02
1.950000e-02	-8.725963e-02	9.224663e-02
1.960000e-02	-8.805817e-02	9.364471e-02
1.970000e-02	-8.885746e-02	9.502926e-02
1.980000e-02	-8.965752e-02	9.639945e-02
1.990000e-02	-9.045835e-02	9.775437e-02
2.000000e-02	-9.125999e-02	9.909320e-02
2.010000e-02	-9.206251e-02	1.004151e-01
2.020000e-02	-9.286598e-02	1.017192e-01
2.030000e-02	-9.367050e-02	1.030047e-01
2.040000e-02	-9.447619e-02	1.042710e-01
2.050000e-02	-9.528321e-02	1.055172e-01
2.060000e-02	-9.609171e-02	1.067427e-01
2.070000e-02	-9.690191e-02	1.079468e-01
2.080000e-02	-9.771399e-02	1.091289e-01
2.090000e-02	-9.852821e-02	1.102885e-01
2.100000e-02	-9.934480e-02	1.114251e-01
2.110000e-02	-1.001640e-01	1.125383e-01
2.120000e-02	-1.009861e-01	1.136277e-01
2.130000e-02	-1.018115e-01	1.146929e-01
2.140000e-02	-1.026403e-01	1.157339e-01
2.150000e-02	-1.034729e-01	1.167503e-01
2.160000e-02	-1.043097e-01	1.177421e-01
2.170000e-02	-1.051509e-01	1.187093e-01
2.180000e-02	-1.059968e-01	1.196518e-01
2.190000e-02	-1.068479e-01	1.205699e-01
2.200000e-02	-1.077044e-01	1.214637e-01
2.210000e-02	-1.085666e-01	1.223335e-01
2.220000e-02	-1.094348e-01	1.231795e-01
2.230000e-02	-1.103094e-01	1.240023e-01
2.240000e-02	-1.111907e-01	1.248023e-01
2.250000e-02	-1.120789e-01	1.255800e-01
2.260000e-02	-1.129743e-01	1.263360e-01
2.270000e-02	-1.138772e-01	1.270709e-01
2.280000e-02	-1.147878e-01	1.277856e-01
2.290000e-02	-1.157064e-01	1.284807e-01
2.300000e-02	-1.166332e-01	1.291571e-01
2.310000e-02	-1.175685e-01	1.298156e-01
2.320000e-02	-1.185123e-01	1.304571e-01
2.330000e-02	-1.194649e-01	1.310826e-01
2.340000e-02	-1.204265e-01	1.316930e-01
2.350000e-02	-1.213973e-01	1.322892e-01
2.360000e-02	-1.223773e-01	1.328724e-01
2.370000e-02	-1.233668e-01	1.334435e-01
2.380000e-02	-1.243659e-01	1.340036e-01
2.390000e-02	-1.253746e-01	1.345536e-01
2.400000e-02	-1.263932e-01	1.350948e-01
2.410000e-02	-1.274218e-01	1.356280e-01
2.420000e-02	-1.284605e-01	1.361544e-01
2.430000e-02	-1.295094e-01	1.366751e-01
2.440000e-02	-1.305687e-01	1.371910e-01
2.450000e-02	-1.316384e-01	1.377031e-01
2.460000e-02	-1.327187e-01	1.382126e-01
2.470000e-02	-1.338098e-01	1.387203e-01
2.480000e-02	-1.349118e-01	1.392272e-01
2.490000e-02	-1.360247e-01	1.397342e-01
2.500000e-02	-1.371487e-01	1.402420e-01
2.510000e-02	-1.382837e-01	1.407514e-01
2.520000e-02	-1.394300e-01	1.412631e-01
2.530000e-02	-1.405874e-01	1.417775e-01
2.540000e-02	-1.417559e-01	1.422951e-01
2.550000e-02	-1.429354e-01	1.428163e-01
2.560000e-02	-1.441259e-01	1.433412e-01
2.570000e-02	-1.453271e-01	1.438700e-01
2.580000e-02	-1.465389e-01	1.444026e-01
2.590000e-02	-1.477611e-01	1.449391e-01
2.600000e-02	-1.489933e-01	1.454793e-01
2.610000e-02	-1.502353e-01	1.460228e-01
2.620000e-02	-1.514868e-01	1.465695e-01
2.630000e-02	-1.527473e-01	1.471189e-01
2.640000e-02	-1.540164e-01	1.476706e-01
2.650000e-02	-1.552939e-01	1.482241e-01
2.660000e-02	-1.565791e-01	1.487790e-01
2.670000e-02	-1.578718e-01	1.493348e-01
2.680000e-02	-1.591715e-01	1.498910e-01
2.690000e-02	-1.604777e-01	1.504471e-01
2.700000e-02	-1.617900e-01	1.510029e-01
2.710000e-02	-1.631081e-01	1.515577e-01
2.720000e-02	-1.644315e-01	1.521115e-01
2.730000e-02	-1.657598e-01	1.526639e-01
2.740000e-02	-1.670928e-01	1.532148e-01
2.750000e-02	-1.684302e-01	1.537640e-01
2.760000e-02	-1.697716e-01	1.543117e-01
2.770000e-02	-1.711170e-01	1.548579e-01
2.780000e-02	-1.724660e-01	1.554028e-01
2.790000e-02	-1.738186e-01	1.559467e-01
2.800000e-02	-1.751747e-01	1.564899e-01
2.810000e-02	-1.765343e-01	1.570331e-01
2.820000e-02	-1.778974e-01	1.575767e-01
2.830000e-02	-1.792640e-01	1.581213e-01
2.840000e-02	-1.806343e-01	1.586677e-01
2.850000e-02	-1.820083e-01	1.592166e-01
2.860000e-02	-1.833863e-01	1.597688e-01
2.870000e-02	-1.847685e-01	1.603251e-01
2.880000e-02	-1.861551e-01	1.608863e-01
2.890000e-02	-1.875464e-01	1.614533e-01
2.900000e-02	-1.889427e-01	1.620269e-01
2.910000e-02	-1.903443e-01	1.626078e-01
2.920000e-02	-1.917516e-01	1.631968e-01
2.930000e-02	-1.931647e-01	1.637946e-01
2.940000e-02	-1.945842e-01	1.644017e-01
2.950000e-02	-1.960103e-01	1.650188e-01
2.960000e-02	-1.974434e-01	1.656461e-01
2.970000e-02	-1.988836e-01	1.662840e-01
2.980000e-02	-2.003315e-01	1.669327e-01
2.990000e-02	-2.017872e-01	1.675923e-01
3.000000e-02	-2.032510e-01	1.682628e-01
3.010000e-02	-2.047231e-01	1.689439e-01
3.020000e-02	-2.062038e-01	1.696353e-01
3.030000e-02	-2.076932e-01	1.703366e-01
3.040000e-02	-2.091916e-01	1.710473e-01
3.050000e-02	-2.106991e-01	1.717667e-01
3.060000e-02	-2.122158e-01	1.724939e-01
3.070000e-02	-2.137417e-01	1.732281e-01
3.080000e-02	-2.152771e-01	1.739683e-01
3.090000e-02	-2.168220e-01	1.747134e-01
3.100000e-02	-2.183764e-01	1.754622e-01
3.110000e-02	-2.199404e-01	1.762135e-01
3.120000e-02	-2.215140e-01	1.769662e-01
3.130000e-02	-2.230973e-01	1.777188e-01
3.140000e-02	-2.246903e-01	1.784702e-01
3.150000e-02	-2.262930e-01	1.792190e-01
3.160000e-02	-2.279056e-01	1.799638e-01
3.170000e-02	-2.295280e-01	1.807035e-01
3.180000e-02	-2.311604e-01	1.814369e-01
3.190000e-02	-2.328028e-01	1.821627e-01
3.200000e-02	-2.344555e-01	1.828798e-01
3.210000e-02	-2.361185e-01	1.835872e-01
3.220000e-02	-2.377919e-01	1.842838e-01
3.230000e-02	-2.394761e-01	1.849689e-01
3.240000e-02	-2.411713e-01	1.856416e-01
3.250000e-02	-2.428776e-01	1.863011e-01
3.260000e-02	-2.445955e-01	1.869469e-01
3.270000e-02	-2.463252e-01	1.875783e-01
3.280000e-02	-2.480670e-01	1.881950e-01
3.290000e-02	-2.498214e-01	1.887965e-01
3.300000e-02	-2.515888e-01	1.893825e-01
3.310000e-02	-2.533695e-01	1.899527e-01
3.320000e-02	-2.551640e-01	1.905070e-01
3.330000e-02	-2.569728e-01	1.910452e-01
3.340000e-02	-2.587963e-01	1.915672e-01
3.350000e-02	-2.606350e-01	1.920729e-01
3.360000e-02	-2.624895e-01	1.925622e-01
3.370000e-02	-2.643601e-01	1.930350e-01
3.380000e-02	-2.662474e-01	1.934912e-01
3.390000e-02	-2.681518e-01	1.939308e-01
3.400000e-02	-2.700738e-01	1.943535e-01
3.410000e-02	-2.720138e-01	1.947593e-01
3.420000e-02	-2.739724e-01	1.951477e-01
3.430000e-02	-2.759498e-01	1.955186e-01
3.440000e-02	-2.779466e-01	1.958715e-01
3.450000e-02	-2.799629e-01	1.962061e-01
3.460000e-02	-2.819993e-01	1.965217e-01
3.470000e-02	-2.840560e-01	1.968178e-01
3.480000e-02	-2.861334e-01	1.970937e-01
3.490000e-02	-2.882315e-01	1.973486e-01
3.500000e-02	-2.903508e-01	1.975818e-01
3.510000e-02	-2.924914e-01	1.977923e-01
3.520000e-02	-2.946534e-01	1.979791e-01
3.530000e-02	-2.968371e-01	1.981412e-01
3.540000e-02	-2.990426e-01	1.982776e-01
3.550000e-02	-3.012699e-01	1.983871e-01
3.560000e-02	-3.035192e-01	1.984687e-01
3.570000e-02	-3.057906e-01	1.985210e-01
3.580000e-02	-3.080841e-01	1.985431e-01
3.590000e-02	-3.103998e-01	1.985336e-01
3.600000e-02	-3.127377e-01	1.984916e-01
3.610000e-02	-3.150979e-01	1.984159e-01
3.620000e-02	-3.174805e-01	1.983054e-01
3.630000e-02	-3.198855e-01	1.981592e-01
3.640000e-02	-3.223129e-01	1.979763e-01
3.650000e-02	-3.247628e-01	1.977559e-01
3.660000e-02	-3.272354e-01	1.974972e-01
3.670000e-02	-3.297307e-01	1.971996e-01
3.680000e-02	-3.322487e-01	1.968625e-01
3.690000e-02	-3.347897e-01	1.964854e-01
3.700000e-02	-3.373537e-01	1.960679e-01
3.710000e-02	-3.399408e-01	1.956100e-01
3.720000e-02	-3.425514e-01	1.951113e-01
3.730000e-02	-3.451854e-01	1.945718e-01
3.740000e-02	-3.478431e-01	1.939918e-01
3.750000e-02	-3.505247e-01	1.933712e-01
3.760000e-02	-3.532304e-01	1.927105e-01
3.770000e-02	-3.559604e-01	1.920099e-01
3.780000e-02	-3.587149e-01	1.912699e-01
3.790000e-02	-3.614941e-01	1.904910e-01
3.800000e-02	-3.642983e-01	1.896737e-01
3.810000e-02	-3.671276e-01	1.888186e-01
3.820000e-02	-3.699823e-01	1.879264e-01
3.830000e-02	-3.728625e-01	1.869977e-01
3.840000e-02	-3.757685e-01	1.860332e-01
3.850000e-02	-3.787004e-01	1.850334e-01
3.860000e-02	-3.816583e-01	1.839991e-01
3.870000e-02	-3.846425e-01	1.829309e-01
3.880000e-02	-3.876529e-01	1.818293e-01
3.890000e-02	-3.906898e-01	1.806949e-01
3.900000e-02	-3.937532e-01	1.795281e-01
3.910000e-02	-3.968431e-01	1.783293e-01
3.920000e-02	-3.999596e-01	1.770989e-01
3.930000e-02	-4.031026e-01	1.758371e-01
3.940000e-02	-4.062722e-01	1.745442e-01
3.950000e-02	-4.094683e-01	1.732203e-01
3.960000e-02	-4.126909e-01	1.718654e-01
3.970000e-02	-4.159397e-01	1.704796e-01
3.980000e-02	-4.192149e-01	1.690626e-01
3.990000e-02	-4.225162e-01	1.676145e-01
4.000000e-02	-4.258434e-01	1.661348e-01
4.010000e-02	-4.291965e-01	1.646235e-01
4.020000e-02	-4.325753e-01	1.630802e-01
4.030000e-02	-4.359797e-01	1.615046e-01
4.040000e-02	-4.394094e-01	1.598962e-01
4.050000e-02	-4.428643e-01	1.582548e-01
4.060000e-02	-4.463443e-01	1.565800e-01
4.070000e-02	-4.498491e-01	1.548713e-01
4.080000e-02	-4.533787e-01	1.531285e-01
4.090000e-02	-4.569328e-01	1.513511e-01
4.100000e-02	-4.605113e-01	1.495390e-01
4.110000e-02	-4.641142e-01	1.476919e-01
4.120000e-02	-4.677413e-01	1.458095e-01
4.130000e-02	-4.713924e-01	1.438918e-01
4.140000e-02	-4.750676e-01	1.419387e-01
4.150000e-02	-4.787667e-01	1.399503e-01
4.160000e-02	-4.824897e-01	1.379265e-01
4.170000e-02	-4.862365e-01	1.358676e-01
4.180000e-02	-4.900070e-01	1.337738e-01
4.190000e-02	-4.938014e-01	1.316454e-01
4.200000e-02	-4.976195e-01	1.294828e-01
4.210000e-02	-5.014613e-01	1.272866e-01
4.220000e-02	-5.053268e-01	1.250571e-01
4.230000e-02	-5.092160e-01	1.227950e-01
4.240000e-02	-5.131290e-01	1.205010e-01
4.250000e-02	-5.170656e-01	1.181758e-01
4.260000e-02	-5.210260e-01	1.158201e-01
4.270000e-02	-5.250100e-01	1.134346e-01
4.280000e-02	-5.290176e-01	1.110201e-01
4.290000e-02	-5.330488e-01	1.085775e-01
4.300000e-02	-5.371035e-01	1.061074e-01
4.310000e-02	-5.411817e-01	1.036108e-01
4.320000e-02	-5.452832e-01	1.010884e-01
4.330000e-02	-5.494079e-01	9.854085e-02
4.340000e-02	-5.535557e-01	9.596891e-02
4.350000e-02	-5.577263e-01	9.337324e-02
4.360000e-02	-5.619197e-01	9.075443e-02
4.370000e-02	-5.661355e-01	8.811304e-02
4.380000e-02	-5.703736e-01	8.544956e-02
4.390000e-02	-5.746337e-01	8.276441e-02
4.400000e-02	-5.789155e-01	8.005795e-02
4.410000e-02	-5.832187e-01	7.733046e-02
4.420000e-02	-5.875430e-01	7.458221e-02
4.430000e-02	-5.918880e-01	7.181339e-02
4.440000e-02	-5.962533e-01	6.902409e-02
4.450000e-02	-6.006386e-01	6.621439e-02
4.460000e-02	-6.050434e-01	6.338428e-02
4.470000e-02	-6.094674e-01	6.053375e-02
4.480000e-02	-6.139102e-01	5.766271e-02
4.490000e-02	-6.183713e-01	5.477107e-02
4.500000e-02	-6.228503e-01	5.185871e-02
4.510000e-02	-6.273469e-01	4.892552e-02
4.520000e-02	-6.318607e-01	4.597138e-02
4.530000e-02	-6.363912e-01	4.299618e-02
4.540000e-02	-6.409381e-01	3.999982e-02
4.550000e-02	-6.455010e-01	3.698227e-02
4.560000e-02	-6.500795e-01	3.394350e-02
4.570000e-02	-6.546734e-01	3.088355e-02
4.580000e-02	-6.592823e-01	2.780252e-02
4.590000e-02	-6.639059e-01	2.470057e-02
4.600000e-02	-6.685439e-01	2.157794e-02
4.610000e-02	-6.731960e-01	1.843492e-02
4.620000e-02	-6.778620e-01	1.527192e-02
4.630000e-02	-6.825415e-01	1.208941e-02
4.640000e-02	-6.872344e-01	8.887936e-03
4.650000e-02	-6.919404e-01	5.668156e-03
4.660000e-02	-6.966594e-01	2.430797e-03
4.670000e-02	-7.013909e-01	-8.233309e-04
4.680000e-02	-7.061349e-01	-4.093345e-03
4.690000e-02	-7.108911e-01	-7.378266e-03
4.700000e-02	-7.156593e-01	-1.067709e-02
4.710000e-02	-7.204392e-01	-1.398869e-02
4.720000e-02	-7.252306e-01	-1.731197e-02
4.730000e-02	-7.300332e-01	-2.064566e-02
4.740000e-02	-7.348468e-01	-2.398862e-02
4.750000e-02	-7.396710e-01	-2.733952e-02
4.760000e-02	-7.445055e-01	-3.069720e-02
4.770000e-02	-7.493501e-01	-3.406028e-02
4.780000e-02	-7.542044e-01	-3.742751e-02
4.790000e-02	-7.590679e-01	-4.079759e-02
4.800000e-02	-7.639403e-01	-4.416931e-02
4.810000e-02	-7.688212e-01	-4.754138e-02
4.820000e-02	-7.737102e-01	-5.091273e-02
4.830000e-02	-7.786067e-01	-5.428210e-02
4.840000e-02	-7.835103e-01	-5.764842e-02
4.850000e-02	-7.884204e-01	-6.101061e-02
4.860000e-02	-7.933366e-01	-6.436770e-02
4.870000e-02	-7.982584e-01	-6.771871e-02
4.880000e-02	-8.031852e-01	-7.106282e-02
4.890000e-02	-8.081164e-01	-7.439915e-02
4.900000e-02	-8.130514e-01	-7.772694e-02
4.910000e-02	-8.179898e-01	-8.104546e-02
4.920000e-02	-8.229309e-01	-8.435408e-02
4.930000e-02	-8.278742e-01	-8.765213e-02
4.940000e-02	-8.328191e-01	-9.093909e-02
4.950000e-02	-8.377652e-01	-9.421444e-02
4.960000e-02	-8.427119e-01	-9.747768e-02
4.970000e-02	-8.476586e-01	-1.007283e-01
4.980000e-02	-8.526050e-01	-1.039660e-01
4.990000e-02	-8.575505e-01	-1.071901e-01
5.000000e-02	-8.624947e-01	-1.104004e-01
5.010000e-02	-8.674373e-01	-1.135963e-01
5.020000e-02	-8.723777e-01	-1.167774e-01
5.030000e-02	-8.773158e-01	-1.199432e-01
5.040000e-02	-8.822511e-01	-1.230934e-01
5.050000e-02	-8.871833e-01	-1.262273e-01
5.060000e-02	-8.921123e-01	-1.293445e-01
5.070000e-02	-8.970377e-01	-1.324443e-01
5.080000e-02	-9.019594e-01	-1.355261e-01
5.090000e-02	-9.068772e-01	-1.385894e-01
5.100000e-02	-9.117909e-01	-1.416335e-01
5.110000e-02	-9.167004e-01	-1.446575e-01
5.120000e-02	-9.216056e-01	-1.476608e-01
5.130000e-02	-9.265064e-01	-1.506425e-01
5.140000e-02	-9.314027e-01	-1.536018e-01
5.150000e-02	-9.362945e-01	-1.565379e-01
5.160000e-02	-9.411816e-01	-1.594499e-01
5.170000e-02	-9.460642e-01	-1.623369e-01
5.180000e-02	-9.509420e-01	-1.651980e-01
5.190000e-02	-9.558150e-01	-1.680322e-01
5.200000e-02	-9.606832e-01	-1.708387e-01
5.210000e-02	-9.655466e-01	-1.736165e-01
5.220000e-02	-9.704050e-01	-1.763649e-01
5.230000e-02	-9.752584e-01	-1.790828e-01
5.240000e-02	-9.801067e-01	-1.817697e-01
5.250000e-02	-9.849499e-01	-1.844245e-01
5.260000e-02	-9.897877e-01	-1.870467e-01
5.270000e-02	-9.946200e-01	-1.896356e-01
5.280000e-02	-9.994469e-01	-1.921906e-01
5.290000e-02	-1.004268e+00	-1.947112e-01
5.300000e-02	-1.009083e+00	-1.971969e-01
5.310000e-02	-1.013892e+00	-1.996473e-01
5.320000e-02	-1.018695e+00	-2.020622e-01
5.330000e-02	-1.023492e+00	-2.044414e-01
5.340000e-02	-1.028282e+00	-2.067847e-01
5.350000e-02	-1.033065e+00	-2.090921e-01
5.360000e-02	-1.037841e+00	-2.113636e-01
5.370000e-02	-1.042610e+00	-2.135994e-01
5.380000e-02	-1.047372e+00	-2.157996e-01
5.390000e-02	-1.052126e+00	-2.179646e-01
5.400000e-02	-1.056873e+00	-2.200947e-01
5.410000e-02	-1.061611e+00	-2.221903e-01
5.420000e-02	-1.066342e+00	-2.242518e-01
5.430000e-02	-1.071065e+00	-2.262799e-01
5.440000e-02	-1.075780e+00	-2.282749e-01
5.450000e-02	-1.080487e+00	-2.302376e-01
5.460000e-02	-1.085186e+00	-2.321686e-01
5.470000e-02	-1.089877e+00	-2.340684e-01
5.480000e-02	-1.094560e+00	-2.359378e-01
5.490000e-02	-1.099235e+00	-2.377773e-01
5.500000e-02	-1.103902e+00	-2.395877e-01
5.510000e-02	-1.108562e+00	-2.413696e-01
5.520000e-02	-1.113214e+00	-2.431236e-01
5.530000e-02	-1.117859e+00	-2.448503e-01
5.540000e-02	-1.122498e+00	-2.465504e-01
5.550000e-02	-1.127129e+00	-2.482242e-01
5.560000e-02	-1.131755e+00	-2.498725e-01
5.570000e-02	-1.136374e+00	-2.514956e-01
5.580000e-02	-1.140988e+00	-2.530939e-01
5.590000e-02	-1.145596e+00	-2.546680e-01
5.600000e-02	-1.150199e+00	-2.562182e-01
5.610000e-02	-1.154798e+00	-2.577447e-01
5.620000e-02	-1.159393e+00	-2.592480e-01
5.630000e-02	-1.163984e+00	-2.607283e-01
5.640000e-02	-1.168571e+00	-2.621858e-01
5.650000e-02	-1.173156e+00	-2.636207e-01
5.660000e-02	-1.177737e+00	-2.650333e-01
5.670000e-02	-1.182316e+00	-2.664237e-01
5.680000e-02	-1.186893e+00	-2.677921e-01
5.690000e-02	-1.191469e+00	-2.691387e-01
5.700000e-02	-1.196043e+00	-2.704636e-01
5.710000e-02	-1.200615e+00	-2.717671e-01
5.720000e-02	-1.205187e+00	-2.730493e-01
5.730000e-02	-1.209758e+00	-2.743104e-01
5.740000e-02	-1.214328e+00	-2.755507e-01
5.750000e-02	-1.218897e+00	-2.767704e-01
5.760000e-02	-1.223466e+00	-2.779698e-01
5.770000e-02	-1.228035e+00	-2.791492e-01
5.780000e-02	-1.232604e+00	-2.803089e-01
5.790000e-02	-1.237173e+00	-2.814493e-01
5.800000e-02	-1.241741e+00	-2.825709e-01
5.810000e-02	-1.246309e+00	-2.836741e-01
5.820000e-02	-1.250877e+00	-2.847593e-01
5.830000e-02	-1.255445e+00	-2.858271e-01
5.840000e-02	-1.260013e+00	-2.868779e-01
5.850000e-02	-1.264581e+00	-2.879124e-01
5.860000e-02	-1.269148e+00	-2.889311e-01
5.870000e-02	-1.273715e+00	-2.899347e-01
5.880000e-02	-1.278282e+00	-2.909237e-01
5.890000e-02	-1.282849e+00	-2.918987e-01
5.900000e-02	-1.287415e+00	-2.928603e-01
5.910000e-02	-1.291981e+00	-2.938093e-01
5.920000e-02	-1.296546e+00	-2.947460e-01
5.930000e-02	-1.301112e+00	-2.956712e-01
5.940000e-02	-1.305677e+00	-2.965854e-01
5.950000e-02	-1.310242e+00	-2.974890e-01
5.960000e-02	-1.314807e+00	-2.983826e-01
5.970000e-02	-1.319372e+00	-2.992665e-01
5.980000e-02	-1.323938e+00	-3.001413e-01
5.990000e-02	-1.328503e+00	-3.010071e-01
6.000000e-02	-1.333070e+00	-3.018646e-01
6.010000e-02	-1.337636e+00	-3.027153e-01
6.020000e-02	-1.342202e+00	-3.035616e-01
6.030000e-02	-1.346765e+00	-3.044057e-01
6.040000e-02	-1.351327e+00	-3.052499e-01
6.050000e-02	-1.355886e+00	-3.060962e-01
6.060000e-02	-1.360441e+00	-3.069468e-01
6.070000e-02	-1.364991e+00	-3.078036e-01
6.080000e-02	-1.369536e+00	-3.086688e-01
6.090000e-02	-1.374074e+00	-3.095443e-01
6.100000e-02	-1.378606e+00	-3.104319e-01
6.110000e-02	-1.383129e+00	-3.113337e-01
6.120000e-02	-1.387644e+00	-3.122513e-01
6.130000e-02	-1.392149e+00	-3.131866e-01
6.140000e-02	-1.396642e+00	-3.141413e-01
6.150000e-02	-1.401125e+00	-3.151170e-01
6.160000e-02	-1.405594e+00	-3.161154e-01
6.170000e-02	-1.410049e+00	-3.171381e-01
6.180000e-02	-1.414490e+00	-3.181865e-01
6.190000e-02	-1.418914e+00	-3.192620e-01
6.200000e-02	-1.423321e+00	-3.203662e-01
6.210000e-02	-1.427710e+00	-3.215003e-01
6.220000e-02	-1.432079e+00	-3.226656e-01
6.230000e-02	-1.436427e+00	-3.238633e-01
6.240000e-02	-1.440753e+00	-3.250945e-01
6.250000e-02	-1.445056e+00	-3.263605e-01
6.260000e-02	-1.449334e+00	-3.276622e-01
6.270000e-02	-1.453587e+00	-3.290005e-01
6.280000e-02	-1.457812e+00	-3.303765e-01
6.290000e-02	-1.462009e+00	-3.317909e-01
6.300000e-02	-1.466176e+00	-3.332445e-01
6.310000e-02	-1.470312e+00	-3.347380e-01
6.320000e-02	-1.474416e+00	-3.362722e-01
6.330000e-02	-1.478486e+00	-3.378474e-01
6.340000e-02	-1.482522e+00	-3.394643e-01
6.350000e-02	-1.486523e+00	-3.411232e-01
6.360000e-02	-1.490486e+00	-3.428244e-01
6.370000e-02	-1.494411e+00	-3.445684e-01
6.380000e-02	-1.498297e+00	-3.463551e-01
6.390000e-02	-1.502142e+00	-3.481848e-01
6.400000e-02	-1.505947e+00	-3.500575e-01
6.410000e-02	-1.509708e+00	-3.519731e-01
6.420000e-02	-1.513427e+00	-3.539315e-01
6.430000e-02	-1.517101e+00	-3.559325e-01
6.440000e-02	-1.520730e+00	-3.579757e-01
6.450000e-02	-1.524313e+00	-3.600609e-01
6.460000e-02	-1.527849e+00	-3.621875e-01
6.470000e-02	-1.531337e+00	-3.643550e-01
6.480000e-02	-1.534776e+00	-3.665629e-01
6.490000e-02	-1.538166e+00	-3.688104e-01
6.500000e-02	-1.541506e+00	-3.710968e-01
6.510000e-02	-1.544795e+00	-3.734213e-01
6.520000e-02	-1.548033e+00	-3.757830e-01
6.530000e-02	-1.551218e+00	-3.781809e-01
6.540000e-02	-1.554350e+00	-3.806140e-01
6.550000e-02	-1.557429e+00	-3.830812e-01
6.560000e-02	-1.560453e+00	-3.855814e-01
6.570000e-02	-1.563422e+00	-3.881135e-01
6.580000e-02	-1.566336e+00	-3.906760e-01
6.590000e-02	-1.569193e+00	-3.932678e-01
6.600000e-02	-1.571993e+00	-3.958875e-01
6.610000e-02	-1.574736e+00	-3.985337e-01
6.620000e-02	-1.577420e+00	-4.012052e-01
6.630000e-02	-1.580045e+00	-4.039003e-01
6.640000e-02	-1.582610e+00	-4.066178e-01
6.650000e-02	-1.585114e+00	-4.093561e-01
6.660000e-02	-1.587558e+00	-4.121138e-01
6.670000e-02	-1.589940e+00	-4.148894e-01
6.680000e-02	-1.592259e+00	-4.176817e-01
6.690000e-02	-1.594516e+00	-4.204894e-01
6.700000e-02	-1.596709e+00	-4.233112e-01
6.710000e-02	-1.598838e+00	-4.261462e-01
6.720000e-02	-1.600903e+00	-4.289935e-01
6.730000e-02	-1.602902e+00	-4.318524e-01
6.740000e-02	-1.604837e+00	-4.347222e-01
6.750000e-02	-1.606707e+00	-4.376027e-01
6.760000e-02	-1.608512e+00	-4.404935e-01
6.770000e-02	-1.610252e+00	-4.433946e-01
6.780000e-02	-1.611926e+00	-4.463062e-01
6.790000e-02	-1.613537e+00	-4.492285e-01
6.800000e-02	-1.615082e+00	-4.521620e-01
6.810000e-02	-1.616564e+00	-4.551072e-01
6.820000e-02	-1.617983e+00	-4.580650e-01
6.830000e-02	-1.619339e+00	-4.610361e-01
6.840000e-02	-1.620633e+00	-4.640213e-01
6.850000e-02	-1.621865e+00	-4.670217e-01
6.860000e-02	-1.623038e+00	-4.700382e-01
6.870000e-02	-1.624151e+00	-4.730717e-01
6.880000e-02	-1.625206e+00	-4.761234e-01
6.890000e-02	-1.626204e+00	-4.791940e-01
6.900000e-02	-1.627145e+00	-4.822845e-01
6.910000e-02	-1.628031e+00	-4.853955e-01
6.920000e-02	-1.628863e+00	-4.885278e-01
6.930000e-02	-1.629643e+00	-4.916817e-01
6.940000e-02	-1.630370e+00	-4.948576e-01
6.950000e-02	-1.631046e+00	-4.980556e-01
6.960000e-02	-1.631672e+00	-5.012756e-01
6.970000e-02	-1.632250e+00	-5.045173e-01
6.980000e-02	-1.632779e+00	-5.077801e-01
6.990000e-02	-1.633262e+00	-5.110634e-01
7.000000e-02	-1.633698e+00	-5.143660e-01
7.010000e-02	-1.634089e+00	-5.176868e-01
7.020000e-02	-1.634434e+00	-5.210242e-01
7.030000e-02	-1.634736e+00	-5.243766e-01
7.040000e-02	-1.634994e+00	-5.277419e-01
7.050000e-02	-1.635208e+00	-5.311182e-01
7.060000e-02	-1.635380e+00	-5.345029e-01
7.070000e-02	-1.635509e+00	-5.378936e-01
7.080000e-02	-1.635597e+00	-5.412877e-01
7.090000e-02	-1.635642e+00	-5.446824e-01
7.100000e-02	-1.635645e+00	-5.480747e-01
7.110000e-02	-1.635607e+00	-5.514617e-01
7.120000e-02	-1.635527e+00	-5.548404e-01
7.130000e-02	-1.635406e+00	-5.582077e-01
7.140000e-02	-1.635244e+00	-5.615605e-01
7.150000e-02	-1.635041e+00	-5.648958e-01
7.160000e-02	-1.634796e+00	-5.682107e-01
7.170000e-02	-1.634511e+00	-5.715021e-01
7.180000e-02	-1.634185e+00	-5.747673e-01
7.190000e-02	-1.633818e+00	-5.780037e-01
7.200000e-02	-1.633411e+00	-5.812086e-01
7.210000e-02	-1.632964e+00	-5.843796e-01
7.220000e-02	-1.632477e+00	-5.875144e-01
7.230000e-02	-1.631951e+00	-5.906110e-01
7.240000e-02	-1.631386e+00	-5.936675e-01
7.250000e-02	-1.630783e+00	-5.966822e-01
7.260000e-02	-1.630142e+00	-5.996534e-01
7.270000e-02	-1.629464e+00	-6.025799e-01
7.280000e-02	-1.628750e+00	-6.054604e-01
7.290000e-02	-1.628000e+00	-6.082940e-01
7.300000e-02	-1.627217e+00	-6.110797e-01
7.310000e-02	-1.626399e+00	-6.138167e-01
7.320000e-02	-1.625550e+00	-6.165046e-01
7.330000e-02	-1.624669e+00	-6.191427e-01
7.340000e-02	-1.623758e+00	-6.217307e-01
7.350000e-02	-1.622817e+00	-6.242681e-01
7.360000e-02	-1.621849e+00	-6.267547e-01
7.370000e-02	-1.620855e+00	-6.291902e-01
7.380000e-02	-1.619834e+00	-6.315742e-01
7.390000e-02	-1.618790e+00	-6.339065e-01
7.400000e-02	-1.617723e+00	-6.361867e-01
7.410000e-02	-1.616633e+00	-6.384144e-01
7.420000e-02	-1.615523e+00	-6.405891e-01
7.430000e-02	-1.614394e+00	-6.427102e-01
7.440000e-02	-1.613246e+00	-6.447771e-01
7.450000e-02	-1.612080e+00	-6.467889e-01
7.460000e-02	-1.610897e+00	-6.487448e-01
7.470000e-02	-1.609699e+00	-6.506436e-01
7.480000e-02	-1.608485e+00	-6.524843e-01
7.490000e-02	-1.607257e+00	-6.542654e-01
7.500000e-02	-1.606015e+00	-6.559856e-01
7.510000e-02	-1.604760e+00	-6.576432e-01
7.520000e-02	-1.603491e+00	-6.592367e-01
7.530000e-02	-1.602210e+00	-6.607643e-01
7.540000e-02	-1.600916e+00	-6.622242e-01
7.550000e-02	-1.599609e+00	-6.636148e-01
7.560000e-02	-1.598290e+00	-6.649341e-01
7.570000e-02	-1.596958e+00	-6.661806e-01
7.580000e-02	-1.595612e+00	-6.673527e-01
7.590000e-02	-1.594254e+00	-6.684487e-01
7.600000e-02	-1.592880e+00	-6.694675e-01
7.610000e-02	-1.591493e+00	-6.704077e-01
7.620000e-02	-1.590090e+00	-6.712684e-01
7.630000e-02	-1.588671e+00	-6.720487e-01
7.640000e-02	-1.587234e+00	-6.727479e-01
7.650000e-02	-1.585781e+00	-6.733657e-01
7.660000e-02	-1.584308e+00	-6.739018e-01
7.670000e-02	-1.582816e+00	-6.743563e-01
7.680000e-02	-1.581304e+00	-6.747293e-01
7.690000e-02	-1.579770e+00	-6.750213e-01
7.700000e-02	-1.578214e+00	-6.752329e-01
7.710000e-02	-1.576636e+00	-6.753649e-01
7.720000e-02	-1.575034e+00	-6.754183e-01
7.730000e-02	-1.573408e+00	-6.753943e-01
7.740000e-02	-1.571757e+00	-6.752940e-01
7.750000e-02	-1.570081e+00	-6.751188e-01
7.760000e-02	-1.568379e+00	-6.748702e-01
7.770000e-02	-1.566652e+00	-6.745496e-01
7.780000e-02	-1.564899e+00	-6.741585e-01
7.790000e-02	-1.563120e+00	-6.736984e-01
7.800000e-02	-1.561316e+00	-6.731708e-01
7.810000e-02	-1.559486e+00	-6.725770e-01
7.820000e-02	-1.557632e+00	-6.719185e-01
7.830000e-02	-1.555753e+00	-6.711963e-01
7.840000e-02	-1.553850e+00	-6.704116e-01
7.850000e-02	-1.551924e+00	-6.695653e-01
7.860000e-02	-1.549976e+00	-6.686583e-01
7.870000e-02	-1.548006e+00	-6.676912e-01
7.880000e-02	-1.546016e+00	-6.666644e-01
7.890000e-02	-1.544006e+00	-6.655782e-01
7.900000e-02	-1.541978e+00	-6.644327e-01
7.910000e-02	-1.539933e+00	-6.632278e-01
7.920000e-02	-1.537871e+00	-6.619632e-01
7.930000e-02	-1.535793e+00	-6.606386e-01
7.940000e-02	-1.533702e+00	-6.592534e-01
7.950000e-02	-1.531596e+00	-6.578067e-01
7.960000e-02	-1.529478e+00	-6.562979e-01
7.970000e-02	-1.527349e+00	-6.547259e-01
7.980000e-02	-1.525208e+00	-6.530901e-01
7.990000e-02	-1.523055e+00	-6.513910e-01
8.000000e-02	-1.520891e+00	-6.496296e-01
8.010000e-02	-1.518715e+00	-6.478068e-01
8.020000e-02	-1.516525e+00	-6.459237e-01
8.030000e-02	-1.514322e+00	-6.439807e-01
8.040000e-02	-1.512105e+00	-6.419785e-01
8.050000e-02	-1.509873e+00	-6.399176e-01
8.060000e-02	-1.507624e+00	-6.377988e-01
8.070000e-02	-1.505359e+00	-6.356225e-01
8.080000e-02	-1.503076e+00	-6.333894e-01
8.090000e-02	-1.500773e+00	-6.311001e-01
8.100000e-02	-1.498451e+00	-6.287551e-01
8.110000e-02	-1.496107e+00	-6.263551e-01
8.120000e-02	-1.493740e+00	-6.239008e-01
8.130000e-02	-1.491350e+00	-6.213930e-01
8.140000e-02	-1.488935e+00	-6.188325e-01
8.150000e-02	-1.486494e+00	-6.162204e-01
8.160000e-02	-1.484025e+00	-6.135576e-01
8.170000e-02	-1.481529e+00	-6.108452e-01
8.180000e-02	-1.479003e+00	-6.080847e-01
8.190000e-02	-1.476446e+00	-6.052773e-01
8.200000e-02	-1.473858e+00	-6.024247e-01
8.210000e-02	-1.471238e+00	-5.995286e-01
8.220000e-02	-1.468584e+00	-5.965907e-01
8.230000e-02	-1.465896e+00	-5.936130e-01
8.240000e-02	-1.463173e+00	-5.905979e-01
8.250000e-02	-1.460415e+00	-5.875498e-01
8.260000e-02	-1.457623e+00	-5.844740e-01
8.270000e-02	-1.454798e+00	-5.813756e-01
8.280000e-02	-1.451939e+00	-5.782596e-01
8.290000e-02	-1.449048e+00	-5.751310e-01
8.300000e-02	-1.446125e+00	-5.719946e-01
8.310000e-02	-1.443171e+00	-5.688551e-01
8.320000e-02	-1.440185e+00	-5.657174e-01
8.330000e-02	-1.437169e+00	-5.625863e-01
8.340000e-02	-1.434123e+00	-5.594666e-01
8.350000e-02	-1.431047e+00	-5.563628e-01
8.360000e-02	-1.427942e+00	-5.532797e-01
8.370000e-02	-1.424809e+00	-5.502218e-01
8.380000e-02	-1.421647e+00	-5.471934e-01
8.390000e-02	-1.418459e+00	-5.441989e-01
8.400000e-02	-1.415243e+00	-5.412425e-01
8.410000e-02	-1.412000e+00	-5.383285e-01
8.420000e-02	-1.408731e+00	-5.354608e-01
8.430000e-02	-1.405436e+00	-5.326433e-01
8.440000e-02	-1.402116e+00	-5.298800e-01
8.450000e-02	-1.398770e+00	-5.271744e-01
8.460000e-02	-1.395400e+00	-5.245303e-01
8.470000e-02	-1.392005e+00	-5.219511e-01
8.480000e-02	-1.388586e+00	-5.194400e-01
8.490000e-02	-1.385143e+00	-5.170005e-01
8.500000e-02	-1.381677e+00	-5.146357e-01
8.510000e-02	-1.378186e+00	-5.123484e-01
8.520000e-02	-1.374673e+00	-5.101417e-01
8.530000e-02	-1.371136e+00	-5.080183e-01
8.540000e-02	-1.367576e+00	-5.059808e-01
8.550000e-02	-1.363993e+00	-5.040317e-01
8.560000e-02	-1.360388e+00	-5.021735e-01
8.570000e-02	-1.356759e+00	-5.004083e-01
8.580000e-02	-1.353109e+00	-4.987382e-01
8.590000e-02	-1.349436e+00	-4.971652e-01
8.600000e-02	-1.345740e+00	-4.956912e-01
8.610000e-02	-1.342023e+00	-4.943177e-01
8.620000e-02	-1.338283e+00	-4.930464e-01
8.630000e-02	-1.334521e+00	-4.918787e-01
8.640000e-02	-1.330737e+00	-4.908157e-01
8.650000e-02	-1.326932e+00	-4.898585e-01
8.660000e-02	-1.323105e+00	-4.890081e-01
8.670000e-02	-1.319256e+00	-4.882651e-01
8.680000e-02	-1.315386e+00	-4.876304e-01
8.690000e-02	-1.311495e+00	-4.871042e-01
8.700000e-02	-1.307582e+00	-4.866869e-01
8.710000e-02	-1.303649e+00	-4.863785e-01
8.720000e-02	-1.299696e+00	-4.861791e-01
8.730000e-02	-1.295721e+00	-4.860883e-01
8.740000e-02	-1.291727e+00	-4.861058e-01
8.750000e-02	-1.287713e+00	-4.862309e-01
8.760000e-02	-1.283679e+00	-4.864631e-01
8.770000e-02	-1.279625e+00	-4.868012e-01
8.780000e-02	-1.275552e+00	-4.872442e-01
8.790000e-02	-1.271460e+00	-4.877910e-01
8.800000e-02	-1.267349e+00	-4.884401e-01
8.810000e-02	-1.263219e+00	-4.891900e-01
8.820000e-02	-1.259071e+00	-4.900391e-01
8.830000e-02	-1.254905e+00	-4.909855e-01
8.840000e-02	-1.250720e+00	-4.920273e-01
8.850000e-02	-1.246518e+00	-4.931623e-01
8.860000e-02	-1.242297e+00	-4.943885e-01
8.870000e-02	-1.238059e+00	-4.957034e-01
8.880000e-02	-1.233804e+00	-4.971047e-01
8.890000e-02	-1.229531e+00	-4.985899e-01
8.900000e-02	-1.225240e+00	-5.001565e-01
8.910000e-02	-1.220932e+00	-5.018017e-01
8.920000e-02	-1.216607e+00	-5.035229e-01
8.930000e-02	-1.212264e+00	-5.053172e-01
8.940000e-02	-1.207904e+00	-5.071820e-01
8.950000e-02	-1.203527e+00	-5.091143e-01
8.960000e-02	-1.199132e+00	-5.111112e-01
8.970000e-02	-1.194719e+00	-5.131699e-01
8.980000e-02	-1.190290e+00	-5.152874e-01
8.990000e-02	-1.185842e+00	-5.174610e-01
9.000000e-02	-1.181376e+00	-5.196875e-01
9.010000e-02	-1.176893e+00	-5.219642e-01
9.020000e-02	-1.172392e+00	-5.242882e-01
9.030000e-02	-1.167872e+00	-5.266566e-01
9.040000e-02	-1.163334e+00	-5.290667e-01
9.050000e-02	-1.158778e+00	-5.315155e-01
9.060000e-02	-1.154203e+00	-5.340005e-01
9.070000e-02	-1.149609e+00	-5.365188e-01
9.080000e-02	-1.144996e+00	-5.390677e-01
9.090000e-02	-1.140365e+00	-5.416448e-01
9.100000e-02	-1.135715e+00	-5.442473e-01
9.110000e-02	-1.131045e+00	-5.468727e-01
9.120000e-02	-1.126357e+00	-5.495186e-01
9.130000e-02	-1.121649e+00	-5.521825e-01
9.140000e-02	-1.116923e+00	-5.548620e-01
9.150000e-02	-1.112177e+00	-5.575547e-01
9.160000e-02	-1.107412e+00	-5.602584e-01
9.170000e-02	-1.102628e+00	-5.629707e-01
9.180000e-02	-1.097825e+00	-5.656895e-01
9.190000e-02	-1.093003e+00	-5.684124e-01
9.200000e-02	-1.088162e+00	-5.711375e-01
9.210000e-02	-1.083302e+00	-5.738625e-01
9.220000e-02	-1.078424e+00	-5.765854e-01
9.230000e-02	-1.073528e+00	-5.793041e-01
9.240000e-02	-1.068613e+00	-5.820165e-01
9.250000e-02	-1.063681e+00	-5.847209e-01
9.260000e-02	-1.058731e+00	-5.874150e-01
9.270000e-02	-1.053763e+00	-5.900971e-01
9.280000e-02	-1.048777e+00	-5.927651e-01
9.290000e-02	-1.043775e+00	-5.954173e-01
9.300000e-02	-1.038756e+00	-5.980518e-01
9.310000e-02	-1.033719e+00	-6.006668e-01
9.320000e-02	-1.028667e+00	-6.032605e-01
9.330000e-02	-1.023597e+00	-6.058311e-01
9.340000e-02	-1.018512e+00	-6.083769e-01
9.350000e-02	-1.013411e+00	-6.108962e-01
9.360000e-02	-1.008294e+00	-6.133874e-01
9.370000e-02	-1.003161e+00	-6.158489e-01
9.380000e-02	-9.980122e-01	-6.182791e-01
9.390000e-02	-9.928482e-01	-6.206765e-01
9.400000e-02	-9.876688e-01	-6.230396e-01
9.410000e-02	-9.824741e-01	-6.253670e-01
9.420000e-02	-9.772641e-01	-6.276573e-01
9.430000e-02	-9.720388e-01	-6.299091e-01
9.440000e-02	-9.667984e-01	-6.321212e-01
9.450000e-02	-9.615427e-01	-6.342923e-01
9.460000e-02	-9.562719e-01	-6.364213e-01
9.470000e-02	-9.509859e-01	-6.385071e-01
9.480000e-02	-9.456846e-01	-6.405486e-01
9.490000e-02	-9.403681e-01	-6.425448e-01
9.500000e-02	-9.350363e-01	-6.444948e-01
9.510000e-02	-9.296892e-01	-6.463977e-01
9.520000e-02	-9.243267e-01	-6.482527e-01
9.530000e-02	-9.189490e-01	-6.500591e-01
9.540000e-02	-9.135560e-01	-6.518164e-01
9.550000e-02	-9.081478e-01	-6.535240e-01
9.560000e-02	-9.027245e-01	-6.551816e-01
9.570000e-02	-8.972863e-01	-6.567888e-01
9.580000e-02	-8.918335e-01	-6.583457e-01
9.590000e-02	-8.863662e-01	-6.598520e-01
9.600000e-02	-8.808848e-01	-6.613079e-01
9.610000e-02	-8.753897e-01	-6.627135e-01
9.620000e-02	-8.698813e-01	-6.640692e-01
9.630000e-02	-8.643601e-01	-6.653751e-01
9.640000e-02	-8.588265e-01	-6.666318e-01
9.650000e-02	-8.532812e-01	-6.678396e-01
9.660000e-02	-8.477246e-01	-6.689991e-01
9.670000e-02	-8.421575e-01	-6.701107e-01
9.680000e-02	-8.365804e-01	-6.711749e-01
9.690000e-02	-8.309940e-01	-6.721922e-01
9.700000e-02	-8.253989e-01	-6.731632e-01
9.710000e-02	-8.197957e-01	-6.740880e-01
9.720000e-02	-8.141851e-01	-6.749673e-01
9.730000e-02	-8.085676e-01	-6.758011e-01
9.740000e-02	-8.029437e-01	-6.765897e-01
9.750000e-02	-7.973141e-01	-6.773332e-01
9.760000e-02	-7.916790e-01	-6.780314e-01
9.770000e-02	-7.860389e-01	-6.786844e-01
9.780000e-02	-7.803941e-01	-6.792918e-01
9.790000e-02	-7.747449e-01	-6.798532e-01
9.800000e-02	-7.690914e-01	-6.803680e-01
9.810000e-02	-7.634337e-01	-6.808355e-01
9.820000e-02	-7.577719e-01	-6.812549e-01
9.830000e-02	-7.521056e-01	-6.816254e-01
9.840000e-02	-7.464349e-01	-6.819457e-01
9.850000e-02	-7.407594e-01	-6.822147e-01
9.860000e-02	-7.350787e-01	-6.824312e-01
9.870000e-02	-7.293926e-01	-6.825943e-01
9.880000e-02	-7.237015e-01	-6.827045e-01
9.890000e-02	-7.180058e-01	-6.827624e-01
9.900000e-02	-7.123058e-01	-6.827686e-01
9.910000e-02	-7.066020e-01	-6.827240e-01
9.920000e-02	-7.008947e-01	-6.826294e-01
9.930000e-02	-6.951843e-01	-6.824859e-01
9.940000e-02	-6.894712e-01	-6.822945e-01
9.950000e-02	-6.837558e-01	-6.820565e-01
9.960000e-02	-6.780384e-01	-6.817733e-01
9.970000e-02	-6.723195e-01	-6.814461e-01
9.980000e-02	-6.665993e-01	-6.810767e-01
9.990000e-02	-6.608783e-01	-6.806667e-01
1.000000e-01	-6.551569e-01	-6.802179e-01
1.001000e-01	-6.494355e-01	-6.797322e-01
1.002000e-01	-6.437145e-01	-6.792115e-01
1.003000e-01	-6.379945e-01	-6.786582e-01
1.004000e-01	-6.322758e-01	-6.780743e-01
1.005000e-01	-6.265590e-01	-6.774623e-01
1.006000e-01	-6.208446e-01	-6.768246e-01
1.007000e-01	-6.151332e-01	-6.761638e-01
1.008000e-01	-6.094252e-01	-6.754826e-01
1.009000e-01	-6.037215e-01	-6.747836e-01
1.010000e-01	-5.980225e-01	-6.740698e-01
1.011000e-01	-5.923290e-01	-6.733440e-01
1.012000e-01	-5.866417e-01	-6.726094e-01
1.013000e-01	-5.809612e-01	-6.718689e-01
1.014000e-01	-5.752885e-01	-6.711257e-01
1.015000e-01	-5.696243e-01	-6.703830e-01
1.016000e-01	-5.639694e-01	-6.696441e-01
1.017000e-01	-5.583248e-01	-6.689123e-01
1.018000e-01	-5.526912e-01	-6.681910e-01
1.019000e-01	-5.470696e-01	-6.674836e-01
1.020000e-01	-5.414610e-01	-6.667936e-01
1.021000e-01	-5.358663e-01	-6.661244e-01
1.022000e-01	-5.302864e-01	-6.654796e-01
1.023000e-01	-5.247225e-01	-6.648625e-01
1.024000e-01	-5.191754e-01	-6.642770e-01
1.025000e-01	-5.136462e-01	-6.637263e-01
1.026000e-01	-5.081360e-01	-6.632143e-01
1.027000e-01	-5.026457e-01	-6.627442e-01
1.028000e-01	-4.971764e-01	-6.623198e-01
1.029000e-01	-4.917290e-01	-6.619443e-01
1.030000e-01	-4.863046e-01	-6.616217e-01
1.031000e-01	-4.809042e-01	-6.613551e-01
1.032000e-01	-4.755289e-01	-6.611483e-01
1.033000e-01	-4.701796e-01	-6.610044e-01
1.034000e-01	-4.648574e-01	-6.609273e-01
1.035000e-01	-4.595631e-01	-6.609201e-01
1.036000e-01	-4.542977e-01	-6.609859e-01
1.037000e-01	-4.490622e-01	-6.611282e-01
1.038000e-01	-4.438575e-01	-6.613500e-01
1.039000e-01	-4.386845e-01	-6.616546e-01
1.040000e-01	-4.335441e-01	-6.620449e-01
1.041000e-01	-4.284372e-01	-6.625240e-01
1.042000e-01	-4.233647e-01	-6.630948e-01
1.043000e-01	-4.183274e-01	-6.637601e-01
1.044000e-01	-4.133262e-01	-6.645227e-01
1.045000e-01	-4.083619e-01	-6.653851e-01
1.046000e-01	-4.034355e-01	-6.663499e-01
1.047000e-01	-3.985477e-01	-6.674194e-01
1.048000e-01	-3.936994e-01	-6.685961e-01
1.049000e-01	-3.888914e-01	-6.698819e-01
1.050000e-01	-3.841247e-01	-6.712789e-01
1.051000e-01	-3.793999e-01	-6.727890e-01
1.052000e-01	-3.747180e-01	-6.744139e-01
1.053000e-01	-3.700799e-01	-6.761552e-01
1.054000e-01	-3.654864e-01	-6.780143e-01
1.055000e-01	-3.609384e-01	-6.799923e-01
1.056000e-01	-3.564368e-01	-6.820904e-01
1.057000e-01	-3.519824e-01	-6.843095e-01
1.058000e-01	-3.475763e-01	-6.866502e-01
1.059000e-01	-3.432193e-01	-6.891130e-01
1.060000e-01	-3.389124e-01	-6.916983e-01
1.061000e-01	-3.346565e-01	-6.944061e-01
1.062000e-01	-3.304526e-01	-6.972364e-01
1.063000e-01	-3.263016e-01	-7.001889e-01
1.064000e-01	-3.222045e-01	-7.032630e-01
1.065000e-01	-3.181623e-01	-7.064581e-01
1.066000e-01	-3.141759e-01	-7.097733e-01
1.067000e-01	-3.102464e-01	-7.132073e-01
1.068000e-01	-3.063746e-01	-7.167589e-01
1.069000e-01	-3.025617e-01	-7.204265e-01
1.070000e-01	-2.988084e-01	-7.242084e-01
1.071000e-01	-2.951158e-01	-7.281025e-01
1.072000e-01	-2.914848e-01	-7.321068e-01
1.073000e-01	-2.879163e-01	-7.362188e-01
1.074000e-01	-2.844112e-01	-7.404360e-01
1.075000e-01	-2.809703e-01	-7.447557e-01
1.076000e-01	-2.775946e-01	-7.491749e-01
1.077000e-01	-2.742847e-01	-7.536905e-01
1.078000e-01	-2.710414e-01	-7.582991e-01
1.079000e-01	-2.678656e-01	-7.629975e-01
1.080000e-01	-2.647579e-01	-7.677819e-01
1.081000e-01	-2.617190e-01	-7.726486e-01
1.082000e-01	-2.587493e-01	-7.775942e-01
1.083000e-01	-2.558497e-01	-7.826141e-01
1.084000e-01	-2.530206e-01	-7.877040e-01
1.085000e-01	-2.502625e-01	-7.928597e-01
1.086000e-01	-2.475759e-01	-7.980770e-01
1.087000e-01	-2.449612e-01	-8.033508e-01
1.088000e-01	-2.424188e-01	-8.086770e-01
1.089000e-01	-2.399489e-01	-8.140510e-01
1.090000e-01	-2.375519e-01	-8.194679e-01
1.091000e-01	-2.352279e-01	-8.249231e-01
1.092000e-01	-2.329774e-01	-8.304118e-01
1.093000e-01	-2.308003e-01	-8.359290e-01
1.094000e-01	-2.286968e-01	-8.414701e-01
1.095000e-01	-2.266669e-01	-8.470305e-01
1.096000e-01	-2.247103e-01	-8.526056e-01
1.097000e-01	-2.228269e-01	-8.581913e-01
1.098000e-01	-2.210163e-01	-8.637836e-01
1.099000e-01	-2.192778e-01	-8.693787e-01
1.100000e-01	-2.176106e-01	-8.749733e-01
1.101000e-01	-2.160140e-01	-8.805644e-01
1.102000e-01	-2.144867e-01	-8.861492e-01
1.103000e-01	-2.130276e-01	-8.917257e-01
1.104000e-01	-2.116352e-01	-8.972916e-01
1.105000e-01	-2.103076e-01	-9.028454e-01
1.106000e-01	-2.090433e-01	-9.083858e-01
1.107000e-01	-2.078400e-01	-9.139119e-01
1.108000e-01	-2.066959e-01	-9.194232e-01
1.109000e-01	-2.056083e-01	-9.249195e-01
1.110000e-01	-2.045751e-01	-9.304006e-01
1.111000e-01	-2.035941e-01	-9.358666e-01
1.112000e-01	-2.026626e-01	-9.413179e-01
1.113000e-01	-2.017779e-01	-9.467547e-01
1.114000e-01	-2.009376e-01	-9.521777e-01
1.115000e-01	-2.001388e-01	-9.575871e-01
1.116000e-01	-1.993791e-01	-9.629835e-01
1.117000e-01	-1.986558e-01	-9.683670e-01
1.118000e-01	-1.979666e-01	-9.737379e-01
1.119000e-01	-1.973092e-01	-9.790959e-01
1.120000e-01	-1.966812e-01	-9.844409e-01
1.121000e-01	-1.960806e-01	-9.897723e-01
1.122000e-01	-1.955054e-01	-9.950893e-01
1.123000e-01	-1.949536e-01	-1.000391e+00
1.124000e-01	-1.944237e-01	-1.005675e+00
1.125000e-01	-1.939140e-01	-1.010940e+00
1.126000e-01	-1.934234e-01	-1.016183e+00
1.127000e-01	-1.929505e-01	-1.021403e+00
1.128000e-01	-1.924944e-01	-1.026596e+00
1.129000e-01	-1.920544e-01	-1.031759e+00
1.130000e-01	-1.916296e-01	-1.036888e+00
1.131000e-01	-1.912196e-01	-1.041980e+00
1.132000e-01	-1.908241e-01	-1.047030e+00
1.133000e-01	-1.904428e-01	-1.052034e+00
1.134000e-01	-1.900755e-01	-1.056987e+00
1.135000e-01	-1.897222e-01	-1.061886e+00
1.136000e-01	-1.893829e-01	-1.066724e+00
1.137000e-01	-1.890576e-01	-1.071498e+00
1.138000e-01	-1.887466e-01	-1.076202e+00
1.139000e-01	-1.884498e-01	-1.080833e+00
1.140000e-01	-1.881674e-01	-1.085385e+00
1.141000e-01	-1.878994e-01	-1.089855e+00
1.142000e-01	-1.876459e-01	-1.094238e+00
1.143000e-01	-1.874069e-01	-1.098531e+00
1.144000e-01	-1.871822e-01	-1.102730e+00
1.145000e-01	-1.869716e-01	-1.106832e+00
1.146000e-01	-1.867749e-01	-1.110834e+00
1.147000e-01	-1.865915e-01	-1.114734e+00
1.148000e-01	-1.864211e-01	-1.118531e+00
1.149000e-01	-1.862629e-01	-1.122222e+00
1.150000e-01	-1.861162e-01	-1.125806e+00
1.151000e-01	-1.859802e-01	-1.129283e+00
1.152000e-01	-1.858539e-01	-1.132653e+00
1.153000e-01	-1.857361e-01	-1.135915e+00
1.154000e-01	-1.856258e-01	-1.139071e+00
1.155000e-01	-1.855218e-01	-1.142121e+00
1.156000e-01	-1.854227e-01	-1.145066e+00
1.157000e-01	-1.853272e-01	-1.147908e+00
1.158000e-01	-1.852341e-01	-1.150648e+00
1.159000e-01	-1.851418e-01	-1.153288e+00
1.160000e-01	-1.850492e-01	-1.155830e+00
1.161000e-01	-1.849549e-01	-1.158276e+00
1.162000e-01	-1.848576e-01	-1.160629e+00
1.163000e-01	-1.847562e-01	-1.162889e+00
1.164000e-01	-1.846496e-01	-1.165060e+00
1.165000e-01	-1.845369e-01	-1.167143e+00
1.166000e-01	-1.844172e-01	-1.169140e+00
1.167000e-01	-1.842899e-01	-1.171053e+00
1.168000e-01	-1.841543e-01	-1.172882e+00
1.169000e-01	-1.840101e-01	-1.174630e+00
1.170000e-01	-1.838571e-01	-1.176296e+00
1.171000e-01	-1.836952e-01	-1.177883e+00
1.172000e-01	-1.835247e-01	-1.179389e+00
1.173000e-01	-1.833459e-01	-1.180815e+00
1.174000e-01	-1.831592e-01	-1.182161e+00
1.175000e-01	-1.829653e-01	-1.183426e+00
1.176000e-01	-1.827651e-01	-1.184610e+00
1.177000e-01	-1.825596e-01	-1.185712e+00
1.178000e-01	-1.823499e-01	-1.186730e+00
1.179000e-01	-1.821373e-01	-1.187664e+00
1.180000e-01	-1.819230e-01	-1.188511e+00
1.181000e-01	-1.817087e-01	-1.189271e+00
1.182000e-01	-1.814957e-01	-1.189941e+00
1.183000e-01	-1.812857e-01	-1.190521e+00
1.184000e-01	-1.810804e-01	-1.191008e+00
1.185000e-01	-1.808812e-01	-1.191401e+00
1.186000e-01	-1.806899e-01	-1.191699e+00
1.187000e-01	-1.805080e-01	-1.191900e+00
1.188000e-01	-1.803371e-01	-1.192004e+00
1.189000e-01	-1.801787e-01	-1.192010e+00
1.190000e-01	-1.800342e-01	-1.191917e+00
1.191000e-01	-1.799050e-01	-1.191726e+00
1.192000e-01	-1.797921e-01	-1.191436e+00
1.193000e-01	-1.796967e-01	-1.191047e+00
1.194000e-01	-1.796199e-01	-1.190561e+00
1.195000e-01	-1.795627e-01	-1.189979e+00
1.196000e-01	-1.795257e-01	-1.189302e+00
1.197000e-01	-1.795097e-01	-1.188533e+00
1.198000e-01	-1.795154e-01	-1.187673e+00
1.199000e-01	-1.795430e-01	-1.186727e+00
1.200000e-01	-1.795931e-01	-1.185695e+00
1.201000e-01	-1.796659e-01	-1.184583e+00
1.202000e-01	-1.797616e-01	-1.183393e+00
1.203000e-01	-1.798805e-01	-1.182130e+00
1.204000e-01	-1.800227e-01	-1.180796e+00
1.205000e-01	-1.801882e-01	-1.179397e+00
1.206000e-01	-1.803772e-01	-1.177937e+00
1.207000e-01	-1.805898e-01	-1.176419e+00
1.208000e-01	-1.808261e-01	-1.174848e+00
1.209000e-01	-1.810864e-01	-1.173229e+00
1.210000e-01	-1.813708e-01	-1.171565e+00
1.211000e-01	-1.816798e-01	-1.169860e+00
1.212000e-01	-1.820136e-01	-1.168118e+00
1.213000e-01	-1.823729e-01	-1.166343e+00
1.214000e-01	-1.827584e-01	-1.164539e+00
1.215000e-01	-1.831706e-01	-1.162707e+00
1.216000e-01	-1.836106e-01	-1.160852e+00
1.217000e-01	-1.840794e-01	-1.158975e+00
1.218000e-01	-1.845780e-01	-1.157079e+00
1.219000e-01	-1.851080e-01	-1.155166e+00
1.220000e-01	-1.856705e-01	-1.153238e+00
1.221000e-01	-1.862672e-01	-1.151295e+00
1.222000e-01	-1.868997e-01	-1.149339e+00
1.223000e-01	-1.875698e-01	-1.147370e+00
1.224000e-01	-1.882794e-01	-1.145389e+00
1.225000e-01	-1.890303e-01	-1.143397e+00
1.226000e-01	-1.898247e-01	-1.141393e+00
1.227000e-01	-1.906644e-01	-1.139378e+00
1.228000e-01	-1.915517e-01	-1.137350e+00
1.229000e-01	-1.924886e-01	-1.135311e+00
1.230000e-01	-1.934770e-01	-1.133259e+00
1.231000e-01	-1.945185e-01	-1.131196e+00
1.232000e-01	-1.956123e-01	-1.129127e+00
1.233000e-01	-1.967573e-01	-1.127056e+00
1.234000e-01	-1.979524e-01	-1.124991e+00
1.235000e-01	-1.991966e-01	-1.122935e+00
1.236000e-01	-2.004886e-01	-1.120895e+00
1.237000e-01	-2.018273e-01	-1.118875e+00
1.238000e-01	-2.032116e-01	-1.116883e+00
1.239000e-01	-2.046402e-01	-1.114922e+00
1.240000e-01	-2.061118e-01	-1.112998e+00
1.241000e-01	-2.076254e-01	-1.111116e+00
1.242000e-01	-2.091796e-01	-1.109282e+00
1.243000e-01	-2.107734e-01	-1.107501e+00
1.244000e-01	-2.124055e-01	-1.105777e+00
1.245000e-01	-2.140749e-01	-1.104115e+00
1.246000e-01	-2.157803e-01	-1.102520e+00
1.247000e-01	-2.175208e-01	-1.100997e+00
1.248000e-01	-2.192953e-01	-1.099549e+00
1.249000e-01	-2.211028e-01	-1.098180e+00
1.250000e-01	-2.229424e-01	-1.096895e+00
1.251000e-01	-2.248131e-01	-1.095696e+00
1.252000e-01	-2.267142e-01	-1.094588e+00
1.253000e-01	-2.286448e-01	-1.093572e+00
1.254000e-01	-2.306042e-01	-1.092654e+00
1.255000e-01	-2.325916e-01	-1.091833e+00
1.256000e-01	-2.346064e-01	-1.091114e+00
1.257000e-01	-2.366479e-01	-1.090498e+00
1.258000e-01	-2.387156e-01	-1.089987e+00
1.259000e-01	-2.408088e-01	-1.089582e+00
1.260000e-01	-2.429271e-01	-1.089285e+00
1.261000e-01	-2.450699e-01	-1.089097e+00
1.262000e-01	-2.472367e-01	-1.089018e+00
1.263000e-01	-2.494270e-01	-1.089050e+00
1.264000e-01	-2.516405e-01	-1.089191e+00
1.265000e-01	-2.538765e-01	-1.089443e+00
1.266000e-01	-2.561346e-01	-1.089805e+00
1.267000e-01	-2.584144e-01	-1.090277e+00
1.268000e-01	-2.607154e-01	-1.090858e+00
1.269000e-01	-2.630371e-01	-1.091548e+00
1.270000e-01	-2.653789e-01	-1.092344e+00
1.271000e-01	-2.677405e-01	-1.093247e+00
1.272000e-01	-2.701211e-01	-1.094255e+00
1.273000e-01	-2.725203e-01	-1.095365e+00
1.274000e-01	-2.749375e-01	-1.096578e+00
1.275000e-01	-2.773720e-01	-1.097890e+00
1.276000e-01	-2.798233e-01	-1.099299e+00
1.277000e-01	-2.822906e-01	-1.100804e+00
1.278000e-01	-2.847735e-01	-1.102403e+00
1.279000e-01	-2.872711e-01	-1.104092e+00
1.280000e-01	-2.897829e-01	-1.105870e+00
1.281000e-01	-2.923081e-01	-1.107734e+00
1.282000e-01	-2.948461e-01	-1.109682e+00
1.283000e-01	-2.973963e-01	-1.111710e+00
1.284000e-01	-2.999579e-01	-1.113816e+00
1.285000e-01	-3.025302e-01	-1.115996e+00
1.286000e-01	-3.051128e-01	-1.118249e+00
1.287000e-01	-3.077048e-01	-1.120569e+00
1.288000e-01	-3.103059e-01	-1.122956e+00
1.289000e-01	-3.129154e-01	-1.125404e+00
1.290000e-01	-3.155328e-01	-1.127911e+00
1.291000e-01	-3.181576e-01	-1.130474e+00
1.292000e-01	-3.207895e-01	-1.133088e+00
1.293000e-01	-3.234280e-01	-1.135751e+00
1.294000e-01	-3.260728e-01	-1.138458e+00
1.295000e-01	-3.287237e-01	-1.141206e+00
1.296000e-01	-3.313804e-01	-1.143991e+00
1.297000e-01	-3.340428e-01	-1.146810e+00
1.298000e-01	-3.367107e-01	-1.149657e+00
1.299000e-01	-3.393840e-01	-1.152531e+00
1.300000e-01	-3.420629e-01	-1.155425e+00
1.301000e-01	-3.447472e-01	-1.158338e+00
1.302000e-01	-3.474370e-01	-1.161263e+00
1.303000e-01	-3.501325e-01	-1.164199e+00
1.304000e-01	-3.528338e-01	-1.167139e+00
1.305000e-01	-3.555411e-01	-1.170081e+00
1.306000e-01	-3.582545e-01	-1.173020e+00
1.307000e-01	-3.609743e-01	-1.175952e+00
1.308000e-01	-3.637008e-01	-1.178874e+00
1.309000e-01	-3.664340e-01	-1.181780e+00
1.310000e-01	-3.691743e-01	-1.184668e+00
1.311000e-01	-3.719220e-01	-1.187534e+00
1.312000e-01	-3.746771e-01	-1.190373e+00
1.313000e-01	-3.774398e-01	-1.193182e+00
1.314000e-01	-3.802105e-01	-1.195957e+00
1.315000e-01	-3.829891e-01	-1.198695e+00
1.316000e-01	-3.857759e-01	-1.201393e+00
1.317000e-01	-3.885708e-01	-1.204046e+00
1.318000e-01	-3.913740e-01	-1.206653e+00
1.319000e-01	-3.941853e-01	-1.209209e+00
1.320000e-01	-3.970048e-01	-1.211713e+00
1.321000e-01	-3.998323e-01	-1.214161e+00
1.322000e-01	-4.026677e-01	-1.216551e+00
1.323000e-01	-4.055109e-01	-1.218880e+00
1.324000e-01	-4.083615e-01	-1.221147e+00
1.325000e-01	-4.112194e-01	-1.223348e+00
1.326000e-01	-4.140842e-01	-1.225483e+00
1.327000e-01	-4.169555e-01	-1.227549e+00
1.328000e-01	-4.198330e-01	-1.229545e+00
1.329000e-01	-4.227164e-01	-1.231469e+00
1.330000e-01	-4.256051e-01	-1.233321e+00
1.331000e-01	-4.284987e-01	-1.235099e+00
1.332000e-01	-4.313969e-01	-1.236802e+00
1.333000e-01	-4.342991e-01	-1.238429e+00
1.334000e-01	-4.372049e-01	-1.239980e+00
1.335000e-01	-4.401139e-01	-1.241455e+00
1.336000e-01	-4.430256e-01	-1.242852e+00
1.337000e-01	-4.459396e-01	-1.244172e+00
1.338000e-01	-4.488555e-01	-1.245414e+00
1.339000e-01	-4.517730e-01	-1.246579e+00
1.340000e-01	-4.546917e-01	-1.247666e+00
1.341000e-01	-4.576114e-01	-1.248676e+00
1.342000e-01	-4.605317e-01	-1.249609e+00
1.343000e-01	-4.634525e-01	-1.250464e+00
1.344000e-01	-4.663736e-01	-1.251244e+00
1.345000e-01	-4.692947e-01	-1.251947e+00
1.346000e-01	-4.722160e-01	-1.252574e+00
1.347000e-01	-4.751372e-01	-1.253127e+00
1.348000e-01	-4.780583e-01	-1.253605e+00
1.349000e-01	-4.809795e-01	-1.254009e+00
1.350000e-01	-4.839007e-01	-1.254340e+00
1.351000e-01	-4.868220e-01	-1.254599e+00
1.352000e-01	-4.897435e-01	-1.254785e+00
1.353000e-01	-4.926653e-01	-1.254901e+00
1.354000e-01	-4.955877e-01	-1.254947e+00
1.355000e-01	-4.985108e-01	-1.254923e+00
1.356000e-01	-5.014347e-01	-1.254831e+00
1.357000e-01	-5.043597e-01	-1.254671e+00
1.358000e-01	-5.072858e-01	-1.254444e+00
1.359000e-01	-5.102134e-01	-1.254152e+00
1.360000e-01	-5.131425e-01	-1.253795e+00
1.361000e-01	-5.160734e-01	-1.253375e+00
1.362000e-01	-5.190060e-01	-1.252892e+00
1.363000e-01	-5.219406e-01	-1.252348e+00
1.364000e-01	-5.248772e-01	-1.251744e+00
1.365000e-01	-5.278159e-01	-1.251081e+00
1.366000e-01	-5.307568e-01	-1.250361e+00
1.367000e-01	-5.336997e-01	-1.249585e+00
1.368000e-01	-5.366447e-01	-1.248754e+00
1.369000e-01	-5.395917e-01	-1.247870e+00
1.370000e-01	-5.425406e-01	-1.246934e+00
1.371000e-01	-5.454913e-01	-1.245949e+00
1.372000e-01	-5.484437e-01	-1.244915e+00
1.373000e-01	-5.513975e-01	-1.243835e+00
1.374000e-01	-5.543526e-01	-1.242711e+00
1.375000e-01	-5.573087e-01	-1.241544e+00
1.376000e-01	-5.602657e-01	-1.240337e+00
1.377000e-01	-5.632233e-01	-1.239090e+00
1.378000e-01	-5.661813e-01	-1.237808e+00
1.379000e-01	-5.691394e-01	-1.236491e+00
1.380000e-01	-5.720975e-01	-1.235141e+00
1.381000e-01	-5.750552e-01	-1.233762e+00
1.382000e-01	-5.780125e-01	-1.232355e+00
1.383000e-01	-5.809691e-01	-1.230922e+00
1.384000e-01	-5.839250e-01	-1.229467e+00
1.385000e-01	-5.868799e-01	-1.227990e+00
1.386000e-01	-5.898339e-01	-1.226495e+00
1.387000e-01	-5.927869e-01	-1.224984e+00
1.388000e-01	-5.957389e-01	-1.223459e+00
1.389000e-01	-5.986900e-01	-1.221923e+00
1.390000e-01	-6.016403e-01	-1.220378e+00
1.391000e-01	-6.045899e-01	-1.218827e+00
1.392000e-01	-6.075390e-01	-1.217271e+00
1.393000e-01	-6.104879e-01	-1.215714e+00
1.394000e-01	-6.134368e-01	-1.214157e+00
1.395000e-01	-6.163862e-01	-1.212604e+00
1.396000e-01	-6.193363e-01	-1.211056e+00
1.397000e-01	-6.222877e-01	-1.209515e+00
1.398000e-01	-6.252407e-01	-1.207985e+00
1.399000e-01	-6.281958e-01	-1.206467e+00
1.400000e-01	-6.311535e-01	-1.204964e+00
1.401000e-01	-6.341144e-01	-1.203478e+00
1.402000e-01	-6.370790e-01	-1.202012e+00
1.403000e-01	-6.400479e-01	-1.200567e+00
1.404000e-01	-6.430215e-01	-1.199146e+00
1.405000e-01	-6.460005e-01	-1.197752e+00
1.406000e-01	-6.489854e-01	-1.196386e+00
1.407000e-01	-6.519767e-01	-1.195051e+00
1.408000e-01	-6.549749e-01	-1.193749e+00
1.409000e-01	-6.579806e-01	-1.192483e+00
1.410000e-01	-6.609940e-01	-1.191254e+00
1.411000e-01	-6.640157e-01	-1.190066e+00
1.412000e-01	-6.670461e-01	-1.188920e+00
1.413000e-01	-6.700854e-01	-1.187820e+00
1.414000e-01	-6.731340e-01	-1.186767e+00
1.415000e-01	-6.761922e-01	-1.185764e+00
1.416000e-01	-6.792601e-01	-1.184813e+00
1.417000e-01	-6.823378e-01	-1.183916e+00
1.418000e-01	-6.854256e-01	-1.183078e+00
1.419000e-01	-6.885235e-01	-1.182299e+00
1.420000e-01	-6.916314e-01	-1.181582e+00
1.421000e-01	-6.947495e-01	-1.180930e+00
1.422000e-01	-6.978776e-01	-1.180346e+00
1.423000e-01	-7.010157e-01	-1.179831e+00
1.424000e-01	-7.041636e-01	-1.179389e+00
1.425000e-01	-7.073212e-01	-1.179023e+00
1.426000e-01	-7.104884e-01	-1.178733e+00
1.427000e-01	-7.136649e-01	-1.178525e+00
1.428000e-01	-7.168507e-01	-1.178398e+00
1.429000e-01	-7.200453e-01	-1.178357e+00
1.430000e-01	-7.232488e-01	-1.178404e+00
1.431000e-01	-7.264608e-01	-1.178540e+00
1.432000e-01	-7.296812e-01	-1.178768e+00
1.433000e-01	-7.329098e-01	-1.179091e+00
1.434000e-01	-7.361464e-01	-1.179511e+00
1.435000e-01	-7.393909e-01	-1.180030e+00
1.436000e-01	-7.426431e-01	-1.180649e+00
1.437000e-01	-7.459028e-01	-1.181371e+00
1.438000e-01	-7.491701e-01	-1.182198e+00
1.439000e-01	-7.524447e-01	-1.183131e+00
1.440000e-01	-7.557267e-01	-1.184172e+00
1.441000e-01	-7.590160e-01	-1.185322e+00
1.442000e-01	-7.623126e-01	-1.186583e+00
1.443000e-01	-7.656165e-01	-1.187956e+00
1.444000e-01	-7.689278e-01	-1.189442e+00
1.445000e-01	-7.722463e-01	-1.191041e+00
1.446000e-01	-7.755722e-01	-1.192756e+00
1.447000e-01	-7.789056e-01	-1.194586e+00
1.448000e-01	-7.822463e-01	-1.196532e+00
1.449000e-01	-7.855946e-01	-1.198594e+00
1.450000e-01	-7.889504e-01	-1.200773e+00
1.451000e-01	-7.923136e-01	-1.203069e+00
1.452000e-01	-7.956844e-01	-1.205480e+00
1.453000e-01	-7.990626e-01	-1.208009e+00
1.454000e-01	-8.024482e-01	-1.210653e+00
1.455000e-01	-8.058412e-01	-1.213413e+00
1.456000e-01	-8.092412e-01	-1.216287e+00
1.457000e-01	-8.126483e-01	-1.219275e+00
1.458000e-01	-8.160621e-01	-1.222377e+00
1.459000e-01	-8.194823e-01	-1.225590e+00
1.460000e-01	-8.229087e-01	-1.228914e+00
1.461000e-01	-8.263409e-01	-1.232348e+00
1.462000e-01	-8.297784e-01	-1.235889e+00
1.463000e-01	-8.332207e-01	-1.239537e+00
1.464000e-01	-8.366672e-01	-1.243289e+00
1.465000e-01	-8.401175e-01	-1.247144e+00
1.466000e-01	-8.435708e-01	-1.251100e+00
1.467000e-01	-8.470265e-01	-1.255154e+00
1.468000e-01	-8.504837e-01	-1.259304e+00
1.469000e-01	-8.539418e-01	-1.263549e+00
1.470000e-01	-8.573998e-01	-1.267885e+00
1.471000e-01	-8.608570e-01	-1.272311e+00
1.472000e-01	-8.643123e-01	-1.276822e+00
1.473000e-01	-8.677650e-01	-1.281417e+00
1.474000e-01	-8.712140e-01	-1.286093e+00
1.475000e-01	-8.746585e-01	-1.290846e+00
1.476000e-01	-8.780973e-01	-1.295674e+00
1.477000e-01	-8.815297e-01	-1.300572e+00
1.478000e-01	-8.849546e-01	-1.305539e+00
1.479000e-01	-8.883710e-01	-1.310570e+00
1.480000e-01	-8.917781e-01	-1.315661e+00
1.481000e-01	-8.951748e-01	-1.320810e+00
1.482000e-01	-8.985603e-01	-1.326012e+00
1.483000e-01	-9.019336e-01	-1.331264e+00
1.484000e-01	-9.052940e-01	-1.336561e+00
1.485000e-01	-9.086405e-01	-1.341899e+00
1.486000e-01	-9.119725e-01	-1.347275e+00
1.487000e-01	-9.152890e-01	-1.352684e+00
1.488000e-01	-9.185893e-01	-1.358121e+00
1.489000e-01	-9.218728e-01	-1.363583e+00
1.490000e-01	-9.251388e-01	-1.369065e+00
1.491000e-01	-9.283865e-01	-1.374563e+00
1.492000e-01	-9.316154e-01	-1.380071e+00
1.493000e-01	-9.348249e-01	-1.385585e+00
1.494000e-01	-9.380144e-01	-1.391102e+00
1.495000e-01	-9.411832e-01	-1.396615e+00
1.496000e-01	-9.443310e-01	-1.402121e+00
1.497000e-01	-9.474571e-01	-1.407614e+00
1.498000e-01	-9.505610e-01	-1.413090e+00
1.499000e-01	-9.536421e-01	-1.418545e+00
1.500000e-01	-9.567000e-01	-1.423973e+00
1.501000e-01	-9.597340e-01	-1.429370e+00
1.502000e-01	-9.627437e-01	-1.434732e+00
1.503000e-01	-9.657284e-01	-1.440054e+00
1.504000e-01	-9.686877e-01	-1.445331e+00
1.505000e-01	-9.716207e-01	-1.450559e+00
1.506000e-01	-9.745270e-01	-1.455734e+00
1.507000e-01	-9.774059e-01	-1.460852e+00
1.508000e-01	-9.802566e-01	-1.465908e+00
1.509000e-01	-9.830785e-01	-1.470898e+00
1.510000e-01	-9.858707e-01	-1.475819e+00
1.511000e-01	-9.886326e-01	-1.480667e+00
1.512000e-01	-9.913633e-01	-1.485438e+00
1.513000e-01	-9.940619e-01	-1.490128e+00
1.514000e-01	-9.967277e-01	-1.494735e+00
1.515000e-01	-9.993596e-01	-1.499255e+00
1.516000e-01	-1.001957e+00	-1.503685e+00
1.517000e-01	-1.004518e+00	-1.508022e+00
1.518000e-01	-1.007043e+00	-1.512264e+00
1.519000e-01	-1.009531e+00	-1.516407e+00
1.520000e-01	-1.011981e+00	-1.520451e+00
1.521000e-01	-1.014391e+00	-1.524394e+00
1.522000e-01	-1.016762e+00	-1.528233e+00
1.523000e-01	-1.019093e+00	-1.531969e+00
1.524000e-01	-1.021383e+00	-1.535600e+00
1.525000e-01	-1.023632e+00	-1.539126e+00
1.526000e-01	-1.025840e+00	-1.542548e+00
1.527000e-01	-1.028007e+00	-1.545865e+00
1.528000e-01	-1.030133e+00	-1.549080e+00
1.529000e-01	-1.032218e+00	-1.552192e+00
1.530000e-01	-1.034263e+00	-1.555205e+00
1.531000e-01	-1.036268e+00	-1.558119e+00
1.532000e-01	-1.038233e+00	-1.560938e+00
1.533000e-01	-1.040159e+00	-1.563663e+00
1.534000e-01	-1.042047e+00	-1.566297e+00
1.535000e-01	-1.043899e+00	-1.568844e+00
1.536000e-01	-1.045714e+00	-1.571307e+00
1.537000e-01	-1.047494e+00	-1.573688e+00
1.538000e-01	-1.049239e+00	-1.575990e+00
1.539000e-01	-1.050951e+00	-1.578218e+00
1.540000e-01	-1.052631e+00	-1.580374e+00
1.541000e-01	-1.054280e+00	-1.582462e+00
1.542000e-01	-1.055897e+00	-1.584484e+00
1.543000e-01	-1.057485e+00	-1.586443e+00
1.544000e-01	-1.059044e+00	-1.588342e+00
1.545000e-01	-1.060574e+00	-1.590183e+00
1.546000e-01	-1.062076e+00	-1.591969e+00
1.547000e-01	-1.063550e+00	-1.593702e+00
1.548000e-01	-1.064996e+00	-1.595383e+00
1.549000e-01	-1.066415e+00	-1.597013e+00
1.550000e-01	-1.067805e+00	-1.598595e+00
1.551000e-01	-1.069167e+00	-1.600128e+00
1.552000e-01	-1.070501e+00	-1.601613e+00
1.553000e-01	-1.071804e+00	-1.603050e+00
1.554000e-01	-1.073077e+00	-1.604440e+00
1.555000e-01	-1.074319e+00	-1.605781e+00
1.556000e-01	-1.075527e+00	-1.607075e+00
1.557000e-01	-1.076702e+00	-1.608319e+00
1.558000e-01	-1.077840e+00	-1.609513e+00
1.559000e-01	-1.078942e+00	-1.610657e+00
1.560000e-01	-1.080005e+00	-1.611749e+00
1.561000e-01	-1.081027e+00	-1.612788e+00
1.562000e-01	-1.082006e+00	-1.613773e+00
1.563000e-01	-1.082942e+00	-1.614703e+00
1.564000e-01	-1.083831e+00	-1.615577e+00
1.565000e-01	-1.084672e+00	-1.616394e+00
1.566000e-01	-1.085463e+00	-1.617154e+00
1.567000e-01	-1.086202e+00	-1.617855e+00
1.568000e-01	-1.086888e+00	-1.618498e+00
1.569000e-01	-1.087519e+00	-1.619082e+00
1.570000e-01	-1.088093e+00	-1.619608e+00
1.571000e-01	-1.088609e+00	-1.620075e+00
1.572000e-01	-1.089066e+00	-1.620484e+00
1.573000e-01	-1.089462e+00	-1.620837e+00
1.574000e-01	-1.089797e+00	-1.621134e+00
1.575000e-01	-1.090069e+00	-1.621376e+00
1.576000e-01	-1.090277e+00	-1.621566e+00
1.577000e-01	-1.090422e+00	-1.621706e+00
1.578000e-01	-1.090503e+00	-1.621797e+00
1.579000e-01	-1.090519e+00	-1.621843e+00
1.580000e-01	-1.090471e+00	-1.621845e+00
1.581000e-01	-1.090357e+00	-1.621807e+00
1.582000e-01	-1.090179e+00	-1.621731e+00
1.583000e-01	-1.089937e+00	-1.621621e+00
1.584000e-01	-1.089630e+00	-1.621479e+00
1.585000e-01	-1.089259e+00	-1.621309e+00
1.586000e-01	-1.088825e+00	-1.621114e+00
1.587000e-01	-1.088328e+00	-1.620896e+00
1.588000e-01	-1.087768e+00	-1.620660e+00
1.589000e-01	-1.087146e+00	-1.620407e+00
1.590000e-01	-1.086462e+00	-1.620141e+00
1.591000e-01	-1.085716e+00	-1.619863e+00
1.592000e-01	-1.084910e+00	-1.619577e+00
1.593000e-01	-1.084043e+00	-1.619284e+00
1.594000e-01	-1.083115e+00	-1.618986e+00
1.595000e-01	-1.082127e+00	-1.618685e+00
1.596000e-01	-1.081078e+00	-1.618382e+00
1.597000e-01	-1.079968e+00	-1.618077e+00
1.598000e-01	-1.078798e+00	-1.617772e+00
1.599000e-01	-1.077566e+00	-1.617466e+00
1.600000e-01	-1.076272e+00	-1.617160e+00
1.601000e-01	-1.074916e+00	-1.616853e+00
1.602000e-01	-1.073497e+00	-1.616546e+00
1.603000e-01	-1.072013e+00	-1.616236e+00
1.604000e-01	-1.070464e+00	-1.615924e+00
1.605000e-01	-1.068849e+00	-1.615607e+00
1.606000e-01	-1.067167e+00	-1.615285e+00
1.607000e-01	-1.065417e+00	-1.614956e+00
1.608000e-01	-1.063597e+00	-1.614619e+00
1.609000e-01	-1.061709e+00	-1.614278e+00
1.610000e-01	-1.059752e+00	-1.613932e+00
1.611000e-01	-1.057727e+00	-1.613585e+00
1.612000e-01	-1.055635e+00	-1.613238e+00
1.613000e-01	-1.053476e+00	-1.612893e+00
1.614000e-01	-1.051251e+00	-1.612552e+00
1.615000e-01	-1.048960e+00	-1.612217e+00
1.616000e-01	-1.046603e+00	-1.611889e+00
1.617000e-01	-1.044182e+00	-1.611571e+00
1.618000e-01	-1.041697e+00	-1.611264e+00
1.619000e-01	-1.039148e+00	-1.610971e+00
1.620000e-01	-1.036537e+00	-1.610692e+00
1.621000e-01	-1.033864e+00	-1.610431e+00
1.622000e-01	-1.031130e+00	-1.610187e+00
1.623000e-01	-1.028335e+00	-1.609964e+00
1.624000e-01	-1.025481e+00	-1.609763e+00
1.625000e-01	-1.022569e+00	-1.609584e+00
1.626000e-01	-1.019600e+00	-1.609430e+00
1.627000e-01	-1.016574e+00	-1.609302e+00
1.628000e-01	-1.013493e+00	-1.609201e+00
1.629000e-01	-1.010358e+00	-1.609128e+00
1.630000e-01	-1.007171e+00	-1.609084e+00
1.631000e-01	-1.003931e+00	-1.609071e+00
1.632000e-01	-1.000641e+00	-1.609088e+00
1.633000e-01	-9.973018e-01	-1.609137e+00
1.634000e-01	-9.939148e-01	-1.609219e+00
1.635000e-01	-9.904812e-01	-1.609333e+00
1.636000e-01	-9.870025e-01	-1.609481e+00
1.637000e-01	-9.834800e-01	-1.609662e+00
1.638000e-01	-9.799150e-01	-1.609878e+00
1.639000e-01	-9.763091e-01	-1.610127e+00
1.640000e-01	-9.726635e-01	-1.610411e+00
1.641000e-01	-9.689797e-01	-1.610728e+00
1.642000e-01	-9.652592e-01	-1.611080e+00
1.643000e-01	-9.615032e-01	-1.611466e+00
1.644000e-01	-9.577132e-01	-1.611885e+00
1.645000e-01	-9.538905e-01	-1.612338e+00
1.646000e-01	-9.500365e-01	-1.612824e+00
1.647000e-01	-9.461526e-01	-1.613343e+00
1.648000e-01	-9.422400e-01	-1.613895e+00
1.649000e-01	-9.383000e-01	-1.614478e+00
1.650000e-01	-9.343340e-01	-1.615093e+00
1.651000e-01	-9.303432e-01	-1.615739e+00
1.652000e-01	-9.263287e-01	-1.616416e+00
1.653000e-01	-9.222919e-01	-1.617123e+00
1.654000e-01	-9.182339e-01	-1.617859e+00
1.655000e-01	-9.141558e-01	-1.618625e+00
1.656000e-01	-9.100586e-01	-1.619419e+00
1.657000e-01	-9.059437e-01	-1.620241e+00
1.658000e-01	-9.018121e-01	-1.621091e+00
1.659000e-01	-8.976648e-01	-1.621968e+00
1.660000e-01	-8.935028e-01	-1.622871e+00
1.661000e-01	-8.893275e-01	-1.623800e+00
1.662000e-01	-8.851396e-01	-1.624755e+00
1.663000e-01	-8.809402e-01	-1.625734e+00
1.664000e-01	-8.767304e-01	-1.626737e+00
1.665000e-01	-8.725112e-01	-1.627765e+00
1.666000e-01	-8.682836e-01	-1.628815e+00
1.667000e-01	-8.640486e-01	-1.629887e+00
1.668000e-01	-8.598073e-01	-1.630981e+00
1.669000e-01	-8.555606e-01	-1.632096e+00
1.670000e-01	-8.513098e-01	-1.633232e+00
1.671000e-01	-8.470557e-01	-1.634387e+00
1.672000e-01	-8.427995e-01	-1.635560e+00
1.673000e-01	-8.385422e-01	-1.636751e+00
1.674000e-01	-8.342849e-01	-1.637959e+00
1.675000e-01	-8.300287e-01	-1.639183e+00
1.676000e-01	-8.257746e-01	-1.640422e+00
1.677000e-01	-8.215237e-01	-1.641675e+00
1.678000e-01	-8.172771e-01	-1.642941e+00
1.679000e-01	-8.130358e-01	-1.644219e+00
1.680000e-01	-8.088009e-01	-1.645507e+00
1.681000e-01	-8.045735e-01	-1.646804e+00
1.682000e-01	-8.003547e-01	-1.648110e+00
1.683000e-01	-7.961455e-01	-1.649422e+00
1.684000e-01	-7.919469e-01	-1.650739e+00
1.685000e-01	-7.877599e-01	-1.652061e+00
1.686000e-01	-7.835854e-01	-1.653385e+00
1.687000e-01	-7.794245e-01	-1.654711e+00
1.688000e-01	-7.752779e-01	-1.656037e+00
1.689000e-01	-7.711466e-01	-1.657361e+00
1.690000e-01	-7.670314e-01	-1.658682e+00
1.691000e-01	-7.629332e-01	-1.659999e+00
1.692000e-01	-7.588525e-01	-1.661311e+00
1.693000e-01	-7.547903e-01	-1.662616e+00
1.694000e-01	-7.507471e-01	-1.663912e+00
1.695000e-01	-7.467236e-01	-1.665199e+00
1.696000e-01	-7.427203e-01	-1.666476e+00
1.697000e-01	-7.387377e-01	-1.667740e+00
1.698000e-01	-7.347764e-01	-1.668992e+00
1.699000e-01	-7.308368e-01	-1.670230e+00
1.700000e-01	-7.269192e-01	-1.671453e+00
1.701000e-01	-7.230240e-01	-1.672659e+00
1.702000e-01	-7.191515e-01	-1.673850e+00
1.703000e-01	-7.153020e-01	-1.675022e+00
1.704000e-01	-7.114757e-01	-1.676176e+00
1.705000e-01	-7.076728e-01	-1.677312e+00
1.706000e-01	-7.038934e-01	-1.678428e+00
1.707000e-01	-7.001378e-01	-1.679524e+00
1.708000e-01	-6.964061e-01	-1.680600e+00
1.709000e-01	-6.926983e-01	-1.681656e+00
1.710000e-01	-6.890146e-01	-1.682690e+00
1.711000e-01	-6.853550e-01	-1.683704e+00
1.712000e-01	-6.817196e-01	-1.684697e+00
1.713000e-01	-6.781085e-01	-1.685668e+00
1.714000e-01	-6.745218e-01	-1.686618e+00
1.715000e-01	-6.709596e-01	-1.687547e+00
1.716000e-01	-6.674218e-01	-1.688455e+00
1.717000e-01	-6.639087e-01	-1.689342e+00
1.718000e-01	-6.604204e-01	-1.690209e+00
1.719000e-01	-6.569569e-01	-1.691055e+00
1.720000e-01	-6.535183e-01	-1.691881e+00
1.721000e-01	-6.501049e-01	-1.692687e+00
1.722000e-01	-6.467167e-01	-1.693473e+00
1.723000e-01	-6.433539e-01	-1.694241e+00
1.724000e-01	-6.400167e-01	-1.694989e+00
1.725000e-01	-6.367052e-01	-1.695720e+00
1.726000e-01	-6.334197e-01	-1.696432e+00
1.727000e-01	-6.301603e-01	-1.697127e+00
1.728000e-01	-6.269273e-01	-1.697805e+00
1.729000e-01	-6.237207e-01	-1.698466e+00
1.730000e-01	-6.205408e-01	-1.699111e+00
1.731000e-01	-6.173879e-01	-1.699741e+00
1.732000e-01	-6.142619e-01	-1.700355e+00
1.733000e-01	-6.111632e-01	-1.700955e+00
1.734000e-01	-6.080918e-01	-1.701541e+00
1.735000e-01	-6.050479e-01	-1.702114e+00
1.736000e-01	-6.020315e-01	-1.702674e+00
1.737000e-01	-5.990427e-01	-1.703222e+00
1.738000e-01	-5.960817e-01	-1.703758e+00
1.739000e-01	-5.931483e-01	-1.704284e+00
1.740000e-01	-5.902425e-01	-1.704800e+00
1.741000e-01	-5.873644e-01	-1.705307e+00
1.742000e-01	-5.845138e-01	-1.705806e+00
1.743000e-01	-5.816906e-01	-1.706297e+00
1.744000e-01	-5.788946e-01	-1.706782e+00
1.745000e-01	-5.761256e-01	-1.707262e+00
1.746000e-01	-5.733833e-01	-1.707737e+00
1.747000e-01	-5.706677e-01	-1.708210e+00
1.748000e-01	-5.679782e-01	-1.708680e+00
1.749000e-01	-5.653145e-01	-1.709150e+00
1.750000e-01	-5.626764e-01	-1.709620e+00
1.751000e-01	-5.600634e-01	-1.710091e+00
1.752000e-01	-5.574751e-01	-1.710567e+00
1.753000e-01	-5.549111e-01	-1.711046e+00
1.754000e-01	-5.523708e-01	-1.711532e+00
1.755000e-01	-5.498539e-01	-1.712026e+00
1.756000e-01	-5.473599e-01	-1.712528e+00
1.757000e-01	-5.448883e-01	-1.713042e+00
1.758000e-01	-5.424386e-01	-1.713568e+00
1.759000e-01	-5.400102e-01	-1.714108e+00
1.760000e-01	-5.376029e-01	-1.714663e+00
1.761000e-01	-5.352160e-01	-1.715236e+00
1.762000e-01	-5.328491e-01	-1.715829e+00
1.763000e-01	-5.305018e-01	-1.716442e+00
1.764000e-01	-5.281736e-01	-1.717077e+00
1.765000e-01	-5.258641e-01	-1.717737e+00
1.766000e-01	-5.235729e-01	-1.718423e+00
1.767000e-01	-5.212997e-01	-1.719136e+00
1.768000e-01	-5.190440e-01	-1.719878e+00
1.769000e-01	-5.168055e-01	-1.720651e+00
1.770000e-01	-5.145839e-01	-1.721456e+00
1.771000e-01	-5.123789e-01	-1.722295e+00
1.772000e-01	-5.101901e-01	-1.723169e+00
1.773000e-01	-5.080174e-01	-1.724080e+00
1.774000e-01	-5.058604e-01	-1.725029e+00
1.775000e-01	-5.037188e-01	-1.726017e+00
1.776000e-01	-5.015925e-01	-1.727046e+00
1.777000e-01	-4.994812e-01	-1.728117e+00
1.778000e-01	-4.973846e-01	-1.729230e+00
1.779000e-01	-4.953024e-01	-1.730388e+00
1.780000e-01	-4.932344e-01	-1.731590e+00
1.781000e-01	-4.911804e-01	-1.732839e+00
1.782000e-01	-4.891400e-01	-1.734134e+00
1.783000e-01	-4.871129e-01	-1.735478e+00
1.784000e-01	-4.850989e-01	-1.736869e+00
1.785000e-01	-4.830976e-01	-1.738310e+00
1.786000e-01	-4.811086e-01	-1.739801e+00
1.787000e-01	-4.791316e-01	-1.741343e+00
1.788000e-01	-4.771660e-01	-1.742936e+00
1.789000e-01	-4.752116e-01	-1.744580e+00
1.790000e-01	-4.732677e-01	-1.746277e+00
1.791000e-01	-4.713339e-01	-1.748026e+00
1.792000e-01	-4.694097e-01	-1.749829e+00
1.793000e-01	-4.674945e-01	-1.751685e+00
1.794000e-01	-4.655877e-01	-1.753594e+00
1.795000e-01	-4.636888e-01	-1.755558e+00
1.796000e-01	-4.617970e-01	-1.757576e+00
1.797000e-01	-4.599117e-01	-1.759648e+00
1.798000e-01	-4.580323e-01	-1.761775e+00
1.799000e-01	-4.561581e-01	-1.763957e+00
1.800000e-01	-4.542884e-01	-1.766194e+00
1.801000e-01	-4.524224e-01	-1.768486e+00
1.802000e-01	-4.505596e-01	-1.770833e+00
1.803000e-01	-4.486992e-01	-1.773234e+00
1.804000e-01	-4.468404e-01	-1.775691e+00
1.805000e-01	-4.449828e-01	-1.778202e+00
1.806000e-01	-4.431255e-01	-1.780768e+00
1.807000e-01	-4.412679e-01	-1.783388e+00
1.808000e-01	-4.394095e-01	-1.786062e+00
1.809000e-01	-4.375497e-01	-1.788790e+00
1.810000e-01	-4.356879e-01	-1.791571e+00
1.811000e-01	-4.338235e-01	-1.794405e+00
1.812000e-01	-4.319562e-01	-1.797291e+00
1.813000e-01	-4.300854e-01	-1.800229e+00
1.814000e-01	-4.282108e-01	-1.803217e+00
1.815000e-01	-4.263320e-01	-1.806256e+00
1.816000e-01	-4.244487e-01	-1.809345e+00
1.817000e-01	-4.225606e-01	-1.812482e+00
1.818000e-01	-4.206675e-01	-1.815666e+00
1.819000e-01	-4.187692e-01	-1.818897e+00
1.820000e-01	-4.168656e-01	-1.822173e+00
1.821000e-01	-4.149565e-01	-1.825494e+00
1.822000e-01	-4.130419e-01	-1.828857e+00
1.823000e-01	-4.111217e-01	-1.832261e+00
1.824000e-01	-4.091960e-01	-1.835705e+00
1.825000e-01	-4.072648e-01	-1.839188e+00
1.826000e-01	-4.053281e-01	-1.842708e+00
1.827000e-01	-4.033861e-01	-1.846262e+00
1.828000e-01	-4.014387e-01	-1.849850e+00
1.829000e-01	-3.994862e-01	-1.853470e+00
1.830000e-01	-3.975287e-01	-1.857119e+00
1.831000e-01	-3.955662e-01	-1.860796e+00
1.832000e-01	-3.935991e-01	-1.864499e+00
1.833000e-01	-3.916273e-01	-1.868226e+00
1.834000e-01	-3.896511e-01	-1.871975e+00
1.835000e-01	-3.876707e-01	-1.875744e+00
1.836000e-01	-3.856861e-01	-1.879530e+00
1.837000e-01	-3.836976e-01	-1.883332e+00
1.838000e-01	-3.817054e-01	-1.887147e+00
1.839000e-01	-3.797095e-01	-1.890974e+00
1.840000e-01	-3.777101e-01	-1.894809e+00
1.841000e-01	-3.757074e-01	-1.898652e+00
1.842000e-01	-3.737015e-01	-1.902500e+00
1.843000e-01	-3.716925e-01	-1.906350e+00
1.844000e-01	-3.696807e-01	-1.910201e+00
1.845000e-01	-3.676661e-01	-1.914050e+00
1.846000e-01	-3.656490e-01	-1.917896e+00
1.847000e-01	-3.636295e-01	-1.921736e+00
1.848000e-01	-3.616077e-01	-1.925568e+00
1.849000e-01	-3.595840e-01	-1.929390e+00
1.850000e-01	-3.575584e-01	-1.933200e+00
1.851000e-01	-3.555313e-01	-1.936997e+00
1.852000e-01	-3.535028e-01	-1.940777e+00
1.853000e-01	-3.514734e-01	-1.944540e+00
1.854000e-01	-3.494432e-01	-1.948283e+00
1.855000e-01	-3.474127e-01	-1.952005e+00
1.856000e-01	-3.453823e-01	-1.955703e+00
1.857000e-01	-3.433524e-01	-1.959376e+00
1.858000e-01	-3.413235e-01	-1.963022e+00
1.859000e-01	-3.392961e-01	-1.966639e+00
1.860000e-01	-3.372708e-01	-1.970226e+00
1.861000e-01	-3.352481e-01	-1.973780e+00
1.862000e-01	-3.332289e-01	-1.977301e+00
1.863000e-01	-3.312136e-01	-1.980786e+00
1.864000e-01	-3.292032e-01	-1.984234e+00
1.865000e-01	-3.271984e-01	-1.987643e+00
1.866000e-01	-3.252000e-01	-1.991012e+00
1.867000e-01	-3.232090e-01	-1.994339e+00
1.868000e-01	-3.212261e-01	-1.997622e+00
1.869000e-01	-3.192525e-01	-2.000861e+00
1.870000e-01	-3.172891e-01	-2.004054e+00
1.871000e-01	-3.153369e-01	-2.007199e+00
1.872000e-01	-3.133969e-01	-2.010295e+00
1.873000e-01	-3.114702e-01	-2.013341e+00
1.874000e-01	-3.095578e-01	-2.016335e+00
1.875000e-01	-3.076609e-01	-2.019276e+00
1.876000e-01	-3.057806e-01	-2.022163e+00
1.877000e-01	-3.039179e-01	-2.024995e+00
1.878000e-01	-3.020739e-01	-2.027771e+00
1.879000e-01	-3.002498e-01	-2.030490e+00
1.880000e-01	-2.984466e-01	-2.033150e+00
1.881000e-01	-2.966654e-01	-2.035751e+00
1.882000e-01	-2.949071e-01	-2.038292e+00
1.883000e-01	-2.931730e-01	-2.040772e+00
1.884000e-01	-2.914639e-01	-2.043191e+00
1.885000e-01	-2.897809e-01	-2.045547e+00
1.886000e-01	-2.881250e-01	-2.047840e+00
1.887000e-01	-2.864970e-01	-2.050071e+00
1.888000e-01	-2.848978e-01	-2.052237e+00
1.889000e-01	-2.833284e-01	-2.054340e+00
1.890000e-01	-2.817896e-01	-2.056378e+00
1.891000e-01	-2.802823e-01	-2.058352e+00
1.892000e-01	-2.788071e-01	-2.060261e+00
1.893000e-01	-2.773650e-01	-2.062105e+00
1.894000e-01	-2.759566e-01	-2.063885e+00
1.895000e-01	-2.745828e-01	-2.065601e+00
1.896000e-01	-2.732441e-01	-2.067253e+00
1.897000e-01	-2.719413e-01	-2.068840e+00
1.898000e-01	-2.706751e-01	-2.070364e+00
1.899000e-01	-2.694461e-01	-2.071826e+00
1.900000e-01	-2.682551e-01	-2.073224e+00
1.901000e-01	-2.671026e-01	-2.074561e+00
1.902000e-01	-2.659894e-01	-2.075837e+00
1.903000e-01	-2.649161e-01	-2.077053e+00
1.904000e-01	-2.638834e-01	-2.078208e+00
1.905000e-01	-2.628918e-01	-2.079305e+00
1.906000e-01	-2.619422e-01	-2.080344e+00
1.907000e-01	-2.610352e-01	-2.081327e+00
1.908000e-01	-2.601715e-01	-2.082253e+00
1.909000e-01	-2.593517e-01	-2.083125e+00
1.910000e-01	-2.585767e-01	-2.083942e+00
1.911000e-01	-2.578470e-01	-2.084708e+00
1.912000e-01	-2.571635e-01	-2.085422e+00
1.913000e-01	-2.565268e-01	-2.086086e+00
1.914000e-01	-2.559377e-01	-2.086701e+00
1.915000e-01	-2.553970e-01	-2.087268e+00
1.916000e-01	-2.549053e-01	-2.087789e+00
1.917000e-01	-2.544635e-01	-2.088265e+00
1.918000e-01	-2.540722e-01	-2.088698e+00
1.919000e-01	-2.537322e-01	-2.089088e+00
1.920000e-01	-2.534442e-01	-2.089438e+00
1.921000e-01	-2.532089e-01	-2.089748e+00
1.922000e-01	-2.530270e-01	-2.090020e+00
1.923000e-01	-2.528991e-01	-2.090256e+00
1.924000e-01	-2.528259e-01	-2.090457e+00
1.925000e-01	-2.528079e-01	-2.090624e+00
1.926000e-01	-2.528459e-01	-2.090759e+00
1.927000e-01	-2.529401e-01	-2.090864e+00
1.928000e-01	-2.530913e-01	-2.090939e+00
1.929000e-01	-2.532998e-01	-2.090987e+00
1.930000e-01	-2.535659e-01	-2.091009e+00
1.931000e-01	-2.538902e-01	-2.091007e+00
1.932000e-01	-2.542729e-01	-2.090982e+00
1.933000e-01	-2.547142e-01	-2.090936e+00
1.934000e-01	-2.552143e-01	-2.090870e+00
1.935000e-01	-2.557735e-01	-2.090786e+00
1.936000e-01	-2.563917e-01	-2.090686e+00
1.937000e-01	-2.570692e-01	-2.090570e+00
1.938000e-01	-2.578057e-01	-2.090442e+00
1.939000e-01	-2.586014e-01	-2.090302e+00
1.940000e-01	-2.594561e-01	-2.090152e+00
1.941000e-01	-2.603697e-01	-2.089994e+00
1.942000e-01	-2.613420e-01	-2.089829e+00
1.943000e-01	-2.623728e-01	-2.089659e+00
1.944000e-01	-2.634618e-01	-2.089485e+00
1.945000e-01	-2.646088e-01	-2.089310e+00
1.946000e-01	-2.658135e-01	-2.089135e+00
1.947000e-01	-2.670754e-01	-2.088960e+00
1.948000e-01	-2.683943e-01	-2.088789e+00
1.949000e-01	-2.697697e-01	-2.088622e+00
1.950000e-01	-2.712014e-01	-2.088461e+00
1.951000e-01	-2.726889e-01	-2.088308e+00
1.952000e-01	-2.742317e-01	-2.088163e+00
1.953000e-01	-2.758295e-01	-2.088029e+00
1.954000e-01	-2.774819e-01	-2.087906e+00
1.955000e-01	-2.791885e-01	-2.087797e+00
1.956000e-01	-2.809488e-01	-2.087701e+00
1.957000e-01	-2.827625e-01	-2.087622e+00
1.958000e-01	-2.846291e-01	-2.087559e+00
1.959000e-01	-2.865483e-01	-2.087514e+00
1.960000e-01	-2.885197e-01	-2.087488e+00
1.961000e-01	-2.905429e-01	-2.087482e+00
1.962000e-01	-2.926175e-01	-2.087498e+00
1.963000e-01	-2.947433e-01	-2.087535e+00
1.964000e-01	-2.969197e-01	-2.087595e+00
1.965000e-01	-2.991465e-01	-2.087679e+00
1.966000e-01	-3.014233e-01	-2.087788e+00
1.967000e-01	-3.037497e-01	-2.087922e+00
1.968000e-01	-3.061255e-01	-2.088081e+00
1.969000e-01	-3.085501e-01	-2.088267e+00
1.970000e-01	-3.110233e-01	-2.088479e+00
1.971000e-01	-3.135447e-01	-2.088719e+00
1.972000e-01	-3.161138e-01	-2.088987e+00
1.973000e-01	-3.187302e-01	-2.089283e+00
1.974000e-01	-3.213936e-01	-2.089607e+00
1.975000e-01	-3.241033e-01	-2.089959e+00
1.976000e-01	-3.268591e-01	-2.090340e+00
1.977000e-01	-3.296602e-01	-2.090750e+00
1.978000e-01	-3.325063e-01	-2.091189e+00
1.979000e-01	-3.353967e-01	-2.091656e+00
1.980000e-01	-3.383308e-01	-2.092152e+00
1.981000e-01	-3.413081e-01	-2.092677e+00
1.982000e-01	-3.443278e-01	-2.093231e+00
1.983000e-01	-3.473893e-01	-2.093812e+00
1.984000e-01	-3.504918e-01	-2.094422e+00
1.985000e-01	-3.536347e-01	-2.095060e+00
1.986000e-01	-3.568171e-01	-2.095725e+00
1.987000e-01	-3.600382e-01	-2.096417e+00
1.988000e-01	-3.632973e-01	-2.097136e+00
1.989000e-01	-3.665934e-01	-2.097881e+00
1.990000e-01	-3.699258e-01	-2.098652e+00
1.991000e-01	-3.732935e-01	-2.099448e+00
1.992000e-01	-3.766957e-01	-2.100269e+00
1.993000e-01	-3.801314e-01	-2.101114e+00
1.994000e-01	-3.835999e-01	-2.101982e+00
1.995000e-01	-3.871001e-01	-2.102874e+00
1.996000e-01	-3.906312e-01	-2.103787e+00
1.997000e-01	-3.941923e-01	-2.104722e+00
1.998000e-01	-3.977825e-01	-2.105677e+00
1.999000e-01	-4.014009e-01	-2.106652e+00
2.000000e-01	-4.050468e-01	-2.107646e+00
2.001000e-01	-4.087192e-01	-2.108658e+00
2.002000e-01	-4.124173e-01	-2.109688e+00
2.003000e-01	-4.161403e-01	-2.110733e+00
2.004000e-01	-4.198875e-01	-2.111794e+00
2.005000e-01	-4.236581e-01	-2.112868e+00
2.006000e-01	-4.274514e-01	-2.113956e+00
2.007000e-01	-4.312666e-01	-2.115056e+00
2.008000e-01	-4.351032e-01	-2.116167e+00
2.009000e-01	-4.389604e-01	-2.117288e+00
2.010000e-01	-4.428377e-01	-2.118418e+00
2.011000e-01	-4.467344e-01	-2.119555e+00
2.012000e-01	-4.506499e-01	-2.120698e+00
2.013000e-01	-4.545838e-01	-2.121847e+00
2.014000e-01	-4.585353e-01	-2.123000e+00
2.015000e-01	-4.625041e-01	-2.124155e+00
2.016000e-01	-4.664896e-01	-2.125311e+00
2.017000e-01	-4.704912e-01	-2.126468e+00
2.018000e-01	-4.745085e-01	-2.127623e+00
2.019000e-01	-4.785410e-01	-2.128776e+00
2.020000e-01	-4.825881e-01	-2.129926e+00
2.021000e-01	-4.866494e-01	-2.131070e+00
2.022000e-01	-4.907244e-01	-2.132208e+00
2.023000e-01	-4.948124e-01	-2.133339e+00
2.024000e-01	-4.989131e-01	-2.134461e+00
2.025000e-01	-5.030258e-01	-2.135573e+00
2.026000e-01	-5.071500e-01	-2.136674e+00
2.027000e-01	-5.112851e-01	-2.137763e+00
2.028000e-01	-5.154304e-01	-2.138838e+00
2.029000e-01	-5.195855e-01	-2.139898e+00
2.030000e-01	-5.237496e-01	-2.140943e+00
2.031000e-01	-5.279221e-01	-2.141971e+00
2.032000e-01	-5.321024e-01	-2.142981e+00
2.033000e-01	-5.362896e-01	-2.143973e+00
2.034000e-01	-5.404831e-01	-2.144944e+00
2.035000e-01	-5.446822e-01	-2.145895e+00
2.036000e-01	-5.488860e-01	-2.146824e+00
2.037000e-01	-5.530939e-01	-2.147731e+00
2.038000e-01	-5.573050e-01	-2.148614e+00
2.039000e-01	-5.615186e-01	-2.149473e+00
2.040000e-01	-5.657339e-01	-2.150308e+00
2.041000e-01	-5.699501e-01	-2.151117e+00
2.042000e-01	-5.741663e-01	-2.151900e+00
2.043000e-01	-5.783817e-01	-2.152657e+00
2.044000e-01	-5.825957e-01	-2.153386e+00
2.045000e-01	-5.868073e-01	-2.154088e+00
2.046000e-01	-5.910159e-01	-2.154761e+00
2.047000e-01	-5.952206e-01	-2.155407e+00
2.048000e-01	-5.994207e-01	-2.156023e+00
2.049000e-01	-6.036155e-01	-2.156611e+00
2.050000e-01	-6.078042e-01	-2.157169e+00
2.051000e-01	-6.119862e-01	-2.157698e+00
2.052000e-01	-6.161609e-01	-2.158197e+00
2.053000e-01	-6.203275e-01	-2.158667e+00
2.054000e-01	-6.244854e-01	-2.159107e+00
2.055000e-01	-6.286342e-01	-2.159517e+00
2.056000e-01	-6.327731e-01	-2.159898e+00
2.057000e-01	-6.369017e-01	-2.160249e+00
2.058000e-01	-6.410194e-01	-2.160571e+00
2.059000e-01	-6.451258e-01	-2.160865e+00
2.060000e-01	-6.492204e-01	-2.161129e+00
2.061000e-01	-6.533027e-01	-2.161365e+00
2.062000e-01	-6.573724e-01	-2.161573e+00
2.063000e-01	-6.614289e-01	-2.161753e+00
2.064000e-01	-6.654719e-01	-2.161906e+00
2.065000e-01	-6.695010e-01	-2.162033e+00
2.066000e-01	-6.735158e-01	-2.162134e+00
2.067000e-01	-6.775160e-01	-2.162210e+00
2.068000e-01	-6.815012e-01	-2.162262e+00
2.069000e-01	-6.854709e-01	-2.162290e+00
2.070000e-01	-6.894249e-01	-2.162295e+00
2.071000e-01	-6.933628e-01	-2.162278e+00
2.072000e-01	-6.972842e-01	-2.162240e+00
2.073000e-01	-7.011886e-01	-2.162183e+00
2.074000e-01	-7.050758e-01	-2.162106e+00
2.075000e-01	-7.089454e-01	-2.162013e+00
2.076000e-01	-7.127968e-01	-2.161902e+00
2.077000e-01	-7.166297e-01	-2.161777e+00
2.078000e-01	-7.204437e-01	-2.161638e+00
2.079000e-01	-7.242383e-01	-2.161486e+00
2.080000e-01	-7.280130e-01	-2.161324e+00
2.081000e-01	-7.317674e-01	-2.161152e+00
2.082000e-01	-7.355011e-01	-2.160972e+00
2.083000e-01	-7.392134e-01	-2.160785e+00
2.084000e-01	-7.429040e-01	-2.160594e+00
2.085000e-01	-7.465724e-01	-2.160399e+00
2.086000e-01	-7.502180e-01	-2.160203e+00
2.087000e-01	-7.538404e-01	-2.160008e+00
2.088000e-01	-7.574391e-01	-2.159814e+00
2.089000e-01	-7.610135e-01	-2.159625e+00
2.090000e-01	-7.645633e-01	-2.159441e+00
2.091000e-01	-7.680879e-01	-2.159264e+00
2.092000e-01	-7.715869e-01	-2.159098e+00
2.093000e-01	-7.750598e-01	-2.158942e+00
2.094000e-01	-7.785063e-01	-2.158800e+00
2.095000e-01	-7.819259e-01	-2.158673e+00
2.096000e-01	-7.853184e-01	-2.158563e+00
2.097000e-01	-7.886832e-01	-2.158472e+00
2.098000e-01	-7.920201e-01	-2.158403e+00
2.099000e-01	-7.953289e-01	-2.158356e+00
2.100000e-01	-7.986092e-01	-2.158335e+00
2.101000e-01	-8.018608e-01	-2.158340e+00
2.102000e-01	-8.050836e-01	-2.158375e+00
2.103000e-01	-8.082774e-01	-2.158440e+00
2.104000e-01	-8.114419e-01	-2.158538e+00
2.105000e-01	-8.145772e-01	-2.158670e+00
2.106000e-01	-8.176832e-01	-2.158840e+00
2.107000e-01	-8.207597e-01	-2.159047e+00
2.108000e-01	-8.238068e-01	-2.159295e+00
2.109000e-01	-8.268245e-01	-2.159586e+00
2.110000e-01	-8.298129e-01	-2.159920e+00
2.111000e-01	-8.327718e-01	-2.160300e+00
2.112000e-01	-8.357015e-01	-2.160727e+00
2.113000e-01	-8.386021e-01	-2.161203e+00
2.114000e-01	-8.414735e-01	-2.161731e+00
2.115000e-01	-8.443159e-01	-2.162311e+00
2.116000e-01	-8.471294e-01	-2.162945e+00
2.117000e-01	-8.499141e-01	-2.163635e+00
2.118000e-01	-8.526702e-01	-2.164382e+00
2.119000e-01	-8.553977e-01	-2.165188e+00
2.120000e-01	-8.580969e-01	-2.166054e+00
2.121000e-01	-8.607676e-01	-2.166982e+00
2.122000e-01	-8.634102e-01	-2.167973e+00
2.123000e-01	-8.660247e-01	-2.169028e+00
2.124000e-01	-8.686111e-01	-2.170148e+00
2.125000e-01	-8.711695e-01	-2.171336e+00
2.126000e-01	-8.737000e-01	-2.172591e+00
2.127000e-01	-8.762026e-01	-2.173915e+00
2.128000e-01	-8.786774e-01	-2.175309e+00
2.129000e-01	-8.811243e-01	-2.176775e+00
2.130000e-01	-8.835434e-01	-2.178312e+00
2.131000e-01	-8.859347e-01	-2.179921e+00
2.132000e-01	-8.882981e-01	-2.181605e+00
2.133000e-01	-8.906336e-01	-2.183362e+00
2.134000e-01	-8.929412e-01	-2.185194e+00
2.135000e-01	-8.952208e-01	-2.187101e+00
2.136000e-01	-8.974724e-01	-2.189085e+00
2.137000e-01	-8.996959e-01	-2.191144e+00
2.138000e-01	-9.018913e-01	-2.193280e+00
2.139000e-01	-9.040584e-01	-2.195492e+00
2.140000e-01	-9.061973e-01	-2.197782e+00
2.141000e-01	-9.083079e-01	-2.200148e+00
2.142000e-01	-9.103901e-01	-2.202591e+00
2.143000e-01	-9.124438e-01	-2.205111e+00
2.144000e-01	-9.144692e-01	-2.207707e+00
2.145000e-01	-9.164660e-01	-2.210379e+00
2.146000e-01	-9.184344e-01	-2.213128e+00
2.147000e-01	-9.203743e-01	-2.215951e+00
2.148000e-01	-9.222857e-01	-2.218850e+00
2.149000e-01	-9.241686e-01	-2.221822e+00
2.150000e-01	-9.260232e-01	-2.224868e+00
2.151000e-01	-9.278493e-01	-2.227986e+00
2.152000e-01	-9.296472e-01	-2.231176e+00
2.153000e-01	-9.314168e-01	-2.234437e+00
2.154000e-01	-9.331583e-01	-2.237767e+00
2.155000e-01	-9.348717e-01	-2.241166e+00
2.156000e-01	-9.365571e-01	-2.244632e+00
2.157000e-01	-9.382148e-01	-2.248163e+00
2.158000e-01	-9.398447e-01	-2.251759e+00
2.159000e-01	-9.414469e-01	-2.255418e+00
2.160000e-01	-9.430217e-01	-2.259139e+00
2.161000e-01	-9.445691e-01	-2.262919e+00
2.162000e-01	-9.460893e-01	-2.266757e+00
2.163000e-01	-9.475822e-01	-2.270651e+00
2.164000e-01	-9.490481e-01	-2.274600e+00
2.165000e-01	-9.504870e-01	-2.278601e+00
2.166000e-01	-9.518990e-01	-2.282653e+00
2.167000e-01	-9.532842e-01	-2.286754e+00
2.168000e-01	-9.546425e-01	-2.290901e+00
2.169000e-01	-9.559740e-01	-2.295093e+00
2.170000e-01	-9.572788e-01	-2.299327e+00
2.171000e-01	-9.585567e-01	-2.303601e+00
2.172000e-01	-9.598079e-01	-2.307913e+00
2.173000e-01	-9.610321e-01	-2.312261e+00
2.174000e-01	-9.622293e-01	-2.316642e+00
2.175000e-01	-9.633995e-01	-2.321054e+00
2.176000e-01	-9.645424e-01	-2.325495e+00
2.177000e-01	-9.656580e-01	-2.329962e+00
2.178000e-01	-9.667460e-01	-2.334452e+00
2.179000e-01	-9.678064e-01	-2.338964e+00
2.180000e-01	-9.688388e-01	-2.343494e+00
2.181000e-01	-9.698431e-01	-2.348041e+00
2.182000e-01	-9.708190e-01	-2.352601e+00
2.183000e-01	-9.717664e-01	-2.357172e+00
2.184000e-01	-9.726848e-01	-2.361751e+00
2.185000e-01	-9.735741e-01	-2.366337e+00
2.186000e-01	-9.744340e-01	-2.370925e+00
2.187000e-01	-9.752643e-01	-2.375514e+00
2.188000e-01	-9.760645e-01	-2.380101e+00
2.189000e-01	-9.768346e-01	-2.384683e+00
2.190000e-01	-9.775741e-01	-2.389258e+00
2.191000e-01	-9.782829e-01	-2.393823e+00
2.192000e-01	-9.789607e-01	-2.398374e+00
2.193000e-01	-9.796073e-01	-2.402911e+00
2.194000e-01	-9.802224e-01	-2.407429e+00
2.195000e-01	-9.808058e-01	-2.411927e+00
2.196000e-01	-9.813573e-01	-2.416402e+00
2.197000e-01	-9.818768e-01	-2.420851e+00
2.198000e-01	-9.823641e-01	-2.425271e+00
2.199000e-01	-9.828190e-01	-2.429660e+00
2.200000e-01	-9.832413e-01	-2.434016e+00
2.201000e-01	-9.836311e-01	-2.438336e+00
2.202000e-01	-9.839882e-01	-2.442617e+00
2.203000e-01	-9.843125e-01	-2.446857e+00
2.204000e-01	-9.846040e-01	-2.451054e+00
2.205000e-01	-9.848627e-01	-2.455206e+00
2.206000e-01	-9.850884e-01	-2.459309e+00
2.207000e-01	-9.852813e-01	-2.463363e+00
2.208000e-01	-9.854412e-01	-2.467364e+00
2.209000e-01	-9.855683e-01	-2.471310e+00
2.210000e-01	-9.856625e-01	-2.475200e+00
2.211000e-01	-9.857239e-01	-2.479031e+00
2.212000e-01	-9.857526e-01	-2.482801e+00
2.213000e-01	-9.857485e-01	-2.486509e+00
2.214000e-01	-9.857118e-01	-2.490152e+00
2.215000e-01	-9.856424e-01	-2.493730e+00
2.216000e-01	-9.855405e-01	-2.497239e+00
2.217000e-01	-9.854061e-01	-2.500679e+00
2.218000e-01	-9.852393e-01	-2.504048e+00
2.219000e-01	-9.850401e-01	-2.507345e+00
2.220000e-01	-9.848085e-01	-2.510568e+00
2.221000e-01	-9.845447e-01	-2.513715e+00
2.222000e-01	-9.842487e-01	-2.516787e+00
2.223000e-01	-9.839206e-01	-2.519780e+00
2.224000e-01	-9.835603e-01	-2.522696e+00
2.225000e-01	-9.831680e-01	-2.525531e+00
2.226000e-01	-9.827436e-01	-2.528286e+00
2.227000e-01	-9.822873e-01	-2.530959e+00
2.228000e-01	-9.817991e-01	-2.533550e+00
2.229000e-01	-9.812791e-01	-2.536059e+00
2.230000e-01	-9.807272e-01	-2.538483e+00
2.231000e-01	-9.801436e-01	-2.540824e+00
2.232000e-01	-9.795284e-01	-2.543080e+00
2.233000e-01	-9.788816e-01	-2.545251e+00
2.234000e-01	-9.782033e-01	-2.547337e+00
2.235000e-01	-9.774936e-01	-2.549337e+00
2.236000e-01	-9.767526e-01	-2.551252e+00
2.237000e-01	-9.759806e-01	-2.553081e+00
2.238000e-01	-9.751775e-01	-2.554824e+00
2.239000e-01	-9.743437e-01	-2.556481e+00
2.240000e-01	-9.734793e-01	-2.558052e+00
2.241000e-01	-9.725844e-01	-2.559538e+00
2.242000e-01	-9.716595e-01	-2.560939e+00
2.243000e-01	-9.707046e-01	-2.562254e+00
2.244000e-01	-9.697201e-01	-2.563485e+00
2.245000e-01	-9.687062e-01	-2.564632e+00
2.246000e-01	-9.676635e-01	-2.565695e+00
2.247000e-01	-9.665920e-01	-2.566675e+00
2.248000e-01	-9.654924e-01	-2.567572e+00
2.249000e-01	-9.643649e-01	-2.568387e+00
2.250000e-01	-9.632099e-01	-2.569122e+00
2.251000e-01	-9.620280e-01	-2.569776e+00
2.252000e-01	-9.608196e-01	-2.570351e+00
2.253000e-01	-9.595851e-01	-2.570847e+00
2.254000e-01	-9.583251e-01	-2.571266e+00
2.255000e-01	-9.570401e-01	-2.571609e+00
2.256000e-01	-9.557306e-01	-2.571876e+00
2.257000e-01	-9.543971e-01	-2.572070e+00
2.258000e-01	-9.530402e-01	-2.572191e+00
2.259000e-01	-9.516605e-01	-2.572240e+00
2.260000e-01	-9.502584e-01	-2.572219e+00
2.261000e-01	-9.488347e-01	-2.572130e+00
2.262000e-01	-9.473897e-01	-2.571974e+00
2.263000e-01	-9.459242e-01	-2.571752e+00
2.264000e-01	-9.444386e-01	-2.571466e+00
2.265000e-01	-9.429335e-01	-2.571118e+00
2.266000e-01	-9.414095e-01	-2.570709e+00
2.267000e-01	-9.398670e-01	-2.570241e+00
2.268000e-01	-9.383067e-01	-2.569716e+00
2.269000e-01	-9.367290e-01	-2.569136e+00
2.270000e-01	-9.351345e-01	-2.568502e+00
2.271000e-01	-9.335237e-01	-2.567817e+00
2.272000e-01	-9.318969e-01	-2.567082e+00
2.273000e-01	-9.302548e-01	-2.566299e+00
2.274000e-01	-9.285978e-01	-2.565470e+00
2.275000e-01	-9.269264e-01	-2.564598e+00
2.276000e-01	-9.252409e-01	-2.563684e+00
2.277000e-01	-9.235418e-01	-2.562731e+00
2.278000e-01	-9.218295e-01	-2.561740e+00
2.279000e-01	-9.201045e-01	-2.560713e+00
2.280000e-01	-9.183671e-01	-2.559653e+00
2.281000e-01	-9.166177e-01	-2.558562e+00
2.282000e-01	-9.148567e-01	-2.557442e+00
2.283000e-01	-9.130845e-01	-2.556294e+00
2.284000e-01	-9.113015e-01	-2.555122e+00
2.285000e-01	-9.095080e-01	-2.553927e+00
2.286000e-01	-9.077043e-01	-2.552711e+00
2.287000e-01	-9.058910e-01	-2.551476e+00
2.288000e-01	-9.040682e-01	-2.550225e+00
2.289000e-01	-9.022365e-01	-2.548960e+00
2.290000e-01	-9.003961e-01	-2.547682e+00
2.291000e-01	-8.985473e-01	-2.546394e+00
2.292000e-01	-8.966907e-01	-2.545098e+00
2.293000e-01	-8.948265e-01	-2.543796e+00
2.294000e-01	-8.929551e-01	-2.542489e+00
2.295000e-01	-8.910768e-01	-2.541180e+00
2.296000e-01	-8.891921e-01	-2.539872e+00
2.297000e-01	-8.873013e-01	-2.538565e+00
2.298000e-01	-8.854047e-01	-2.537262e+00
2.299000e-01	-8.835027e-01	-2.535964e+00
2.300000e-01	-8.815958e-01	-2.534675e+00
2.301000e-01	-8.796842e-01	-2.533395e+00
2.302000e-01	-8.777683e-01	-2.532126e+00
2.303000e-01	-8.758484e-01	-2.530871e+00
2.304000e-01	-8.739250e-01	-2.529631e+00
2.305000e-01	-8.719982e-01	-2.528408e+00
2.306000e-01	-8.700685e-01	-2.527204e+00
2.307000e-01	-8.681362e-01	-2.526020e+00
2.308000e-01	-8.662015e-01	-2.524859e+00
2.309000e-01	-8.642647e-01	-2.523722e+00
2.310000e-01	-8.623262e-01	-2.522611e+00
2.311000e-01	-8.603861e-01	-2.521527e+00
2.312000e-01	-8.584447e-01	-2.520471e+00
2.313000e-01	-8.565022e-01	-2.519447e+00
2.314000e-01	-8.545588e-01	-2.518455e+00
2.315000e-01	-8.526147e-01	-2.517496e+00
2.316000e-01	-8.506700e-01	-2.516573e+00
2.317000e-01	-8.487249e-01	-2.515686e+00
2.318000e-01	-8.467794e-01	-2.514838e+00
2.319000e-01	-8.448338e-01	-2.514029e+00
2.320000e-01	-8.428879e-01	-2.513260e+00
2.321000e-01	-8.409420e-01	-2.512534e+00
2.322000e-01	-8.389959e-01	-2.511851e+00
2.323000e-01	-8.370498e-01	-2.511212e+00
2.324000e-01	-8.351036e-01	-2.510620e+00
2.325000e-01	-8.331574e-01	-2.510073e+00
2.326000e-01	-8.312109e-01	-2.509575e+00
2.327000e-01	-8.292642e-01	-2.509125e+00
2.328000e-01	-8.273173e-01	-2.508725e+00
2.329000e-01	-8.253700e-01	-2.508375e+00
2.330000e-01	-8.234223e-01	-2.508077e+00
2.331000e-01	-8.214739e-01	-2.507830e+00
2.332000e-01	-8.195249e-01	-2.507636e+00
2.333000e-01	-8.175752e-01	-2.507496e+00
2.334000e-01	-8.156245e-01	-2.507409e+00
2.335000e-01	-8.136727e-01	-2.507376e+00
2.336000e-01	-8.117198e-01	-2.507398e+00
2.337000e-01	-8.097657e-01	-2.507476e+00
2.338000e-01	-8.078100e-01	-2.507608e+00
2.339000e-01	-8.058529e-01	-2.507796e+00
2.340000e-01	-8.038940e-01	-2.508040e+00
2.341000e-01	-8.019334e-01	-2.508340e+00
2.342000e-01	-7.999708e-01	-2.508695e+00
2.343000e-01	-7.980062e-01	-2.509106e+00
2.344000e-01	-7.960395e-01	-2.509573e+00
2.345000e-01	-7.940706e-01	-2.510096e+00
2.346000e-01	-7.920992e-01	-2.510674e+00
2.347000e-01	-7.901255e-01	-2.511307e+00
2.348000e-01	-7.881492e-01	-2.511995e+00
2.349000e-01	-7.861703e-01	-2.512737e+00
2.350000e-01	-7.841887e-01	-2.513534e+00
2.351000e-01	-7.822043e-01	-2.514384e+00
2.352000e-01	-7.802170e-01	-2.515287e+00
2.353000e-01	-7.782268e-01	-2.516243e+00
2.354000e-01	-7.762336e-01	-2.517250e+00
2.355000e-01	-7.742372e-01	-2.518309e+00
2.356000e-01	-7.722377e-01	-2.519419e+00
2.357000e-01	-7.702350e-01	-2.520578e+00
2.358000e-01	-7.682288e-01	-2.521786e+00
2.359000e-01	-7.662193e-01	-2.523043e+00
2.360000e-01	-7.642062e-01	-2.524347e+00
2.361000e-01	-7.621896e-01	-2.525697e+00
2.362000e-01	-7.601692e-01	-2.527093e+00
2.363000e-01	-7.581450e-01	-2.528533e+00
2.364000e-01	-7.561168e-01	-2.530018e+00
2.365000e-01	-7.540846e-01	-2.531545e+00
2.366000e-01	-7.520483e-01	-2.533113e+00
2.367000e-01	-7.500077e-01	-2.534722e+00
2.368000e-01	-7.479626e-01	-2.536370e+00
2.369000e-01	-7.459130e-01	-2.538056e+00
2.370000e-01	-7.438587e-01	-2.539779e+00
2.371000e-01	-7.417995e-01	-2.541538e+00
2.372000e-01	-7.397354e-01	-2.543332e+00
2.373000e-01	-7.376660e-01	-2.545158e+00
2.374000e-01	-7.355914e-01	-2.547017e+00
2.375000e-01	-7.335114e-01	-2.548907e+00
2.376000e-01	-7.314257e-01	-2.550825e+00
2.377000e-01	-7.293343e-01	-2.552772e+00
2.378000e-01	-7.272370e-01	-2.554746e+00
2.379000e-01	-7.251336e-01	-2.556744e+00
2.380000e-01	-7.230240e-01	-2.558766e+00
2.381000e-01	-7.209081e-01	-2.560811e+00
2.382000e-01	-7.187857e-01	-2.562877e+00
2.383000e-01	-7.166568e-01	-2.564962e+00
2.384000e-01	-7.145212e-01	-2.567065e+00
2.385000e-01	-7.123788e-01	-2.569185e+00
2.386000e-01	-7.102296e-01	-2.571319e+00
2.387000e-01	-7.080733e-01	-2.573468e+00
2.388000e-01	-7.059101e-01	-2.575629e+00
2.389000e-01	-7.037398e-01	-2.577800e+00
2.390000e-01	-7.015623e-01	-2.579981e+00
2.391000e-01	-6.993777e-01	-2.582169e+00
2.392000e-01	-6.971859e-01	-2.584364e+00
2.393000e-01	-6.949870e-01	-2.586565e+00
2.394000e-01	-6.927808e-01	-2.588768e+00
2.395000e-01	-6.905675e-01	-2.590975e+00
2.396000e-01	-6.883471e-01	-2.593182e+00
2.397000e-01	-6.861196e-01	-2.595389e+00
2.398000e-01	-6.838850e-01	-2.597595e+00
2.399000e-01	-6.816435e-01	-2.599798e+00
2.400000e-01	-6.793950e-01	-2.601997e+00
2.401000e-01	-6.771397e-01	-2.604191e+00
2.402000e-01	-6.748777e-01	-2.606380e+00
2.403000e-01	-6.726090e-01	-2.608561e+00
2.404000e-01	-6.703337e-01	-2.610734e+00
2.405000e-01	-6.680520e-01	-2.612898e+00
2.406000e-01	-6.657639e-01	-2.615052e+00
2.407000e-01	-6.634696e-01	-2.617196e+00
2.408000e-01	-6.611692e-01	-2.619328e+00
2.409000e-01	-6.588627e-01	-2.621448e+00
2.410000e-01	-6.565504e-01	-2.623556e+00
2.411000e-01	-6.542322e-01	-2.625650e+00
2.412000e-01	-6.519084e-01	-2.627730e+00
2.413000e-01	-6.495791e-01	-2.629795e+00
2.414000e-01	-6.472443e-01	-2.631846e+00
2.415000e-01	-6.449043e-01	-2.633882e+00
2.416000e-01	-6.425590e-01	-2.635902e+00
2.417000e-01	-6.402088e-01	-2.637907e+00
2.418000e-01	-6.378536e-01	-2.639896e+00
2.419000e-01	-6.354936e-01	-2.641869e+00
2.420000e-01	-6.331289e-01	-2.643826e+00
2.421000e-01	-6.307597e-01	-2.645767e+00
2.422000e-01	-6.283861e-01	-2.647692e+00
2.423000e-01	-6.260083e-01	-2.649601e+00
2.424000e-01	-6.236263e-01	-2.651495e+00
2.425000e-01	-6.212404e-01	-2.653373e+00
2.426000e-01	-6.188506e-01	-2.655236e+00
2.427000e-01	-6.164572e-01	-2.657084e+00
2.428000e-01	-6.140604e-01	-2.658917e+00
2.429000e-01	-6.116602e-01	-2.660737e+00
2.430000e-01	-6.092570e-01	-2.662542e+00
2.431000e-01	-6.068509e-01	-2.664335e+00
2.432000e-01	-6.044421e-01	-2.666115e+00
2.433000e-01	-6.020309e-01	-2.667882e+00
2.434000e-01	-5.996174e-01	-2.669639e+00
2.435000e-01	-5.972020e-01	-2.671385e+00
2.436000e-01	-5.947849e-01	-2.673120e+00
2.437000e-01	-5.923664e-01	-2.674847e+00
2.438000e-01	-5.899468e-01	-2.676565e+00
2.439000e-01	-5.875264e-01	-2.678276e+00
2.440000e-01	-5.851055e-01	-2.679979e+00
2.441000e-01	-5.826845e-01	-2.681677e+00
2.442000e-01	-5.802638e-01	-2.683370e+00
2.443000e-01	-5.778436e-01	-2.685060e+00
2.444000e-01	-5.754244e-01	-2.686746e+00
2.445000e-01	-5.730066e-01	-2.688430e+00
2.446000e-01	-5.705905e-01	-2.690114e+00
2.447000e-01	-5.681767e-01	-2.691798e+00
2.448000e-01	-5.657655e-01	-2.693484e+00
2.449000e-01	-5.633575e-01	-2.695171e+00
2.450000e-01	-5.609529e-01	-2.696863e+00
2.451000e-01	-5.585524e-01	-2.698560e+00
2.452000e-01	-5.561564e-01	-2.700262e+00
2.453000e-01	-5.537654e-01	-2.701972e+00
2.454000e-01	-5.513798e-01	-2.703691e+00
2.455000e-01	-5.490003e-01	-2.705419e+00
2.456000e-01	-5.466272e-01	-2.707158e+00
2.457000e-01	-5.442611e-01	-2.708909e+00
2.458000e-01	-5.419026e-01	-2.710674e+00
2.459000e-01	-5.395521e-01	-2.712453e+00
2.460000e-01	-5.372102e-01	-2.714248e+00
2.461000e-01	-5.348774e-01	-2.716060e+00
2.462000e-01	-5.325542e-01	-2.717890e+00
2.463000e-01	-5.302413e-01	-2.719739e+00
2.464000e-01	-5.279391e-01	-2.721609e+00
2.465000e-01	-5.256481e-01	-2.723501e+00
2.466000e-01	-5.233690e-01	-2.725415e+00
2.467000e-01	-5.211023e-01	-2.727352e+00
2.468000e-01	-5.188484e-01	-2.729315e+00
2.469000e-01	-5.166081e-01	-2.731302e+00
2.470000e-01	-5.143819e-01	-2.733317e+00
2.471000e-01	-5.121702e-01	-2.735358e+00
2.472000e-01	-5.099737e-01	-2.737428e+00
2.473000e-01	-5.077930e-01	-2.739526e+00
2.474000e-01	-5.056286e-01	-2.741654e+00
2.475000e-01	-5.034811e-01	-2.743812e+00
2.476000e-01	-5.013511e-01	-2.746001e+00
2.477000e-01	-4.992391e-01	-2.748221e+00
2.478000e-01	-4.971457e-01	-2.750473e+00
2.479000e-01	-4.950716e-01	-2.752756e+00
2.480000e-01	-4.930173e-01	-2.755072e+00
2.481000e-01	-4.909834e-01	-2.757420e+00
2.482000e-01	-4.889705e-01	-2.759801e+00
2.483000e-01	-4.869792e-01	-2.762215e+00
2.484000e-01	-4.850102e-01	-2.764661e+00
2.485000e-01	-4.830640e-01	-2.767140e+00
2.486000e-01	-4.811412e-01	-2.769651e+00
2.487000e-01	-4.792425e-01	-2.772195e+00
2.488000e-01	-4.773684e-01	-2.774771e+00
2.489000e-01	-4.755197e-01	-2.777378e+00
2.490000e-01	-4.736968e-01	-2.780017e+00
2.491000e-01	-4.719004e-01	-2.782686e+00
2.492000e-01	-4.701311e-01	-2.785385e+00
2.493000e-01	-4.683895e-01	-2.788114e+00
2.494000e-01	-4.666763e-01	-2.790872e+00
2.495000e-01	-4.649920e-01	-2.793658e+00
2.496000e-01	-4.633372e-01	-2.796472e+00
2.497000e-01	-4.617124e-01	-2.799311e+00
2.498000e-01	-4.601184e-01	-2.802177e+00
2.499000e-01	-4.585556e-01	-2.805066e+00
2.500000e-01	-4.570246e-01	-2.807980e+00
2.501000e-01	-4.555259e-01	-2.810915e+00
2.502000e-01	-4.540602e-01	-2.813872e+00
2.503000e-01	-4.526278e-01	-2.816849e+00
2.504000e-01	-4.512293e-01	-2.819845e+00
2.505000e-01	-4.498653e-01	-2.822858e+00
2.506000e-01	-4.485361e-01	-2.825887e+00
2.507000e-01	-4.472423e-01	-2.828931e+00
2.508000e-01	-4.459842e-01	-2.831988e+00
2.509000e-01	-4.447624e-01	-2.835058e+00
2.510000e-01	-4.435772e-01	-2.838137e+00
2.511000e-01	-4.424290e-01	-2.841226e+00
2.512000e-01	-4.413181e-01	-2.844321e+00
2.513000e-01	-4.402450e-01	-2.847422e+00
2.514000e-01	-4.392100e-01	-2.850527e+00
2.515000e-01	-4.382132e-01	-2.853635e+00
2.516000e-01	-4.372552e-01	-2.856743e+00
2.517000e-01	-4.363360e-01	-2.859849e+00
2.518000e-01	-4.354560e-01	-2.862953e+00
2.519000e-01	-4.346154e-01	-2.866052e+00
2.520000e-01	-4.338143e-01	-2.869145e+00
2.521000e-01	-4.330530e-01	-2.872229e+00
2.522000e-01	-4.323317e-01	-2.875303e+00
2.523000e-01	-4.316504e-01	-2.878365e+00
2.524000e-01	-4.310093e-01	-2.881413e+00
2.525000e-01	-4.304084e-01	-2.884445e+00
2.526000e-01	-4.298480e-01	-2.887460e+00
2.527000e-01	-4.293279e-01	-2.890455e+00
2.528000e-01	-4.288484e-01	-2.893428e+00
2.529000e-01	-4.284093e-01	-2.896379e+00
2.530000e-01	-4.280108e-01	-2.899304e+00
2.531000e-01	-4.276527e-01	-2.902203e+00
2.532000e-01	-4.273351e-01	-2.905072e+00
2.533000e-01	-4.270579e-01	-2.907911e+00
2.534000e-01	-4.268210e-01	-2.910718e+00
2.535000e-01	-4.266244e-01	-2.913490e+00
2.536000e-01	-4.264679e-01	-2.916226e+00
2.537000e-01	-4.263514e-01	-2.918925e+00
2.538000e-01	-4.262749e-01	-2.921585e+00
2.539000e-01	-4.262380e-01	-2.924203e+00
2.540000e-01	-4.262407e-01	-2.926780e+00
2.541000e-01	-4.262828e-01	-2.929312e+00
2.542000e-01	-4.263641e-01	-2.931798e+00
2.543000e-01	-4.264842e-01	-2.934237e+00
2.544000e-01	-4.266430e-01	-2.936628e+00
2.545000e-01	-4.268403e-01	-2.938969e+00
2.546000e-01	-4.270756e-01	-2.941260e+00
2.547000e-01	-4.273489e-01	-2.943497e+00
2.548000e-01	-4.276596e-01	-2.945682e+00
2.549000e-01	-4.280075e-01	-2.947811e+00
2.550000e-01	-4.283922e-01	-2.949885e+00
2.551000e-01	-4.288135e-01	-2.951902e+00
2.552000e-01	-4.292707e-01	-2.953862e+00
2.553000e-01	-4.297637e-01	-2.955763e+00
2.554000e-01	-4.302919e-01	-2.957605e+00
2.555000e-01	-4.308550e-01	-2.959387e+00
2.556000e-01	-4.314524e-01	-2.961108e+00
2.557000e-01	-4.320837e-01	-2.962768e+00
2.558000e-01	-4.327484e-01	-2.964366e+00
2.559000e-01	-4.334460e-01	-2.965902e+00
2.560000e-01	-4.341761e-01	-2.967375e+00
2.561000e-01	-4.349379e-01	-2.968784e+00
2.562000e-01	-4.357312e-01	-2.970130e+00
2.563000e-01	-4.365551e-01	-2.971413e+00
2.564000e-01	-4.374093e-01	-2.972632e+00
2.565000e-01	-4.382931e-01	-2.973786e+00
2.566000e-01	-4.392060e-01	-2.974877e+00
2.567000e-01	-4.401472e-01	-2.975903e+00
2.568000e-01	-4.411163e-01	-2.976866e+00
2.569000e-01	-4.421125e-01	-2.977764e+00
2.570000e-01	-4.431354e-01	-2.978599e+00
2.571000e-01	-4.441841e-01	-2.979370e+00
2.572000e-01	-4.452582e-01	-2.980077e+00
2.573000e-01	-4.463569e-01	-2.980721e+00
2.574000e-01	-4.474795e-01	-2.981303e+00
2.575000e-01	-4.486256e-01	-2.981822e+00
2.576000e-01	-4.497942e-01	-2.982279e+00
2.577000e-01	-4.509849e-01	-2.982674e+00
2.578000e-01	-4.521970e-01	-2.983008e+00
2.579000e-01	-4.534297e-01	-2.983282e+00
2.580000e-01	-4.546824e-01	-2.983497e+00
2.581000e-01	-4.559545e-01	-2.983651e+00
2.582000e-01	-4.572452e-01	-2.983748e+00
2.583000e-01	-4.585540e-01	-2.983786e+00
2.584000e-01	-4.598801e-01	-2.983768e+00
2.585000e-01	-4.612229e-01	-2.983693e+00
2.586000e-01	-4.625817e-01	-2.983563e+00
2.587000e-01	-4.639559e-01	-2.983379e+00
2.588000e-01	-4.653449e-01	-2.983141e+00
2.589000e-01	-4.667479e-01	-2.982850e+00
2.590000e-01	-4.681644e-01	-2.982508e+00
2.591000e-01	-4.695936e-01	-2.982116e+00
2.592000e-01	-4.710350e-01	-2.981674e+00
2.593000e-01	-4.724880e-01	-2.981184e+00
2.594000e-01	-4.739519e-01	-2.980647e+00
2.595000e-01	-4.754261e-01	-2.980064e+00
2.596000e-01	-4.769099e-01	-2.979437e+00
2.597000e-01	-4.784029e-01	-2.978767e+00
2.598000e-01	-4.799043e-01	-2.978054e+00
2.599000e-01	-4.814137e-01	-2.977301e+00
2.600000e-01	-4.829303e-01	-2.976509e+00
2.601000e-01	-4.844537e-01	-2.975679e+00
2.602000e-01	-4.859832e-01	-2.974812e+00
2.603000e-01	-4.875183e-01	-2.973911e+00
2.604000e-01	-4.890585e-01	-2.972976e+00
2.605000e-01	-4.906032e-01	-2.972010e+00
2.606000e-01	-4.921518e-01	-2.971013e+00
2.607000e-01	-4.937039e-01	-2.969987e+00
2.608000e-01	-4.952589e-01	-2.968934e+00
2.609000e-01	-4.968163e-01	-2.967856e+00
2.610000e-01	-4.983755e-01	-2.966753e+00
2.611000e-01	-4.999362e-01	-2.965628e+00
2.612000e-01	-5.014978e-01	-2.964483e+00
2.613000e-01	-5.030598e-01	-2.963318e+00
2.614000e-01	-5.046219e-01	-2.962136e+00
2.615000e-01	-5.061834e-01	-2.960939e+00
2.616000e-01	-5.077441e-01	-2.959727e+00
2.617000e-01	-5.093034e-01	-2.958503e+00
2.618000e-01	-5.108610e-01	-2.957268e+00
2.619000e-01	-5.124165e-01	-2.956024e+00
2.620000e-01	-5.139693e-01	-2.954773e+00
2.621000e-01	-5.155193e-01	-2.953517e+00
2.622000e-01	-5.170660e-01	-2.952256e+00
2.623000e-01	-5.186090e-01	-2.950993e+00
2.624000e-01	-5.201480e-01	-2.949730e+00
2.625000e-01	-5.216827e-01	-2.948468e+00
2.626000e-01	-5.232127e-01	-2.947208e+00
2.627000e-01	-5.247379e-01	-2.945954e+00
2.628000e-01	-5.262578e-01	-2.944705e+00
2.629000e-01	-5.277721e-01	-2.943464e+00
2.630000e-01	-5.292808e-01	-2.942233e+00
2.631000e-01	-5.307834e-01	-2.941013e+00
2.632000e-01	-5.322797e-01	-2.939807e+00
2.633000e-01	-5.337696e-01	-2.938614e+00
2.634000e-01	-5.352528e-01	-2.937438e+00
2.635000e-01	-5.367292e-01	-2.936280e+00
2.636000e-01	-5.381984e-01	-2.935142e+00
2.637000e-01	-5.396605e-01	-2.934025e+00
2.638000e-01	-5.411152e-01	-2.932931e+00
2.639000e-01	-5.425623e-01	-2.931862e+00
2.640000e-01	-5.440018e-01	-2.930819e+00
2.641000e-01	-5.454336e-01	-2.929803e+00
2.642000e-01	-5.468574e-01	-2.928818e+00
2.643000e-01	-5.482733e-01	-2.927863e+00
2.644000e-01	-5.496812e-01	-2.926942e+00
2.645000e-01	-5.510809e-01	-2.926055e+00
2.646000e-01	-5.524725e-01	-2.925204e+00
2.647000e-01	-5.538558e-01	-2.924390e+00
2.648000e-01	-5.552309e-01	-2.923616e+00
2.649000e-01	-5.565978e-01	-2.922883e+00
2.650000e-01	-5.579563e-01	-2.922192e+00
2.651000e-01	-5.593066e-01	-2.921545e+00
2.652000e-01	-5.606485e-01	-2.920944e+00
2.653000e-01	-5.619822e-01	-2.920389e+00
2.654000e-01	-5.633077e-01	-2.919883e+00
2.655000e-01	-5.646250e-01	-2.919426e+00
2.656000e-01	-5.659341e-01	-2.919021e+00
2.657000e-01	-5.672352e-01	-2.918669e+00
2.658000e-01	-5.685282e-01	-2.918371e+00
2.659000e-01	-5.698133e-01	-2.918128e+00
2.660000e-01	-5.710905e-01	-2.917941e+00
2.661000e-01	-5.723599e-01	-2.917813e+00
2.662000e-01	-5.736216e-01	-2.917744e+00
2.663000e-01	-5.748758e-01	-2.917735e+00
2.664000e-01	-5.761225e-01	-2.917787e+00
2.665000e-01	-5.773619e-01	-2.917902e+00
2.666000e-01	-5.785941e-01	-2.918080e+00
2.667000e-01	-5.798192e-01	-2.918323e+00
2.668000e-01	-5.810373e-01	-2.918632e+00
2.669000e-01	-5.822487e-01	-2.919006e+00
2.670000e-01	-5.834535e-01	-2.919448e+00
2.671000e-01	-5.846518e-01	-2.919958e+00
2.672000e-01	-5.858438e-01	-2.920536e+00
2.673000e-01	-5.870297e-01	-2.921183e+00
2.674000e-01	-5.882097e-01	-2.921901e+00
2.675000e-01	-5.893839e-01	-2.922688e+00
2.676000e-01	-5.905525e-01	-2.923547e+00
2.677000e-01	-5.917157e-01	-2.924477e+00
2.678000e-01	-5.928738e-01	-2.925478e+00
2.679000e-01	-5.940268e-01	-2.926552e+00
2.680000e-01	-5.951751e-01	-2.927698e+00
2.681000e-01	-5.963189e-01	-2.928916e+00
2.682000e-01	-5.974582e-01	-2.930207e+00
2.683000e-01	-5.985934e-01	-2.931570e+00
2.684000e-01	-5.997247e-01	-2.933006e+00
2.685000e-01	-6.008523e-01	-2.934514e+00
2.686000e-01	-6.019764e-01	-2.936095e+00
2.687000e-01	-6.030973e-01	-2.937748e+00
2.688000e-01	-6.042151e-01	-2.939473e+00
2.689000e-01	-6.053301e-01	-2.941270e+00
2.690000e-01	-6.064426e-01	-2.943138e+00
2.691000e-01	-6.075527e-01	-2.945077e+00
2.692000e-01	-6.086607e-01	-2.947086e+00
2.693000e-01	-6.097669e-01	-2.949166e+00
2.694000e-01	-6.108714e-01	-2.951314e+00
2.695000e-01	-6.119745e-01	-2.953532e+00
2.696000e-01	-6.130764e-01	-2.955817e+00
2.697000e-01	-6.141774e-01	-2.958169e+00
2.698000e-01	-6.152778e-01	-2.960588e+00
2.699000e-01	-6.163777e-01	-2.963073e+00
2.700000e-01	-6.174773e-01	-2.965621e+00
2.701000e-01	-6.185770e-01	-2.968234e+00
2.702000e-01	-6.196770e-01	-2.970909e+00
2.703000e-01	-6.207774e-01	-2.973645e+00
2.704000e-01	-6.218786e-01	-2.976441e+00
2.705000e-01	-6.229807e-01	-2.979297e+00
2.706000e-01	-6.240840e-01	-2.982210e+00
2.707000e-01	-6.251887e-01	-2.985179e+00
2.708000e-01	-6.262950e-01	-2.988204e+00
2.709000e-01	-6.274032e-01	-2.991282e+00
2.710000e-01	-6.285134e-01	-2.994412e+00
2.711000e-01	-6.296260e-01	-2.997593e+00
2.712000e-01	-6.307411e-01	-3.000822e+00
2.713000e-01	-6.318589e-01	-3.004099e+00
2.714000e-01	-6.329796e-01	-3.007422e+00
2.715000e-01	-6.341034e-01	-3.010788e+00
2.716000e-01	-6.352306e-01	-3.014196e+00
2.717000e-01	-6.363612e-01	-3.017645e+00
2.718000e-01	-6.374956e-01	-3.021132e+00
2.719000e-01	-6.386339e-01	-3.024656e+00
2.720000e-01	-6.397762e-01	-3.028215e+00
2.721000e-01	-6.409228e-01	-3.031806e+00
2.722000e-01	-6.420738e-01	-3.035428e+00
2.723000e-01	-6.432294e-01	-3.039079e+00
2.724000e-01	-6.443896e-01	-3.042757e+00
2.725000e-01	-6.455548e-01	-3.046460e+00
2.726000e-01	-6.467249e-01	-3.050185e+00
2.727000e-01	-6.479002e-01	-3.053931e+00
2.728000e-01	-6.490807e-01	-3.057696e+00
2.729000e-01	-6.502667e-01	-3.061477e+00
2.730000e-01	-6.514581e-01	-3.065272e+00
2.731000e-01	-6.526552e-01	-3.069081e+00
2.732000e-01	-6.538579e-01	-3.072899e+00
2.733000e-01	-6.550664e-01	-3.076726e+00
2.734000e-01	-6.562808e-01	-3.080559e+00
2.735000e-01	-6.575012e-01	-3.084397e+00
2.736000e-01	-6.587275e-01	-3.088236e+00
2.737000e-01	-6.599599e-01	-3.092076e+00
2.738000e-01	-6.611985e-01	-3.095915e+00
2.739000e-01	-6.624432e-01	-3.099749e+00
2.740000e-01	-6.636941e-01	-3.103579e+00
2.741000e-01	-6.649512e-01	-3.107400e+00
2.742000e-01	-6.662146e-01	-3.111213e+00
2.743000e-01	-6.674842e-01	-3.115014e+00
2.744000e-01	-6.687600e-01	-3.118802e+00
2.745000e-01	-6.700421e-01	-3.122576e+00
2.746000e-01	-6.713305e-01	-3.126334e+00
2.747000e-01	-6.726250e-01	-3.130073e+00
2.748000e-01	-6.739257e-01	-3.133793e+00
2.749000e-01	-6.752326e-01	-3.137492e+00
2.750000e-01	-6.765456e-01	-3.141168e+00
2.751000e-01	-6.778646e-01	-3.144819e+00
2.752000e-01	-6.791896e-01	-3.148446e+00
2.753000e-01	-6.805205e-01	-3.152045e+00
2.754000e-01	-6.818572e-01	-3.155616e+00
2.755000e-01	-6.831997e-01	-3.159157e+00
2.756000e-01	-6.845478e-01	-3.162667e+00
2.757000e-01	-6.859015e-01	-3.166145e+00
2.758000e-01	-6.872606e-01	-3.169590e+00
2.759000e-01	-6.886250e-01	-3.173000e+00
2.760000e-01	-6.899946e-01	-3.176375e+00
2.761000e-01	-6.913693e-01	-3.179714e+00
2.762000e-01	-6.927488e-01	-3.183016e+00
2.763000e-01	-6.941331e-01	-3.186279e+00
2.764000e-01	-6.955220e-01	-3.189503e+00
2.765000e-01	-6.969152e-01	-3.192687e+00
2.766000e-01	-6.983127e-01	-3.195831e+00
2.767000e-01	-6.997142e-01	-3.198934e+00
2.768000e-01	-7.011196e-01	-3.201994e+00
2.769000e-01	-7.025285e-01	-3.205013e+00
2.770000e-01	-7.039408e-01	-3.207988e+00
2.771000e-01	-7.053563e-01	-3.210919e+00
2.772000e-01	-7.067747e-01	-3.213807e+00
2.773000e-01	-7.081958e-01	-3.216651e+00
2.774000e-01	-7.096192e-01	-3.219450e+00
2.775000e-01	-7.110449e-01	-3.222204e+00
2.776000e-01	-7.124724e-01	-3.224912e+00
2.777000e-01	-7.139014e-01	-3.227576e+00
2.778000e-01	-7.153318e-01	-3.230194e+00
2.779000e-01	-7.167632e-01	-3.232766e+00
2.780000e-01	-7.181952e-01	-3.235293e+00
2.781000e-01	-7.196276e-01	-3.237774e+00
2.782000e-01	-7.210601e-01	-3.240210e+00
2.783000e-01	-7.224923e-01	-3.242600e+00
2.784000e-01	-7.239238e-01	-3.244945e+00
2.785000e-01	-7.253544e-01	-3.247245e+00
2.786000e-01	-7.267837e-01	-3.249500e+00
2.787000e-01	-7.282113e-01	-3.251710e+00
2.788000e-01	-7.296370e-01	-3.253876e+00
2.789000e-01	-7.310602e-01	-3.255998e+00
2.790000e-01	-7.324807e-01	-3.258076e+00
2.791000e-01	-7.338981e-01	-3.260111e+00
2.792000e-01	-7.353119e-01	-3.262102e+00
2.793000e-01	-7.367220e-01	-3.264052e+00
2.794000e-01	-7.381278e-01	-3.265959e+00
2.795000e-01	-7.395289e-01	-3.267824e+00
2.796000e-01	-7.409251e-01	-3.269649e+00
2.797000e-01	-7.423159e-01	-3.271433e+00
2.798000e-01	-7.437010e-01	-3.273177e+00
2.799000e-01	-7.450799e-01	-3.274882e+00
2.800000e-01	-7.464523e-01	-3.276548e+00
2.801000e-01	-7.478178e-01	-3.278175e+00
2.802000e-01	-7.491760e-01	-3.279765e+00
2.803000e-01	-7.505265e-01	-3.281317e+00
2.804000e-01	-7.518690e-01	-3.282833e+00
2.805000e-01	-7.532031e-01	-3.284313e+00
2.806000e-01	-7.545284e-01	-3.285757e+00
2.807000e-01	-7.558446e-01	-3.287167e+00
2.808000e-01	-7.571512e-01	-3.288542e+00
2.809000e-01	-7.584479e-01	-3.289884e+00
2.810000e-01	-7.597343e-01	-3.291192e+00
2.811000e-01	-7.610101e-01	-3.292467e+00
2.812000e-01	-7.622750e-01	-3.293711e+00
2.813000e-01	-7.635284e-01	-3.294923e+00
2.814000e-01	-7.647702e-01	-3.296103e+00
2.815000e-01	-7.659999e-01	-3.297253e+00
2.816000e-01	-7.672173e-01	-3.298373e+00
2.817000e-01	-7.684218e-01	-3.299463e+00
2.818000e-01	-7.696133e-01	-3.300523e+00
2.819000e-01	-7.707914e-01	-3.301555e+00
2.820000e-01	-7.719557e-01	-3.302558e+00
2.821000e-01	-7.731060e-01	-3.303533e+00
2.822000e-01	-7.742418e-01	-3.304481e+00
2.823000e-01	-7.753630e-01	-3.305401e+00
2.824000e-01	-7.764691e-01	-3.306294e+00
2.825000e-01	-7.775598e-01	-3.307160e+00
2.826000e-01	-7.786349e-01	-3.307999e+00
2.827000e-01	-7.796941e-01	-3.308813e+00
2.828000e-01	-7.807370e-01	-3.309600e+00
2.829000e-01	-7.817634e-01	-3.310362e+00
2.830000e-01	-7.827730e-01	-3.311099e+00
2.831000e-01	-7.837656e-01	-3.311811e+00
2.832000e-01	-7.847408e-01	-3.312497e+00
2.833000e-01	-7.856985e-01	-3.313159e+00
2.834000e-01	-7.866383e-01	-3.313797e+00
2.835000e-01	-7.875601e-01	-3.314410e+00
2.836000e-01	-7.884636e-01	-3.314999e+00
2.837000e-01	-7.893487e-01	-3.315564e+00
2.838000e-01	-7.902150e-01	-3.316105e+00
2.839000e-01	-7.910623e-01	-3.316623e+00
2.840000e-01	-7.918906e-01	-3.317118e+00
2.841000e-01	-7.926997e-01	-3.317589e+00
2.842000e-01	-7.934892e-01	-3.318038e+00
2.843000e-01	-7.942592e-01	-3.318463e+00
2.844000e-01	-7.950095e-01	-3.318866e+00
2.845000e-01	-7.957399e-01	-3.319246e+00
2.846000e-01	-7.964502e-01	-3.319603e+00
2.847000e-01	-7.971405e-01	-3.319939e+00
2.848000e-01	-7.978106e-01	-3.320252e+00
2.849000e-01	-7.984604e-01	-3.320543e+00
2.850000e-01	-7.990898e-01	-3.320813e+00
2.851000e-01	-7.996988e-01	-3.321061e+00
2.852000e-01	-8.002873e-01	-3.321287e+00
2.853000e-01	-8.008552e-01	-3.321493e+00
2.854000e-01	-8.014026e-01	-3.321677e+00
2.855000e-01	-8.019294e-01	-3.321840e+00
2.856000e-01	-8.024355e-01	-3.321983e+00
2.857000e-01	-8.029211e-01	-3.322105e+00
2.858000e-01	-8.033860e-01	-3.322207e+00
2.859000e-01	-8.038304e-01	-3.322289e+00
2.860000e-01	-8.042541e-01	-3.322351e+00
2.861000e-01	-8.046573e-01	-3.322394e+00
2.862000e-01	-8.050400e-01	-3.322417e+00
2.863000e-01	-8.054022e-01	-3.322422e+00
2.864000e-01	-8.057440e-01	-3.322407e+00
2.865000e-01	-8.060654e-01	-3.322375e+00
2.866000e-01	-8.063665e-01	-3.322324e+00
2.867000e-01	-8.066473e-01	-3.322256e+00
2.868000e-01	-8.069079e-01	-3.322170e+00
2.869000e-01	-8.071485e-01	-3.322067e+00
2.870000e-01	-8.073690e-01	-3.321948e+00
2.871000e-01	-8.075695e-01	-3.321813e+00
2.872000e-01	-8.077502e-01	-3.321662e+00
2.873000e-01	-8.079111e-01	-3.321495e+00
2.874000e-01	-8.080522e-01	-3.321314e+00
2.875000e-01	-8.081738e-01	-3.321119e+00
2.876000e-01	-8.082759e-01	-3.320910e+00
2.877000e-01	-8.083586e-01	-3.320689e+00
2.878000e-01	-8.084219e-01	-3.320454e+00
2.879000e-01	-8.084660e-01	-3.320208e+00
2.880000e-01	-8.084910e-01	-3.319950e+00
2.881000e-01	-8.084970e-01	-3.319682e+00
2.882000e-01	-8.084840e-01	-3.319405e+00
2.883000e-01	-8.084522e-01	-3.319118e+00
2.884000e-01	-8.084017e-01	-3.318822e+00
2.885000e-01	-8.083325e-01	-3.318519e+00
2.886000e-01	-8.082449e-01	-3.318209e+00
2.887000e-01	-8.081388e-01	-3.317893e+00
2.888000e-01	-8.080144e-01	-3.317572e+00
2.889000e-01	-8.078717e-01	-3.317246e+00
2.890000e-01	-8.077110e-01	-3.316917e+00
2.891000e-01	-8.075322e-01	-3.316586e+00
2.892000e-01	-8.073355e-01	-3.316252e+00
2.893000e-01	-8.071210e-01	-3.315918e+00
2.894000e-01	-8.068887e-01	-3.315584e+00
2.895000e-01	-8.066388e-01	-3.315251e+00
2.896000e-01	-8.063714e-01	-3.314920e+00
2.897000e-01	-8.060865e-01	-3.314592e+00
2.898000e-01	-8.057843e-01	-3.314268e+00
2.899000e-01	-8.054648e-01	-3.313949e+00
2.900000e-01	-8.051280e-01	-3.313636e+00
2.901000e-01	-8.047742e-01	-3.313330e+00
2.902000e-01	-8.044033e-01	-3.313032e+00
2.903000e-01	-8.040155e-01	-3.312743e+00
2.904000e-01	-8.036107e-01	-3.312463e+00
2.905000e-01	-8.031891e-01	-3.312195e+00
2.906000e-01	-8.027507e-01	-3.311938e+00
2.907000e-01	-8.022955e-01	-3.311694e+00
2.908000e-01	-8.018237e-01	-3.311464e+00
2.909000e-01	-8.013351e-01	-3.311249e+00
2.910000e-01	-8.008299e-01	-3.311050e+00
2.911000e-01	-8.003081e-01	-3.310867e+00
2.912000e-01	-7.997696e-01	-3.310701e+00
2.913000e-01	-7.992145e-01	-3.310555e+00
2.914000e-01	-7.986428e-01	-3.310427e+00
2.915000e-01	-7.980544e-01	-3.310320e+00
2.916000e-01	-7.974494e-01	-3.310234e+00
2.917000e-01	-7.968276e-01	-3.310170e+00
2.918000e-01	-7.961890e-01	-3.310129e+00
2.919000e-01	-7.955335e-01	-3.310112e+00
2.920000e-01	-7.948610e-01	-3.310119e+00
2.921000e-01	-7.941715e-01	-3.310151e+00
2.922000e-01	-7.934648e-01	-3.310210e+00
2.923000e-01	-7.927408e-01	-3.310295e+00
2.924000e-01	-7.919995e-01	-3.310408e+00
2.925000e-01	-7.912407e-01	-3.310549e+00
2.926000e-01	-7.904643e-01	-3.310719e+00
2.927000e-01	-7.896701e-01	-3.310919e+00
2.928000e-01	-7.888580e-01	-3.311149e+00
2.929000e-01	-7.880280e-01	-3.311410e+00
2.930000e-01	-7.871797e-01	-3.311703e+00
2.931000e-01	-7.863132e-01	-3.312028e+00
2.932000e-01	-7.854282e-01	-3.312386e+00
2.933000e-01	-7.845246e-01	-3.312778e+00
2.934000e-01	-7.836022e-01	-3.313203e+00
2.935000e-01	-7.826608e-01	-3.313663e+00
2.936000e-01	-7.817004e-01	-3.314158e+00
2.937000e-01	-7.807206e-01	-3.314689e+00
2.938000e-01	-7.797213e-01	-3.315256e+00
2.939000e-01	-7.787022e-01	-3.315860e+00
2.940000e-01	-7.776631e-01	-3.316500e+00
2.941000e-01	-7.766039e-01	-3.317178e+00
2.942000e-01	-7.755243e-01	-3.317894e+00
2.943000e-01	-7.744240e-01	-3.318648e+00
2.944000e-01	-7.733030e-01	-3.319441e+00
2.945000e-01	-7.721609e-01	-3.320272e+00
2.946000e-01	-7.709975e-01	-3.321143e+00
2.947000e-01	-7.698127e-01	-3.322053e+00
2.948000e-01	-7.686062e-01	-3.323004e+00
2.949000e-01	-7.673779e-01	-3.323994e+00
2.950000e-01	-7.661274e-01	-3.325024e+00
2.951000e-01	-7.648547e-01	-3.326095e+00
2.952000e-01	-7.635595e-01	-3.327207e+00
2.953000e-01	-7.622417e-01	-3.328360e+00
2.954000e-01	-7.609009e-01	-3.329553e+00
2.955000e-01	-7.595371e-01	-3.330789e+00
2.956000e-01	-7.581499e-01	-3.332065e+00
2.957000e-01	-7.567393e-01	-3.333383e+00
2.958000e-01	-7.553051e-01	-3.334743e+00
2.959000e-01	-7.538469e-01	-3.336144e+00
2.960000e-01	-7.523647e-01	-3.337587e+00
2.961000e-01	-7.508571e-01	-3.339071e+00
2.962000e-01	-7.493213e-01	-3.340595e+00
2.963000e-01	-7.477544e-01	-3.342156e+00
2.964000e-01	-7.461536e-01	-3.343753e+00
2.965000e-01	-7.445162e-01	-3.345384e+00
2.966000e-01	-7.428394e-01	-3.347048e+00
2.967000e-01	-7.411204e-01	-3.348743e+00
2.968000e-01	-7.393568e-01	-3.350468e+00
2.969000e-01	-7.375460e-01	-3.352220e+00
2.970000e-01	-7.356855e-01	-3.353999e+00
2.971000e-01	-7.337729e-01	-3.355803e+00
2.972000e-01	-7.318061e-01	-3.357632e+00
2.973000e-01	-7.297828e-01	-3.359482e+00
2.974000e-01	-7.277011e-01	-3.361354e+00
2.975000e-01	-7.255591e-01	-3.363247e+00
2.976000e-01	-7.233551e-01	-3.365160e+00
2.977000e-01	-7.210876e-01	-3.367092e+00
2.978000e-01	-7.187550e-01	-3.369042e+00
2.979000e-01	-7.163561e-01	-3.371009e+00
2.980000e-01	-7.138899e-01	-3.372995e+00
2.981000e-01	-7.113554e-01	-3.374997e+00
2.982000e-01	-7.087520e-01	-3.377017e+00
2.983000e-01	-7.060790e-01	-3.379054e+00
2.984000e-01	-7.033362e-01	-3.381108e+00
2.985000e-01	-7.005233e-01	-3.383179e+00
2.986000e-01	-6.976405e-01	-3.385269e+00
2.987000e-01	-6.946878e-01	-3.387377e+00
2.988000e-01	-6.916658e-01	-3.389504e+00
2.989000e-01	-6.885750e-01	-3.391651e+00
2.990000e-01	-6.854162e-01	-3.393819e+00
2.991000e-01	-6.821904e-01	-3.396009e+00
2.992000e-01	-6.788987e-01	-3.398222e+00
2.993000e-01	-6.755426e-01	-3.400459e+00
2.994000e-01	-6.721234e-01	-3.402721e+00
2.995000e-01	-6.686429e-01	-3.405010e+00
2.996000e-01	-6.651029e-01	-3.407327e+00
2.997000e-01	-6.615054e-01	-3.409674e+00
2.998000e-01	-6.578526e-01	-3.412052e+00
2.999000e-01	-6.541467e-01	-3.414463e+00
3.000000e-01	-6.503901e-01	-3.416909e+00
3.001000e-01	-6.465854e-01	-3.419390e+00
3.002000e-01	-6.427353e-01	-3.421909e+00
3.003000e-01	-6.388424e-01	-3.424468e+00
3.004000e-01	-6.349095e-01	-3.427067e+00
3.005000e-01	-6.309397e-01	-3.429709e+00
3.006000e-01	-6.269359e-01	-3.432395e+00
3.007000e-01	-6.229010e-01	-3.435127e+00
3.008000e-01	-6.188382e-01	-3.437905e+00
3.009000e-01	-6.147505e-01	-3.440732e+00
3.010000e-01	-6.106412e-01	-3.443609e+00
3.011000e-01	-6.065133e-01	-3.446536e+00
3.012000e-01	-6.023700e-01	-3.449516e+00
3.013000e-01	-5.982143e-01	-3.452548e+00
3.014000e-01	-5.940494e-01	-3.455634e+00
3.015000e-01	-5.898781e-01	-3.458774e+00
3.016000e-01	-5.857034e-01	-3.461969e+00
3.017000e-01	-5.815279e-01	-3.465220e+00
3.018000e-01	-5.773539e-01	-3.468525e+00
3.019000e-01	-5.731838e-01	-3.471885e+00
3.020000e-01	-5.690195e-01	-3.475299e+00
3.021000e-01	-5.648628e-01	-3.478766e+00
3.022000e-01	-5.607149e-01	-3.482285e+00
3.023000e-01	-5.565770e-01	-3.485855e+00
3.024000e-01	-5.524500e-01	-3.489474e+00
3.025000e-01	-5.483341e-01	-3.493140e+00
3.026000e-01	-5.442297e-01	-3.496849e+00
3.027000e-01	-5.401366e-01	-3.500600e+00
3.028000e-01	-5.360543e-01	-3.504389e+00
3.029000e-01	-5.319821e-01	-3.508214e+00
3.030000e-01	-5.279192e-01	-3.512070e+00
3.031000e-01	-5.238644e-01	-3.515954e+00
3.032000e-01	-5.198164e-01	-3.519863e+00
3.033000e-01	-5.157738e-01	-3.523791e+00
3.034000e-01	-5.117349e-01	-3.527735e+00
3.035000e-01	-5.076981e-01	-3.531690e+00
3.036000e-01	-5.036617e-01	-3.535652e+00
3.037000e-01	-4.996240e-01	-3.539617e+00
3.038000e-01	-4.955835e-01	-3.543579e+00
3.039000e-01	-4.915384e-01	-3.547536e+00
3.040000e-01	-4.874874e-01	-3.551481e+00
3.041000e-01	-4.834291e-01	-3.555412e+00
3.042000e-01	-4.793625e-01	-3.559323e+00
3.043000e-01	-4.752866e-01	-3.563211e+00
3.044000e-01	-4.712008e-01	-3.567072e+00
3.045000e-01	-4.671046e-01	-3.570903e+00
3.046000e-01	-4.629979e-01	-3.574699e+00
3.047000e-01	-4.588810e-01	-3.578457e+00
3.048000e-01	-4.547542e-01	-3.582176e+00
3.049000e-01	-4.506184e-01	-3.585851e+00
3.050000e-01	-4.464746e-01	-3.589480e+00
3.051000e-01	-4.423241e-01	-3.593062e+00
3.052000e-01	-4.381687e-01	-3.596594e+00
3.053000e-01	-4.340099e-01	-3.600074e+00
3.054000e-01	-4.298503e-01	-3.603500e+00
3.055000e-01	-4.256924e-01	-3.606872e+00
3.056000e-01	-4.215387e-01	-3.610188e+00
3.057000e-01	-4.173919e-01	-3.613448e+00
3.058000e-01	-4.132549e-01	-3.616649e+00
3.059000e-01	-4.091306e-01	-3.619793e+00
3.060000e-01	-4.050222e-01	-3.622877e+00
3.061000e-01	-4.009327e-01	-3.625902e+00
3.062000e-01	-3.968652e-01	-3.628868e+00
3.063000e-01	-3.928227e-01	-3.631773e+00
3.064000e-01	-3.888082e-01	-3.634619e+00
3.065000e-01	-3.848244e-01	-3.637403e+00
3.066000e-01	-3.808739e-01	-3.640127e+00
3.067000e-01	-3.769593e-01	-3.642789e+00
3.068000e-01	-3.730827e-01	-3.645390e+00
3.069000e-01	-3.692463e-01	-3.647929e+00
3.070000e-01	-3.654517e-01	-3.650405e+00
3.071000e-01	-3.617004e-01	-3.652817e+00
3.072000e-01	-3.579936e-01	-3.655166e+00
3.073000e-01	-3.543323e-01	-3.657450e+00
3.074000e-01	-3.507171e-01	-3.659668e+00
3.075000e-01	-3.471482e-01	-3.661819e+00
3.076000e-01	-3.436258e-01	-3.663903e+00
3.077000e-01	-3.401496e-01	-3.665917e+00
3.078000e-01	-3.367192e-01	-3.667862e+00
3.079000e-01	-3.333338e-01	-3.669734e+00
3.080000e-01	-3.299926e-01	-3.671534e+00
3.081000e-01	-3.266945e-01	-3.673260e+00
3.082000e-01	-3.234383e-01	-3.674911e+00
3.083000e-01	-3.202225e-01	-3.676485e+00
3.084000e-01	-3.170459e-01	-3.677980e+00
3.085000e-01	-3.139068e-01	-3.679397e+00
3.086000e-01	-3.108038e-01	-3.680734e+00
3.087000e-01	-3.077354e-01	-3.681989e+00
3.088000e-01	-3.047001e-01	-3.683162e+00
3.089000e-01	-3.016967e-01	-3.684253e+00
3.090000e-01	-2.987239e-01	-3.685261e+00
3.091000e-01	-2.957807e-01	-3.686186e+00
3.092000e-01	-2.928661e-01	-3.687027e+00
3.093000e-01	-2.899795e-01	-3.687785e+00
3.094000e-01	-2.871204e-01	-3.688461e+00
3.095000e-01	-2.842885e-01	-3.689054e+00
3.096000e-01	-2.814840e-01	-3.689567e+00
3.097000e-01	-2.787070e-01	-3.690000e+00
3.098000e-01	-2.759580e-01	-3.690355e+00
3.099000e-01	-2.732380e-01	-3.690633e+00
3.100000e-01	-2.705479e-01	-3.690836e+00
3.101000e-01	-2.678891e-01	-3.690968e+00
3.102000e-01	-2.652630e-01	-3.691029e+00
3.103000e-01	-2.626713e-01	-3.691023e+00
3.104000e-01	-2.601161e-01	-3.690953e+00
3.105000e-01	-2.575995e-01	-3.690822e+00
3.106000e-01	-2.551236e-01	-3.690632e+00
3.107000e-01	-2.526908e-01	-3.690387e+00
3.108000e-01	-2.503036e-01	-3.690090e+00
3.109000e-01	-2.479644e-01	-3.689745e+00
3.110000e-01	-2.456757e-01	-3.689355e+00
3.111000e-01	-2.434400e-01	-3.688924e+00
3.112000e-01	-2.412597e-01	-3.688455e+00
3.113000e-01	-2.391372e-01	-3.687951e+00
3.114000e-01	-2.370746e-01	-3.687415e+00
3.115000e-01	-2.350741e-01	-3.686851e+00
3.116000e-01	-2.331374e-01	-3.686262e+00
3.117000e-01	-2.312663e-01	-3.685651e+00
3.118000e-01	-2.294622e-01	-3.685020e+00
3.119000e-01	-2.277264e-01	-3.684372e+00
3.120000e-01	-2.260599e-01	-3.683709e+00
3.121000e-01	-2.244632e-01	-3.683034e+00
3.122000e-01	-2.229369e-01	-3.682348e+00
3.123000e-01	-2.214811e-01	-3.681654e+00
3.124000e-01	-2.200956e-01	-3.680953e+00
3.125000e-01	-2.187802e-01	-3.680246e+00
3.126000e-01	-2.175341e-01	-3.679534e+00
3.127000e-01	-2.163564e-01	-3.678819e+00
3.128000e-01	-2.152462e-01	-3.678101e+00
3.129000e-01	-2.142020e-01	-3.677380e+00
3.130000e-01	-2.132224e-01	-3.676658e+00
3.131000e-01	-2.123057e-01	-3.675935e+00
3.132000e-01	-2.114502e-01	-3.675210e+00
3.133000e-01	-2.106540e-01	-3.674485e+00
3.134000e-01	-2.099153e-01	-3.673759e+00
3.135000e-01	-2.092320e-01	-3.673032e+00
3.136000e-01	-2.086024e-01	-3.672304e+00
3.137000e-01	-2.080243e-01	-3.671576e+00
3.138000e-01	-2.074961e-01	-3.670847e+00
3.139000e-01	-2.070161e-01	-3.670117e+00
3.140000e-01	-2.065824e-01	-3.669388e+00
3.141000e-01	-2.061939e-01	-3.668658e+00
3.142000e-01	-2.058490e-01	-3.667929e+00
3.143000e-01	-2.055468e-01	-3.667201e+00
3.144000e-01	-2.052863e-01	-3.666474e+00
3.145000e-01	-2.050669e-01	-3.665750e+00
3.146000e-01	-2.048880e-01	-3.665028e+00
3.147000e-01	-2.047496e-01	-3.664311e+00
3.148000e-01	-2.046515e-01	-3.663598e+00
3.149000e-01	-2.045940e-01	-3.662893e+00
3.150000e-01	-2.045776e-01	-3.662195e+00
3.151000e-01	-2.046029e-01	-3.661507e+00
3.152000e-01	-2.046709e-01	-3.660830e+00
3.153000e-01	-2.047826e-01	-3.660166e+00
3.154000e-01	-2.049392e-01	-3.659517e+00
3.155000e-01	-2.051419e-01	-3.658884e+00
3.156000e-01	-2.053922e-01	-3.658271e+00
3.157000e-01	-2.056918e-01	-3.657678e+00
3.158000e-01	-2.060423e-01	-3.657107e+00
3.159000e-01	-2.064455e-01	-3.656561e+00
3.160000e-01	-2.069034e-01	-3.656041e+00
3.161000e-01	-2.074174e-01	-3.655548e+00
3.162000e-01	-2.079895e-01	-3.655084e+00
3.163000e-01	-2.086211e-01	-3.654651e+00
3.164000e-01	-2.093137e-01	-3.654251e+00
3.165000e-01	-2.100685e-01	-3.653883e+00
3.166000e-01	-2.108866e-01	-3.653551e+00
3.167000e-01	-2.117687e-01	-3.653254e+00
3.168000e-01	-2.127156e-01	-3.652994e+00
3.169000e-01	-2.137276e-01	-3.652773e+00
3.170000e-01	-2.148047e-01	-3.652590e+00
3.171000e-01	-2.159468e-01	-3.652448e+00
3.172000e-01	-2.171536e-01	-3.652345e+00
3.173000e-01	-2.184242e-01	-3.652284e+00
3.174000e-01	-2.197577e-01	-3.652264e+00
3.175000e-01	-2.211531e-01	-3.652286e+00
3.176000e-01	-2.226087e-01	-3.652351e+00
3.177000e-01	-2.241231e-01	-3.652457e+00
3.178000e-01	-2.256944e-01	-3.652605e+00
3.179000e-01	-2.273208e-01	-3.652796e+00
3.180000e-01	-2.289999e-01	-3.653029e+00
3.181000e-01	-2.307298e-01	-3.653304e+00
3.182000e-01	-2.325081e-01	-3.653621e+00
3.183000e-01	-2.343326e-01	-3.653980e+00
3.184000e-01	-2.362009e-01	-3.654380e+00
3.185000e-01	-2.381108e-01	-3.654821e+00
3.186000e-01	-2.400600e-01	-3.655303e+00
3.187000e-01	-2.420465e-01	-3.655826e+00
3.188000e-01	-2.440682e-01	-3.656389e+00
3.189000e-01	-2.461234e-01	-3.656993e+00
3.190000e-01	-2.482104e-01	-3.657637e+00
3.191000e-01	-2.503276e-01	-3.658322e+00
3.192000e-01	-2.524739e-01	-3.659047e+00
3.193000e-01	-2.546482e-01	-3.659813e+00
3.194000e-01	-2.568498e-01	-3.660620e+00
3.195000e-01	-2.590781e-01	-3.661468e+00
3.196000e-01	-2.613329e-01	-3.662357e+00
3.197000e-01	-2.636142e-01	-3.663289e+00
3.198000e-01	-2.659221e-01	-3.664263e+00
3.199000e-01	-2.682573e-01	-3.665280e+00
3.200000e-01	-2.706203e-01	-3.666342e+00
3.201000e-01	-2.730120e-01	-3.667449e+00
3.202000e-01	-2.754336e-01	-3.668601e+00
3.203000e-01	-2.778864e-01	-3.669800e+00
3.204000e-01	-2.803717e-01	-3.671047e+00
3.205000e-01	-2.828911e-01	-3.672342e+00
3.206000e-01	-2.854463e-01	-3.673688e+00
3.207000e-01	-2.880388e-01	-3.675083e+00
3.208000e-01	-2.906704e-01	-3.676531e+00
3.209000e-01	-2.933427e-01	-3.678032e+00
3.210000e-01	-2.960576e-01	-3.679586e+00
3.211000e-01	-2.988165e-01	-3.681195e+00
3.212000e-01	-3.016211e-01	-3.682859e+00
3.213000e-01	-3.044727e-01	-3.684580e+00
3.214000e-01	-3.073724e-01	-3.686357e+00
3.215000e-01	-3.103214e-01	-3.688191e+00
3.216000e-01	-3.133206e-01	-3.690084e+00
3.217000e-01	-3.163707e-01	-3.692034e+00
3.218000e-01	-3.194722e-01	-3.694042e+00
3.219000e-01	-3.226253e-01	-3.696108e+00
3.220000e-01	-3.258301e-01	-3.698231e+00
3.221000e-01	-3.290864e-01	-3.700413e+00
3.222000e-01	-3.323937e-01	-3.702651e+00
3.223000e-01	-3.357516e-01	-3.704945e+00
3.224000e-01	-3.391591e-01	-3.707295e+00
3.225000e-01	-3.426153e-01	-3.709699e+00
3.226000e-01	-3.461189e-01	-3.712157e+00
3.227000e-01	-3.496686e-01	-3.714666e+00
3.228000e-01	-3.532628e-01	-3.717226e+00
3.229000e-01	-3.569000e-01	-3.719835e+00
3.230000e-01	-3.605784e-01	-3.722491e+00
3.231000e-01	-3.642974e-01	-3.725190e+00
3.232000e-01	-3.680567e-01	-3.727927e+00
3.233000e-01	-3.718561e-01	-3.730697e+00
3.234000e-01	-3.756953e-01	-3.733496e+00
3.235000e-01	-3.795741e-01	-3.736317e+00
3.236000e-01	-3.834921e-01	-3.739157e+00
3.237000e-01	-3.874493e-01	-3.742011e+00
3.238000e-01	-3.914455e-01	-3.744874e+00
3.239000e-01	-3.954807e-01	-3.747742e+00
3.240000e-01	-3.995547e-01	-3.750610e+00
3.241000e-01	-4.036679e-01	-3.753474e+00
3.242000e-01	-4.078203e-01	-3.756331e+00
3.243000e-01	-4.120123e-01	-3.759178e+00
3.244000e-01	-4.162443e-01	-3.762011e+00
3.245000e-01	-4.205168e-01	-3.764827e+00
3.246000e-01	-4.248305e-01	-3.767625e+00
3.247000e-01	-4.291860e-01	-3.770401e+00
3.248000e-01	-4.335842e-01	-3.773155e+00
3.249000e-01	-4.380259e-01	-3.775885e+00
3.250000e-01	-4.425120e-01	-3.778589e+00
3.251000e-01	-4.470434e-01	-3.781268e+00
3.252000e-01	-4.516212e-01	-3.783920e+00
3.253000e-01	-4.562463e-01	-3.786546e+00
3.254000e-01	-4.609197e-01	-3.789146e+00
3.255000e-01	-4.656421e-01	-3.791721e+00
3.256000e-01	-4.704146e-01	-3.794270e+00
3.257000e-01	-4.752378e-01	-3.796797e+00
3.258000e-01	-4.801123e-01	-3.799300e+00
3.259000e-01	-4.850386e-01	-3.801783e+00
3.260000e-01	-4.900170e-01	-3.804247e+00
3.261000e-01	-4.950478e-01	-3.806693e+00
3.262000e-01	-5.001308e-01	-3.809123e+00
3.263000e-01	-5.052657e-01	-3.811540e+00
3.264000e-01	-5.104521e-01	-3.813945e+00
3.265000e-01	-5.156893e-01	-3.816340e+00
3.266000e-01	-5.209761e-01	-3.818727e+00
3.267000e-01	-5.263116e-01	-3.821109e+00
3.268000e-01	-5.316940e-01	-3.823487e+00
3.269000e-01	-5.371218e-01	-3.825863e+00
3.270000e-01	-5.425930e-01	-3.828239e+00
3.271000e-01	-5.481053e-01	-3.830616e+00
3.272000e-01	-5.536563e-01	-3.832997e+00
3.273000e-01	-5.592434e-01	-3.835383e+00
3.274000e-01	-5.648637e-01	-3.837775e+00
3.275000e-01	-5.705143e-01	-3.840174e+00
3.276000e-01	-5.761920e-01	-3.842582e+00
3.277000e-01	-5.818936e-01	-3.844999e+00
3.278000e-01	-5.876159e-01	-3.847426e+00
3.279000e-01	-5.933556e-01	-3.849863e+00
3.280000e-01	-5.991096e-01	-3.852310e+00
3.281000e-01	-6.048747e-01	-3.854767e+00
3.282000e-01	-6.106479e-01	-3.857234e+00
3.283000e-01	-6.164264e-01	-3.859708e+00
3.284000e-01	-6.222077e-01	-3.862191e+00
3.285000e-01	-6.279892e-01	-3.864678e+00
3.286000e-01	-6.337689e-01	-3.867170e+00
3.287000e-01	-6.395449e-01	-3.869663e+00
3.288000e-01	-6.453157e-01	-3.872155e+00
3.289000e-01	-6.510800e-01	-3.874644e+00
3.290000e-01	-6.568369e-01	-3.877126e+00
3.291000e-01	-6.625859e-01	-3.879599e+00
3.292000e-01	-6.683266e-01	-3.882059e+00
3.293000e-01	-6.740590e-01	-3.884504e+00
3.294000e-01	-6.797834e-01	-3.886930e+00
3.295000e-01	-6.855004e-01	-3.889333e+00
3.296000e-01	-6.912108e-01	-3.891710e+00
3.297000e-01	-6.969157e-01	-3.894058e+00
3.298000e-01	-7.026160e-01	-3.896375e+00
3.299000e-01	-7.083134e-01	-3.898656e+00
3.300000e-01	-7.140091e-01	-3.900901e+00
3.301000e-01	-7.197048e-01	-3.903105e+00
3.302000e-01	-7.254019e-01	-3.905267e+00
3.303000e-01	-7.311021e-01	-3.907386e+00
3.304000e-01	-7.368068e-01	-3.909459e+00
3.305000e-01	-7.425173e-01	-3.911486e+00
3.306000e-01	-7.482348e-01	-3.913467e+00
3.307000e-01	-7.539606e-01	-3.915399e+00
3.308000e-01	-7.596954e-01	-3.917284e+00
3.309000e-01	-7.654399e-01	-3.919123e+00
3.310000e-01	-7.711945e-01	-3.920914e+00
3.311000e-01	-7.769594e-01	-3.922661e+00
3.312000e-01	-7.827344e-01	-3.924363e+00
3.313000e-01	-7.885190e-01	-3.926023e+00
3.314000e-01	-7.943125e-01	-3.927643e+00
3.315000e-01	-8.001139e-01	-3.929224e+00
3.316000e-01	-8.059217e-01	-3.930769e+00
3.317000e-01	-8.117343e-01	-3.932280e+00
3.318000e-01	-8.175497e-01	-3.933760e+00
3.319000e-01	-8.233658e-01	-3.935212e+00
3.320000e-01	-8.291800e-01	-3.936637e+00
3.321000e-01	-8.349897e-01	-3.938039e+00
3.322000e-01	-8.407921e-01	-3.939420e+00
3.323000e-01	-8.465842e-01	-3.940781e+00
3.324000e-01	-8.523628e-01	-3.942126e+00
3.325000e-01	-8.581248e-01	-3.943457e+00
3.326000e-01	-8.638668e-01	-3.944774e+00
3.327000e-01	-8.695857e-01	-3.946081e+00
3.328000e-01	-8.752783e-01	-3.947376e+00
3.329000e-01	-8.809414e-01	-3.948663e+00
3.330000e-01	-8.865720e-01	-3.949941e+00
3.331000e-01	-8.921673e-01	-3.951211e+00
3.332000e-01	-8.977244e-01	-3.952473e+00
3.333000e-01	-9.032410e-01	-3.953726e+00
3.334000e-01	-9.087147e-01	-3.954971e+00
3.335000e-01	-9.141435e-01	-3.956206e+00
3.336000e-01	-9.195256e-01	-3.957430e+00
3.337000e-01	-9.248596e-01	-3.958642e+00
3.338000e-01	-9.301443e-01	-3.959841e+00
3.339000e-01	-9.353788e-01	-3.961025e+00
3.340000e-01	-9.405623e-01	-3.962192e+00
3.341000e-01	-9.456946e-01	-3.963342e+00
3.342000e-01	-9.507756e-01	-3.964471e+00
3.343000e-01	-9.558055e-01	-3.965579e+00
3.344000e-01	-9.607846e-01	-3.966663e+00
3.345000e-01	-9.657136e-01	-3.967722e+00
3.346000e-01	-9.705933e-01	-3.968755e+00
3.347000e-01	-9.754245e-01	-3.969759e+00
3.348000e-01	-9.802084e-01	-3.970735e+00
3.349000e-01	-9.849461e-01	-3.971681e+00
3.350000e-01	-9.896389e-01	-3.972597e+00
3.351000e-01	-9.942878e-01	-3.973482e+00
3.352000e-01	-9.988942e-01	-3.974335e+00
3.353000e-01	-1.003459e+00	-3.975159e+00
3.354000e-01	-1.007984e+00	-3.975952e+00
3.355000e-01	-1.012469e+00	-3.976716e+00
3.356000e-01	-1.016915e+00	-3.977452e+00
3.357000e-01	-1.021324e+00	-3.978161e+00
3.358000e-01	-1.025694e+00	-3.978845e+00
3.359000e-01	-1.030028e+00	-3.979506e+00
3.360000e-01	-1.034324e+00	-3.980146e+00
3.361000e-01	-1.038582e+00	-3.980767e+00
3.362000e-01	-1.042802e+00	-3.981373e+00
3.363000e-01	-1.046983e+00	-3.981965e+00
3.364000e-01	-1.051124e+00	-3.982546e+00
3.365000e-01	-1.055224e+00	-3.983119e+00
3.366000e-01	-1.059281e+00	-3.983686e+00
3.367000e-01	-1.063293e+00	-3.984251e+00
3.368000e-01	-1.067258e+00	-3.984816e+00
3.369000e-01	-1.071175e+00	-3.985383e+00
3.370000e-01	-1.075041e+00	-3.985954e+00
3.371000e-01	-1.078854e+00	-3.986532e+00
3.372000e-01	-1.082610e+00	-3.987119e+00
3.373000e-01	-1.086308e+00	-3.987715e+00
3.374000e-01	-1.089945e+00	-3.988322e+00
3.375000e-01	-1.093518e+00	-3.988941e+00
3.376000e-01	-1.097024e+00	-3.989573e+00
3.377000e-01	-1.100461e+00	-3.990218e+00
3.378000e-01	-1.103826e+00	-3.990875e+00
3.379000e-01	-1.107118e+00	-3.991544e+00
3.380000e-01	-1.110333e+00	-3.992226e+00
3.381000e-01	-1.113470e+00	-3.992917e+00
3.382000e-01	-1.116527e+00	-3.993617e+00
3.383000e-01	-1.119502e+00	-3.994325e+00
3.384000e-01	-1.122394e+00	-3.995039e+00
3.385000e-01	-1.125202e+00	-3.995755e+00
3.386000e-01	-1.127924e+00	-3.996473e+00
3.387000e-01	-1.130560e+00	-3.997189e+00
3.388000e-01	-1.133109e+00	-3.997902e+00
3.389000e-01	-1.135572e+00	-3.998608e+00
3.390000e-01	-1.137949e+00	-3.999306e+00
3.391000e-01	-1.140238e+00	-3.999991e+00
3.392000e-01	-1.142443e+00	-4.000663e+00
3.393000e-01	-1.144561e+00	-4.001319e+00
3.394000e-01	-1.146596e+00	-4.001957e+00
3.395000e-01	-1.148547e+00	-4.002574e+00
3.396000e-01	-1.150416e+00	-4.003169e+00
3.397000e-01	-1.152205e+00	-4.003741e+00
3.398000e-01	-1.153913e+00	-4.004289e+00
3.399000e-01	-1.155543e+00	-4.004811e+00
3.400000e-01	-1.157096e+00	-4.005307e+00
3.401000e-01	-1.158573e+00	-4.005777e+00
3.402000e-01	-1.159976e+00	-4.006222e+00
3.403000e-01	-1.161305e+00	-4.006641e+00
3.404000e-01	-1.162562e+00	-4.007036e+00
3.405000e-01	-1.163747e+00	-4.007408e+00
3.406000e-01	-1.164862e+00	-4.007758e+00
3.407000e-01	-1.165907e+00	-4.008089e+00
3.408000e-01	-1.166882e+00	-4.008401e+00
3.409000e-01	-1.167788e+00	-4.008698e+00
3.410000e-01	-1.168624e+00	-4.008982e+00
3.411000e-01	-1.169391e+00	-4.009255e+00
3.412000e-01	-1.170088e+00	-4.009520e+00
3.413000e-01	-1.170714e+00	-4.009781e+00
3.414000e-01	-1.171269e+00	-4.010039e+00
3.415000e-01	-1.171752e+00	-4.010298e+00
3.416000e-01	-1.172161e+00	-4.010559e+00
3.417000e-01	-1.172496e+00	-4.010827e+00
3.418000e-01	-1.172754e+00	-4.011104e+00
3.419000e-01	-1.172934e+00	-4.011391e+00
3.420000e-01	-1.173035e+00	-4.011692e+00
3.421000e-01	-1.173055e+00	-4.012007e+00
3.422000e-01	-1.172992e+00	-4.012339e+00
3.423000e-01	-1.172844e+00	-4.012689e+00
3.424000e-01	-1.172610e+00	-4.013059e+00
3.425000e-01	-1.172287e+00	-4.013448e+00
3.426000e-01	-1.171875e+00	-4.013859e+00
3.427000e-01	-1.171371e+00	-4.014291e+00
3.428000e-01	-1.170774e+00	-4.014744e+00
3.429000e-01	-1.170084e+00	-4.015218e+00
3.430000e-01	-1.169298e+00	-4.015713e+00
3.431000e-01	-1.168415e+00	-4.016227e+00
3.432000e-01	-1.167436e+00	-4.016761e+00
3.433000e-01	-1.166359e+00	-4.017313e+00
3.434000e-01	-1.165184e+00	-4.017883e+00
3.435000e-01	-1.163911e+00	-4.018468e+00
3.436000e-01	-1.162540e+00	-4.019067e+00
3.437000e-01	-1.161071e+00	-4.019681e+00
3.438000e-01	-1.159505e+00	-4.020306e+00
3.439000e-01	-1.157842e+00	-4.020943e+00
3.440000e-01	-1.156084e+00	-4.021589e+00
3.441000e-01	-1.154230e+00	-4.022245e+00
3.442000e-01	-1.152284e+00	-4.022909e+00
3.443000e-01	-1.150245e+00	-4.023581e+00
3.444000e-01	-1.148116e+00	-4.024261e+00
3.445000e-01	-1.145897e+00	-4.024949e+00
3.446000e-01	-1.143592e+00	-4.025644e+00
3.447000e-01	-1.141200e+00	-4.026348e+00
3.448000e-01	-1.138724e+00	-4.027061e+00
3.449000e-01	-1.136166e+00	-4.027785e+00
3.450000e-01	-1.133528e+00	-4.028521e+00
3.451000e-01	-1.130810e+00	-4.029270e+00
3.452000e-01	-1.128014e+00	-4.030035e+00
3.453000e-01	-1.125143e+00	-4.030817e+00
3.454000e-01	-1.122197e+00	-4.031620e+00
3.455000e-01	-1.119177e+00	-4.032446e+00
3.456000e-01	-1.116085e+00	-4.033297e+00
3.457000e-01	-1.112921e+00	-4.034178e+00
3.458000e-01	-1.109687e+00	-4.035090e+00
3.459000e-01	-1.106383e+00	-4.036036e+00
3.460000e-01	-1.103009e+00	-4.037021e+00
3.461000e-01	-1.099565e+00	-4.038047e+00
3.462000e-01	-1.096052e+00	-4.039117e+00
3.463000e-01	-1.092470e+00	-4.040234e+00
3.464000e-01	-1.088819e+00	-4.041400e+00
3.465000e-01	-1.085097e+00	-4.042619e+00
3.466000e-01	-1.081306e+00	-4.043892e+00
3.467000e-01	-1.077444e+00	-4.045222e+00
3.468000e-01	-1.073510e+00	-4.046609e+00
3.469000e-01	-1.069504e+00	-4.048057e+00
3.470000e-01	-1.065425e+00	-4.049565e+00
3.471000e-01	-1.061273e+00	-4.051134e+00
3.472000e-01	-1.057047e+00	-4.052766e+00
3.473000e-01	-1.052746e+00	-4.054458e+00
3.474000e-01	-1.048369e+00	-4.056212e+00
3.475000e-01	-1.043916e+00	-4.058027e+00
3.476000e-01	-1.039386e+00	-4.059901e+00
3.477000e-01	-1.034779e+00	-4.061832e+00
3.478000e-01	-1.030094e+00	-4.063820e+00
3.479000e-01	-1.025332e+00	-4.065862e+00
3.480000e-01	-1.020492e+00	-4.067955e+00
3.481000e-01	-1.015575e+00	-4.070098e+00
3.482000e-01	-1.010581e+00	-4.072286e+00
3.483000e-01	-1.005510e+00	-4.074519e+00
3.484000e-01	-1.000363e+00	-4.076792e+00
3.485000e-01	-9.951408e-01	-4.079102e+00
3.486000e-01	-9.898446e-01	-4.081447e+00
3.487000e-01	-9.844755e-01	-4.083823e+00
3.488000e-01	-9.790348e-01	-4.086227e+00
3.489000e-01	-9.735240e-01	-4.088657e+00
3.490000e-01	-9.679447e-01	-4.091109e+00
3.491000e-01	-9.622987e-01	-4.093581e+00
3.492000e-01	-9.565877e-01	-4.096071e+00
3.493000e-01	-9.508138e-01	-4.098575e+00
3.494000e-01	-9.449789e-01	-4.101094e+00
3.495000e-01	-9.390850e-01	-4.103623e+00
3.496000e-01	-9.331343e-01	-4.106163e+00
3.497000e-01	-9.271288e-01	-4.108712e+00
3.498000e-01	-9.210705e-01	-4.111268e+00
3.499000e-01	-9.149616e-01	-4.113832e+00
3.500000e-01	-9.088041e-01	-4.116402e+00
3.501000e-01	-9.025997e-01	-4.118979e+00
3.502000e-01	-8.963505e-01	-4.121562e+00
3.503000e-01	-8.900581e-01	-4.124152e+00
3.504000e-01	-8.837242e-01	-4.126749e+00
3.505000e-01	-8.773504e-01	-4.129354e+00
3.506000e-01	-8.709379e-01	-4.131966e+00
3.507000e-01	-8.644882e-01	-4.134588e+00
3.508000e-01	-8.580023e-01	-4.137219e+00
3.509000e-01	-8.514812e-01	-4.139860e+00
3.510000e-01	-8.449259e-01	-4.142512e+00
3.511000e-01	-8.383370e-01	-4.145175e+00
3.512000e-01	-8.317151e-01	-4.147850e+00
3.513000e-01	-8.250608e-01	-4.150537e+00
3.514000e-01	-8.183746e-01	-4.153236e+00
3.515000e-01	-8.116565e-01	-4.155947e+00
3.516000e-01	-8.049071e-01	-4.158670e+00
3.517000e-01	-7.981262e-01	-4.161404e+00
3.518000e-01	-7.913142e-01	-4.164149e+00
3.519000e-01	-7.844711e-01	-4.166902e+00
3.520000e-01	-7.775969e-01	-4.169664e+00
3.521000e-01	-7.706917e-01	-4.172433e+00
3.522000e-01	-7.637556e-01	-4.175206e+00
3.523000e-01	-7.567888e-01	-4.177981e+00
3.524000e-01	-7.497914e-01	-4.180756e+00
3.525000e-01	-7.427637e-01	-4.183529e+00
3.526000e-01	-7.357060e-01	-4.186297e+00
3.527000e-01	-7.286187e-01	-4.189056e+00
3.528000e-01	-7.215024e-01	-4.191804e+00
3.529000e-01	-7.143577e-01	-4.194537e+00
3.530000e-01	-7.071853e-01	-4.197253e+00
3.531000e-01	-6.999863e-01	-4.199947e+00
3.532000e-01	-6.927615e-01	-4.202618e+00
3.533000e-01	-6.855121e-01	-4.205261e+00
3.534000e-01	-6.782395e-01	-4.207873e+00
3.535000e-01	-6.709450e-01	-4.210452e+00
3.536000e-01	-6.636301e-01	-4.212995e+00
3.537000e-01	-6.562966e-01	-4.215499e+00
3.538000e-01	-6.489461e-01	-4.217962e+00
3.539000e-01	-6.415805e-01	-4.220381e+00
3.540000e-01	-6.342018e-01	-4.222755e+00
3.541000e-01	-6.268120e-01	-4.225083e+00
3.542000e-01	-6.194130e-01	-4.227363e+00
3.543000e-01	-6.120071e-01	-4.229594e+00
3.544000e-01	-6.045963e-01	-4.231776e+00
3.545000e-01	-5.971828e-01	-4.233908e+00
3.546000e-01	-5.897688e-01	-4.235992e+00
3.547000e-01	-5.823563e-01	-4.238027e+00
3.548000e-01	-5.749475e-01	-4.240014e+00
3.549000e-01	-5.675444e-01	-4.241954e+00
3.550000e-01	-5.601489e-01	-4.243848e+00
3.551000e-01	-5.527631e-01	-4.245699e+00
3.552000e-01	-5.453887e-01	-4.247508e+00
3.553000e-01	-5.380274e-01	-4.249276e+00
3.554000e-01	-5.306809e-01	-4.251007e+00
3.555000e-01	-5.233508e-01	-4.252701e+00
3.556000e-01	-5.160384e-01	-4.254362e+00
3.557000e-01	-5.087450e-01	-4.255992e+00
3.558000e-01	-5.014720e-01	-4.257592e+00
3.559000e-01	-4.942203e-01	-4.259166e+00
3.560000e-01	-4.869910e-01	-4.260715e+00
3.561000e-01	-4.797848e-01	-4.262242e+00
3.562000e-01	-4.726027e-01	-4.263747e+00
3.563000e-01	-4.654454e-01	-4.265233e+00
3.564000e-01	-4.583133e-01	-4.266702e+00
3.565000e-01	-4.512071e-01	-4.268153e+00
3.566000e-01	-4.441273e-01	-4.269590e+00
3.567000e-01	-4.370743e-01	-4.271011e+00
3.568000e-01	-4.300486e-01	-4.272417e+00
3.569000e-01	-4.230504e-01	-4.273809e+00
3.570000e-01	-4.160803e-01	-4.275187e+00
3.571000e-01	-4.091385e-01	-4.276550e+00
3.572000e-01	-4.022256e-01	-4.277897e+00
3.573000e-01	-3.953419e-01	-4.279228e+00
3.574000e-01	-3.884879e-01	-4.280542e+00
3.575000e-01	-3.816641e-01	-4.281838e+00
3.576000e-01	-3.748711e-01	-4.283113e+00
3.577000e-01	-3.681096e-01	-4.284367e+00
3.578000e-01	-3.613803e-01	-4.285598e+00
3.579000e-01	-3.546839e-01	-4.286805e+00
3.580000e-01	-3.480215e-01	-4.287986e+00
3.581000e-01	-3.413938e-01	-4.289138e+00
3.582000e-01	-3.348021e-01	-4.290262e+00
3.583000e-01	-3.282474e-01	-4.291354e+00
3.584000e-01	-3.217310e-01	-4.292414e+00
3.585000e-01	-3.152541e-01	-4.293441e+00
3.586000e-01	-3.088181e-01	-4.294434e+00
3.587000e-01	-3.024245e-01	-4.295390e+00
3.588000e-01	-2.960748e-01	-4.296311e+00
3.589000e-01	-2.897704e-01	-4.297196e+00
3.590000e-01	-2.835131e-01	-4.298044e+00
3.591000e-01	-2.773043e-01	-4.298856e+00
3.592000e-01	-2.711458e-01	-4.299632e+00
3.593000e-01	-2.650391e-01	-4.300373e+00
3.594000e-01	-2.589860e-01	-4.301079e+00
3.595000e-01	-2.529880e-01	-4.301753e+00
3.596000e-01	-2.470468e-01	-4.302394e+00
3.597000e-01	-2.411638e-01	-4.303006e+00
3.598000e-01	-2.353406e-01	-4.303590e+00
3.599000e-01	-2.295787e-01	-4.304147e+00
3.600000e-01	-2.238793e-01	-4.304680e+00
3.601000e-01	-2.182440e-01	-4.305192e+00
3.602000e-01	-2.126738e-01	-4.305684e+00
3.603000e-01	-2.071699e-01	-4.306159e+00
3.604000e-01	-2.017334e-01	-4.306620e+00
3.605000e-01	-1.963652e-01	-4.307069e+00
3.606000e-01	-1.910662e-01	-4.307507e+00
3.607000e-01	-1.858372e-01	-4.307938e+00
3.608000e-01	-1.806788e-01	-4.308364e+00
3.609000e-01	-1.755917e-01	-4.308786e+00
3.610000e-01	-1.705762e-01	-4.309206e+00
3.611000e-01	-1.656329e-01	-4.309627e+00
3.612000e-01	-1.607620e-01	-4.310048e+00
3.613000e-01	-1.559639e-01	-4.310472e+00
3.614000e-01	-1.512386e-01	-4.310900e+00
3.615000e-01	-1.465863e-01	-4.311331e+00
3.616000e-01	-1.420072e-01	-4.311767e+00
3.617000e-01	-1.375012e-01	-4.312208e+00
3.618000e-01	-1.330685e-01	-4.312653e+00
3.619000e-01	-1.287088e-01	-4.313102e+00
3.620000e-01	-1.244224e-01	-4.313554e+00
3.621000e-01	-1.202091e-01	-4.314010e+00
3.622000e-01	-1.160689e-01	-4.314467e+00
3.623000e-01	-1.120018e-01	-4.314925e+00
3.624000e-01	-1.080080e-01	-4.315383e+00
3.625000e-01	-1.040873e-01	-4.315839e+00
3.626000e-01	-1.002400e-01	-4.316292e+00
3.627000e-01	-9.646606e-02	-4.316741e+00
3.628000e-01	-9.276582e-02	-4.317184e+00
3.629000e-01	-8.913944e-02	-4.317620e+00
3.630000e-01	-8.558721e-02	-4.318048e+00
3.631000e-01	-8.210948e-02	-4.318466e+00
3.632000e-01	-7.870663e-02	-4.318874e+00
3.633000e-01	-7.537910e-02	-4.319270e+00
3.634000e-01	-7.212738e-02	-4.319655e+00
3.635000e-01	-6.895202e-02	-4.320028e+00
3.636000e-01	-6.585360e-02	-4.320388e+00
3.637000e-01	-6.283273e-02	-4.320737e+00
3.638000e-01	-5.989007e-02	-4.321073e+00
3.639000e-01	-5.702631e-02	-4.321398e+00
3.640000e-01	-5.424214e-02	-4.321713e+00
3.641000e-01	-5.153827e-02	-4.322018e+00
3.642000e-01	-4.891543e-02	-4.322317e+00
3.643000e-01	-4.637432e-02	-4.322609e+00
3.644000e-01	-4.391567e-02	-4.322897e+00
3.645000e-01	-4.154016e-02	-4.323184e+00
3.646000e-01	-3.924845e-02	-4.323471e+00
3.647000e-01	-3.704118e-02	-4.323761e+00
3.648000e-01	-3.491894e-02	-4.324057e+00
3.649000e-01	-3.288228e-02	-4.324362e+00
3.650000e-01	-3.093172e-02	-4.324678e+00
3.651000e-01	-2.906768e-02	-4.325009e+00
3.652000e-01	-2.729056e-02	-4.325357e+00
3.653000e-01	-2.560069e-02	-4.325725e+00
3.654000e-01	-2.399833e-02	-4.326117e+00
3.655000e-01	-2.248366e-02	-4.326535e+00
3.656000e-01	-2.105682e-02	-4.326981e+00
3.657000e-01	-1.971786e-02	-4.327458e+00
3.658000e-01	-1.846679e-02	-4.327969e+00
3.659000e-01	-1.730354e-02	-4.328515e+00
3.660000e-01	-1.622797e-02	-4.329099e+00
3.661000e-01	-1.523991e-02	-4.329722e+00
3.662000e-01	-1.433912e-02	-4.330385e+00
3.663000e-01	-1.352530e-02	-4.331090e+00
3.664000e-01	-1.279813e-02	-4.331838e+00
3.665000e-01	-1.215725e-02	-4.332628e+00
3.666000e-01	-1.160226e-02	-4.333463e+00
3.667000e-01	-1.113275e-02	-4.334340e+00
3.668000e-01	-1.074826e-02	-4.335262e+00
3.669000e-01	-1.044837e-02	-4.336226e+00
3.670000e-01	-1.023260e-02	-4.337233e+00
3.671000e-01	-1.010053e-02	-4.338282e+00
3.672000e-01	-1.005169e-02	-4.339372e+00
3.673000e-01	-1.008567e-02	-4.340501e+00
3.674000e-01	-1.020206e-02	-4.341670e+00
3.675000e-01	-1.040048e-02	-4.342876e+00
3.676000e-01	-1.068057e-02	-4.344118e+00
3.677000e-01	-1.104202e-02	-4.345395e+00
3.678000e-01	-1.148453e-02	-4.346705e+00
3.679000e-01	-1.200786e-02	-4.348049e+00
3.680000e-01	-1.261182e-02	-4.349423e+00
3.681000e-01	-1.329623e-02	-4.350828e+00
3.682000e-01	-1.406097e-02	-4.352262e+00
3.683000e-01	-1.490596e-02	-4.353725e+00
3.684000e-01	-1.583116e-02	-4.355215e+00
3.685000e-01	-1.683657e-02	-4.356733e+00
3.686000e-01	-1.792223e-02	-4.358277e+00
3.687000e-01	-1.908819e-02	-4.359849e+00
3.688000e-01	-2.033456e-02	-4.361447e+00
3.689000e-01	-2.166145e-02	-4.363073e+00
3.690000e-01	-2.306901e-02	-4.364726e+00
3.691000e-01	-2.455739e-02	-4.366406e+00
3.692000e-01	-2.612676e-02	-4.368116e+00
3.693000e-01	-2.777731e-02	-4.369854e+00
3.694000e-01	-2.950919e-02	-4.371623e+00
3.695000e-01	-3.132258e-02	-4.373423e+00
3.696000e-01	-3.321765e-02	-4.375256e+00
3.697000e-01	-3.519453e-02	-4.377122e+00
3.698000e-01	-3.725335e-02	-4.379022e+00
3.699000e-01	-3.939421e-02	-4.380958e+00
3.700000e-01	-4.161718e-02	-4.382930e+00
3.701000e-01	-4.392230e-02	-4.384939e+00
3.702000e-01	-4.630957e-02	-4.386987e+00
3.703000e-01	-4.877896e-02	-4.389073e+00
3.704000e-01	-5.133038e-02	-4.391198e+00
3.705000e-01	-5.396371e-02	-4.393363e+00
3.706000e-01	-5.667878e-02	-4.395567e+00
3.707000e-01	-5.947539e-02	-4.397811e+00
3.708000e-01	-6.235326e-02	-4.400093e+00
3.709000e-01	-6.531211e-02	-4.402414e+00
3.710000e-01	-6.835157e-02	-4.404773e+00
3.711000e-01	-7.147126e-02	-4.407167e+00
3.712000e-01	-7.467074e-02	-4.409596e+00
3.713000e-01	-7.794954e-02	-4.412058e+00
3.714000e-01	-8.130715e-02	-4.414552e+00
3.715000e-01	-8.474309e-02	-4.417074e+00
3.716000e-01	-8.825570e-02	-4.419622e+00
3.717000e-01	-9.184197e-02	-4.422192e+00
3.718000e-01	-9.549889e-02	-4.424778e+00
3.719000e-01	-9.922353e-02	-4.427377e+00
3.720000e-01	-1.030131e-01	-4.429984e+00
3.721000e-01	-1.068648e-01	-4.432593e+00
3.722000e-01	-1.107761e-01	-4.435201e+00
3.723000e-01	-1.147440e-01	-4.437803e+00
3.724000e-01	-1.187662e-01	-4.440394e+00
3.725000e-01	-1.228399e-01	-4.442970e+00
3.726000e-01	-1.269627e-01	-4.445526e+00
3.727000e-01	-1.311323e-01	-4.448058e+00
3.728000e-01	-1.353463e-01	-4.450562e+00
3.729000e-01	-1.396025e-01	-4.453034e+00
3.730000e-01	-1.438987e-01	-4.455471e+00
3.731000e-01	-1.482330e-01	-4.457869e+00
3.732000e-01	-1.526034e-01	-4.460226e+00
3.733000e-01	-1.570081e-01	-4.462539e+00
3.734000e-01	-1.614454e-01	-4.464805e+00
3.735000e-01	-1.659137e-01	-4.467023e+00
3.736000e-01	-1.704115e-01	-4.469191e+00
3.737000e-01	-1.749375e-01	-4.471308e+00
3.738000e-01	-1.794905e-01	-4.473373e+00
3.739000e-01	-1.840695e-01	-4.475384e+00
3.740000e-01	-1.886736e-01	-4.477343e+00
3.741000e-01	-1.933020e-01	-4.479249e+00
3.742000e-01	-1.979541e-01	-4.481103e+00
3.743000e-01	-2.026295e-01	-4.482905e+00
3.744000e-01	-2.073279e-01	-4.484657e+00
3.745000e-01	-2.120494e-01	-4.486360e+00
3.746000e-01	-2.167939e-01	-4.488015e+00
3.747000e-01	-2.215617e-01	-4.489624e+00
3.748000e-01	-2.263534e-01	-4.491190e+00
3.749000e-01	-2.311696e-01	-4.492714e+00
3.750000e-01	-2.360110e-01	-4.494199e+00
3.751000e-01	-2.408788e-01	-4.495647e+00
3.752000e-01	-2.457741e-01	-4.497062e+00
3.753000e-01	-2.506983e-01	-4.498445e+00
3.754000e-01	-2.556530e-01	-4.499799e+00
3.755000e-01	-2.606397e-01	-4.501127e+00
3.756000e-01	-2.656604e-01	-4.502433e+00
3.757000e-01	-2.707171e-01	-4.503717e+00
3.758000e-01	-2.758119e-01	-4.504984e+00
3.759000e-01	-2.809470e-01	-4.506236e+00
3.760000e-01	-2.861248e-01	-4.507475e+00
3.761000e-01	-2.913476e-01	-4.508704e+00
3.762000e-01	-2.966180e-01	-4.509924e+00
3.763000e-01	-3.019383e-01	-4.511139e+00
3.764000e-01	-3.073113e-01	-4.512351e+00
3.765000e-01	-3.127393e-01	-4.513561e+00
3.766000e-01	-3.182249e-01	-4.514771e+00
3.767000e-01	-3.237704e-01	-4.515983e+00
3.768000e-01	-3.293779e-01	-4.517198e+00
3.769000e-01	-3.350493e-01	-4.518417e+00
3.770000e-01	-3.407863e-01	-4.519642e+00
3.771000e-01	-3.465902e-01	-4.520873e+00
3.772000e-01	-3.524620e-01	-4.522109e+00
3.773000e-01	-3.584024e-01	-4.523353e+00
3.774000e-01	-3.644115e-01	-4.524603e+00
3.775000e-01	-3.704892e-01	-4.525858e+00
3.776000e-01	-3.766349e-01	-4.527119e+00
3.777000e-01	-3.828474e-01	-4.528385e+00
3.778000e-01	-3.891255e-01	-4.529654e+00
3.779000e-01	-3.954671e-01	-4.530926e+00
3.780000e-01	-4.018701e-01	-4.532198e+00
3.781000e-01	-4.083315e-01	-4.533470e+00
3.782000e-01	-4.148487e-01	-4.534739e+00
3.783000e-01	-4.214178e-01	-4.536005e+00
3.784000e-01	-4.280356e-01	-4.537264e+00
3.785000e-01	-4.346982e-01	-4.538517e+00
3.786000e-01	-4.414016e-01	-4.539759e+00
3.787000e-01	-4.481418e-01	-4.540991e+00
3.788000e-01	-4.549143e-01	-4.542210e+00
3.789000e-01	-4.617150e-01	-4.543415e+00
3.790000e-01	-4.685396e-01	-4.544605e+00
3.791000e-01	-4.753839e-01	-4.545777e+00
3.792000e-01	-4.822437e-01	-4.546931e+00
3.793000e-01	-4.891153e-01	-4.548065e+00
3.794000e-01	-4.959948e-01	-4.549180e+00
3.795000e-01	-5.028788e-01	-4.550274e+00
3.796000e-01	-5.097641e-01	-4.551348e+00
3.797000e-01	-5.166478e-01	-4.552400e+00
3.798000e-01	-5.235275e-01	-4.553431e+00
3.799000e-01	-5.304010e-01	-4.554442e+00
3.800000e-01	-5.372664e-01	-4.555432e+00
3.801000e-01	-5.441224e-01	-4.556402e+00
3.802000e-01	-5.509680e-01	-4.557354e+00
3.803000e-01	-5.578025e-01	-4.558288e+00
3.804000e-01	-5.646257e-01	-4.559205e+00
3.805000e-01	-5.714376e-01	-4.560107e+00
3.806000e-01	-5.782388e-01	-4.560995e+00
3.807000e-01	-5.850298e-01	-4.561871e+00
3.808000e-01	-5.918117e-01	-4.562735e+00
3.809000e-01	-5.985858e-01	-4.563590e+00
3.810000e-01	-6.053534e-01	-4.564438e+00
3.811000e-01	-6.121160e-01	-4.565279e+00
3.812000e-01	-6.188754e-01	-4.566115e+00
3.813000e-01	-6.256331e-01	-4.566948e+00
3.814000e-01	-6.323910e-01	-4.567779e+00
3.815000e-01	-6.391506e-01	-4.568610e+00
3.816000e-01	-6.459136e-01	-4.569440e+00
3.817000e-01	-6.526812e-01	-4.570272e+00
3.818000e-01	-6.594549e-01	-4.571106e+00
3.819000e-01	-6.662354e-01	-4.571943e+00
3.820000e-01	-6.730237e-01	-4.572783e+00
3.821000e-01	-6.798202e-01	-4.573627e+00
3.822000e-01	-6.866249e-01	-4.574475e+00
3.823000e-01	-6.934378e-01	-4.575326e+00
3.824000e-01	-7.002582e-01	-4.576180e+00
3.825000e-01	-7.070852e-01	-4.577038e+00
3.826000e-01	-7.139175e-01	-4.577898e+00
3.827000e-01	-7.207534e-01	-4.578760e+00
3.828000e-01	-7.275910e-01	-4.579623e+00
3.829000e-01	-7.344279e-01	-4.580487e+00
3.830000e-01	-7.412614e-01	-4.581350e+00
3.831000e-01	-7.480885e-01	-4.582211e+00
3.832000e-01	-7.549059e-01	-4.583069e+00
3.833000e-01	-7.617102e-01	-4.583924e+00
3.834000e-01	-7.684977e-01	-4.584773e+00
3.835000e-01	-7.752646e-01	-4.585617e+00
3.836000e-01	-7.820069e-01	-4.586454e+00
3.837000e-01	-7.887207e-01	-4.587283e+00
3.838000e-01	-7.954019e-01	-4.588104e+00
3.839000e-01	-8.020466e-01	-4.588915e+00
3.840000e-01	-8.086508e-01	-4.589717e+00
3.841000e-01	-8.152107e-01	-4.590508e+00
3.842000e-01	-8.217228e-01	-4.591290e+00
3.843000e-01	-8.281837e-01	-4.592061e+00
3.844000e-01	-8.345902e-01	-4.592822e+00
3.845000e-01	-8.409393e-01	-4.593573e+00
3.846000e-01	-8.472286e-01	-4.594315e+00
3.847000e-01	-8.534558e-01	-4.595048e+00
3.848000e-01	-8.596189e-01	-4.595773e+00
3.849000e-01	-8.657165e-01	-4.596492e+00
3.850000e-01	-8.717474e-01	-4.597205e+00
3.851000e-01	-8.777107e-01	-4.597915e+00
3.852000e-01	-8.836060e-01	-4.598622e+00
3.853000e-01	-8.894333e-01	-4.599329e+00
3.854000e-01	-8.951927e-01	-4.600036e+00
3.855000e-01	-9.008849e-01	-4.600747e+00
3.856000e-01	-9.065106e-01	-4.601462e+00
3.857000e-01	-9.120711e-01	-4.602185e+00
3.858000e-01	-9.175676e-01	-4.602916e+00
3.859000e-01	-9.230016e-01	-4.603659e+00
3.860000e-01	-9.283748e-01	-4.604415e+00
3.861000e-01	-9.336890e-01	-4.605186e+00
3.862000e-01	-9.389460e-01	-4.605974e+00
3.863000e-01	-9.441477e-01	-4.606780e+00
3.864000e-01	-9.492958e-01	-4.607608e+00
3.865000e-01	-9.543920e-01	-4.608457e+00
3.866000e-01	-9.594380e-01	-4.609330e+00
3.867000e-01	-9.644353e-01	-4.610229e+00
3.868000e-01	-9.693851e-01	-4.611153e+00
3.869000e-01	-9.742885e-01	-4.612105e+00
3.870000e-01	-9.791461e-01	-4.613085e+00
3.871000e-01	-9.839586e-01	-4.614094e+00
3.872000e-01	-9.887262e-01	-4.615132e+00
3.873000e-01	-9.934487e-01	-4.616200e+00
3.874000e-01	-9.981256e-01	-4.617297e+00
3.875000e-01	-1.002756e+00	-4.618424e+00
3.876000e-01	-1.007340e+00	-4.619581e+00
3.877000e-01	-1.011874e+00	-4.620766e+00
3.878000e-01	-1.016358e+00	-4.621980e+00
3.879000e-01	-1.020790e+00	-4.623223e+00
3.880000e-01	-1.025167e+00	-4.624492e+00
3.881000e-01	-1.029487e+00	-4.625788e+00
3.882000e-01	-1.033747e+00	-4.627110e+00
3.883000e-01	-1.037944e+00	-4.628456e+00
3.884000e-01	-1.042075e+00	-4.629826e+00
3.885000e-01	-1.046138e+00	-4.631219e+00
3.886000e-01	-1.050128e+00	-4.632633e+00
3.887000e-01	-1.054043e+00	-4.634068e+00
3.888000e-01	-1.057880e+00	-4.635522e+00
3.889000e-01	-1.061636e+00	-4.636996e+00
3.890000e-01	-1.065307e+00	-4.638487e+00
3.891000e-01	-1.068891e+00	-4.639995e+00
3.892000e-01	-1.072386e+00	-4.641519e+00
3.893000e-01	-1.075789e+00	-4.643060e+00
3.894000e-01	-1.079097e+00	-4.644615e+00
3.895000e-01	-1.082310e+00	-4.646185e+00
3.896000e-01	-1.085425e+00	-4.647770e+00
3.897000e-01	-1.088441e+00	-4.649369e+00
3.898000e-01	-1.091358e+00	-4.650982e+00
3.899000e-01	-1.094175e+00	-4.652610e+00
3.900000e-01	-1.096892e+00	-4.654251e+00
3.901000e-01	-1.099508e+00	-4.655908e+00
3.902000e-01	-1.102025e+00	-4.657579e+00
3.903000e-01	-1.104443e+00	-4.659265e+00
3.904000e-01	-1.106763e+00	-4.660966e+00
3.905000e-01	-1.108987e+00	-4.662684e+00
3.906000e-01	-1.111116e+00	-4.664418e+00
3.907000e-01	-1.113152e+00	-4.666169e+00
3.908000e-01	-1.115096e+00	-4.667937e+00
3.909000e-01	-1.116951e+00	-4.669723e+00
3.910000e-01	-1.118720e+00	-4.671528e+00
3.911000e-01	-1.120403e+00	-4.673351e+00
3.912000e-01	-1.122005e+00	-4.675193e+00
3.913000e-01	-1.123526e+00	-4.677055e+00
3.914000e-01	-1.124968e+00	-4.678937e+00
3.915000e-01	-1.126335e+00	-4.680837e+00
3.916000e-01	-1.127628e+00	-4.682758e+00
3.917000e-01	-1.128849e+00	-4.684698e+00
3.918000e-01	-1.129999e+00	-4.686658e+00
3.919000e-01	-1.131079e+00	-4.688636e+00
3.920000e-01	-1.132091e+00	-4.690633e+00
3.921000e-01	-1.133036e+00	-4.692648e+00
3.922000e-01	-1.133914e+00	-4.694680e+00
3.923000e-01	-1.134725e+00	-4.696728e+00
3.924000e-01	-1.135469e+00	-4.698791e+00
3.925000e-01	-1.136147e+00	-4.700869e+00
3.926000e-01	-1.136757e+00	-4.702959e+00
3.927000e-01	-1.137298e+00	-4.705062e+00
3.928000e-01	-1.137771e+00	-4.707174e+00
3.929000e-01	-1.138172e+00	-4.709296e+00
3.930000e-01	-1.138501e+00	-4.711425e+00
3.931000e-01	-1.138755e+00	-4.713561e+00
3.932000e-01	-1.138934e+00	-4.715701e+00
3.933000e-01	-1.139035e+00	-4.717844e+00
3.934000e-01	-1.139055e+00	-4.719988e+00
3.935000e-01	-1.138994e+00	-4.722132e+00
3.936000e-01	-1.138848e+00	-4.724275e+00
3.937000e-01	-1.138616e+00	-4.726415e+00
3.938000e-01	-1.138296e+00	-4.728550e+00
3.939000e-01	-1.137885e+00	-4.730681e+00
3.940000e-01	-1.137383e+00	-4.732804e+00
3.941000e-01	-1.136787e+00	-4.734921e+00
3.942000e-01	-1.136096e+00	-4.737028e+00
3.943000e-01	-1.135309e+00	-4.739126e+00
3.944000e-01	-1.134426e+00	-4.741214e+00
3.945000e-01	-1.133445e+00	-4.743292e+00
3.946000e-01	-1.132367e+00	-4.745359e+00
3.947000e-01	-1.131191e+00	-4.747414e+00
3.948000e-01	-1.129918e+00	-4.749459e+00
3.949000e-01	-1.128548e+00	-4.751492e+00
3.950000e-01	-1.127082e+00	-4.753513e+00
3.951000e-01	-1.125522e+00	-4.755524e+00
3.952000e-01	-1.123869e+00	-4.757525e+00
3.953000e-01	-1.122124e+00	-4.759515e+00
3.954000e-01	-1.120291e+00	-4.761496e+00
3.955000e-01	-1.118371e+00	-4.763468e+00
3.956000e-01	-1.116366e+00	-4.765431e+00
3.957000e-01	-1.114279e+00	-4.767388e+00
3.958000e-01	-1.112113e+00	-4.769338e+00
3.959000e-01	-1.109871e+00	-4.771282e+00
3.960000e-01	-1.107555e+00	-4.773221e+00
3.961000e-01	-1.105168e+00	-4.775156e+00
3.962000e-01	-1.102713e+00	-4.777087e+00
3.963000e-01	-1.100193e+00	-4.779017e+00
3.964000e-01	-1.097611e+00	-4.780944e+00
3.965000e-01	-1.094969e+00	-4.782870e+00
3.966000e-01	-1.092269e+00	-4.784796e+00
3.967000e-01	-1.089514e+00	-4.786722e+00
3.968000e-01	-1.086706e+00	-4.788648e+00
3.969000e-01	-1.083846e+00	-4.790576e+00
3.970000e-01	-1.080937e+00	-4.792504e+00
3.971000e-01	-1.077978e+00	-4.794433e+00
3.972000e-01	-1.074973e+00	-4.796364e+00
3.973000e-01	-1.071920e+00	-4.798296e+00
3.974000e-01	-1.068821e+00	-4.800229e+00
3.975000e-01	-1.065676e+00	-4.802163e+00
3.976000e-01	-1.062484e+00	-4.804098e+00
3.977000e-01	-1.059247e+00	-4.806032e+00
3.978000e-01	-1.055962e+00	-4.807966e+00
3.979000e-01	-1.052630e+00	-4.809898e+00
3.980000e-01	-1.049250e+00	-4.811829e+00
3.981000e-01	-1.045820e+00	-4.813757e+00
3.982000e-01	-1.042339e+00	-4.815682e+00
3.983000e-01	-1.038807e+00	-4.817602e+00
3.984000e-01	-1.035223e+00	-4.819517e+00
3.985000e-01	-1.031584e+00	-4.821426e+00
3.986000e-01	-1.027890e+00	-4.823329e+00
3.987000e-01	-1.024139e+00	-4.825223e+00
3.988000e-01	-1.020331e+00	-4.827109e+00
3.989000e-01	-1.016464e+00	-4.828986e+00
3.990000e-01	-1.012538e+00	-4.830853e+00
3.991000e-01	-1.008551e+00	-4.832708e+00
3.992000e-01	-1.004505e+00	-4.834553e+00
3.993000e-01	-1.000397e+00	-4.836385e+00
3.994000e-01	-9.962289e-01	-4.838204e+00
3.995000e-01	-9.920000e-01	-4.840010e+00
3.996000e-01	-9.877111e-01	-4.841803e+00
3.997000e-01	-9.833628e-01	-4.843583e+00
3.998000e-01	-9.789562e-01	-4.845348e+00
3.999000e-01	-9.744925e-01	-4.847099e+00
4.000000e-01	-9.699732e-01	-4.848836e+00
4.001000e-01	-9.654000e-01	-4.850559e+00
4.002000e-01	-9.607748e-01	-4.852268e+00
4.003000e-01	-9.560999e-01	-4.853963e+00
4.004000e-01	-9.513774e-01	-4.855644e+00
4.005000e-01	-9.466099e-01	-4.857312e+00
4.006000e-01	-9.417999e-01	-4.858967e+00
4.007000e-01	-9.369501e-01	-4.860608e+00
4.008000e-01	-9.320633e-01	-4.862238e+00
4.009000e-01	-9.271422e-01	-4.863854e+00
4.010000e-01	-9.221895e-01	-4.865459e+00
4.011000e-01	-9.172081e-01	-4.867052e+00
4.012000e-01	-9.122005e-01	-4.868634e+00
4.013000e-01	-9.071692e-01	-4.870204e+00
4.014000e-01	-9.021168e-01	-4.871763e+00
4.015000e-01	-8.970455e-01	-4.873311e+00
4.016000e-01	-8.919573e-01	-4.874847e+00
4.017000e-01	-8.868541e-01	-4.876373e+00
4.018000e-01	-8.817378e-01	-4.877888e+00
4.019000e-01	-8.766095e-01	-4.879390e+00
4.020000e-01	-8.714707e-01	-4.880882e+00
4.021000e-01	-8.663221e-01	-4.882360e+00
4.022000e-01	-8.611646e-01	-4.883827e+00
4.023000e-01	-8.559985e-01	-4.885279e+00
4.024000e-01	-8.508240e-01	-4.886718e+00
4.025000e-01	-8.456412e-01	-4.888142e+00
4.026000e-01	-8.404497e-01	-4.889551e+00
4.027000e-01	-8.352491e-01	-4.890943e+00
4.028000e-01	-8.300387e-01	-4.892318e+00
4.029000e-01	-8.248177e-01	-4.893674e+00
4.030000e-01	-8.195852e-01	-4.895011e+00
4.031000e-01	-8.143401e-01	-4.896327e+00
4.032000e-01	-8.090813e-01	-4.897621e+00
4.033000e-01	-8.038075e-01	-4.898893e+00
4.034000e-01	-7.985175e-01	-4.900140e+00
4.035000e-01	-7.932102e-01	-4.901363e+00
4.036000e-01	-7.878843e-01	-4.902559e+00
4.037000e-01	-7.825387e-01	-4.903728e+00
4.038000e-01	-7.771724e-01	-4.904868e+00
4.039000e-01	-7.717846e-01	-4.905980e+00
4.040000e-01	-7.663745e-01	-4.907062e+00
4.041000e-01	-7.609415e-01	-4.908113e+00
4.042000e-01	-7.554852e-01	-4.909133e+00
4.043000e-01	-7.500055e-01	-4.910120e+00
4.044000e-01	-7.445023e-01	-4.911076e+00
4.045000e-01	-7.389760e-01	-4.911999e+00
4.046000e-01	-7.334271e-01	-4.912889e+00
4.047000e-01	-7.278561e-01	-4.913747e+00
4.048000e-01	-7.222642e-01	-4.914572e+00
4.049000e-01	-7.166523e-01	-4.915364e+00
4.050000e-01	-7.110220e-01	-4.916124e+00
4.051000e-01	-7.053747e-01	-4.916852e+00
4.052000e-01	-6.997121e-01	-4.917549e+00
4.053000e-01	-6.940363e-01	-4.918216e+00
4.054000e-01	-6.883491e-01	-4.918853e+00
4.055000e-01	-6.826528e-01	-4.919462e+00
4.056000e-01	-6.769495e-01	-4.920043e+00
4.057000e-01	-6.712416e-01	-4.920597e+00
4.058000e-01	-6.655313e-01	-4.921125e+00
4.059000e-01	-6.598210e-01	-4.921629e+00
4.060000e-01	-6.541130e-01	-4.922110e+00
4.061000e-01	-6.484094e-01	-4.922570e+00
4.062000e-01	-6.427125e-01	-4.923008e+00
4.063000e-01	-6.370242e-01	-4.923428e+00
4.064000e-01	-6.313465e-01	-4.923830e+00
4.065000e-01	-6.256812e-01	-4.924215e+00
4.066000e-01	-6.200298e-01	-4.924585e+00
4.067000e-01	-6.143938e-01	-4.924940e+00
4.068000e-01	-6.087742e-01	-4.925283e+00
4.069000e-01	-6.031722e-01	-4.925614e+00
4.070000e-01	-5.975885e-01	-4.925934e+00
4.071000e-01	-5.920237e-01	-4.926245e+00
4.072000e-01	-5.864780e-01	-4.926547e+00
4.073000e-01	-5.809517e-01	-4.926842e+00
4.074000e-01	-5.754447e-01	-4.927129e+00
4.075000e-01	-5.699566e-01	-4.927410e+00
4.076000e-01	-5.644872e-01	-4.927686e+00
4.077000e-01	-5.590357e-01	-4.927957e+00
4.078000e-01	-5.536014e-01	-4.928224e+00
4.079000e-01	-5.481835e-01	-4.928487e+00
4.080000e-01	-5.427811e-01	-4.928747e+00
4.081000e-01	-5.373930e-01	-4.929004e+00
4.082000e-01	-5.320183e-01	-4.929258e+00
4.083000e-01	-5.266558e-01	-4.929511e+00
4.084000e-01	-5.213046e-01	-4.929762e+00
4.085000e-01	-5.159635e-01	-4.930012e+00
4.086000e-01	-5.106316e-01	-4.930261e+00
4.087000e-01	-5.053081e-01	-4.930509e+00
4.088000e-01	-4.999921e-01	-4.930758e+00
4.089000e-01	-4.946831e-01	-4.931007e+00
4.090000e-01	-4.893805e-01	-4.931256e+00
4.091000e-01	-4.840841e-01	-4.931507e+00
4.092000e-01	-4.787936e-01	-4.931760e+00
4.093000e-01	-4.735093e-01	-4.932016e+00
4.094000e-01	-4.682313e-01	-4.932275e+00
4.095000e-01	-4.629601e-01	-4.932539e+00
4.096000e-01	-4.576964e-01	-4.932807e+00
4.097000e-01	-4.524411e-01	-4.933082e+00
4.098000e-01	-4.471951e-01	-4.933364e+00
4.099000e-01	-4.419598e-01	-4.933654e+00
4.100000e-01	-4.367366e-01	-4.933954e+00
4.101000e-01	-4.315271e-01	-4.934264e+00
4.102000e-01	-4.263330e-01	-4.934587e+00
4.103000e-01	-4.211561e-01	-4.934923e+00
4.104000e-01	-4.159985e-01	-4.935273e+00
4.105000e-01	-4.108621e-01	-4.935640e+00
4.106000e-01	-4.057490e-01	-4.936026e+00
4.107000e-01	-4.006613e-01	-4.936430e+00
4.108000e-01	-3.956012e-01	-4.936855e+00
4.109000e-01	-3.905707e-01	-4.937303e+00
4.110000e-01	-3.855718e-01	-4.937775e+00
4.111000e-01	-3.806066e-01	-4.938272e+00
4.112000e-01	-3.756769e-01	-4.938797e+00
4.113000e-01	-3.707845e-01	-4.939349e+00
4.114000e-01	-3.659310e-01	-4.939932e+00
4.115000e-01	-3.611179e-01	-4.940545e+00
4.116000e-01	-3.563465e-01	-4.941190e+00
4.117000e-01	-3.516180e-01	-4.941868e+00
4.118000e-01	-3.469332e-01	-4.942581e+00
4.119000e-01	-3.422930e-01	-4.943329e+00
4.120000e-01	-3.376979e-01	-4.944112e+00
4.121000e-01	-3.331483e-01	-4.944932e+00
4.122000e-01	-3.286444e-01	-4.945789e+00
4.123000e-01	-3.241863e-01	-4.946684e+00
4.124000e-01	-3.197736e-01	-4.947616e+00
4.125000e-01	-3.154062e-01	-4.948586e+00
4.126000e-01	-3.110835e-01	-4.949594e+00
4.127000e-01	-3.068049e-01	-4.950639e+00
4.128000e-01	-3.025699e-01	-4.951723e+00
4.129000e-01	-2.983774e-01	-4.952843e+00
4.130000e-01	-2.942268e-01	-4.954001e+00
4.131000e-01	-2.901172e-01	-4.955195e+00
4.132000e-01	-2.860475e-01	-4.956426e+00
4.133000e-01	-2.820169e-01	-4.957692e+00
4.134000e-01	-2.780246e-01	-4.958993e+00
4.135000e-01	-2.740696e-01	-4.960328e+00
4.136000e-01	-2.701513e-01	-4.961697e+00
4.137000e-01	-2.662690e-01	-4.963098e+00
4.138000e-01	-2.624222e-01	-4.964532e+00
4.139000e-01	-2.586103e-01	-4.965998e+00
4.140000e-01	-2.548332e-01	-4.967494e+00
4.141000e-01	-2.510908e-01	-4.969020e+00
4.142000e-01	-2.473831e-01	-4.970577e+00
4.143000e-01	-2.437103e-01	-4.972162e+00
4.144000e-01	-2.400728e-01	-4.973776e+00
4.145000e-01	-2.364712e-01	-4.975419e+00
4.146000e-01	-2.329063e-01	-4.977089e+00
4.147000e-01	-2.293790e-01	-4.978788e+00
4.148000e-01	-2.258903e-01	-4.980513e+00
4.149000e-01	-2.224415e-01	-4.982267e+00
4.150000e-01	-2.190341e-01	-4.984047e+00
4.151000e-01	-2.156694e-01	-4.985856e+00
4.152000e-01	-2.123492e-01	-4.987691e+00
4.153000e-01	-2.090750e-01	-4.989555e+00
4.154000e-01	-2.058488e-01	-4.991446e+00
4.155000e-01	-2.026722e-01	-4.993365e+00
4.156000e-01	-1.995472e-01	-4.995313e+00
4.157000e-01	-1.964755e-01	-4.997290e+00
4.158000e-01	-1.934590e-01	-4.999296e+00
4.159000e-01	-1.904996e-01	-5.001331e+00
4.160000e-01	-1.875988e-01	-5.003396e+00
4.161000e-01	-1.847585e-01	-5.005491e+00
4.162000e-01	-1.819800e-01	-5.007616e+00
4.163000e-01	-1.792648e-01	-5.009772e+00
4.164000e-01	-1.766142e-01	-5.011959e+00
4.165000e-01	-1.740294e-01	-5.014176e+00
4.166000e-01	-1.715113e-01	-5.016425e+00
4.167000e-01	-1.690607e-01	-5.018704e+00
4.168000e-01	-1.666784e-01	-5.021014e+00
4.169000e-01	-1.643647e-01	-5.023355e+00
4.170000e-01	-1.621201e-01	-5.025726e+00
4.171000e-01	-1.599446e-01	-5.028126e+00
4.172000e-01	-1.578382e-01	-5.030556e+00
4.173000e-01	-1.558007e-01	-5.033015e+00
4.174000e-01	-1.538319e-01	-5.035501e+00
4.175000e-01	-1.519312e-01	-5.038013e+00
4.176000e-01	-1.500981e-01	-5.040552e+00
4.177000e-01	-1.483320e-01	-5.043116e+00
4.178000e-01	-1.466319e-01	-5.045703e+00
4.179000e-01	-1.449973e-01	-5.048313e+00
4.180000e-01	-1.434270e-01	-5.050943e+00
4.181000e-01	-1.419204e-01	-5.053594e+00
4.182000e-01	-1.404764e-01	-5.056262e+00
4.183000e-01	-1.390942e-01	-5.058947e+00
4.184000e-01	-1.377730e-01	-5.061647e+00
4.185000e-01	-1.365120e-01	-5.064360e+00
4.186000e-01	-1.353104e-01	-5.067086e+00
4.187000e-01	-1.341677e-01	-5.069822e+00
4.188000e-01	-1.330833e-01	-5.072566e+00
4.189000e-01	-1.320568e-01	-5.075318e+00
4.190000e-01	-1.310879e-01	-5.078075e+00
4.191000e-01	-1.301766e-01	-5.080836e+00
4.192000e-01	-1.293227e-01	-5.083600e+00
4.193000e-01	-1.285265e-01	-5.086366e+00
4.194000e-01	-1.277883e-01	-5.089131e+00
4.195000e-01	-1.271085e-01	-5.091895e+00
4.196000e-01	-1.264877e-01	-5.094657e+00
4.197000e-01	-1.259266e-01	-5.097415e+00
4.198000e-01	-1.254260e-01	-5.100169e+00
4.199000e-01	-1.249869e-01	-5.102918e+00
4.200000e-01	-1.246104e-01	-5.105660e+00
4.201000e-01	-1.242975e-01	-5.108395e+00
4.202000e-01	-1.240496e-01	-5.111122e+00
4.203000e-01	-1.238678e-01	-5.113841e+00
4.204000e-01	-1.237535e-01	-5.116551e+00
4.205000e-01	-1.237079e-01	-5.119251e+00
4.206000e-01	-1.237322e-01	-5.121941e+00
4.207000e-01	-1.238280e-01	-5.124620e+00
4.208000e-01	-1.239964e-01	-5.127288e+00
4.209000e-01	-1.242386e-01	-5.129944e+00
4.210000e-01	-1.245556e-01	-5.132588e+00
4.211000e-01	-1.249483e-01	-5.135219e+00
4.212000e-01	-1.254177e-01	-5.137837e+00
4.213000e-01	-1.259653e-01	-5.140439e+00
4.214000e-01	-1.265925e-01	-5.143023e+00
4.215000e-01	-1.273010e-01	-5.145586e+00
4.216000e-01	-1.280919e-01	-5.148125e+00
4.217000e-01	-1.289665e-01	-5.150638e+00
4.218000e-01	-1.299256e-01	-5.153120e+00
4.219000e-01	-1.309700e-01	-5.155570e+00
4.220000e-01	-1.321001e-01	-5.157984e+00
4.221000e-01	-1.333165e-01	-5.160359e+00
4.222000e-01	-1.346190e-01	-5.162693e+00
4.223000e-01	-1.360078e-01	-5.164983e+00
4.224000e-01	-1.374825e-01	-5.167226e+00
4.225000e-01	-1.390427e-01	-5.169419e+00
4.226000e-01	-1.406877e-01	-5.171560e+00
4.227000e-01	-1.424168e-01	-5.173647e+00
4.228000e-01	-1.442289e-01	-5.175678e+00
4.229000e-01	-1.461229e-01	-5.177650e+00
4.230000e-01	-1.480976e-01	-5.179563e+00
4.231000e-01	-1.501517e-01	-5.181413e+00
4.232000e-01	-1.522836e-01	-5.183201e+00
4.233000e-01	-1.544919e-01	-5.184925e+00
4.234000e-01	-1.567749e-01	-5.186584e+00
4.235000e-01	-1.591310e-01	-5.188178e+00
4.236000e-01	-1.615584e-01	-5.189707e+00
4.237000e-01	-1.640554e-01	-5.191170e+00
4.238000e-01	-1.666204e-01	-5.192568e+00
4.239000e-01	-1.692515e-01	-5.193903e+00
4.240000e-01	-1.719471e-01	-5.195174e+00
4.241000e-01	-1.747055e-01	-5.196382e+00
4.242000e-01	-1.775250e-01	-5.197531e+00
4.243000e-01	-1.804042e-01	-5.198621e+00
4.244000e-01	-1.833414e-01	-5.199654e+00
4.245000e-01	-1.863351e-01	-5.200632e+00
4.246000e-01	-1.893840e-01	-5.201559e+00
4.247000e-01	-1.924866e-01	-5.202437e+00
4.248000e-01	-1.956417e-01	-5.203268e+00
4.249000e-01	-1.988480e-01	-5.204056e+00
4.250000e-01	-2.021044e-01	-5.204803e+00
4.251000e-01	-2.054096e-01	-5.205514e+00
4.252000e-01	-2.087627e-01	-5.206190e+00
4.253000e-01	-2.121625e-01	-5.206836e+00
4.254000e-01	-2.156081e-01	-5.207455e+00
4.255000e-01	-2.190986e-01	-5.208049e+00
4.256000e-01	-2.226332e-01	-5.208623e+00
4.257000e-01	-2.262110e-01	-5.209177e+00
4.258000e-01	-2.298313e-01	-5.209715e+00
4.259000e-01	-2.334935e-01	-5.210240e+00
4.260000e-01	-2.371969e-01	-5.210752e+00
4.261000e-01	-2.409411e-01	-5.211254e+00
4.262000e-01	-2.447253e-01	-5.211746e+00
4.263000e-01	-2.485493e-01	-5.212230e+00
4.264000e-01	-2.524126e-01	-5.212707e+00
4.265000e-01	-2.563147e-01	-5.213175e+00
4.266000e-01	-2.602552e-01	-5.213634e+00
4.267000e-01	-2.642337e-01	-5.214085e+00
4.268000e-01	-2.682499e-01	-5.214526e+00
4.269000e-01	-2.723033e-01	-5.214956e+00
4.270000e-01	-2.763933e-01	-5.215374e+00
4.271000e-01	-2.805197e-01	-5.215777e+00
4.272000e-01	-2.846817e-01	-5.216164e+00
4.273000e-01	-2.888790e-01	-5.216533e+00
4.274000e-01	-2.931107e-01	-5.216881e+00
4.275000e-01	-2.973762e-01	-5.217207e+00
4.276000e-01	-3.016747e-01	-5.217507e+00
4.277000e-01	-3.060054e-01	-5.217781e+00
4.278000e-01	-3.103674e-01	-5.218026e+00
4.279000e-01	-3.147597e-01	-5.218240e+00
4.280000e-01	-3.191811e-01	-5.218421e+00
4.281000e-01	-3.236305e-01	-5.218569e+00
4.282000e-01	-3.281067e-01	-5.218681e+00
4.283000e-01	-3.326083e-01	-5.218758e+00
4.284000e-01	-3.371340e-01	-5.218798e+00
4.285000e-01	-3.416824e-01	-5.218802e+00
4.286000e-01	-3.462519e-01	-5.218769e+00
4.287000e-01	-3.508410e-01	-5.218701e+00
4.288000e-01	-3.554481e-01	-5.218599e+00
4.289000e-01	-3.600716e-01	-5.218464e+00
4.290000e-01	-3.647099e-01	-5.218297e+00
4.291000e-01	-3.693614e-01	-5.218102e+00
4.292000e-01	-3.740244e-01	-5.217880e+00
4.293000e-01	-3.786974e-01	-5.217635e+00
4.294000e-01	-3.833788e-01	-5.217370e+00
4.295000e-01	-3.880670e-01	-5.217088e+00
4.296000e-01	-3.927606e-01	-5.216794e+00
4.297000e-01	-3.974582e-01	-5.216490e+00
4.298000e-01	-4.021585e-01	-5.216180e+00
4.299000e-01	-4.068601e-01	-5.215870e+00
4.300000e-01	-4.115619e-01	-5.215563e+00
4.301000e-01	-4.162629e-01	-5.215262e+00
4.302000e-01	-4.209620e-01	-5.214973e+00
4.303000e-01	-4.256584e-01	-5.214699e+00
4.304000e-01	-4.303513e-01	-5.214443e+00
4.305000e-01	-4.350400e-01	-5.214209e+00
4.306000e-01	-4.397240e-01	-5.214001e+00
4.307000e-01	-4.444028e-01	-5.213822e+00
4.308000e-01	-4.490760e-01	-5.213674e+00
4.309000e-01	-4.537433e-01	-5.213560e+00
4.310000e-01	-4.584046e-01	-5.213482e+00
4.311000e-01	-4.630596e-01	-5.213441e+00
4.312000e-01	-4.677084e-01	-5.213440e+00
4.313000e-01	-4.723510e-01	-5.213478e+00
4.314000e-01	-4.769873e-01	-5.213558e+00
4.315000e-01	-4.816175e-01	-5.213680e+00
4.316000e-01	-4.862417e-01	-5.213843e+00
4.317000e-01	-4.908600e-01	-5.214047e+00
4.318000e-01	-4.954725e-01	-5.214293e+00
4.319000e-01	-5.000793e-01	-5.214578e+00
4.320000e-01	-5.046806e-01	-5.214904e+00
4.321000e-01	-5.092762e-01	-5.215268e+00
4.322000e-01	-5.138664e-01	-5.215670e+00
4.323000e-01	-5.184510e-01	-5.216108e+00
4.324000e-01	-5.230300e-01	-5.216582e+00
4.325000e-01	-5.276031e-01	-5.217090e+00
4.326000e-01	-5.321703e-01	-5.217631e+00
4.327000e-01	-5.367311e-01	-5.218204e+00
4.328000e-01	-5.412853e-01	-5.218809e+00
4.329000e-01	-5.458324e-01	-5.219444e+00
4.330000e-01	-5.503718e-01	-5.220109e+00
4.331000e-01	-5.549031e-01	-5.220803e+00
4.332000e-01	-5.594255e-01	-5.221528e+00
4.333000e-01	-5.639384e-01	-5.222283e+00
4.334000e-01	-5.684410e-01	-5.223068e+00
4.335000e-01	-5.729325e-01	-5.223884e+00
4.336000e-01	-5.774120e-01	-5.224732e+00
4.337000e-01	-5.818788e-01	-5.225613e+00
4.338000e-01	-5.863318e-01	-5.226530e+00
4.339000e-01	-5.907703e-01	-5.227483e+00
4.340000e-01	-5.951933e-01	-5.228475e+00
4.341000e-01	-5.996000e-01	-5.229508e+00
4.342000e-01	-6.039894e-01	-5.230583e+00
4.343000e-01	-6.083609e-01	-5.231704e+00
4.344000e-01	-6.127136e-01	-5.232873e+00
4.345000e-01	-6.170469e-01	-5.234092e+00
4.346000e-01	-6.213601e-01	-5.235364e+00
4.347000e-01	-6.256527e-01	-5.236692e+00
4.348000e-01	-6.299241e-01	-5.238078e+00
4.349000e-01	-6.341740e-01	-5.239523e+00
4.350000e-01	-6.384022e-01	-5.241031e+00
4.351000e-01	-6.426083e-01	-5.242603e+00
4.352000e-01	-6.467924e-01	-5.244241e+00
4.353000e-01	-6.509543e-01	-5.245946e+00
4.354000e-01	-6.550942e-01	-5.247720e+00
4.355000e-01	-6.592122e-01	-5.249563e+00
4.356000e-01	-6.633086e-01	-5.251475e+00
4.357000e-01	-6.673837e-01	-5.253457e+00
4.358000e-01	-6.714380e-01	-5.255509e+00
4.359000e-01	-6.754718e-01	-5.257629e+00
4.360000e-01	-6.794857e-01	-5.259818e+00
4.361000e-01	-6.834803e-01	-5.262073e+00
4.362000e-01	-6.874561e-01	-5.264393e+00
4.363000e-01	-6.914137e-01	-5.266776e+00
4.364000e-01	-6.953537e-01	-5.269219e+00
4.365000e-01	-6.992767e-01	-5.271721e+00
4.366000e-01	-7.031834e-01	-5.274277e+00
4.367000e-01	-7.070741e-01	-5.276886e+00
4.368000e-01	-7.109494e-01	-5.279543e+00
4.369000e-01	-7.148097e-01	-5.282246e+00
4.370000e-01	-7.186555e-01	-5.284991e+00
4.371000e-01	-7.224868e-01	-5.287774e+00
4.372000e-01	-7.263041e-01	-5.290592e+00
4.373000e-01	-7.301073e-01	-5.293440e+00
4.374000e-01	-7.338964e-01	-5.296317e+00
4.375000e-01	-7.376715e-01	-5.299218e+00
4.376000e-01	-7.414321e-01	-5.302139e+00
4.377000e-01	-7.451782e-01	-5.305078e+00
4.378000e-01	-7.489092e-01	-5.308032e+00
4.379000e-01	-7.526247e-01	-5.310998e+00
4.380000e-01	-7.563240e-01	-5.313973e+00
4.381000e-01	-7.600064e-01	-5.316955e+00
4.382000e-01	-7.636712e-01	-5.319943e+00
4.383000e-01	-7.673175e-01	-5.322933e+00
4.384000e-01	-7.709444e-01	-5.325926e+00
4.385000e-01	-7.745509e-01	-5.328919e+00
4.386000e-01	-7.781359e-01	-5.331911e+00
4.387000e-01	-7.816985e-01	-5.334902e+00
4.388000e-01	-7.852375e-01	-5.337890e+00
4.389000e-01	-7.887518e-01	-5.340877e+00
4.390000e-01	-7.922404e-01	-5.343861e+00
4.391000e-01	-7.957023e-01	-5.346842e+00
4.392000e-01	-7.991362e-01	-5.349821e+00
4.393000e-01	-8.025414e-01	-5.352797e+00
4.394000e-01	-8.059167e-01	-5.355770e+00
4.395000e-01	-8.092614e-01	-5.358742e+00
4.396000e-01	-8.125746e-01	-5.361712e+00
4.397000e-01	-8.158555e-01	-5.364680e+00
4.398000e-01	-8.191035e-01	-5.367646e+00
4.399000e-01	-8.223181e-01	-5.370610e+00
4.400000e-01	-8.254986e-01	-5.373572e+00
4.401000e-01	-8.286447e-01	-5.376532e+00
4.402000e-01	-8.317561e-01	-5.379489e+00
4.403000e-01	-8.348326e-01	-5.382443e+00
4.404000e-01	-8.378739e-01	-5.385392e+00
4.405000e-01	-8.408800e-01	-5.388335e+00
4.406000e-01	-8.438509e-01	-5.391271e+00
4.407000e-01	-8.467867e-01	-5.394199e+00
4.408000e-01	-8.496874e-01	-5.397117e+00
4.409000e-01	-8.525532e-01	-5.400022e+00
4.410000e-01	-8.553842e-01	-5.402912e+00
4.411000e-01	-8.581807e-01	-5.405786e+00
4.412000e-01	-8.609428e-01	-5.408640e+00
4.413000e-01	-8.636708e-01	-5.411473e+00
4.414000e-01	-8.663648e-01	-5.414280e+00
4.415000e-01	-8.690251e-01	-5.417061e+00
4.416000e-01	-8.716517e-01	-5.419810e+00
4.417000e-01	-8.742446e-01	-5.422527e+00
4.418000e-01	-8.768040e-01	-5.425207e+00
4.419000e-01	-8.793298e-01	-5.427849e+00
4.420000e-01	-8.818218e-01	-5.430449e+00
4.421000e-01	-8.842798e-01	-5.433005e+00
4.422000e-01	-8.867035e-01	-5.435515e+00
4.423000e-01	-8.890927e-01	-5.437976e+00
4.424000e-01	-8.914467e-01	-5.440387e+00
4.425000e-01	-8.937650e-01	-5.442744e+00
4.426000e-01	-8.960470e-01	-5.445048e+00
4.427000e-01	-8.982920e-01	-5.447297e+00
4.428000e-01	-9.004991e-01	-5.449490e+00
4.429000e-01	-9.026674e-01	-5.451625e+00
4.430000e-01	-9.047959e-01	-5.453704e+00
4.431000e-01	-9.068837e-01	-5.455725e+00
4.432000e-01	-9.089296e-01	-5.457688e+00
4.433000e-01	-9.109326e-01	-5.459595e+00
4.434000e-01	-9.128915e-01	-5.461446e+00
4.435000e-01	-9.148052e-01	-5.463242e+00
4.436000e-01	-9.166724e-01	-5.464983e+00
4.437000e-01	-9.184920e-01	-5.466672e+00
4.438000e-01	-9.202630e-01	-5.468311e+00
4.439000e-01	-9.219841e-01	-5.469899e+00
4.440000e-01	-9.236545e-01	-5.471440e+00
4.441000e-01	-9.252729e-01	-5.472936e+00
4.442000e-01	-9.268386e-01	-5.474388e+00
4.443000e-01	-9.283508e-01	-5.475798e+00
4.444000e-01	-9.298085e-01	-5.477168e+00
4.445000e-01	-9.312112e-01	-5.478501e+00
4.446000e-01	-9.325583e-01	-5.479797e+00
4.447000e-01	-9.338493e-01	-5.481059e+00
4.448000e-01	-9.350839e-01	-5.482289e+00
4.449000e-01	-9.362618e-01	-5.483488e+00
4.450000e-01	-9.373829e-01	-5.484656e+00
4.451000e-01	-9.384471e-01	-5.485796e+00
4.452000e-01	-9.394544e-01	-5.486908e+00
4.453000e-01	-9.404051e-01	-5.487994e+00
4.454000e-01	-9.412993e-01	-5.489052e+00
4.455000e-01	-9.421374e-01	-5.490085e+00
4.456000e-01	-9.429198e-01	-5.491092e+00
4.457000e-01	-9.436468e-01	-5.492073e+00
4.458000e-01	-9.443190e-01	-5.493027e+00
4.459000e-01	-9.449369e-01	-5.493955e+00
4.460000e-01	-9.455011e-01	-5.494856e+00
4.461000e-01	-9.460121e-01	-5.495729e+00
4.462000e-01	-9.464705e-01	-5.496573e+00
4.463000e-01	-9.468768e-01	-5.497388e+00
4.464000e-01	-9.472317e-01	-5.498173e+00
4.465000e-01	-9.475355e-01	-5.498926e+00
4.466000e-01	-9.477888e-01	-5.499647e+00
4.467000e-01	-9.479919e-01	-5.500335e+00
4.468000e-01	-9.481452e-01	-5.500990e+00
4.469000e-01	-9.482490e-01	-5.501609e+00
4.470000e-01	-9.483033e-01	-5.502194e+00
4.471000e-01	-9.483085e-01	-5.502742e+00
4.472000e-01	-9.482644e-01	-5.503255e+00
4.473000e-01	-9.481711e-01	-5.503731e+00
4.474000e-01	-9.480284e-01	-5.504170e+00
4.475000e-01	-9.478361e-01	-5.504573e+00
4.476000e-01	-9.475939e-01	-5.504941e+00
4.477000e-01	-9.473014e-01	-5.505273e+00
4.478000e-01	-9.469583e-01	-5.505571e+00
4.479000e-01	-9.465640e-01	-5.505835e+00
4.480000e-01	-9.461181e-01	-5.506066e+00
4.481000e-01	-9.456198e-01	-5.506267e+00
4.482000e-01	-9.450687e-01	-5.506439e+00
4.483000e-01	-9.444641e-01	-5.506582e+00
4.484000e-01	-9.438054e-01	-5.506700e+00
4.485000e-01	-9.430920e-01	-5.506794e+00
4.486000e-01	-9.423232e-01	-5.506866e+00
4.487000e-01	-9.414985e-01	-5.506918e+00
4.488000e-01	-9.406174e-01	-5.506953e+00
4.489000e-01	-9.396794e-01	-5.506972e+00
4.490000e-01	-9.386840e-01	-5.506979e+00
4.491000e-01	-9.376309e-01	-5.506974e+00
4.492000e-01	-9.365198e-01	-5.506961e+00
4.493000e-01	-9.353506e-01	-5.506940e+00
4.494000e-01	-9.341231e-01	-5.506915e+00
4.495000e-01	-9.328373e-01	-5.506887e+00
4.496000e-01	-9.314933e-01	-5.506857e+00
4.497000e-01	-9.300913e-01	-5.506828e+00
4.498000e-01	-9.286315e-01	-5.506800e+00
4.499000e-01	-9.271144e-01	-5.506775e+00
4.500000e-01	-9.255403e-01	-5.506753e+00
4.501000e-01	-9.239098e-01	-5.506736e+00
4.502000e-01	-9.222236e-01	-5.506724e+00
4.503000e-01	-9.204823e-01	-5.506717e+00
4.504000e-01	-9.186867e-01	-5.506716e+00
4.505000e-01	-9.168375e-01	-5.506721e+00
4.506000e-01	-9.149356e-01	-5.506732e+00
4.507000e-01	-9.129819e-01	-5.506749e+00
4.508000e-01	-9.109773e-01	-5.506771e+00
4.509000e-01	-9.089225e-01	-5.506798e+00
4.510000e-01	-9.068186e-01	-5.506830e+00
4.511000e-01	-9.046664e-01	-5.506865e+00
4.512000e-01	-9.024667e-01	-5.506905e+00
4.513000e-01	-9.002203e-01	-5.506947e+00
4.514000e-01	-8.979279e-01	-5.506992e+00
4.515000e-01	-8.955903e-01	-5.507039e+00
4.516000e-01	-8.932080e-01	-5.507087e+00
4.517000e-01	-8.907816e-01	-5.507137e+00
4.518000e-01	-8.883115e-01	-5.507189e+00
4.519000e-01	-8.857982e-01	-5.507241e+00
4.520000e-01	-8.832418e-01	-5.507295e+00
4.521000e-01	-8.806427e-01	-5.507350e+00
4.522000e-01	-8.780008e-01	-5.507408e+00
4.523000e-01	-8.753163e-01	-5.507468e+00
4.524000e-01	-8.725890e-01	-5.507532e+00
4.525000e-01	-8.698189e-01	-5.507601e+00
4.526000e-01	-8.670057e-01	-5.507675e+00
4.527000e-01	-8.641491e-01	-5.507756e+00
4.528000e-01	-8.612488e-01	-5.507846e+00
4.529000e-01	-8.583044e-01	-5.507946e+00
4.530000e-01	-8.553155e-01	-5.508059e+00
4.531000e-01	-8.522817e-01	-5.508185e+00
4.532000e-01	-8.492024e-01	-5.508328e+00
4.533000e-01	-8.460772e-01	-5.508489e+00
4.534000e-01	-8.429057e-01	-5.508671e+00
4.535000e-01	-8.396874e-01	-5.508875e+00
4.536000e-01	-8.364219e-01	-5.509105e+00
4.537000e-01	-8.331088e-01	-5.509362e+00
4.538000e-01	-8.297477e-01	-5.509649e+00
4.539000e-01	-8.263385e-01	-5.509967e+00
4.540000e-01	-8.228809e-01	-5.510320e+00
4.541000e-01	-8.193748e-01	-5.510708e+00
4.542000e-01	-8.158200e-01	-5.511134e+00
4.543000e-01	-8.122168e-01	-5.511600e+00
4.544000e-01	-8.085651e-01	-5.512107e+00
4.545000e-01	-8.048652e-01	-5.512657e+00
4.546000e-01	-8.011173e-01	-5.513250e+00
4.547000e-01	-7.973219e-01	-5.513888e+00
4.548000e-01	-7.934794e-01	-5.514573e+00
4.549000e-01	-7.895904e-01	-5.515303e+00
4.550000e-01	-7.856553e-01	-5.516081e+00
4.551000e-01	-7.816750e-01	-5.516905e+00
4.552000e-01	-7.776501e-01	-5.517778e+00
4.553000e-01	-7.735815e-01	-5.518697e+00
4.554000e-01	-7.694699e-01	-5.519664e+00
4.555000e-01	-7.653162e-01	-5.520678e+00
4.556000e-01	-7.611212e-01	-5.521738e+00
4.557000e-01	-7.568860e-01	-5.522843e+00
4.558000e-01	-7.526112e-01	-5.523994e+00
4.559000e-01	-7.482979e-01	-5.525189e+00
4.560000e-01	-7.439468e-01	-5.526428e+00
4.561000e-01	-7.395587e-01	-5.527709e+00
4.562000e-01	-7.351345e-01	-5.529033e+00
4.563000e-01	-7.306748e-01	-5.530397e+00
4.564000e-01	-7.261804e-01	-5.531802e+00
4.565000e-01	-7.216517e-01	-5.533246e+00
4.566000e-01	-7.170894e-01	-5.534728e+00
4.567000e-01	-7.124938e-01	-5.536249e+00
4.568000e-01	-7.078655e-01	-5.537808e+00
4.569000e-01	-7.032046e-01	-5.539404e+00
4.570000e-01	-6.985114e-01	-5.541036e+00
4.571000e-01	-6.937862e-01	-5.542705e+00
4.572000e-01	-6.890289e-01	-5.544410e+00
4.573000e-01	-6.842396e-01	-5.546152e+00
4.574000e-01	-6.794182e-01	-5.547930e+00
4.575000e-01	-6.745647e-01	-5.549745e+00
4.576000e-01	-6.696790e-01	-5.551597e+00
4.577000e-01	-6.647608e-01	-5.553485e+00
4.578000e-01	-6.598100e-01	-5.555411e+00
4.579000e-01	-6.548263e-01	-5.557375e+00
4.580000e-01	-6.498096e-01	-5.559378e+00
4.581000e-01	-6.447595e-01	-5.561419e+00
4.582000e-01	-6.396760e-01	-5.563500e+00
4.583000e-01	-6.345588e-01	-5.565620e+00
4.584000e-01	-6.294079e-01	-5.567780e+00
4.585000e-01	-6.242230e-01	-5.569981e+00
4.586000e-01	-6.190042e-01	-5.572222e+00
4.587000e-01	-6.137515e-01	-5.574504e+00
4.588000e-01	-6.084650e-01	-5.576826e+00
4.589000e-01	-6.031449e-01	-5.579190e+00
4.590000e-01	-5.977915e-01	-5.581593e+00
4.591000e-01	-5.924050e-01	-5.584037e+00
4.592000e-01	-5.869860e-01	-5.586520e+00
4.593000e-01	-5.815350e-01	-5.589041e+00
4.594000e-01	-5.760527e-01	-5.591600e+00
4.595000e-01	-5.705396e-01	-5.594196e+00
4.596000e-01	-5.649967e-01	-5.596826e+00
4.597000e-01	-5.594249e-01	-5.599491e+00
4.598000e-01	-5.538251e-01	-5.602187e+00
4.599000e-01	-5.481983e-01	-5.604914e+00
4.600000e-01	-5.425458e-01	-5.607669e+00
4.601000e-01	-5.368687e-01	-5.610450e+00
4.602000e-01	-5.311681e-01	-5.613256e+00
4.603000e-01	-5.254454e-01	-5.616083e+00
4.604000e-01	-5.197020e-01	-5.618930e+00
4.605000e-01	-5.139390e-01	-5.621793e+00
4.606000e-01	-5.081578e-01	-5.624672e+00
4.607000e-01	-5.023598e-01	-5.627562e+00
4.608000e-01	-4.965463e-01	-5.630461e+00
4.609000e-01	-4.907186e-01	-5.633368e+00
4.610000e-01	-4.848780e-01	-5.636280e+00
4.611000e-01	-4.790256e-01	-5.639194e+00
4.612000e-01	-4.731628e-01	-5.642108e+00
4.613000e-01	-4.672906e-01	-5.645019e+00
4.614000e-01	-4.614102e-01	-5.647927e+00
4.615000e-01	-4.555226e-01	-5.650828e+00
4.616000e-01	-4.496287e-01	-5.653722e+00
4.617000e-01	-4.437295e-01	-5.656605e+00
4.618000e-01	-4.378257e-01	-5.659478e+00
4.619000e-01	-4.319183e-01	-5.662338e+00
4.620000e-01	-4.260079e-01	-5.665185e+00
4.621000e-01	-4.200951e-01	-5.668016e+00
4.622000e-01	-4.141806e-01	-5.670832e+00
4.623000e-01	-4.082649e-01	-5.673632e+00
4.624000e-01	-4.023486e-01	-5.676414e+00
4.625000e-01	-3.964321e-01	-5.679179e+00
4.626000e-01	-3.905159e-01	-5.681926e+00
4.627000e-01	-3.846004e-01	-5.684655e+00
4.628000e-01	-3.786861e-01	-5.687365e+00
4.629000e-01	-3.727733e-01	-5.690057e+00
4.630000e-01	-3.668626e-01	-5.692729e+00
4.631000e-01	-3.609544e-01	-5.695383e+00
4.632000e-01	-3.550491e-01	-5.698019e+00
4.633000e-01	-3.491474e-01	-5.700635e+00
4.634000e-01	-3.432497e-01	-5.703232e+00
4.635000e-01	-3.373567e-01	-5.705810e+00
4.636000e-01	-3.314691e-01	-5.708369e+00
4.637000e-01	-3.255876e-01	-5.710909e+00
4.638000e-01	-3.197130e-01	-5.713429e+00
4.639000e-01	-3.138462e-01	-5.715929e+00
4.640000e-01	-3.079882e-01	-5.718408e+00
4.641000e-01	-3.021400e-01	-5.720867e+00
4.642000e-01	-2.963027e-01	-5.723304e+00
4.643000e-01	-2.904774e-01	-5.725719e+00
4.644000e-01	-2.846655e-01	-5.728110e+00
4.645000e-01	-2.788683e-01	-5.730478e+00
4.646000e-01	-2.730871e-01	-5.732821e+00
4.647000e-01	-2.673233e-01	-5.735138e+00
4.648000e-01	-2.615786e-01	-5.737428e+00
4.649000e-01	-2.558543e-01	-5.739689e+00
4.650000e-01	-2.501521e-01	-5.741922e+00
4.651000e-01	-2.444735e-01	-5.744124e+00
4.652000e-01	-2.388202e-01	-5.746294e+00
4.653000e-01	-2.331937e-01	-5.748431e+00
4.654000e-01	-2.275957e-01	-5.750534e+00
4.655000e-01	-2.220278e-01	-5.752602e+00
4.656000e-01	-2.164915e-01	-5.754633e+00
4.657000e-01	-2.109885e-01	-5.756627e+00
4.658000e-01	-2.055201e-01	-5.758583e+00
4.659000e-01	-2.000878e-01	-5.760499e+00
4.660000e-01	-1.946931e-01	-5.762376e+00
4.661000e-01	-1.893373e-01	-5.764212e+00
4.662000e-01	-1.840217e-01	-5.766007e+00
4.663000e-01	-1.787475e-01	-5.767760e+00
4.664000e-01	-1.735158e-01	-5.769473e+00
4.665000e-01	-1.683277e-01	-5.771143e+00
4.666000e-01	-1.631842e-01	-5.772772e+00
4.667000e-01	-1.580861e-01	-5.774360e+00
4.668000e-01	-1.530344e-01	-5.775906e+00
4.669000e-01	-1.480298e-01	-5.777412e+00
4.670000e-01	-1.430730e-01	-5.778878e+00
4.671000e-01	-1.381647e-01	-5.780305e+00
4.672000e-01	-1.333054e-01	-5.781694e+00
4.673000e-01	-1.284957e-01	-5.783045e+00
4.674000e-01	-1.237361e-01	-5.784360e+00
4.675000e-01	-1.190270e-01	-5.785639e+00
4.676000e-01	-1.143688e-01	-5.786883e+00
4.677000e-01	-1.097621e-01	-5.788095e+00
4.678000e-01	-1.052071e-01	-5.789274e+00
4.679000e-01	-1.007043e-01	-5.790422e+00
4.680000e-01	-9.625407e-02	-5.791540e+00
4.681000e-01	-9.185684e-02	-5.792629e+00
4.682000e-01	-8.751304e-02	-5.793690e+00
4.683000e-01	-8.322313e-02	-5.794724e+00
4.684000e-01	-7.898762e-02	-5.795732e+00
4.685000e-01	-7.480702e-02	-5.796714e+00
4.686000e-01	-7.068193e-02	-5.797671e+00
4.687000e-01	-6.661296e-02	-5.798604e+00
4.688000e-01	-6.260077e-02	-5.799513e+00
4.689000e-01	-5.864610e-02	-5.800399e+00
4.690000e-01	-5.474970e-02	-5.801261e+00
4.691000e-01	-5.091240e-02	-5.802100e+00
4.692000e-01	-4.713505e-02	-5.802915e+00
4.693000e-01	-4.341857e-02	-5.803707e+00
4.694000e-01	-3.976390e-02	-5.804476e+00
4.695000e-01	-3.617203e-02	-5.805220e+00
4.696000e-01	-3.264396e-02	-5.805941e+00
4.697000e-01	-2.918074e-02	-5.806636e+00
4.698000e-01	-2.578342e-02	-5.807307e+00
4.699000e-01	-2.245305e-02	-5.807952e+00
4.700000e-01	-1.919072e-02	-5.808571e+00
4.701000e-01	-1.599747e-02	-5.809163e+00
4.702000e-01	-1.287434e-02	-5.809728e+00
4.703000e-01	-9.822372e-03	-5.810265e+00
4.704000e-01	-6.842543e-03	-5.810775e+00
4.705000e-01	-3.935812e-03	-5.811256e+00
4.706000e-01	-1.103090e-03	-5.811709e+00
4.707000e-01	1.654763e-03	-5.812133e+00
4.708000e-01	4.336945e-03	-5.812528e+00
4.709000e-01	6.942713e-03	-5.812894e+00
4.710000e-01	9.471394e-03	-5.813231e+00
4.711000e-01	1.192238e-02	-5.813540e+00
4.712000e-01	1.429514e-02	-5.813821e+00
4.713000e-01	1.658922e-02	-5.814074e+00
4.714000e-01	1.880421e-02	-5.814300e+00
4.715000e-01	2.093983e-02	-5.814500e+00
4.716000e-01	2.299581e-02	-5.814675e+00
4.717000e-01	2.497199e-02	-5.814825e+00
4.718000e-01	2.686826e-02	-5.814952e+00
4.719000e-01	2.868458e-02	-5.815057e+00
4.720000e-01	3.042096e-02	-5.815142e+00
4.721000e-01	3.207745e-02	-5.815207e+00
4.722000e-01	3.365417e-02	-5.815254e+00
4.723000e-01	3.515126e-02	-5.815285e+00
4.724000e-01	3.656888e-02	-5.815301e+00
4.725000e-01	3.790725e-02	-5.815304e+00
4.726000e-01	3.916656e-02	-5.815295e+00
4.727000e-01	4.034705e-02	-5.815276e+00
4.728000e-01	4.144892e-02	-5.815248e+00
4.729000e-01	4.247240e-02	-5.815213e+00
4.730000e-01	4.341768e-02	-5.815172e+00
4.731000e-01	4.428495e-02	-5.815128e+00
4.732000e-01	4.507435e-02	-5.815080e+00
4.733000e-01	4.578603e-02	-5.815031e+00
4.734000e-01	4.642005e-02	-5.814982e+00
4.735000e-01	4.697648e-02	-5.814933e+00
4.736000e-01	4.745533e-02	-5.814886e+00
4.737000e-01	4.785657e-02	-5.814842e+00
4.738000e-01	4.818011e-02	-5.814802e+00
4.739000e-01	4.842585e-02	-5.814767e+00
4.740000e-01	4.859362e-02	-5.814737e+00
4.741000e-01	4.868322e-02	-5.814713e+00
4.742000e-01	4.869441e-02	-5.814696e+00
4.743000e-01	4.862692e-02	-5.814686e+00
4.744000e-01	4.848044e-02	-5.814685e+00
4.745000e-01	4.825465e-02	-5.814691e+00
4.746000e-01	4.794919e-02	-5.814707e+00
4.747000e-01	4.756371e-02	-5.814732e+00
4.748000e-01	4.709783e-02	-5.814767e+00
4.749000e-01	4.655118e-02	-5.814812e+00
4.750000e-01	4.592339e-02	-5.814869e+00
4.751000e-01	4.521410e-02	-5.814937e+00
4.752000e-01	4.442298e-02	-5.815018e+00
4.753000e-01	4.354971e-02	-5.815112e+00
4.754000e-01	4.259402e-02	-5.815220e+00
4.755000e-01	4.155564e-02	-5.815343e+00
4.756000e-01	4.043438e-02	-5.815481e+00
4.757000e-01	3.923007e-02	-5.815637e+00
4.758000e-01	3.794258e-02	-5.815811e+00
4.759000e-01	3.657186e-02	-5.816004e+00
4.760000e-01	3.511787e-02	-5.816218e+00
4.761000e-01	3.358066e-02	-5.816455e+00
4.762000e-01	3.196020e-02	-5.816715e+00
4.763000e-01	3.025614e-02	-5.816999e+00
4.764000e-01	2.846813e-02	-5.817307e+00
4.765000e-01	2.659588e-02	-5.817641e+00
4.766000e-01	2.463912e-02	-5.818000e+00
4.767000e-01	2.259764e-02	-5.818385e+00
4.768000e-01	2.047125e-02	-5.818797e+00
4.769000e-01	1.825985e-02	-5.819236e+00
4.770000e-01	1.596335e-02	-5.819703e+00
4.771000e-01	1.358173e-02	-5.820199e+00
4.772000e-01	1.111502e-02	-5.820725e+00
4.773000e-01	8.563299e-03	-5.821281e+00
4.774000e-01	5.926706e-03	-5.821869e+00
4.775000e-01	3.205426e-03	-5.822489e+00
4.776000e-01	3.996959e-04	-5.823143e+00
4.777000e-01	-2.490193e-03	-5.823832e+00
4.778000e-01	-5.463902e-03	-5.824556e+00
4.779000e-01	-8.521040e-03	-5.825318e+00
4.780000e-01	-1.166117e-02	-5.826118e+00
4.781000e-01	-1.488381e-02	-5.826958e+00
4.782000e-01	-1.818844e-02	-5.827839e+00
4.783000e-01	-2.157449e-02	-5.828763e+00
4.784000e-01	-2.504135e-02	-5.829731e+00
4.785000e-01	-2.858838e-02	-5.830744e+00
4.786000e-01	-3.221491e-02	-5.831804e+00
4.787000e-01	-3.592021e-02	-5.832913e+00
4.788000e-01	-3.970357e-02	-5.834071e+00
4.789000e-01	-4.356422e-02	-5.835281e+00
4.790000e-01	-4.750137e-02	-5.836544e+00
4.791000e-01	-5.151423e-02	-5.837862e+00
4.792000e-01	-5.560197e-02	-5.839236e+00
4.793000e-01	-5.976377e-02	-5.840666e+00
4.794000e-01	-6.399877e-02	-5.842156e+00
4.795000e-01	-6.830612e-02	-5.843705e+00
4.796000e-01	-7.268497e-02	-5.845315e+00
4.797000e-01	-7.713443e-02	-5.846987e+00
4.798000e-01	-8.165361e-02	-5.848723e+00
4.799000e-01	-8.624161e-02	-5.850523e+00
4.800000e-01	-9.089638e-02	-5.852386e+00
4.801000e-01	-9.561406e-02	-5.854310e+00
4.802000e-01	-1.003908e-01	-5.856292e+00
4.803000e-01	-1.052228e-01	-5.858330e+00
4.804000e-01	-1.101063e-01	-5.860421e+00
4.805000e-01	-1.150377e-01	-5.862561e+00
4.806000e-01	-1.200135e-01	-5.864748e+00
4.807000e-01	-1.250303e-01	-5.866978e+00
4.808000e-01	-1.300850e-01	-5.869249e+00
4.809000e-01	-1.351744e-01	-5.871556e+00
4.810000e-01	-1.402957e-01	-5.873896e+00
4.811000e-01	-1.454465e-01	-5.876267e+00
4.812000e-01	-1.506241e-01	-5.878664e+00
4.813000e-01	-1.558266e-01	-5.881085e+00
4.814000e-01	-1.610518e-01	-5.883526e+00
4.815000e-01	-1.662983e-01	-5.885985e+00
4.816000e-01	-1.715644e-01	-5.888457e+00
4.817000e-01	-1.768491e-01	-5.890941e+00
4.818000e-01	-1.821514e-01	-5.893433e+00
4.819000e-01	-1.874707e-01	-5.895932e+00
4.820000e-01	-1.928064e-01	-5.898434e+00
4.821000e-01	-1.981583e-01	-5.900938e+00
4.822000e-01	-2.035266e-01	-5.903442e+00
4.823000e-01	-2.089114e-01	-5.905945e+00
4.824000e-01	-2.143133e-01	-5.908444e+00
4.825000e-01	-2.197328e-01	-5.910939e+00
4.826000e-01	-2.251708e-01	-5.913430e+00
4.827000e-01	-2.306283e-01	-5.915916e+00
4.828000e-01	-2.361065e-01	-5.918396e+00
4.829000e-01	-2.416068e-01	-5.920872e+00
4.830000e-01	-2.471306e-01	-5.923344e+00
4.831000e-01	-2.526794e-01	-5.925812e+00
4.832000e-01	-2.582549e-01	-5.928278e+00
4.833000e-01	-2.638588e-01	-5.930743e+00
4.834000e-01	-2.694930e-01	-5.933208e+00
4.835000e-01	-2.751593e-01	-5.935676e+00
4.836000e-01	-2.808596e-01	-5.938148e+00
4.837000e-01	-2.865958e-01	-5.940627e+00
4.838000e-01	-2.923698e-01	-5.943115e+00
4.839000e-01	-2.981835e-01	-5.945615e+00
4.840000e-01	-3.040386e-01	-5.948129e+00
4.841000e-01	-3.099371e-01	-5.950660e+00
4.842000e-01	-3.158807e-01	-5.953209e+00
4.843000e-01	-3.218711e-01	-5.955781e+00
4.844000e-01	-3.279099e-01	-5.958376e+00
4.845000e-01	-3.339987e-01	-5.960998e+00
4.846000e-01	-3.401385e-01	-5.963648e+00
4.847000e-01	-3.463303e-01	-5.966328e+00
4.848000e-01	-3.525749e-01	-5.969040e+00
4.849000e-01	-3.588728e-01	-5.971783e+00
4.850000e-01	-3.652241e-01	-5.974559e+00
4.851000e-01	-3.716288e-01	-5.977368e+00
4.852000e-01	-3.780863e-01	-5.980208e+00
4.853000e-01	-3.845958e-01	-5.983079e+00
4.854000e-01	-3.911562e-01	-5.985979e+00
4.855000e-01	-3.977659e-01	-5.988906e+00
4.856000e-01	-4.044231e-01	-5.991857e+00
4.857000e-01	-4.111256e-01	-5.994828e+00
4.858000e-01	-4.178710e-01	-5.997816e+00
4.859000e-01	-4.246565e-01	-6.000817e+00
4.860000e-01	-4.314792e-01	-6.003825e+00
4.861000e-01	-4.383357e-01	-6.006837e+00
4.862000e-01	-4.452228e-01	-6.009845e+00
4.863000e-01	-4.521368e-01	-6.012844e+00
4.864000e-01	-4.590740e-01	-6.015830e+00
4.865000e-01	-4.660308e-01	-6.018794e+00
4.866000e-01	-4.730034e-01	-6.021733e+00
4.867000e-01	-4.799879e-01	-6.024638e+00
4.868000e-01	-4.869806e-01	-6.027504e+00
4.869000e-01	-4.939780e-01	-6.030326e+00
4.870000e-01	-5.009764e-01	-6.033098e+00
4.871000e-01	-5.079726e-01	-6.035814e+00
4.872000e-01	-5.149634e-01	-6.038470e+00
4.873000e-01	-5.219459e-01	-6.041060e+00
4.874000e-01	-5.289173e-01	-6.043581e+00
4.875000e-01	-5.358753e-01	-6.046029e+00
4.876000e-01	-5.428178e-01	-6.048401e+00
4.877000e-01	-5.497428e-01	-6.050694e+00
4.878000e-01	-5.566490e-01	-6.052907e+00
4.879000e-01	-5.635350e-01	-6.055039e+00
4.880000e-01	-5.704000e-01	-6.057087e+00
4.881000e-01	-5.772434e-01	-6.059053e+00
4.882000e-01	-5.840648e-01	-6.060937e+00
4.883000e-01	-5.908641e-01	-6.062739e+00
4.884000e-01	-5.976415e-01	-6.064461e+00
4.885000e-01	-6.043976e-01	-6.066105e+00
4.886000e-01	-6.111327e-01	-6.067674e+00
4.887000e-01	-6.178478e-01	-6.069170e+00
4.888000e-01	-6.245436e-01	-6.070596e+00
4.889000e-01	-6.312212e-01	-6.071956e+00
4.890000e-01	-6.378816e-01	-6.073253e+00
4.891000e-01	-6.445258e-01	-6.074491e+00
4.892000e-01	-6.511549e-01	-6.075673e+00
4.893000e-01	-6.577699e-01	-6.076804e+00
4.894000e-01	-6.643716e-01	-6.077886e+00
4.895000e-01	-6.709608e-01	-6.078923e+00
4.896000e-01	-6.775381e-01	-6.079920e+00
4.897000e-01	-6.841039e-01	-6.080878e+00
4.898000e-01	-6.906583e-01	-6.081800e+00
4.899000e-01	-6.972014e-01	-6.082690e+00
4.900000e-01	-7.037329e-01	-6.083549e+00
4.901000e-01	-7.102521e-01	-6.084379e+00
4.902000e-01	-7.167583e-01	-6.085182e+00
4.903000e-01	-7.232503e-01	-6.085957e+00
4.904000e-01	-7.297267e-01	-6.086707e+00
4.905000e-01	-7.361858e-01	-6.087430e+00
4.906000e-01	-7.426258e-01	-6.088126e+00
4.907000e-01	-7.490443e-01	-6.088796e+00
4.908000e-01	-7.554389e-01	-6.089436e+00
4.909000e-01	-7.618070e-01	-6.090047e+00
4.910000e-01	-7.681457e-01	-6.090627e+00
4.911000e-01	-7.744520e-01	-6.091173e+00
4.912000e-01	-7.807228e-01	-6.091684e+00
4.913000e-01	-7.869547e-01	-6.092157e+00
4.914000e-01	-7.931445e-01	-6.092591e+00
4.915000e-01	-7.992888e-01	-6.092982e+00
4.916000e-01	-8.053844e-01	-6.093328e+00
4.917000e-01	-8.114278e-01	-6.093627e+00
4.918000e-01	-8.174158e-01	-6.093878e+00
4.919000e-01	-8.233454e-01	-6.094078e+00
4.920000e-01	-8.292136e-01	-6.094227e+00
4.921000e-01	-8.350176e-01	-6.094322e+00
4.922000e-01	-8.407547e-01	-6.094363e+00
4.923000e-01	-8.464226e-01	-6.094349e+00
4.924000e-01	-8.520192e-01	-6.094281e+00
4.925000e-01	-8.575425e-01	-6.094159e+00
4.926000e-01	-8.629911e-01	-6.093984e+00
4.927000e-01	-8.683635e-01	-6.093757e+00
4.928000e-01	-8.736587e-01	-6.093481e+00
4.929000e-01	-8.788760e-01	-6.093156e+00
4.930000e-01	-8.840149e-01	-6.092788e+00
4.931000e-01	-8.890752e-01	-6.092378e+00
4.932000e-01	-8.940569e-01	-6.091930e+00
4.933000e-01	-8.989604e-01	-6.091448e+00
4.934000e-01	-9.037861e-01	-6.090937e+00
4.935000e-01	-9.085348e-01	-6.090402e+00
4.936000e-01	-9.132073e-01	-6.089846e+00
4.937000e-01	-9.178047e-01	-6.089276e+00
4.938000e-01	-9.223280e-01	-6.088696e+00
4.939000e-01	-9.267784e-01	-6.088112e+00
4.940000e-01	-9.311572e-01	-6.087529e+00
4.941000e-01	-9.354657e-01	-6.086951e+00
4.942000e-01	-9.397050e-01	-6.086385e+00
4.943000e-01	-9.438762e-01	-6.085835e+00
4.944000e-01	-9.479805e-01	-6.085305e+00
4.945000e-01	-9.520188e-01	-6.084800e+00
4.946000e-01	-9.559918e-01	-6.084324e+00
4.947000e-01	-9.599002e-01	-6.083880e+00
4.948000e-01	-9.637444e-01	-6.083472e+00
4.949000e-01	-9.675246e-01	-6.083103e+00
4.950000e-01	-9.712408e-01	-6.082774e+00
4.951000e-01	-9.748926e-01	-6.082489e+00
4.952000e-01	-9.784797e-01	-6.082247e+00
4.953000e-01	-9.820011e-01	-6.082050e+00
4.954000e-01	-9.854560e-01	-6.081899e+00
4.955000e-01	-9.888430e-01	-6.081794e+00
4.956000e-01	-9.921606e-01	-6.081733e+00
4.957000e-01	-9.954072e-01	-6.081717e+00
4.958000e-01	-9.985807e-01	-6.081743e+00
4.959000e-01	-1.001679e+00	-6.081812e+00
4.960000e-01	-1.004700e+00	-6.081920e+00
4.961000e-01	-1.007642e+00	-6.082065e+00
4.962000e-01	-1.010501e+00	-6.082247e+00
4.963000e-01	-1.013275e+00	-6.082461e+00
4.964000e-01	-1.015962e+00	-6.082706e+00
4.965000e-01	-1.018558e+00	-6.082980e+00
4.966000e-01	-1.021062e+00	-6.083280e+00
4.967000e-01	-1.023471e+00	-6.083604e+00
4.968000e-01	-1.025782e+00	-6.083949e+00
4.969000e-01	-1.027993e+00	-6.084315e+00
4.970000e-01	-1.030101e+00	-6.084698e+00
4.971000e-01	-1.032105e+00	-6.085099e+00
4.972000e-01	-1.034003e+00	-6.085515e+00
4.973000e-01	-1.035793e+00	-6.085946e+00
4.974000e-01	-1.037473e+00	-6.086392e+00
4.975000e-01	-1.039043e+00	-6.086853e+00
4.976000e-01	-1.040501e+00	-6.087329e+00
4.977000e-01	-1.041847e+00	-6.087820e+00
4.978000e-01	-1.043081e+00	-6.088329e+00
4.979000e-01	-1.044201e+00	-6.088857e+00
4.980000e-01	-1.045209e+00	-6.089405e+00
4.981000e-01	-1.046105e+00	-6.089976e+00
4.982000e-01	-1.046888e+00	-6.090572e+00
4.983000e-01	-1.047561e+00	-6.091196e+00
4.984000e-01	-1.048123e+00	-6.091851e+00
4.985000e-01	-1.048576e+00	-6.092541e+00
4.986000e-01	-1.048922e+00	-6.093267e+00
4.987000e-01	-1.049162e+00	-6.094035e+00
4.988000e-01	-1.049296e+00	-6.094847e+00
4.989000e-01	-1.049327e+00	-6.095706e+00
4.990000e-01	-1.049257e+00	-6.096616e+00
4.991000e-01	-1.049086e+00	-6.097579e+00
4.992000e-01	-1.048817e+00	-6.098600e+00
4.993000e-01	-1.048451e+00	-6.099679e+00
4.994000e-01	-1.047989e+00	-6.100821e+00
4.995000e-01	-1.047433e+00	-6.102027e+00
4.996000e-01	-1.046784e+00	-6.103298e+00
4.997000e-01	-1.046042e+00	-6.104636e+00
4.998000e-01	-1.045209e+00	-6.106043e+00
4.999000e-01	-1.044285e+00	-6.107519e+00
5.000000e-01	-1.043272e+00	-6.109063e+00
5.001000e-01	-1.042168e+00	-6.110677e+00
5.002000e-01	-1.040974e+00	-6.112358e+00
5.003000e-01	-1.039690e+00	-6.114107e+00
5.004000e-01	-1.038315e+00	-6.115922e+00
5.005000e-01	-1.036849e+00	-6.117800e+00
5.006000e-01	-1.035292e+00	-6.119740e+00
5.007000e-01	-1.033641e+00	-6.121740e+00
5.008000e-01	-1.031897e+00	-6.123797e+00
5.009000e-01	-1.030057e+00	-6.125907e+00
5.010000e-01	-1.028120e+00	-6.128068e+00
5.011000e-01	-1.026085e+00	-6.130277e+00
5.012000e-01	-1.023951e+00	-6.132530e+00
5.013000e-01	-1.021715e+00	-6.134823e+00
5.014000e-01	-1.019376e+00	-6.137154e+00
5.015000e-01	-1.016933e+00	-6.139520e+00
5.016000e-01	-1.014383e+00	-6.141916e+00
5.017000e-01	-1.011726e+00	-6.144340e+00
5.018000e-01	-1.008960e+00	-6.146790e+00
5.019000e-01	-1.006084e+00	-6.149261e+00
5.020000e-01	-1.003097e+00	-6.151753e+00
5.021000e-01	-9.999970e-01	-6.154262e+00
5.022000e-01	-9.967844e-01	-6.156788e+00
5.023000e-01	-9.934584e-01	-6.159328e+00
5.024000e-01	-9.900187e-01	-6.161881e+00
5.025000e-01	-9.864653e-01	-6.164446e+00
5.026000e-01	-9.827983e-01	-6.167024e+00
5.027000e-01	-9.790182e-01	-6.169612e+00
5.028000e-01	-9.751257e-01	-6.172213e+00
5.029000e-01	-9.711217e-01	-6.174825e+00
5.030000e-01	-9.670075e-01	-6.177450e+00
5.031000e-01	-9.627844e-01	-6.180088e+00
5.032000e-01	-9.584541e-01	-6.182741e+00
5.033000e-01	-9.540183e-01	-6.185409e+00
5.034000e-01	-9.494791e-01	-6.188094e+00
5.035000e-01	-9.448384e-01	-6.190797e+00
5.036000e-01	-9.400988e-01	-6.193520e+00
5.037000e-01	-9.352629e-01	-6.196262e+00
5.038000e-01	-9.303340e-01	-6.199025e+00
5.039000e-01	-9.253150e-01	-6.201808e+00
5.040000e-01	-9.202090e-01	-6.204610e+00
5.041000e-01	-9.150191e-01	-6.207432e+00
5.042000e-01	-9.097482e-01	-6.210274e+00
5.043000e-01	-9.043992e-01	-6.213135e+00
5.044000e-01	-8.989749e-01	-6.216014e+00
5.045000e-01	-8.934776e-01	-6.218910e+00
5.046000e-01	-8.879099e-01	-6.221824e+00
5.047000e-01	-8.822740e-01	-6.224753e+00
5.048000e-01	-8.765719e-01	-6.227697e+00
5.049000e-01	-8.708053e-01	-6.230652e+00
5.050000e-01	-8.649760e-01	-6.233619e+00
5.051000e-01	-8.590852e-01	-6.236593e+00
5.052000e-01	-8.531340e-01	-6.239573e+00
5.053000e-01	-8.471234e-01	-6.242557e+00
5.054000e-01	-8.410540e-01	-6.245541e+00
5.055000e-01	-8.349262e-01	-6.248522e+00
5.056000e-01	-8.287403e-01	-6.251498e+00
5.057000e-01	-8.224963e-01	-6.254465e+00
5.058000e-01	-8.161942e-01	-6.257419e+00
5.059000e-01	-8.098336e-01	-6.260358e+00
5.060000e-01	-8.034142e-01	-6.263277e+00
5.061000e-01	-7.969355e-01	-6.266174e+00
5.062000e-01	-7.903971e-01	-6.269045e+00
5.063000e-01	-7.837982e-01	-6.271886e+00
5.064000e-01	-7.771384e-01	-6.274694e+00
5.065000e-01	-7.704170e-01	-6.277467e+00
5.066000e-01	-7.636336e-01	-6.280201e+00
5.067000e-01	-7.567878e-01	-6.282893e+00
5.068000e-01	-7.498791e-01	-6.285542e+00
5.069000e-01	-7.429073e-01	-6.288145e+00
5.070000e-01	-7.358724e-01	-6.290699e+00
5.071000e-01	-7.287746e-01	-6.293204e+00
5.072000e-01	-7.216139e-01	-6.295658e+00
5.073000e-01	-7.143910e-01	-6.298059e+00
5.074000e-01	-7.071065e-01	-6.300408e+00
5.075000e-01	-6.997612e-01	-6.302704e+00
5.076000e-01	-6.923563e-01	-6.304947e+00
5.077000e-01	-6.848932e-01	-6.307137e+00
5.078000e-01	-6.773733e-01	-6.309274e+00
5.079000e-01	-6.697984e-01	-6.311360e+00
5.080000e-01	-6.621704e-01	-6.313395e+00
5.081000e-01	-6.544915e-01	-6.315381e+00
5.082000e-01	-6.467640e-01	-6.317320e+00
5.083000e-01	-6.389903e-01	-6.319212e+00
5.084000e-01	-6.311732e-01	-6.321060e+00
5.085000e-01	-6.233153e-01	-6.322865e+00
5.086000e-01	-6.154196e-01	-6.324629e+00
5.087000e-01	-6.074890e-01	-6.326354e+00
5.088000e-01	-5.995265e-01	-6.328041e+00
5.089000e-01	-5.915352e-01	-6.329692e+00
5.090000e-01	-5.835183e-01	-6.331309e+00
5.091000e-01	-5.754786e-01	-6.332891e+00
5.092000e-01	-5.674194e-01	-6.334442e+00
5.093000e-01	-5.593435e-01	-6.335961e+00
5.094000e-01	-5.512539e-01	-6.337448e+00
5.095000e-01	-5.431533e-01	-6.338905e+00
5.096000e-01	-5.350445e-01	-6.340331e+00
5.097000e-01	-5.269297e-01	-6.341727e+00
5.098000e-01	-5.188115e-01	-6.343090e+00
5.099000e-01	-5.106920e-01	-6.344422e+00
5.100000e-01	-5.025733e-01	-6.345720e+00
5.101000e-01	-4.944571e-01	-6.346985e+00
5.102000e-01	-4.863452e-01	-6.348213e+00
5.103000e-01	-4.782388e-01	-6.349405e+00
5.104000e-01	-4.701392e-01	-6.350558e+00
5.105000e-01	-4.620474e-01	-6.351671e+00
5.106000e-01	-4.539643e-01	-6.352741e+00
5.107000e-01	-4.458906e-01	-6.353768e+00
5.108000e-01	-4.378268e-01	-6.354749e+00
5.109000e-01	-4.297734e-01	-6.355683e+00
5.110000e-01	-4.217305e-01	-6.356567e+00
5.111000e-01	-4.136985e-01	-6.357401e+00
5.112000e-01	-4.056774e-01	-6.358183e+00
5.113000e-01	-3.976673e-01	-6.358913e+00
5.114000e-01	-3.896681e-01	-6.359588e+00
5.115000e-01	-3.816800e-01	-6.360209e+00
5.116000e-01	-3.737029e-01	-6.360775e+00
5.117000e-01	-3.657369e-01	-6.361286e+00
5.118000e-01	-3.577821e-01	-6.361743e+00
5.119000e-01	-3.498387e-01	-6.362146e+00
5.120000e-01	-3.419071e-01	-6.362495e+00
5.121000e-01	-3.339876e-01	-6.362793e+00
5.122000e-01	-3.260808e-01	-6.363041e+00
5.123000e-01	-3.181874e-01	-6.363241e+00
5.124000e-01	-3.103084e-01	-6.363396e+00
5.125000e-01	-3.024447e-01	-6.363506e+00
5.126000e-01	-2.945976e-01	-6.363577e+00
5.127000e-01	-2.867684e-01	-6.363611e+00
5.128000e-01	-2.789588e-01	-6.363610e+00
5.129000e-01	-2.711705e-01	-6.363579e+00
5.130000e-01	-2.634054e-01	-6.363522e+00
5.131000e-01	-2.556656e-01	-6.363441e+00
5.132000e-01	-2.479533e-01	-6.363342e+00
5.133000e-01	-2.402710e-01	-6.363227e+00
5.134000e-01	-2.326209e-01	-6.363101e+00
5.135000e-01	-2.250058e-01	-6.362968e+00
5.136000e-01	-2.174283e-01	-6.362831e+00
5.137000e-01	-2.098911e-01	-6.362694e+00
5.138000e-01	-2.023969e-01	-6.362562e+00
5.139000e-01	-1.949486e-01	-6.362436e+00
5.140000e-01	-1.875487e-01	-6.362320e+00
5.141000e-01	-1.802001e-01	-6.362218e+00
5.142000e-01	-1.729054e-01	-6.362131e+00
5.143000e-01	-1.656671e-01	-6.362063e+00
5.144000e-01	-1.584877e-01	-6.362016e+00
5.145000e-01	-1.513696e-01	-6.361991e+00
5.146000e-01	-1.443150e-01	-6.361990e+00
5.147000e-01	-1.373258e-01	-6.362015e+00
5.148000e-01	-1.304041e-01	-6.362066e+00
5.149000e-01	-1.235515e-01	-6.362144e+00
5.150000e-01	-1.167695e-01	-6.362251e+00
5.151000e-01	-1.100595e-01	-6.362386e+00
5.152000e-01	-1.034226e-01	-6.362549e+00
5.153000e-01	-9.685971e-02	-6.362741e+00
5.154000e-01	-9.037168e-02	-6.362960e+00
5.155000e-01	-8.395906e-02	-6.363208e+00
5.156000e-01	-7.762226e-02	-6.363483e+00
5.157000e-01	-7.136154e-02	-6.363786e+00
5.158000e-01	-6.517701e-02	-6.364114e+00
5.158757e-01	-6.054595e-02	-6.364380e+00
5.159000e-01	-5.906867e-02	-6.364469e+00
5.160000e-01	-5.303639e-02	-6.364849e+00
5.161000e-01	-4.707992e-02	-6.365253e+00
5.162000e-01	-4.119900e-02	-6.365682e+00
5.163000e-01	-3.539329e-02	-6.366135e+00
5.164000e-01	-2.966249e-02	-6.366612e+00
5.165000e-01	-2.400627e-02	-6.367113e+00
5.166000e-01	-1.842436e-02	-6.367637e+00
5.167000e-01	-1.291657e-02	-6.368184e+00
5.168000e-01	-7.482789e-03	-6.368756e+00
5.169000e-01	-2.123025e-03	-6.369351e+00
5.170000e-01	3.162594e-03	-6.369972e+00
5.171000e-01	8.373803e-03	-6.370617e+00
5.172000e-01	1.351019e-02	-6.371288e+00
5.173000e-01	1.857118e-02	-6.371985e+00
5.174000e-01	2.355604e-02	-6.372710e+00
5.175000e-01	2.846389e-02	-6.373463e+00
5.176000e-01	3.329367e-02	-6.374246e+00
5.177000e-01	3.804415e-02	-6.375060e+00
5.178000e-01	4.271397e-02	-6.375906e+00
5.179000e-01	4.730159e-02	-6.376785e+00
5.180000e-01	5.180535e-02	-6.377699e+00
5.181000e-01	5.622344e-02	-6.378649e+00
5.182000e-01	6.055394e-02	-6.379636e+00
5.183000e-01	6.479485e-02	-6.380662e+00
5.184000e-01	6.894405e-02	-6.381728e+00
5.185000e-01	7.299939e-02	-6.382834e+00
5.186000e-01	7.695865e-02	-6.383982e+00
5.187000e-01	8.081960e-02	-6.385173e+00
5.188000e-01	8.458002e-02	-6.386406e+00
5.189000e-01	8.823769e-02	-6.387683e+00
5.190000e-01	9.179046e-02	-6.389004e+00
5.191000e-01	9.523622e-02	-6.390368e+00
5.192000e-01	9.857297e-02	-6.391775e+00
5.193000e-01	1.017988e-01	-6.393226e+00
5.194000e-01	1.049119e-01	-6.394719e+00
5.195000e-01	1.079107e-01	-6.396254e+00
5.196000e-01	1.107936e-01	-6.397829e+00
5.197000e-01	1.135594e-01	-6.399444e+00
5.198000e-01	1.162068e-01	-6.401096e+00
5.199000e-01	1.187350e-01	-6.402784e+00
5.200000e-01	1.211430e-01	-6.404506e+00
5.201000e-01	1.234303e-01	-6.406261e+00
5.202000e-01	1.255964e-01	-6.408046e+00
5.203000e-01	1.276409e-01	-6.409858e+00
5.204000e-01	1.295639e-01	-6.411696e+00
5.205000e-01	1.313653e-01	-6.413557e+00
5.206000e-01	1.330452e-01	-6.415438e+00
5.207000e-01	1.346041e-01	-6.417338e+00
5.208000e-01	1.360422e-01	-6.419253e+00
5.209000e-01	1.373603e-01	-6.421181e+00
5.210000e-01	1.385588e-01	-6.423120e+00
5.211000e-01	1.396385e-01	-6.425067e+00
5.212000e-01	1.406002e-01	-6.427021e+00
5.213000e-01	1.414446e-01	-6.428979e+00
5.214000e-01	1.421725e-01	-6.430940e+00
5.215000e-01	1.427847e-01	-6.432902e+00
5.216000e-01	1.432820e-01	-6.434863e+00
5.217000e-01	1.436651e-01	-6.436823e+00
5.218000e-01	1.439346e-01	-6.438780e+00
5.219000e-01	1.440912e-01	-6.440733e+00
5.220000e-01	1.441353e-01	-6.442682e+00
5.221000e-01	1.440673e-01	-6.444627e+00
5.222000e-01	1.438875e-01	-6.446566e+00
5.223000e-01	1.435959e-01	-6.448501e+00
5.224000e-01	1.431927e-01	-6.450430e+00
5.225000e-01	1.426775e-01	-6.452355e+00
5.226000e-01	1.420502e-01	-6.454276e+00
5.227000e-01	1.413103e-01	-6.456192e+00
5.228000e-01	1.404573e-01	-6.458105e+00
5.229000e-01	1.394904e-01	-6.460015e+00
5.230000e-01	1.384088e-01	-6.461923e+00
5.231000e-01	1.372116e-01	-6.463829e+00
5.232000e-01	1.358978e-01	-6.465735e+00
5.233000e-01	1.344662e-01	-6.467639e+00
5.234000e-01	1.329157e-01	-6.469544e+00
5.235000e-01	1.312450e-01	-6.471449e+00
5.236000e-01	1.294530e-01	-6.473355e+00
5.237000e-01	1.275383e-01	-6.475263e+00
5.238000e-01	1.254997e-01	-6.477171e+00
5.239000e-01	1.233360e-01	-6.479081e+00
5.240000e-01	1.210461e-01	-6.480993e+00
5.241000e-01	1.186289e-01	-6.482905e+00
5.242000e-01	1.160833e-01	-6.484818e+00
5.243000e-01	1.134087e-01	-6.486731e+00
5.244000e-01	1.106041e-01	-6.488644e+00
5.245000e-01	1.076690e-01	-6.490555e+00
5.246000e-01	1.046030e-01	-6.492465e+00
5.247000e-01	1.014059e-01	-6.494371e+00
5.248000e-01	9.807745e-02	-6.496273e+00
5.249000e-01	9.461785e-02	-6.498170e+00
5.250000e-01	9.102737e-02	-6.500060e+00
5.251000e-01	8.730646e-02	-6.501942e+00
5.252000e-01	8.345577e-02	-6.503815e+00
5.253000e-01	7.947614e-02	-6.505677e+00
5.254000e-01	7.536856e-02	-6.507527e+00
5.255000e-01	7.113420e-02	-6.509364e+00
5.256000e-01	6.677438e-02	-6.511186e+00
5.257000e-01	6.229056e-02	-6.512991e+00
5.258000e-01	5.768432e-02	-6.514780e+00
5.259000e-01	5.295736e-02	-6.516550e+00
5.260000e-01	4.811145e-02	-6.518301e+00
5.261000e-01	4.314846e-02	-6.520032e+00
5.262000e-01	3.807029e-02	-6.521742e+00
5.263000e-01	3.287888e-02	-6.523430e+00
5.264000e-01	2.757619e-02	-6.525097e+00
5.265000e-01	2.216417e-02	-6.526741e+00
5.266000e-01	1.664476e-02	-6.528362e+00
5.267000e-01	1.101985e-02	-6.529961e+00
5.268000e-01	5.291264e-03	-6.531537e+00
5.269000e-01	-5.392240e-04	-6.533091e+00
5.270000e-01	-6.469936e-03	-6.534624e+00
5.271000e-01	-1.249929e-02	-6.536135e+00
5.272000e-01	-1.862579e-02	-6.537625e+00
5.273000e-01	-2.484807e-02	-6.539096e+00
5.274000e-01	-3.116488e-02	-6.540547e+00
5.275000e-01	-3.757507e-02	-6.541981e+00
5.276000e-01	-4.407761e-02	-6.543397e+00
5.277000e-01	-5.067158e-02	-6.544797e+00
5.278000e-01	-5.735620e-02	-6.546182e+00
5.279000e-01	-6.413074e-02	-6.547553e+00
5.280000e-01	-7.099459e-02	-6.548912e+00
5.281000e-01	-7.794722e-02	-6.550258e+00
5.282000e-01	-8.498816e-02	-6.551593e+00
5.283000e-01	-9.211699e-02	-6.552919e+00
5.284000e-01	-9.933332e-02	-6.554235e+00
5.285000e-01	-1.066368e-01	-6.555543e+00
5.286000e-01	-1.140271e-01	-6.556844e+00
5.287000e-01	-1.215037e-01	-6.558138e+00
5.288000e-01	-1.290664e-01	-6.559425e+00
5.289000e-01	-1.367145e-01	-6.560706e+00
5.290000e-01	-1.444476e-01	-6.561982e+00
5.291000e-01	-1.522651e-01	-6.563252e+00
5.292000e-01	-1.601662e-01	-6.564516e+00
5.293000e-01	-1.681500e-01	-6.565775e+00
5.294000e-01	-1.762156e-01	-6.567029e+00
5.295000e-01	-1.843619e-01	-6.568277e+00
5.296000e-01	-1.925875e-01	-6.569518e+00
5.297000e-01	-2.008911e-01	-6.570753e+00
5.298000e-01	-2.092711e-01	-6.571980e+00
5.299000e-01	-2.177256e-01	-6.573200e+00
5.300000e-01	-2.262529e-01	-6.574412e+00
5.301000e-01	-2.348507e-01	-6.575615e+00
5.302000e-01	-2.435169e-01	-6.576808e+00
5.303000e-01	-2.522490e-01	-6.577991e+00
5.304000e-01	-2.610446e-01	-6.579164e+00
5.305000e-01	-2.699009e-01	-6.580325e+00
5.306000e-01	-2.788152e-01	-6.581474e+00
5.307000e-01	-2.877846e-01	-6.582610e+00
5.308000e-01	-2.968061e-01	-6.583734e+00
5.309000e-01	-3.058766e-01	-6.584844e+00
5.310000e-01	-3.149931e-01	-6.585940e+00
5.311000e-01	-3.241525e-01	-6.587023e+00
5.312000e-01	-3.333515e-01	-6.588092e+00
5.313000e-01	-3.425870e-01	-6.589146e+00
5.314000e-01	-3.518559e-01	-6.590187e+00
5.315000e-01	-3.611551e-01	-6.591214e+00
5.316000e-01	-3.704815e-01	-6.592228e+00
5.317000e-01	-3.798323e-01	-6.593228e+00
5.318000e-01	-3.892044e-01	-6.594217e+00
5.319000e-01	-3.985952e-01	-6.595193e+00
5.320000e-01	-4.080019e-01	-6.596158e+00
5.321000e-01	-4.174220e-01	-6.597112e+00
5.322000e-01	-4.268530e-01	-6.598057e+00
5.323000e-01	-4.362927e-01	-6.598994e+00
5.324000e-01	-4.457389e-01	-6.599923e+00
5.325000e-01	-4.551895e-01	-6.600845e+00
5.326000e-01	-4.646426e-01	-6.601761e+00
5.327000e-01	-4.740965e-01	-6.602673e+00
5.328000e-01	-4.835495e-01	-6.603582e+00
5.329000e-01	-4.930001e-01	-6.604488e+00
5.330000e-01	-5.024468e-01	-6.605394e+00
5.331000e-01	-5.118883e-01	-6.606299e+00
5.332000e-01	-5.213233e-01	-6.607204e+00
5.333000e-01	-5.307507e-01	-6.608112e+00
5.334000e-01	-5.401692e-01	-6.609023e+00
5.335000e-01	-5.495779e-01	-6.609937e+00
5.336000e-01	-5.589755e-01	-6.610855e+00
5.337000e-01	-5.683611e-01	-6.611779e+00
5.338000e-01	-5.777335e-01	-6.612708e+00
5.339000e-01	-5.870916e-01	-6.613644e+00
5.340000e-01	-5.964342e-01	-6.614587e+00
5.341000e-01	-6.057601e-01	-6.615537e+00
5.342000e-01	-6.150681e-01	-6.616495e+00
5.343000e-01	-6.243567e-01	-6.617461e+00
5.344000e-01	-6.336244e-01	-6.618435e+00
5.345000e-01	-6.428698e-01	-6.619417e+00
5.346000e-01	-6.520911e-01	-6.620408e+00
5.347000e-01	-6.612865e-01	-6.621407e+00
5.348000e-01	-6.704542e-01	-6.622415e+00
5.349000e-01	-6.795921e-01	-6.623430e+00
5.350000e-01	-6.886981e-01	-6.624454e+00
5.351000e-01	-6.977699e-01	-6.625487e+00
5.352000e-01	-7.068053e-01	-6.626527e+00
5.353000e-01	-7.158018e-01	-6.627575e+00
5.354000e-01	-7.247568e-01	-6.628631e+00
5.355000e-01	-7.336678e-01	-6.629694e+00
5.356000e-01	-7.425322e-01	-6.630765e+00
5.357000e-01	-7.513471e-01	-6.631843e+00
5.358000e-01	-7.601099e-01	-6.632929e+00
5.359000e-01	-7.688178e-01	-6.634021e+00
5.360000e-01	-7.774681e-01	-6.635121e+00
5.361000e-01	-7.860580e-01	-6.636229e+00
5.362000e-01	-7.945848e-01	-6.637344e+00
5.363000e-01	-8.030458e-01	-6.638466e+00
5.364000e-01	-8.114384e-01	-6.639596e+00
5.365000e-01	-8.197601e-01	-6.640734e+00
5.366000e-01	-8.280085e-01	-6.641880e+00
5.367000e-01	-8.361813e-01	-6.643035e+00
5.368000e-01	-8.442761e-01	-6.644199e+00
5.369000e-01	-8.522910e-01	-6.645372e+00
5.370000e-01	-8.602239e-01	-6.646554e+00
5.371000e-01	-8.680731e-01	-6.647747e+00
5.372000e-01	-8.758369e-01	-6.648950e+00
5.373000e-01	-8.835137e-01	-6.650164e+00
5.374000e-01	-8.911022e-01	-6.651389e+00
5.375000e-01	-8.986011e-01	-6.652626e+00
5.376000e-01	-9.060093e-01	-6.653875e+00
5.377000e-01	-9.133259e-01	-6.655137e+00
5.378000e-01	-9.205500e-01	-6.656412e+00
5.379000e-01	-9.276809e-01	-6.657701e+00
5.380000e-01	-9.347181e-01	-6.659003e+00
5.381000e-01	-9.416609e-01	-6.660319e+00
5.382000e-01	-9.485089e-01	-6.661649e+00
5.383000e-01	-9.552618e-01	-6.662993e+00
5.384000e-01	-9.619193e-01	-6.664352e+00
5.385000e-01	-9.684811e-01	-6.665726e+00
5.386000e-01	-9.749470e-01	-6.667114e+00
5.387000e-01	-9.813167e-01	-6.668516e+00
5.388000e-01	-9.875900e-01	-6.669932e+00
5.389000e-01	-9.937666e-01	-6.671363e+00
5.390000e-01	-9.998462e-01	-6.672807e+00
5.391000e-01	-1.005829e+00	-6.674265e+00
5.392000e-01	-1.011713e+00	-6.675735e+00
5.393000e-01	-1.017500e+00	-6.677218e+00
5.394000e-01	-1.023187e+00	-6.678713e+00
5.395000e-01	-1.028776e+00	-6.680219e+00
5.396000e-01	-1.034264e+00	-6.681736e+00
5.397000e-01	-1.039652e+00	-6.683263e+00
5.398000e-01	-1.044938e+00	-6.684799e+00
5.399000e-01	-1.050122e+00	-6.686343e+00
5.400000e-01	-1.055202e+00	-6.687896e+00
5.401000e-01	-1.060177e+00	-6.689455e+00
5.402000e-01	-1.065046e+00	-6.691021e+00
5.403000e-01	-1.069809e+00	-6.692592e+00
5.404000e-01	-1.074462e+00	-6.694167e+00
5.405000e-01	-1.079006e+00	-6.695746e+00
5.406000e-01	-1.083439e+00	-6.697329e+00
5.407000e-01	-1.087759e+00	-6.698913e+00
5.408000e-01	-1.091965e+00	-6.700499e+00
5.409000e-01	-1.096055e+00	-6.702085e+00
5.410000e-01	-1.100029e+00	-6.703672e+00
5.411000e-01	-1.103884e+00	-6.705257e+00
5.412000e-01	-1.107621e+00	-6.706841e+00
5.413000e-01	-1.111236e+00	-6.708423e+00
5.414000e-01	-1.114730e+00	-6.710003e+00
5.415000e-01	-1.118100e+00	-6.711579e+00
5.416000e-01	-1.121347e+00	-6.713152e+00
5.417000e-01	-1.124469e+00	-6.714720e+00
5.418000e-01	-1.127466e+00	-6.716284e+00
5.419000e-01	-1.130337e+00	-6.717843e+00
5.420000e-01	-1.133081e+00	-6.719397e+00
5.421000e-01	-1.135699e+00	-6.720944e+00
5.422000e-01	-1.138189e+00	-6.722486e+00
5.423000e-01	-1.140553e+00	-6.724020e+00
5.424000e-01	-1.142791e+00	-6.725546e+00
5.425000e-01	-1.144903e+00	-6.727062e+00
5.425789e-01	-1.146482e+00	-6.728252e+00
5.426000e-01	-1.146890e+00	-6.728568e+00
5.427000e-01	-1.148752e+00	-6.730062e+00
5.428000e-01	-1.150492e+00	-6.731544e+00
5.428276e-01	-1.150950e+00	-6.731950e+00
5.429000e-01	-1.152109e+00	-6.733013e+00
5.429750e-01	-1.153242e+00	-6.734106e+00
5.430000e-01	-1.153605e+00	-6.734468e+00
5.430466e-01	-1.154260e+00	-6.735141e+00
5.431000e-01	-1.154980e+00	-6.735909e+00
5.432000e-01	-1.156236e+00	-6.737337e+00
5.433000e-01	-1.157374e+00	-6.738749e+00
5.434000e-01	-1.158394e+00	-6.740148e+00
5.435000e-01	-1.159298e+00	-6.741532e+00
5.436000e-01	-1.160087e+00	-6.742901e+00
5.437000e-01	-1.160762e+00	-6.744256e+00
5.438000e-01	-1.161324e+00	-6.745597e+00
5.439000e-01	-1.161775e+00	-6.746924e+00
5.440000e-01	-1.162114e+00	-6.748237e+00
5.441000e-01	-1.162343e+00	-6.749536e+00
5.442000e-01	-1.162463e+00	-6.750821e+00
5.443000e-01	-1.162475e+00	-6.752094e+00
5.444000e-01	-1.162379e+00	-6.753354e+00
5.445000e-01	-1.162176e+00	-6.754602e+00
5.446000e-01	-1.161866e+00	-6.755839e+00
5.447000e-01	-1.161450e+00	-6.757063e+00
5.448000e-01	-1.160929e+00	-6.758277e+00
5.449000e-01	-1.160302e+00	-6.759480e+00
5.450000e-01	-1.159570e+00	-6.760673e+00
5.451000e-01	-1.158733e+00	-6.761857e+00
5.452000e-01	-1.157791e+00	-6.763032e+00
5.453000e-01	-1.156744e+00	-6.764198e+00
5.454000e-01	-1.155593e+00	-6.765356e+00
5.455000e-01	-1.154336e+00	-6.766507e+00
5.456000e-01	-1.152975e+00	-6.767651e+00
5.457000e-01	-1.151509e+00	-6.768790e+00
5.458000e-01	-1.149938e+00	-6.769922e+00
5.459000e-01	-1.148262e+00	-6.771051e+00
5.460000e-01	-1.146480e+00	-6.772175e+00
5.461000e-01	-1.144594e+00	-6.773296e+00
5.462000e-01	-1.142602e+00	-6.774415e+00
5.463000e-01	-1.140505e+00	-6.775533e+00
5.464000e-01	-1.138303e+00	-6.776650e+00
5.465000e-01	-1.135997e+00	-6.777768e+00
5.466000e-01	-1.133586e+00	-6.778888e+00
5.467000e-01	-1.131070e+00	-6.780010e+00
5.468000e-01	-1.128452e+00	-6.781136e+00
5.469000e-01	-1.125730e+00	-6.782268e+00
5.470000e-01	-1.122906e+00	-6.783405e+00
5.471000e-01	-1.119980e+00	-6.784549e+00
5.472000e-01	-1.116954e+00	-6.785701e+00
5.473000e-01	-1.113828e+00	-6.786862e+00
5.474000e-01	-1.110604e+00	-6.788034e+00
5.475000e-01	-1.107283e+00	-6.789216e+00
5.476000e-01	-1.103866e+00	-6.790410e+00
5.477000e-01	-1.100356e+00	-6.791617e+00
5.478000e-01	-1.096753e+00	-6.792837e+00
5.479000e-01	-1.093060e+00	-6.794070e+00
5.480000e-01	-1.089278e+00	-6.795318e+00
5.481000e-01	-1.085410e+00	-6.796580e+00
5.482000e-01	-1.081457e+00	-6.797856e+00
5.483000e-01	-1.077422e+00	-6.799148e+00
5.484000e-01	-1.073307e+00	-6.800454e+00
5.485000e-01	-1.069113e+00	-6.801774e+00
5.486000e-01	-1.064844e+00	-6.803110e+00
5.487000e-01	-1.060501e+00	-6.804459e+00
5.488000e-01	-1.056086e+00	-6.805822e+00
5.489000e-01	-1.051602e+00	-6.807199e+00
5.490000e-01	-1.047051e+00	-6.808589e+00
5.491000e-01	-1.042434e+00	-6.809990e+00
5.492000e-01	-1.037755e+00	-6.811404e+00
5.493000e-01	-1.033014e+00	-6.812828e+00
5.494000e-01	-1.028214e+00	-6.814262e+00
5.495000e-01	-1.023357e+00	-6.815706e+00
5.496000e-01	-1.018443e+00	-6.817158e+00
5.497000e-01	-1.013476e+00	-6.818617e+00
5.498000e-01	-1.008455e+00	-6.820084e+00
5.499000e-01	-1.003383e+00	-6.821557e+00
5.500000e-01	-9.982610e-01	-6.823035e+00
5.501000e-01	-9.930900e-01	-6.824518e+00
5.502000e-01	-9.878712e-01	-6.826005e+00
5.503000e-01	-9.826057e-01	-6.827494e+00
5.504000e-01	-9.772942e-01	-6.828987e+00
5.505000e-01	-9.719378e-01	-6.830481e+00
5.506000e-01	-9.665373e-01	-6.831976e+00
5.507000e-01	-9.610934e-01	-6.833471e+00
5.508000e-01	-9.556069e-01	-6.834967e+00
5.509000e-01	-9.500787e-01	-6.836462e+00
5.510000e-01	-9.445093e-01	-6.837955e+00
5.511000e-01	-9.388995e-01	-6.839448e+00
5.512000e-01	-9.332500e-01	-6.840938e+00
5.513000e-01	-9.275617e-01	-6.842426e+00
5.514000e-01	-9.218352e-01	-6.843911e+00
5.515000e-01	-9.160716e-01	-6.845393e+00
5.516000e-01	-9.102718e-01	-6.846871e+00
5.517000e-01	-9.044366e-01	-6.848345e+00
5.518000e-01	-8.985673e-01	-6.849815e+00
5.519000e-01	-8.926650e-01	-6.851279e+00
5.520000e-01	-8.867309e-01	-6.852738e+00
5.521000e-01	-8.807664e-01	-6.854190e+00
5.522000e-01	-8.747730e-01	-6.855636e+00
5.523000e-01	-8.687521e-01	-6.857074e+00
5.524000e-01	-8.627055e-01	-6.858505e+00
5.525000e-01	-8.566348e-01	-6.859927e+00
5.526000e-01	-8.505418e-01	-6.861339e+00
5.527000e-01	-8.444285e-01	-6.862741e+00
5.528000e-01	-8.382968e-01	-6.864132e+00
5.529000e-01	-8.321488e-01	-6.865512e+00
5.530000e-01	-8.259864e-01	-6.866878e+00
5.531000e-01	-8.198120e-01	-6.868231e+00
5.532000e-01	-8.136275e-01	-6.869570e+00
5.533000e-01	-8.074352e-01	-6.870893e+00
5.534000e-01	-8.012372e-01	-6.872199e+00
5.535000e-01	-7.950358e-01	-6.873487e+00
5.536000e-01	-7.888331e-01	-6.874757e+00
5.537000e-01	-7.826312e-01	-6.876008e+00
5.538000e-01	-7.764323e-01	-6.877238e+00
5.539000e-01	-7.702382e-01	-6.878446e+00
5.540000e-01	-7.640511e-01	-6.879632e+00
5.541000e-01	-7.578727e-01	-6.880795e+00
5.542000e-01	-7.517050e-01	-6.881933e+00
5.543000e-01	-7.455496e-01	-6.883047e+00
5.544000e-01	-7.394081e-01	-6.884135e+00
5.545000e-01	-7.332820e-01	-6.885196e+00
5.546000e-01	-7.271729e-01	-6.886230e+00
5.547000e-01	-7.210819e-01	-6.887237e+00
5.548000e-01	-7.150104e-01	-6.888216e+00
5.549000e-01	-7.089593e-01	-6.889167e+00
5.550000e-01	-7.029298e-01	-6.890089e+00
5.551000e-01	-6.969226e-01	-6.890982e+00
5.552000e-01	-6.909388e-01	-6.891846e+00
5.553000e-01	-6.849789e-01	-6.892681e+00
5.554000e-01	-6.790436e-01	-6.893487e+00
5.555000e-01	-6.731336e-01	-6.894264e+00
5.556000e-01	-6.672495e-01	-6.895012e+00
5.557000e-01	-6.613916e-01	-6.895733e+00
5.558000e-01	-6.555605e-01	-6.896425e+00
5.559000e-01	-6.497566e-01	-6.897089e+00
5.560000e-01	-6.439805e-01	-6.897727e+00
5.561000e-01	-6.382324e-01	-6.898337e+00
5.562000e-01	-6.325130e-01	-6.898922e+00
5.563000e-01	-6.268225e-01	-6.899481e+00
5.564000e-01	-6.211617e-01	-6.900015e+00
5.565000e-01	-6.155311e-01	-6.900525e+00
5.566000e-01	-6.099313e-01	-6.901012e+00
5.567000e-01	-6.043629e-01	-6.901476e+00
5.568000e-01	-5.988267e-01	-6.901918e+00
5.569000e-01	-5.933235e-01	-6.902339e+00
5.570000e-01	-5.878541e-01	-6.902740e+00
5.571000e-01	-5.824196e-01	-6.903121e+00
5.572000e-01	-5.770208e-01	-6.903483e+00
5.573000e-01	-5.716590e-01	-6.903827e+00
5.574000e-01	-5.663353e-01	-6.904154e+00
5.575000e-01	-5.610509e-01	-6.904465e+00
5.576000e-01	-5.558071e-01	-6.904760e+00
5.577000e-01	-5.506052e-01	-6.905040e+00
5.578000e-01	-5.454465e-01	-6.905307e+00
5.579000e-01	-5.403326e-01	-6.905561e+00
5.580000e-01	-5.352647e-01	-6.905803e+00
5.581000e-01	-5.302445e-01	-6.906033e+00
5.582000e-01	-5.252733e-01	-6.906254e+00
5.583000e-01	-5.203526e-01	-6.906465e+00
5.584000e-01	-5.154837e-01	-6.906668e+00
5.585000e-01	-5.106682e-01	-6.906864e+00
5.586000e-01	-5.059074e-01	-6.907054e+00
5.587000e-01	-5.012025e-01	-6.907238e+00
5.588000e-01	-4.965549e-01	-6.907419e+00
5.589000e-01	-4.919657e-01	-6.907597e+00
5.590000e-01	-4.874361e-01	-6.907774e+00
5.591000e-01	-4.829670e-01	-6.907951e+00
5.592000e-01	-4.785594e-01	-6.908128e+00
5.593000e-01	-4.742142e-01	-6.908308e+00
5.594000e-01	-4.699320e-01	-6.908492e+00
5.595000e-01	-4.657137e-01	-6.908681e+00
5.596000e-01	-4.615596e-01	-6.908878e+00
5.597000e-01	-4.574703e-01	-6.909082e+00
5.598000e-01	-4.534461e-01	-6.909296e+00
5.599000e-01	-4.494872e-01	-6.909522e+00
5.600000e-01	-4.455940e-01	-6.909760e+00
5.601000e-01	-4.417663e-01	-6.910014e+00
5.602000e-01	-4.380043e-01	-6.910283e+00
5.603000e-01	-4.343080e-01	-6.910570e+00
5.604000e-01	-4.306771e-01	-6.910877e+00
5.605000e-01	-4.271116e-01	-6.911204e+00
5.606000e-01	-4.236112e-01	-6.911554e+00
5.607000e-01	-4.201757e-01	-6.911929e+00
5.608000e-01	-4.168049e-01	-6.912328e+00
5.609000e-01	-4.134984e-01	-6.912755e+00
5.610000e-01	-4.102561e-01	-6.913211e+00
5.611000e-01	-4.070776e-01	-6.913696e+00
5.612000e-01	-4.039629e-01	-6.914213e+00
5.613000e-01	-4.009115e-01	-6.914762e+00
5.614000e-01	-3.979235e-01	-6.915344e+00
5.615000e-01	-3.949987e-01	-6.915961e+00
5.616000e-01	-3.921370e-01	-6.916614e+00
5.617000e-01	-3.893385e-01	-6.917304e+00
5.618000e-01	-3.866032e-01	-6.918031e+00
5.619000e-01	-3.839312e-01	-6.918797e+00
5.620000e-01	-3.813227e-01	-6.919602e+00
5.621000e-01	-3.787780e-01	-6.920446e+00
5.622000e-01	-3.762974e-01	-6.921331e+00
5.623000e-01	-3.738813e-01	-6.922257e+00
5.624000e-01	-3.715301e-01	-6.923224e+00
5.625000e-01	-3.692444e-01	-6.924233e+00
5.626000e-01	-3.670246e-01	-6.925283e+00
5.627000e-01	-3.648713e-01	-6.926377e+00
5.628000e-01	-3.627852e-01	-6.927512e+00
5.629000e-01	-3.607669e-01	-6.928691e+00
5.630000e-01	-3.588171e-01	-6.929912e+00
5.631000e-01	-3.569365e-01	-6.931176e+00
5.632000e-01	-3.551257e-01	-6.932483e+00
5.633000e-01	-3.533854e-01	-6.933833e+00
5.634000e-01	-3.517162e-01	-6.935226e+00
5.635000e-01	-3.501189e-01	-6.936662e+00
5.636000e-01	-3.485939e-01	-6.938141e+00
5.637000e-01	-3.471418e-01	-6.939662e+00
5.638000e-01	-3.457632e-01	-6.941226e+00
5.639000e-01	-3.444584e-01	-6.942833e+00
5.640000e-01	-3.432279e-01	-6.944482e+00
5.641000e-01	-3.420718e-01	-6.946174e+00
5.642000e-01	-3.409907e-01	-6.947907e+00
5.643000e-01	-3.399845e-01	-6.949682e+00
5.644000e-01	-3.390534e-01	-6.951499e+00
5.644559e-01	-3.385654e-01	-6.952533e+00
5.645000e-01	-3.381974e-01	-6.953357e+00
5.646000e-01	-3.374167e-01	-6.955256e+00
5.647000e-01	-3.367113e-01	-6.957194e+00
5.648000e-01	-3.360814e-01	-6.959170e+00
5.649000e-01	-3.355271e-01	-6.961183e+00
5.650000e-01	-3.350484e-01	-6.963232e+00
5.651000e-01	-3.346451e-01	-6.965316e+00
5.652000e-01	-3.343174e-01	-6.967432e+00
5.653000e-01	-3.340649e-01	-6.969580e+00
5.654000e-01	-3.338876e-01	-6.971757e+00
5.655000e-01	-3.337851e-01	-6.973963e+00
5.656000e-01	-3.337574e-01	-6.976196e+00
5.657000e-01	-3.338040e-01	-6.978454e+00
5.658000e-01	-3.339247e-01	-6.980736e+00
5.659000e-01	-3.341192e-01	-6.983041e+00
5.660000e-01	-3.343871e-01	-6.985366e+00
5.661000e-01	-3.347281e-01	-6.987710e+00
5.662000e-01	-3.351418e-01	-6.990073e+00
5.663000e-01	-3.356278e-01	-6.992452e+00
5.664000e-01	-3.361858e-01	-6.994847e+00
5.665000e-01	-3.368155e-01	-6.997256e+00
5.666000e-01	-3.375164e-01	-6.999678e+00
5.667000e-01	-3.382883e-01	-7.002111e+00
5.668000e-01	-3.391309e-01	-7.004556e+00
5.669000e-01	-3.400438e-01	-7.007010e+00
5.670000e-01	-3.410267e-01	-7.009474e+00
5.671000e-01	-3.420794e-01	-7.011945e+00
5.672000e-01	-3.432017e-01	-7.014424e+00
5.673000e-01	-3.443934e-01	-7.016909e+00
5.674000e-01	-3.456542e-01	-7.019400e+00
5.675000e-01	-3.469839e-01	-7.021896e+00
5.676000e-01	-3.483825e-01	-7.024397e+00
5.677000e-01	-3.498498e-01	-7.026902e+00
5.678000e-01	-3.513856e-01	-7.029410e+00
5.679000e-01	-3.529899e-01	-7.031921e+00
5.680000e-01	-3.546625e-01	-7.034433e+00
5.681000e-01	-3.564034e-01	-7.036948e+00
5.682000e-01	-3.582125e-01	-7.039462e+00
5.683000e-01	-3.600898e-01	-7.041977e+00
5.684000e-01	-3.620353e-01	-7.044490e+00
5.685000e-01	-3.640488e-01	-7.047002e+00
5.686000e-01	-3.661304e-01	-7.049510e+00
5.687000e-01	-3.682801e-01	-7.052014e+00
5.688000e-01	-3.704977e-01	-7.054512e+00
5.689000e-01	-3.727833e-01	-7.057004e+00
5.690000e-01	-3.751368e-01	-7.059487e+00
5.691000e-01	-3.775581e-01	-7.061959e+00
5.692000e-01	-3.800472e-01	-7.064420e+00
5.693000e-01	-3.826040e-01	-7.066867e+00
5.694000e-01	-3.852283e-01	-7.069298e+00
5.695000e-01	-3.879200e-01	-7.071711e+00
5.696000e-01	-3.906788e-01	-7.074104e+00
5.697000e-01	-3.935047e-01	-7.076475e+00
5.698000e-01	-3.963971e-01	-7.078822e+00
5.699000e-01	-3.993560e-01	-7.081141e+00
5.700000e-01	-4.023809e-01	-7.083432e+00
5.701000e-01	-4.054715e-01	-7.085690e+00
5.702000e-01	-4.086272e-01	-7.087915e+00
5.703000e-01	-4.118477e-01	-7.090104e+00
5.704000e-01	-4.151323e-01	-7.092254e+00
5.705000e-01	-4.184805e-01	-7.094364e+00
5.706000e-01	-4.218916e-01	-7.096431e+00
5.707000e-01	-4.253650e-01	-7.098453e+00
5.708000e-01	-4.288999e-01	-7.100428e+00
5.709000e-01	-4.324956e-01	-7.102355e+00
5.710000e-01	-4.361513e-01	-7.104232e+00
5.711000e-01	-4.398660e-01	-7.106057e+00
5.712000e-01	-4.436389e-01	-7.107829e+00
5.713000e-01	-4.474692e-01	-7.109548e+00
5.714000e-01	-4.513557e-01	-7.111211e+00
5.715000e-01	-4.552976e-01	-7.112819e+00
5.716000e-01	-4.592937e-01	-7.114371e+00
5.717000e-01	-4.633432e-01	-7.115865e+00
5.718000e-01	-4.674449e-01	-7.117303e+00
5.719000e-01	-4.715979e-01	-7.118683e+00
5.720000e-01	-4.758009e-01	-7.120006e+00
5.721000e-01	-4.800530e-01	-7.121273e+00
5.722000e-01	-4.843531e-01	-7.122482e+00
5.723000e-01	-4.887000e-01	-7.123636e+00
5.724000e-01	-4.930927e-01	-7.124734e+00
5.725000e-01	-4.975301e-01	-7.125777e+00
5.726000e-01	-5.020111e-01	-7.126766e+00
5.727000e-01	-5.065346e-01	-7.127702e+00
5.728000e-01	-5.110996e-01	-7.128586e+00
5.729000e-01	-5.157051e-01	-7.129418e+00
5.730000e-01	-5.203499e-01	-7.130199e+00
5.731000e-01	-5.250331e-01	-7.130931e+00
5.732000e-01	-5.297536e-01	-7.131615e+00
5.733000e-01	-5.345104e-01	-7.132251e+00
5.734000e-01	-5.393024e-01	-7.132840e+00
5.735000e-01	-5.441285e-01	-7.133383e+00
5.736000e-01	-5.489879e-01	-7.133882e+00
5.737000e-01	-5.538794e-01	-7.134337e+00
5.738000e-01	-5.588020e-01	-7.134748e+00
5.739000e-01	-5.637546e-01	-7.135118e+00
5.740000e-01	-5.687362e-01	-7.135445e+00
5.741000e-01	-5.737457e-01	-7.135732e+00
5.742000e-01	-5.787820e-01	-7.135978e+00
5.743000e-01	-5.838441e-01	-7.136185e+00
5.744000e-01	-5.889306e-01	-7.136353e+00
5.745000e-01	-5.940406e-01	-7.136482e+00
5.746000e-01	-5.991728e-01	-7.136573e+00
5.747000e-01	-6.043260e-01	-7.136627e+00
5.748000e-01	-6.094990e-01	-7.136644e+00
5.749000e-01	-6.146905e-01	-7.136625e+00
5.750000e-01	-6.198993e-01	-7.136570e+00
5.751000e-01	-6.251238e-01	-7.136481e+00
5.752000e-01	-6.303629e-01	-7.136357e+00
5.753000e-01	-6.356152e-01	-7.136201e+00
5.754000e-01	-6.408791e-01	-7.136011e+00
5.755000e-01	-6.461533e-01	-7.135791e+00
5.756000e-01	-6.514363e-01	-7.135540e+00
5.757000e-01	-6.567266e-01	-7.135260e+00
5.758000e-01	-6.620227e-01	-7.134952e+00
5.759000e-01	-6.673231e-01	-7.134617e+00
5.760000e-01	-6.726262e-01	-7.134258e+00
5.761000e-01	-6.779306e-01	-7.133876e+00
5.762000e-01	-6.832346e-01	-7.133472e+00
5.763000e-01	-6.885367e-01	-7.133049e+00
5.764000e-01	-6.938354e-01	-7.132608e+00
5.765000e-01	-6.991292e-01	-7.132153e+00
5.766000e-01	-7.044165e-01	-7.131684e+00
5.767000e-01	-7.096961e-01	-7.131204e+00
5.768000e-01	-7.149662e-01	-7.130716e+00
5.769000e-01	-7.202255e-01	-7.130223e+00
5.770000e-01	-7.254725e-01	-7.129726e+00
5.771000e-01	-7.307059e-01	-7.129229e+00
5.772000e-01	-7.359242e-01	-7.128734e+00
5.773000e-01	-7.411262e-01	-7.128244e+00
5.774000e-01	-7.463107e-01	-7.127762e+00
5.775000e-01	-7.514759e-01	-7.127289e+00
5.776000e-01	-7.566191e-01	-7.126825e+00
5.777000e-01	-7.617378e-01	-7.126370e+00
5.778000e-01	-7.668296e-01	-7.125924e+00
5.779000e-01	-7.718922e-01	-7.125487e+00
5.780000e-01	-7.769233e-01	-7.125059e+00
5.781000e-01	-7.819207e-01	-7.124640e+00
5.782000e-01	-7.868824e-01	-7.124230e+00
5.783000e-01	-7.918065e-01	-7.123829e+00
5.784000e-01	-7.966911e-01	-7.123437e+00
5.785000e-01	-8.015348e-01	-7.123056e+00
5.786000e-01	-8.063358e-01	-7.122684e+00
5.787000e-01	-8.110929e-01	-7.122324e+00
5.788000e-01	-8.158049e-01	-7.121975e+00
5.789000e-01	-8.204707e-01	-7.121639e+00
5.790000e-01	-8.250893e-01	-7.121317e+00
5.791000e-01	-8.296600e-01	-7.121009e+00
5.792000e-01	-8.341822e-01	-7.120718e+00
5.793000e-01	-8.386554e-01	-7.120446e+00
5.794000e-01	-8.430793e-01	-7.120193e+00
5.795000e-01	-8.474537e-01	-7.119962e+00
5.796000e-01	-8.517785e-01	-7.119756e+00
5.797000e-01	-8.560538e-01	-7.119577e+00
5.798000e-01	-8.602799e-01	-7.119427e+00
5.799000e-01	-8.644569e-01	-7.119309e+00
5.800000e-01	-8.685855e-01	-7.119227e+00
5.801000e-01	-8.726660e-01	-7.119183e+00
5.802000e-01	-8.766993e-01	-7.119182e+00
5.803000e-01	-8.806858e-01	-7.119226e+00
5.804000e-01	-8.846266e-01	-7.119320e+00
5.805000e-01	-8.885225e-01	-7.119467e+00
5.806000e-01	-8.923744e-01	-7.119671e+00
5.807000e-01	-8.961833e-01	-7.119936e+00
5.808000e-01	-8.999504e-01	-7.120266e+00
5.809000e-01	-9.036767e-01	-7.120666e+00
5.810000e-01	-9.073633e-01	-7.121139e+00
5.811000e-01	-9.110114e-01	-7.121689e+00
5.812000e-01	-9.146222e-01	-7.122321e+00
5.813000e-01	-9.181969e-01	-7.123039e+00
5.814000e-01	-9.217367e-01	-7.123845e+00
5.815000e-01	-9.252427e-01	-7.124745e+00
5.816000e-01	-9.287162e-01	-7.125741e+00
5.816596e-01	-9.307698e-01	-7.126381e+00
5.817000e-01	-9.321582e-01	-7.126837e+00
5.817768e-01	-9.347798e-01	-7.127748e+00
5.818000e-01	-9.355699e-01	-7.128035e+00
5.818333e-01	-9.367006e-01	-7.128458e+00
5.819000e-01	-9.389523e-01	-7.129339e+00
5.819799e-01	-9.416351e-01	-7.130458e+00
5.820000e-01	-9.423063e-01	-7.130750e+00
5.820333e-01	-9.434181e-01	-7.131245e+00
5.821000e-01	-9.456326e-01	-7.132271e+00
5.821828e-01	-9.483656e-01	-7.133613e+00
5.822000e-01	-9.489322e-01	-7.133902e+00
5.822333e-01	-9.500262e-01	-7.134471e+00
5.823000e-01	-9.522056e-01	-7.135646e+00
5.823850e-01	-9.549677e-01	-7.137215e+00
5.824000e-01	-9.554532e-01	-7.137501e+00
5.825000e-01	-9.586756e-01	-7.139468e+00
5.826000e-01	-9.618729e-01	-7.141547e+00
5.827000e-01	-9.650453e-01	-7.143736e+00
5.828000e-01	-9.681928e-01	-7.146034e+00
5.829000e-01	-9.713154e-01	-7.148438e+00
5.830000e-01	-9.744128e-01	-7.150946e+00
5.831000e-01	-9.774847e-01	-7.153556e+00
5.832000e-01	-9.805308e-01	-7.156262e+00
5.833000e-01	-9.835505e-01	-7.159062e+00
5.834000e-01	-9.865434e-01	-7.161952e+00
5.835000e-01	-9.895088e-01	-7.164926e+00
5.836000e-01	-9.924462e-01	-7.167980e+00
5.837000e-01	-9.953549e-01	-7.171109e+00
5.838000e-01	-9.982342e-01	-7.174308e+00
5.839000e-01	-1.001083e+00	-7.177570e+00
5.840000e-01	-1.003901e+00	-7.180891e+00
5.841000e-01	-1.006687e+00	-7.184264e+00
5.842000e-01	-1.009441e+00	-7.187682e+00
5.843000e-01	-1.012160e+00	-7.191141e+00
5.844000e-01	-1.014845e+00	-7.194633e+00
5.845000e-01	-1.017495e+00	-7.198153e+00
5.846000e-01	-1.020109e+00	-7.201695e+00
5.847000e-01	-1.022686e+00	-7.205253e+00
5.848000e-01	-1.025225e+00	-7.208822e+00
5.849000e-01	-1.027727e+00	-7.212396e+00
5.850000e-01	-1.030191e+00	-7.215972e+00
5.851000e-01	-1.032617e+00	-7.219544e+00
5.852000e-01	-1.035005e+00	-7.223108e+00
5.853000e-01	-1.037355e+00	-7.226662e+00
5.854000e-01	-1.039668e+00	-7.230201e+00
5.855000e-01	-1.041943e+00	-7.233722e+00
5.856000e-01	-1.044181e+00	-7.237224e+00
5.857000e-01	-1.046383e+00	-7.240703e+00
5.858000e-01	-1.048549e+00	-7.244157e+00
5.859000e-01	-1.050680e+00	-7.247585e+00
5.860000e-01	-1.052777e+00	-7.250985e+00
5.861000e-01	-1.054841e+00	-7.254356e+00
5.861988e-01	-1.056850e+00	-7.257657e+00
5.862000e-01	-1.056873e+00	-7.257696e+00
5.863000e-01	-1.058873e+00	-7.261003e+00
5.864000e-01	-1.060844e+00	-7.264276e+00
5.865000e-01	-1.062786e+00	-7.267513e+00
5.865856e-01	-1.064427e+00	-7.270254e+00
5.866000e-01	-1.064700e+00	-7.270710e+00
5.867000e-01	-1.066589e+00	-7.273867e+00
5.868000e-01	-1.068452e+00	-7.276981e+00
5.869000e-01	-1.070290e+00	-7.280050e+00
5.870000e-01	-1.072105e+00	-7.283071e+00
5.871000e-01	-1.073897e+00	-7.286042e+00
5.872000e-01	-1.075667e+00	-7.288961e+00
5.873000e-01	-1.077414e+00	-7.291824e+00
5.874000e-01	-1.079140e+00	-7.294629e+00
5.875000e-01	-1.080844e+00	-7.297374e+00
5.876000e-01	-1.082526e+00	-7.300054e+00
5.877000e-01	-1.084185e+00	-7.302668e+00
5.878000e-01	-1.085822e+00	-7.305211e+00
5.879000e-01	-1.087435e+00	-7.307680e+00
5.880000e-01	-1.089024e+00	-7.310073e+00
5.881000e-01	-1.090589e+00	-7.312386e+00
5.882000e-01	-1.092127e+00	-7.314615e+00
5.883000e-01	-1.093637e+00	-7.316757e+00
5.884000e-01	-1.095120e+00	-7.318809e+00
5.885000e-01	-1.096573e+00	-7.320768e+00
5.886000e-01	-1.097994e+00	-7.322632e+00
5.887000e-01	-1.099383e+00	-7.324397e+00
5.888000e-01	-1.100739e+00	-7.326061e+00
5.889000e-01	-1.102059e+00	-7.327621e+00
5.890000e-01	-1.103342e+00	-7.329076e+00
5.891000e-01	-1.104587e+00	-7.330425e+00
5.892000e-01	-1.105793e+00	-7.331665e+00
5.893000e-01	-1.106958e+00	-7.332795e+00
5.894000e-01	-1.108081e+00	-7.333816e+00
5.895000e-01	-1.109161e+00	-7.334728e+00
5.896000e-01	-1.110197e+00	-7.335529e+00
5.897000e-01	-1.111188e+00	-7.336222e+00
5.898000e-01	-1.112134e+00	-7.336807e+00
5.899000e-01	-1.113033e+00	-7.337285e+00
5.900000e-01	-1.113885e+00	-7.337660e+00
5.901000e-01	-1.114691e+00	-7.337932e+00
5.902000e-01	-1.115449e+00	-7.338105e+00
5.903000e-01	-1.116159e+00	-7.338183e+00
5.903499e-01	-1.116497e+00	-7.338186e+00
5.903750e-01	-1.116661e+00	-7.338179e+00
5.904000e-01	-1.116823e+00	-7.338167e+00
5.904261e-01	-1.116989e+00	-7.338148e+00
5.904754e-01	-1.117292e+00	-7.338096e+00
5.905000e-01	-1.117440e+00	-7.338062e+00
5.905286e-01	-1.117608e+00	-7.338017e+00
5.905762e-01	-1.117879e+00	-7.337925e+00
5.906000e-01	-1.118010e+00	-7.337873e+00
5.906333e-01	-1.118190e+00	-7.337791e+00
5.906778e-01	-1.118422e+00	-7.337669e+00
5.907000e-01	-1.118535e+00	-7.337602e+00
5.907350e-01	-1.118708e+00	-7.337489e+00
5.907675e-01	-1.118863e+00	-7.337376e+00
5.908000e-01	-1.119014e+00	-7.337255e+00
5.908333e-01	-1.119164e+00	-7.337123e+00
5.908667e-01	-1.119309e+00	-7.336983e+00
5.909000e-01	-1.119449e+00	-7.336836e+00
5.909333e-01	-1.119584e+00	-7.336681e+00
5.909667e-01	-1.119715e+00	-7.336518e+00
5.910000e-01	-1.119840e+00	-7.336349e+00
5.910333e-01	-1.119961e+00	-7.336173e+00
5.910667e-01	-1.120077e+00	-7.335990e+00
5.911000e-01	-1.120189e+00	-7.335800e+00
5.912000e-01	-1.120496e+00	-7.335193e+00
5.913000e-01	-1.120762e+00	-7.334533e+00
5.914000e-01	-1.120988e+00	-7.333825e+00
5.915000e-01	-1.121176e+00	-7.333073e+00
5.916000e-01	-1.121326e+00	-7.332282e+00
5.917000e-01	-1.121440e+00	-7.331458e+00
5.918000e-01	-1.121518e+00	-7.330603e+00
5.919000e-01	-1.121560e+00	-7.329723e+00
5.920000e-01	-1.121569e+00	-7.328822e+00
5.921000e-01	-1.121544e+00	-7.327903e+00
5.922000e-01	-1.121486e+00	-7.326971e+00
5.923000e-01	-1.121395e+00	-7.326029e+00
5.924000e-01	-1.121272e+00	-7.325080e+00
5.925000e-01	-1.121117e+00	-7.324128e+00
5.926000e-01	-1.120929e+00	-7.323176e+00
5.927000e-01	-1.120709e+00	-7.322227e+00
5.928000e-01	-1.120455e+00	-7.321283e+00
5.929000e-01	-1.120169e+00	-7.320346e+00
5.930000e-01	-1.119848e+00	-7.319421e+00
5.931000e-01	-1.119493e+00	-7.318508e+00
5.932000e-01	-1.119102e+00	-7.317610e+00
5.933000e-01	-1.118674e+00	-7.316729e+00
5.934000e-01	-1.118209e+00	-7.315868e+00
5.935000e-01	-1.117705e+00	-7.315028e+00
5.936000e-01	-1.117161e+00	-7.314211e+00
5.937000e-01	-1.116576e+00	-7.313419e+00
5.938000e-01	-1.115948e+00	-7.312656e+00
5.939000e-01	-1.115276e+00	-7.311922e+00
5.940000e-01	-1.114560e+00	-7.311220e+00
5.941000e-01	-1.113796e+00	-7.310552e+00
5.942000e-01	-1.112985e+00	-7.309920e+00
5.943000e-01	-1.112125e+00	-7.309327e+00
5.944000e-01	-1.111215e+00	-7.308776e+00
5.945000e-01	-1.110255e+00	-7.308268e+00
5.946000e-01	-1.109242e+00	-7.307806e+00
5.947000e-01	-1.108177e+00	-7.307394e+00
5.948000e-01	-1.107058e+00	-7.307034e+00
5.949000e-01	-1.105885e+00	-7.306729e+00
5.950000e-01	-1.104658e+00	-7.306481e+00
5.951000e-01	-1.103377e+00	-7.306294e+00
5.952000e-01	-1.102041e+00	-7.306171e+00
5.953000e-01	-1.100650e+00	-7.306114e+00
5.954000e-01	-1.099204e+00	-7.306127e+00
5.955000e-01	-1.097704e+00	-7.306212e+00
5.956000e-01	-1.096150e+00	-7.306372e+00
5.957000e-01	-1.094543e+00	-7.306610e+00
5.958000e-01	-1.092883e+00	-7.306929e+00
5.959000e-01	-1.091170e+00	-7.307330e+00
5.960000e-01	-1.089407e+00	-7.307816e+00
5.961000e-01	-1.087592e+00	-7.308389e+00
5.962000e-01	-1.085728e+00	-7.309051e+00
5.963000e-01	-1.083814e+00	-7.309803e+00
5.964000e-01	-1.081853e+00	-7.310646e+00
5.965000e-01	-1.079845e+00	-7.311582e+00
5.966000e-01	-1.077790e+00	-7.312611e+00
5.967000e-01	-1.075690e+00	-7.313734e+00
5.968000e-01	-1.073545e+00	-7.314950e+00
5.969000e-01	-1.071356e+00	-7.316259e+00
5.970000e-01	-1.069124e+00	-7.317661e+00
5.971000e-01	-1.066849e+00	-7.319155e+00
5.972000e-01	-1.064531e+00	-7.320739e+00
5.973000e-01	-1.062172e+00	-7.322411e+00
5.974000e-01	-1.059770e+00	-7.324170e+00
5.975000e-01	-1.057327e+00	-7.326014e+00
5.976000e-01	-1.054842e+00	-7.327939e+00
5.977000e-01	-1.052315e+00	-7.329944e+00
5.978000e-01	-1.049745e+00	-7.332025e+00
5.979000e-01	-1.047134e+00	-7.334178e+00
5.980000e-01	-1.044479e+00	-7.336401e+00
5.981000e-01	-1.041780e+00	-7.338689e+00
5.982000e-01	-1.039038e+00	-7.341039e+00
5.983000e-01	-1.036250e+00	-7.343446e+00
5.984000e-01	-1.033417e+00	-7.345907e+00
5.985000e-01	-1.030537e+00	-7.348418e+00
5.986000e-01	-1.027610e+00	-7.350974e+00
5.987000e-01	-1.024635e+00	-7.353571e+00
5.988000e-01	-1.021610e+00	-7.356205e+00
5.989000e-01	-1.018536e+00	-7.358871e+00
5.990000e-01	-1.015411e+00	-7.361566e+00
5.991000e-01	-1.012235e+00	-7.364286e+00
5.992000e-01	-1.009007e+00	-7.367025e+00
5.993000e-01	-1.005727e+00	-7.369781e+00
5.994000e-01	-1.002393e+00	-7.372550e+00
5.995000e-01	-9.990064e-01	-7.375328e+00
5.996000e-01	-9.955660e-01	-7.378111e+00
5.997000e-01	-9.920720e-01	-7.380896e+00
5.998000e-01	-9.885244e-01	-7.383681e+00
5.999000e-01	-9.849235e-01	-7.386461e+00
6.000000e-01	-9.812695e-01	-7.389233e+00


