"     ankle"

"Time      "	".JOINT_14.Ax_Ay_Az_Projection_Angles.Z"	".JOINT_15.Ax_Ay_Az_Projection_Angles.Z"
0.000000e+00	1.193196e-13	0.000000e+00
1.000000e-04	1.259153e-05	0.000000e+00
2.000000e-04	4.945961e-05	0.000000e+00
3.000000e-04	1.093069e-04	0.000000e+00
4.000000e-04	1.908950e-04	0.000000e+00
5.000000e-04	2.930084e-04	0.000000e+00
6.000000e-04	4.143078e-04	-1.025113e-07
7.000000e-04	5.534065e-04	-2.328195e-07
8.000000e-04	7.089042e-04	-4.406976e-07
9.000000e-04	8.793751e-04	-7.484449e-07
1.000000e-03	1.063386e-03	-1.182155e-06
1.100000e-03	1.259502e-03	-1.772866e-06
1.200000e-03	1.466296e-03	-2.556015e-06
1.300000e-03	1.682358e-03	-3.572240e-06
1.400000e-03	1.906302e-03	-4.867569e-06
1.500000e-03	2.136781e-03	-6.493762e-06
1.600000e-03	2.372488e-03	-8.508563e-06
1.700000e-03	2.612169e-03	-1.097591e-05
1.800000e-03	2.854629e-03	-1.396608e-05
1.900000e-03	3.098738e-03	-1.755575e-05
2.000000e-03	3.343442e-03	-2.182806e-05
2.100000e-03	3.587764e-03	-2.687224e-05
2.200000e-03	3.830810e-03	-3.278388e-05
2.300000e-03	4.071770e-03	-3.966478e-05
2.400000e-03	4.309929e-03	-4.762189e-05
2.500000e-03	4.544662e-03	-5.676779e-05
2.600000e-03	4.775434e-03	-6.722014e-05
2.700000e-03	5.001806e-03	-7.910160e-05
2.800000e-03	5.223431e-03	-9.253763e-05
2.900000e-03	5.440054e-03	-1.076579e-04
3.000000e-03	5.651505e-03	-1.245950e-04
3.100000e-03	5.857700e-03	-1.434844e-04
3.200000e-03	6.058637e-03	-1.644636e-04
3.300000e-03	6.254387e-03	-1.876713e-04
3.400000e-03	6.445096e-03	-2.132469e-04
3.500000e-03	6.630973e-03	-2.413321e-04
3.600000e-03	6.812291e-03	-2.720690e-04
3.700000e-03	6.989370e-03	-3.055967e-04
3.800000e-03	7.162579e-03	-3.420557e-04
3.900000e-03	7.332326e-03	-3.815863e-04
4.000000e-03	7.499055e-03	-4.243285e-04
4.100000e-03	7.663238e-03	-4.704214e-04
4.200000e-03	7.825368e-03	-5.200042e-04
4.300000e-03	7.985959e-03	-5.732163e-04
4.400000e-03	8.145521e-03	-6.301941e-04
4.500000e-03	8.304592e-03	-6.910798e-04
4.600000e-03	8.463685e-03	-7.560084e-04
4.700000e-03	8.623343e-03	-8.251258e-04
4.800000e-03	8.784065e-03	-8.985679e-04
4.900000e-03	8.946392e-03	-9.764873e-04
5.000000e-03	9.110797e-03	-1.059022e-03
5.100000e-03	9.277800e-03	-1.146330e-03
5.200000e-03	9.447837e-03	-1.238550e-03
5.300000e-03	9.621415e-03	-1.335854e-03
5.400000e-03	9.798974e-03	-1.438395e-03
5.500000e-03	9.980975e-03	-1.546347e-03
5.600000e-03	1.016784e-02	-1.659874e-03
5.700000e-03	1.036003e-02	-1.779169e-03
5.800000e-03	1.055795e-02	-1.904403e-03
5.900000e-03	1.076201e-02	-2.035761e-03
6.000000e-03	1.097263e-02	-2.173434e-03
6.100000e-03	1.119024e-02	-2.317621e-03
6.200000e-03	1.141526e-02	-2.468524e-03
6.300000e-03	1.164814e-02	-2.626349e-03
6.400000e-03	1.188931e-02	-2.791305e-03
6.500000e-03	1.213924e-02	-2.963605e-03
6.600000e-03	1.239840e-02	-3.143462e-03
6.700000e-03	1.266726e-02	-3.331090e-03
6.800000e-03	1.294634e-02	-3.526703e-03
6.900000e-03	1.323615e-02	-3.730512e-03
7.000000e-03	1.353722e-02	-3.942727e-03
7.100000e-03	1.385010e-02	-4.163549e-03
7.200000e-03	1.417536e-02	-4.393178e-03
7.300000e-03	1.451357e-02	-4.631801e-03
7.400000e-03	1.486532e-02	-4.879600e-03
7.500000e-03	1.523121e-02	-5.136743e-03
7.600000e-03	1.561178e-02	-5.403373e-03
7.700000e-03	1.600768e-02	-5.679651e-03
7.800000e-03	1.641953e-02	-5.965705e-03
7.900000e-03	1.684792e-02	-6.261646e-03
8.000000e-03	1.729342e-02	-6.567567e-03
8.100000e-03	1.775660e-02	-6.883541e-03
8.200000e-03	1.823799e-02	-7.209621e-03
8.300000e-03	1.873811e-02	-7.545837e-03
8.400000e-03	1.925743e-02	-7.892202e-03
8.500000e-03	1.979639e-02	-8.248706e-03
8.600000e-03	2.035538e-02	-8.615317e-03
8.700000e-03	2.093473e-02	-8.991973e-03
8.800000e-03	2.153471e-02	-9.378585e-03
8.900000e-03	2.215551e-02	-9.775031e-03
9.000000e-03	2.279725e-02	-1.018116e-02
9.100000e-03	2.345995e-02	-1.059680e-02
9.200000e-03	2.414355e-02	-1.102172e-02
9.300000e-03	2.484790e-02	-1.145569e-02
9.400000e-03	2.557277e-02	-1.189845e-02
9.500000e-03	2.631784e-02	-1.234968e-02
9.600000e-03	2.708269e-02	-1.280909e-02
9.700000e-03	2.786684e-02	-1.327633e-02
9.800000e-03	2.866971e-02	-1.375105e-02
9.900000e-03	2.949069e-02	-1.423289e-02
1.000000e-02	3.032907e-02	-1.472148e-02
1.010000e-02	3.118412e-02	-1.521646e-02
1.020000e-02	3.205506e-02	-1.571744e-02
1.030000e-02	3.294108e-02	-1.622407e-02
1.040000e-02	3.384136e-02	-1.673600e-02
1.050000e-02	3.475505e-02	-1.725290e-02
1.060000e-02	3.568134e-02	-1.777444e-02
1.070000e-02	3.661941e-02	-1.830035e-02
1.080000e-02	3.756848e-02	-1.883034e-02
1.090000e-02	3.852782e-02	-1.936420e-02
1.100000e-02	3.949673e-02	-1.990171e-02
1.110000e-02	4.047459e-02	-2.044273e-02
1.120000e-02	4.146084e-02	-2.098710e-02
1.130000e-02	4.245499e-02	-2.153475e-02
1.140000e-02	4.345664e-02	-2.208561e-02
1.150000e-02	4.446547e-02	-2.263966e-02
1.160000e-02	4.548125e-02	-2.319692e-02
1.170000e-02	4.650384e-02	-2.375742e-02
1.180000e-02	4.753321e-02	-2.432123e-02
1.190000e-02	4.856939e-02	-2.488847e-02
1.200000e-02	4.961252e-02	-2.545925e-02
1.210000e-02	5.066283e-02	-2.603373e-02
1.220000e-02	5.172060e-02	-2.661204e-02
1.230000e-02	5.278622e-02	-2.719437e-02
1.240000e-02	5.386009e-02	-2.778088e-02
1.250000e-02	5.494274e-02	-2.837175e-02
1.260000e-02	5.603466e-02	-2.896714e-02
1.270000e-02	5.713639e-02	-2.956718e-02
1.280000e-02	5.824803e-02	-3.017172e-02
1.290000e-02	5.936958e-02	-3.078056e-02
1.300000e-02	6.050112e-02	-3.139345e-02
1.310000e-02	6.164271e-02	-3.201018e-02
1.320000e-02	6.279449e-02	-3.263050e-02
1.330000e-02	6.395663e-02	-3.325420e-02
1.340000e-02	6.512931e-02	-3.388104e-02
1.350000e-02	6.631277e-02	-3.451079e-02
1.360000e-02	6.750726e-02	-3.514324e-02
1.370000e-02	6.871293e-02	-3.577810e-02
1.380000e-02	6.992992e-02	-3.641507e-02
1.390000e-02	7.115833e-02	-3.705383e-02
1.400000e-02	7.239828e-02	-3.769407e-02
1.410000e-02	7.364984e-02	-3.833547e-02
1.420000e-02	7.491308e-02	-3.897770e-02
1.430000e-02	7.618804e-02	-3.962044e-02
1.440000e-02	7.747472e-02	-4.026338e-02
1.450000e-02	7.877313e-02	-4.090618e-02
1.460000e-02	8.008321e-02	-4.154855e-02
1.470000e-02	8.140491e-02	-4.219018e-02
1.480000e-02	8.273814e-02	-4.283078e-02
1.490000e-02	8.408278e-02	-4.347008e-02
1.500000e-02	8.543870e-02	-4.410780e-02
1.510000e-02	8.680575e-02	-4.474372e-02
1.520000e-02	8.818374e-02	-4.537759e-02
1.530000e-02	8.957249e-02	-4.600922e-02
1.540000e-02	9.097180e-02	-4.663842e-02
1.550000e-02	9.238143e-02	-4.726502e-02
1.560000e-02	9.380118e-02	-4.788890e-02
1.570000e-02	9.523081e-02	-4.850991e-02
1.580000e-02	9.667008e-02	-4.912798e-02
1.590000e-02	9.811877e-02	-4.974303e-02
1.600000e-02	9.957664e-02	-5.035501e-02
1.610000e-02	1.010435e-01	-5.096387e-02
1.620000e-02	1.025190e-01	-5.156962e-02
1.630000e-02	1.040031e-01	-5.217226e-02
1.640000e-02	1.054955e-01	-5.277181e-02
1.650000e-02	1.069961e-01	-5.336831e-02
1.660000e-02	1.085046e-01	-5.396182e-02
1.670000e-02	1.100209e-01	-5.455238e-02
1.680000e-02	1.115448e-01	-5.514008e-02
1.690000e-02	1.130763e-01	-5.572499e-02
1.700000e-02	1.146151e-01	-5.630718e-02
1.710000e-02	1.161612e-01	-5.688675e-02
1.720000e-02	1.177145e-01	-5.746378e-02
1.730000e-02	1.192748e-01	-5.803835e-02
1.740000e-02	1.208421e-01	-5.861053e-02
1.750000e-02	1.224163e-01	-5.918040e-02
1.760000e-02	1.239972e-01	-5.974803e-02
1.770000e-02	1.255849e-01	-6.031347e-02
1.780000e-02	1.271791e-01	-6.087679e-02
1.790000e-02	1.287798e-01	-6.143801e-02
1.800000e-02	1.303869e-01	-6.199718e-02
1.810000e-02	1.320002e-01	-6.255432e-02
1.820000e-02	1.336196e-01	-6.310944e-02
1.830000e-02	1.352448e-01	-6.366255e-02
1.840000e-02	1.368758e-01	-6.421364e-02
1.850000e-02	1.385123e-01	-6.476272e-02
1.860000e-02	1.401540e-01	-6.530976e-02
1.870000e-02	1.418007e-01	-6.585475e-02
1.880000e-02	1.434520e-01	-6.639768e-02
1.890000e-02	1.451077e-01	-6.693852e-02
1.900000e-02	1.467674e-01	-6.747725e-02
1.910000e-02	1.484306e-01	-6.801387e-02
1.920000e-02	1.500970e-01	-6.854837e-02
1.930000e-02	1.517660e-01	-6.908075e-02
1.940000e-02	1.534373e-01	-6.961103e-02
1.950000e-02	1.551103e-01	-7.013922e-02
1.960000e-02	1.567845e-01	-7.066538e-02
1.970000e-02	1.584593e-01	-7.118956e-02
1.980000e-02	1.601342e-01	-7.171183e-02
1.990000e-02	1.618085e-01	-7.223230e-02
2.000000e-02	1.634817e-01	-7.275108e-02
2.010000e-02	1.651532e-01	-7.326831e-02
2.020000e-02	1.668224e-01	-7.378415e-02
2.030000e-02	1.684887e-01	-7.429879e-02
2.040000e-02	1.701514e-01	-7.481244e-02
2.050000e-02	1.718100e-01	-7.532533e-02
2.060000e-02	1.734640e-01	-7.583772e-02
2.070000e-02	1.751126e-01	-7.634988e-02
2.080000e-02	1.767555e-01	-7.686212e-02
2.090000e-02	1.783921e-01	-7.737474e-02
2.100000e-02	1.800219e-01	-7.788809e-02
2.110000e-02	1.816444e-01	-7.840252e-02
2.120000e-02	1.832593e-01	-7.891839e-02
2.130000e-02	1.848662e-01	-7.943607e-02
2.140000e-02	1.864647e-01	-7.995595e-02
2.150000e-02	1.880545e-01	-8.047843e-02
2.160000e-02	1.896353e-01	-8.100388e-02
2.170000e-02	1.912071e-01	-8.153270e-02
2.180000e-02	1.927695e-01	-8.206529e-02
2.190000e-02	1.943224e-01	-8.260203e-02
2.200000e-02	1.958658e-01	-8.314330e-02
2.210000e-02	1.973997e-01	-8.368945e-02
2.220000e-02	1.989239e-01	-8.424085e-02
2.230000e-02	2.004387e-01	-8.479784e-02
2.240000e-02	2.019439e-01	-8.536074e-02
2.250000e-02	2.034398e-01	-8.592986e-02
2.260000e-02	2.049266e-01	-8.650547e-02
2.270000e-02	2.064043e-01	-8.708785e-02
2.280000e-02	2.078732e-01	-8.767724e-02
2.290000e-02	2.093335e-01	-8.827386e-02
2.300000e-02	2.107856e-01	-8.887791e-02
2.310000e-02	2.122295e-01	-8.948958e-02
2.320000e-02	2.136658e-01	-9.010903e-02
2.330000e-02	2.150946e-01	-9.073638e-02
2.340000e-02	2.165163e-01	-9.137178e-02
2.350000e-02	2.179312e-01	-9.201532e-02
2.360000e-02	2.193397e-01	-9.266709e-02
2.370000e-02	2.207421e-01	-9.332717e-02
2.380000e-02	2.221388e-01	-9.399564e-02
2.390000e-02	2.235301e-01	-9.467254e-02
2.400000e-02	2.249164e-01	-9.535793e-02
2.410000e-02	2.262980e-01	-9.605185e-02
2.420000e-02	2.276752e-01	-9.675435e-02
2.430000e-02	2.290485e-01	-9.746544e-02
2.440000e-02	2.304180e-01	-9.818515e-02
2.450000e-02	2.317841e-01	-9.891349e-02
2.460000e-02	2.331469e-01	-9.965043e-02
2.470000e-02	2.345067e-01	-1.003960e-01
2.480000e-02	2.358636e-01	-1.011501e-01
2.490000e-02	2.372176e-01	-1.019127e-01
2.500000e-02	2.385689e-01	-1.026837e-01
2.510000e-02	2.399174e-01	-1.034630e-01
2.520000e-02	2.412630e-01	-1.042506e-01
2.530000e-02	2.426056e-01	-1.050463e-01
2.540000e-02	2.439450e-01	-1.058500e-01
2.550000e-02	2.452812e-01	-1.066615e-01
2.560000e-02	2.466138e-01	-1.074807e-01
2.570000e-02	2.479426e-01	-1.083074e-01
2.580000e-02	2.492673e-01	-1.091413e-01
2.590000e-02	2.505877e-01	-1.099825e-01
2.600000e-02	2.519035e-01	-1.108305e-01
2.610000e-02	2.532143e-01	-1.116853e-01
2.620000e-02	2.545200e-01	-1.125466e-01
2.630000e-02	2.558202e-01	-1.134142e-01
2.640000e-02	2.571148e-01	-1.142880e-01
2.650000e-02	2.584036e-01	-1.151677e-01
2.660000e-02	2.596864e-01	-1.160532e-01
2.670000e-02	2.609633e-01	-1.169443e-01
2.680000e-02	2.622340e-01	-1.178408e-01
2.690000e-02	2.634988e-01	-1.187426e-01
2.700000e-02	2.647577e-01	-1.196495e-01
2.710000e-02	2.660108e-01	-1.205614e-01
2.720000e-02	2.672584e-01	-1.214782e-01
2.730000e-02	2.685008e-01	-1.223998e-01
2.740000e-02	2.697385e-01	-1.233261e-01
2.750000e-02	2.709717e-01	-1.242571e-01
2.760000e-02	2.722010e-01	-1.251926e-01
2.770000e-02	2.734270e-01	-1.261327e-01
2.780000e-02	2.746503e-01	-1.270773e-01
2.790000e-02	2.758715e-01	-1.280264e-01
2.800000e-02	2.770913e-01	-1.289800e-01
2.810000e-02	2.783104e-01	-1.299380e-01
2.820000e-02	2.795295e-01	-1.309006e-01
2.830000e-02	2.807494e-01	-1.318677e-01
2.840000e-02	2.819707e-01	-1.328393e-01
2.850000e-02	2.831943e-01	-1.338155e-01
2.860000e-02	2.844208e-01	-1.347962e-01
2.870000e-02	2.856509e-01	-1.357816e-01
2.880000e-02	2.868852e-01	-1.367716e-01
2.890000e-02	2.881243e-01	-1.377662e-01
2.900000e-02	2.893686e-01	-1.387655e-01
2.910000e-02	2.906188e-01	-1.397695e-01
2.920000e-02	2.918751e-01	-1.407782e-01
2.930000e-02	2.931379e-01	-1.417916e-01
2.940000e-02	2.944074e-01	-1.428097e-01
2.950000e-02	2.956837e-01	-1.438324e-01
2.960000e-02	2.969670e-01	-1.448599e-01
2.970000e-02	2.982571e-01	-1.458920e-01
2.980000e-02	2.995541e-01	-1.469288e-01
2.990000e-02	3.008576e-01	-1.479702e-01
3.000000e-02	3.021674e-01	-1.490162e-01
3.010000e-02	3.034832e-01	-1.500668e-01
3.020000e-02	3.048046e-01	-1.511220e-01
3.030000e-02	3.061310e-01	-1.521817e-01
3.040000e-02	3.074620e-01	-1.532459e-01
3.050000e-02	3.087968e-01	-1.543147e-01
3.060000e-02	3.101350e-01	-1.553880e-01
3.070000e-02	3.114758e-01	-1.564658e-01
3.080000e-02	3.128185e-01	-1.575482e-01
3.090000e-02	3.141624e-01	-1.586351e-01
3.100000e-02	3.155067e-01	-1.597266e-01
3.110000e-02	3.168508e-01	-1.608228e-01
3.120000e-02	3.181940e-01	-1.619237e-01
3.130000e-02	3.195354e-01	-1.630293e-01
3.140000e-02	3.208745e-01	-1.641398e-01
3.150000e-02	3.222106e-01	-1.652553e-01
3.160000e-02	3.235431e-01	-1.663759e-01
3.170000e-02	3.248713e-01	-1.675017e-01
3.180000e-02	3.261948e-01	-1.686329e-01
3.190000e-02	3.275131e-01	-1.697696e-01
3.200000e-02	3.288257e-01	-1.709120e-01
3.210000e-02	3.301321e-01	-1.720602e-01
3.220000e-02	3.314322e-01	-1.732145e-01
3.230000e-02	3.327254e-01	-1.743750e-01
3.240000e-02	3.340117e-01	-1.755419e-01
3.250000e-02	3.352907e-01	-1.767155e-01
3.260000e-02	3.365622e-01	-1.778959e-01
3.270000e-02	3.378260e-01	-1.790833e-01
3.280000e-02	3.390821e-01	-1.802779e-01
3.290000e-02	3.403303e-01	-1.814800e-01
3.300000e-02	3.415704e-01	-1.826896e-01
3.310000e-02	3.428023e-01	-1.839070e-01
3.320000e-02	3.440260e-01	-1.851323e-01
3.330000e-02	3.452412e-01	-1.863657e-01
3.340000e-02	3.464479e-01	-1.876074e-01
3.350000e-02	3.476459e-01	-1.888574e-01
3.360000e-02	3.488348e-01	-1.901159e-01
3.370000e-02	3.500146e-01	-1.913830e-01
3.380000e-02	3.511850e-01	-1.926588e-01
3.390000e-02	3.523456e-01	-1.939434e-01
3.400000e-02	3.534961e-01	-1.952368e-01
3.410000e-02	3.546361e-01	-1.965390e-01
3.420000e-02	3.557651e-01	-1.978502e-01
3.430000e-02	3.568827e-01	-1.991703e-01
3.440000e-02	3.579882e-01	-2.004994e-01
3.450000e-02	3.590812e-01	-2.018374e-01
3.460000e-02	3.601610e-01	-2.031844e-01
3.470000e-02	3.612270e-01	-2.045404e-01
3.480000e-02	3.622785e-01	-2.059053e-01
3.490000e-02	3.633147e-01	-2.072791e-01
3.500000e-02	3.643349e-01	-2.086619e-01
3.510000e-02	3.653385e-01	-2.100536e-01
3.520000e-02	3.663246e-01	-2.114543e-01
3.530000e-02	3.672925e-01	-2.128638e-01
3.540000e-02	3.682416e-01	-2.142823e-01
3.550000e-02	3.691710e-01	-2.157097e-01
3.560000e-02	3.700801e-01	-2.171460e-01
3.570000e-02	3.709683e-01	-2.185913e-01
3.580000e-02	3.718350e-01	-2.200456e-01
3.590000e-02	3.726796e-01	-2.215090e-01
3.600000e-02	3.735015e-01	-2.229814e-01
3.610000e-02	3.743004e-01	-2.244631e-01
3.620000e-02	3.750759e-01	-2.259540e-01
3.630000e-02	3.758277e-01	-2.274542e-01
3.640000e-02	3.765554e-01	-2.289638e-01
3.650000e-02	3.772591e-01	-2.304830e-01
3.660000e-02	3.779384e-01	-2.320117e-01
3.670000e-02	3.785936e-01	-2.335502e-01
3.680000e-02	3.792245e-01	-2.350985e-01
3.690000e-02	3.798313e-01	-2.366567e-01
3.700000e-02	3.804142e-01	-2.382249e-01
3.710000e-02	3.809734e-01	-2.398033e-01
3.720000e-02	3.815093e-01	-2.413919e-01
3.730000e-02	3.820221e-01	-2.429908e-01
3.740000e-02	3.825123e-01	-2.446001e-01
3.750000e-02	3.829804e-01	-2.462198e-01
3.760000e-02	3.834267e-01	-2.478501e-01
3.770000e-02	3.838518e-01	-2.494909e-01
3.780000e-02	3.842562e-01	-2.511423e-01
3.790000e-02	3.846403e-01	-2.528043e-01
3.800000e-02	3.850048e-01	-2.544769e-01
3.810000e-02	3.853501e-01	-2.561600e-01
3.820000e-02	3.856767e-01	-2.578537e-01
3.830000e-02	3.859851e-01	-2.595579e-01
3.840000e-02	3.862756e-01	-2.612725e-01
3.850000e-02	3.865488e-01	-2.629974e-01
3.860000e-02	3.868051e-01	-2.647326e-01
3.870000e-02	3.870446e-01	-2.664779e-01
3.880000e-02	3.872678e-01	-2.682332e-01
3.890000e-02	3.874748e-01	-2.699985e-01
3.900000e-02	3.876659e-01	-2.717734e-01
3.910000e-02	3.878412e-01	-2.735581e-01
3.920000e-02	3.880008e-01	-2.753522e-01
3.930000e-02	3.881448e-01	-2.771556e-01
3.940000e-02	3.882732e-01	-2.789683e-01
3.950000e-02	3.883859e-01	-2.807900e-01
3.960000e-02	3.884829e-01	-2.826208e-01
3.970000e-02	3.885641e-01	-2.844603e-01
3.980000e-02	3.886294e-01	-2.863087e-01
3.990000e-02	3.886785e-01	-2.881656e-01
4.000000e-02	3.887114e-01	-2.900312e-01
4.010000e-02	3.887279e-01	-2.919053e-01
4.020000e-02	3.887277e-01	-2.937879e-01
4.030000e-02	3.887107e-01	-2.956790e-01
4.040000e-02	3.886767e-01	-2.975785e-01
4.050000e-02	3.886255e-01	-2.994866e-01
4.060000e-02	3.885570e-01	-3.014031e-01
4.070000e-02	3.884710e-01	-3.033282e-01
4.080000e-02	3.883674e-01	-3.052620e-01
4.090000e-02	3.882461e-01	-3.072045e-01
4.100000e-02	3.881071e-01	-3.091559e-01
4.110000e-02	3.879503e-01	-3.111162e-01
4.120000e-02	3.877757e-01	-3.130857e-01
4.130000e-02	3.875833e-01	-3.150643e-01
4.140000e-02	3.873733e-01	-3.170523e-01
4.150000e-02	3.871457e-01	-3.190499e-01
4.160000e-02	3.869005e-01	-3.210572e-01
4.170000e-02	3.866380e-01	-3.230742e-01
4.180000e-02	3.863584e-01	-3.251013e-01
4.190000e-02	3.860617e-01	-3.271386e-01
4.200000e-02	3.857482e-01	-3.291861e-01
4.210000e-02	3.854181e-01	-3.312441e-01
4.220000e-02	3.850716e-01	-3.333126e-01
4.230000e-02	3.847089e-01	-3.353917e-01
4.240000e-02	3.843301e-01	-3.374816e-01
4.250000e-02	3.839356e-01	-3.395823e-01
4.260000e-02	3.835253e-01	-3.416939e-01
4.270000e-02	3.830995e-01	-3.438165e-01
4.280000e-02	3.826583e-01	-3.459500e-01
4.290000e-02	3.822017e-01	-3.480944e-01
4.300000e-02	3.817298e-01	-3.502498e-01
4.310000e-02	3.812425e-01	-3.524162e-01
4.320000e-02	3.807398e-01	-3.545934e-01
4.330000e-02	3.802216e-01	-3.567814e-01
4.340000e-02	3.796878e-01	-3.589802e-01
4.350000e-02	3.791382e-01	-3.611897e-01
4.360000e-02	3.785724e-01	-3.634098e-01
4.370000e-02	3.779903e-01	-3.656403e-01
4.380000e-02	3.773914e-01	-3.678812e-01
4.390000e-02	3.767754e-01	-3.701324e-01
4.400000e-02	3.761419e-01	-3.723938e-01
4.410000e-02	3.754904e-01	-3.746652e-01
4.420000e-02	3.748205e-01	-3.769466e-01
4.430000e-02	3.741315e-01	-3.792379e-01
4.440000e-02	3.734230e-01	-3.815389e-01
4.450000e-02	3.726944e-01	-3.838497e-01
4.460000e-02	3.719451e-01	-3.861701e-01
4.470000e-02	3.711746e-01	-3.885001e-01
4.480000e-02	3.703823e-01	-3.908397e-01
4.490000e-02	3.695677e-01	-3.931889e-01
4.500000e-02	3.687301e-01	-3.955476e-01
4.510000e-02	3.678692e-01	-3.979159e-01
4.520000e-02	3.669843e-01	-4.002938e-01
4.530000e-02	3.660751e-01	-4.026814e-01
4.540000e-02	3.651411e-01	-4.050787e-01
4.550000e-02	3.641820e-01	-4.074858e-01
4.560000e-02	3.631974e-01	-4.099028e-01
4.570000e-02	3.621871e-01	-4.123299e-01
4.580000e-02	3.611507e-01	-4.147670e-01
4.590000e-02	3.600882e-01	-4.172144e-01
4.600000e-02	3.589993e-01	-4.196721e-01
4.610000e-02	3.578841e-01	-4.221403e-01
4.620000e-02	3.567425e-01	-4.246191e-01
4.630000e-02	3.555745e-01	-4.271086e-01
4.640000e-02	3.543803e-01	-4.296089e-01
4.650000e-02	3.531599e-01	-4.321201e-01
4.660000e-02	3.519135e-01	-4.346423e-01
4.670000e-02	3.506414e-01	-4.371756e-01
4.680000e-02	3.493437e-01	-4.397200e-01
4.690000e-02	3.480207e-01	-4.422756e-01
4.700000e-02	3.466728e-01	-4.448423e-01
4.710000e-02	3.453003e-01	-4.474202e-01
4.720000e-02	3.439035e-01	-4.500092e-01
4.730000e-02	3.424828e-01	-4.526093e-01
4.740000e-02	3.410385e-01	-4.552204e-01
4.750000e-02	3.395709e-01	-4.578423e-01
4.760000e-02	3.380806e-01	-4.604750e-01
4.770000e-02	3.365677e-01	-4.631183e-01
4.780000e-02	3.350326e-01	-4.657720e-01
4.790000e-02	3.334758e-01	-4.684359e-01
4.800000e-02	3.318974e-01	-4.711098e-01
4.810000e-02	3.302978e-01	-4.737935e-01
4.820000e-02	3.286774e-01	-4.764868e-01
4.830000e-02	3.270362e-01	-4.791893e-01
4.840000e-02	3.253747e-01	-4.819008e-01
4.850000e-02	3.236929e-01	-4.846210e-01
4.860000e-02	3.219912e-01	-4.873497e-01
4.870000e-02	3.202698e-01	-4.900866e-01
4.880000e-02	3.185287e-01	-4.928314e-01
4.890000e-02	3.167682e-01	-4.955838e-01
4.900000e-02	3.149885e-01	-4.983436e-01
4.910000e-02	3.131896e-01	-5.011106e-01
4.920000e-02	3.113718e-01	-5.038845e-01
4.930000e-02	3.095352e-01	-5.066651e-01
4.940000e-02	3.076800e-01	-5.094522e-01
4.950000e-02	3.058064e-01	-5.122456e-01
4.960000e-02	3.039145e-01	-5.150452e-01
4.970000e-02	3.020045e-01	-5.178509e-01
4.980000e-02	3.000767e-01	-5.206625e-01
4.990000e-02	2.981313e-01	-5.234800e-01
5.000000e-02	2.961686e-01	-5.263032e-01
5.010000e-02	2.941889e-01	-5.291321e-01
5.020000e-02	2.921925e-01	-5.319668e-01
5.030000e-02	2.901798e-01	-5.348071e-01
5.040000e-02	2.881512e-01	-5.376532e-01
5.050000e-02	2.861070e-01	-5.405049e-01
5.060000e-02	2.840478e-01	-5.433624e-01
5.070000e-02	2.819741e-01	-5.462258e-01
5.080000e-02	2.798863e-01	-5.490949e-01
5.090000e-02	2.777850e-01	-5.519700e-01
5.100000e-02	2.756708e-01	-5.548510e-01
5.110000e-02	2.735441e-01	-5.577380e-01
5.120000e-02	2.714058e-01	-5.606311e-01
5.130000e-02	2.692563e-01	-5.635302e-01
5.140000e-02	2.670962e-01	-5.664355e-01
5.150000e-02	2.649263e-01	-5.693470e-01
5.160000e-02	2.627470e-01	-5.722646e-01
5.170000e-02	2.605591e-01	-5.751883e-01
5.180000e-02	2.583632e-01	-5.781182e-01
5.190000e-02	2.561597e-01	-5.810541e-01
5.200000e-02	2.539494e-01	-5.839960e-01
5.210000e-02	2.517328e-01	-5.869439e-01
5.220000e-02	2.495103e-01	-5.898976e-01
5.230000e-02	2.472824e-01	-5.928570e-01
5.240000e-02	2.450497e-01	-5.958220e-01
5.250000e-02	2.428125e-01	-5.987924e-01
5.260000e-02	2.405712e-01	-6.017680e-01
5.270000e-02	2.383262e-01	-6.047487e-01
5.280000e-02	2.360776e-01	-6.077343e-01
5.290000e-02	2.338258e-01	-6.107245e-01
5.300000e-02	2.315710e-01	-6.137191e-01
5.310000e-02	2.293132e-01	-6.167180e-01
5.320000e-02	2.270527e-01	-6.197209e-01
5.330000e-02	2.247895e-01	-6.227276e-01
5.340000e-02	2.225237e-01	-6.257379e-01
5.350000e-02	2.202551e-01	-6.287515e-01
5.360000e-02	2.179838e-01	-6.317684e-01
5.370000e-02	2.157098e-01	-6.347883e-01
5.380000e-02	2.134329e-01	-6.378111e-01
5.390000e-02	2.111530e-01	-6.408366e-01
5.400000e-02	2.088700e-01	-6.438646e-01
5.410000e-02	2.065837e-01	-6.468952e-01
5.420000e-02	2.042939e-01	-6.499281e-01
5.430000e-02	2.020006e-01	-6.529635e-01
5.440000e-02	1.997036e-01	-6.560011e-01
5.450000e-02	1.974026e-01	-6.590410e-01
5.460000e-02	1.950976e-01	-6.620833e-01
5.470000e-02	1.927883e-01	-6.651279e-01
5.480000e-02	1.904747e-01	-6.681750e-01
5.490000e-02	1.881567e-01	-6.712245e-01
5.500000e-02	1.858340e-01	-6.742766e-01
5.510000e-02	1.835068e-01	-6.773314e-01
5.520000e-02	1.811748e-01	-6.803890e-01
5.530000e-02	1.788381e-01	-6.834496e-01
5.540000e-02	1.764966e-01	-6.865133e-01
5.550000e-02	1.741503e-01	-6.895802e-01
5.560000e-02	1.717993e-01	-6.926506e-01
5.570000e-02	1.694437e-01	-6.957245e-01
5.580000e-02	1.670834e-01	-6.988020e-01
5.590000e-02	1.647185e-01	-7.018834e-01
5.600000e-02	1.623492e-01	-7.049687e-01
5.610000e-02	1.599756e-01	-7.080581e-01
5.620000e-02	1.575978e-01	-7.111516e-01
5.630000e-02	1.552159e-01	-7.142494e-01
5.640000e-02	1.528300e-01	-7.173514e-01
5.650000e-02	1.504403e-01	-7.204577e-01
5.660000e-02	1.480470e-01	-7.235683e-01
5.670000e-02	1.456502e-01	-7.266833e-01
5.680000e-02	1.432499e-01	-7.298025e-01
5.690000e-02	1.408464e-01	-7.329259e-01
5.700000e-02	1.384398e-01	-7.360534e-01
5.710000e-02	1.360301e-01	-7.391848e-01
5.720000e-02	1.336175e-01	-7.423201e-01
5.730000e-02	1.312020e-01	-7.454591e-01
5.740000e-02	1.287838e-01	-7.486016e-01
5.750000e-02	1.263628e-01	-7.517474e-01
5.760000e-02	1.239392e-01	-7.548963e-01
5.770000e-02	1.215130e-01	-7.580480e-01
5.780000e-02	1.190843e-01	-7.612024e-01
5.790000e-02	1.166529e-01	-7.643592e-01
5.800000e-02	1.142191e-01	-7.675180e-01
5.810000e-02	1.117827e-01	-7.706788e-01
5.820000e-02	1.093439e-01	-7.738411e-01
5.830000e-02	1.069027e-01	-7.770047e-01
5.840000e-02	1.044590e-01	-7.801694e-01
5.850000e-02	1.020129e-01	-7.833350e-01
5.860000e-02	9.956450e-02	-7.865012e-01
5.870000e-02	9.711382e-02	-7.896677e-01
5.880000e-02	9.466092e-02	-7.928345e-01
5.890000e-02	9.220590e-02	-7.960013e-01
5.900000e-02	8.974887e-02	-7.991679e-01
5.910000e-02	8.728994e-02	-8.023344e-01
5.920000e-02	8.482927e-02	-8.055004e-01
5.930000e-02	8.236704e-02	-8.086661e-01
5.940000e-02	7.990346e-02	-8.118312e-01
5.950000e-02	7.743877e-02	-8.149958e-01
5.960000e-02	7.497323e-02	-8.181599e-01
5.970000e-02	7.250713e-02	-8.213233e-01
5.980000e-02	7.004082e-02	-8.244863e-01
5.990000e-02	6.757466e-02	-8.276487e-01
6.000000e-02	6.510902e-02	-8.308107e-01
6.010000e-02	6.264435e-02	-8.339723e-01
6.020000e-02	6.018109e-02	-8.371334e-01
6.030000e-02	5.771972e-02	-8.402943e-01
6.040000e-02	5.526075e-02	-8.434550e-01
6.050000e-02	5.280470e-02	-8.466154e-01
6.060000e-02	5.035211e-02	-8.497757e-01
6.070000e-02	4.790356e-02	-8.529359e-01
6.080000e-02	4.545962e-02	-8.560960e-01
6.090000e-02	4.302088e-02	-8.592560e-01
6.100000e-02	4.058794e-02	-8.624159e-01
6.110000e-02	3.816139e-02	-8.655758e-01
6.120000e-02	3.574184e-02	-8.687355e-01
6.130000e-02	3.332989e-02	-8.718949e-01
6.140000e-02	3.092613e-02	-8.750541e-01
6.150000e-02	2.853114e-02	-8.782128e-01
6.160000e-02	2.614550e-02	-8.813710e-01
6.170000e-02	2.376976e-02	-8.845284e-01
6.180000e-02	2.140446e-02	-8.876849e-01
6.190000e-02	1.905012e-02	-8.908403e-01
6.200000e-02	1.670725e-02	-8.939944e-01
6.210000e-02	1.437632e-02	-8.971470e-01
6.220000e-02	1.205778e-02	-9.002977e-01
6.230000e-02	9.752070e-03	-9.034463e-01
6.240000e-02	7.459581e-03	-9.065925e-01
6.250000e-02	5.180696e-03	-9.097362e-01
6.260000e-02	2.915768e-03	-9.128769e-01
6.270000e-02	6.651250e-04	-9.160144e-01
6.280000e-02	-1.570928e-03	-9.191484e-01
6.290000e-02	-3.792110e-03	-9.222787e-01
6.300000e-02	-5.998160e-03	-9.254050e-01
6.310000e-02	-8.188841e-03	-9.285271e-01
6.320000e-02	-1.036393e-02	-9.316446e-01
6.330000e-02	-1.252322e-02	-9.347575e-01
6.340000e-02	-1.466653e-02	-9.378655e-01
6.350000e-02	-1.679368e-02	-9.409685e-01
6.360000e-02	-1.890451e-02	-9.440663e-01
6.370000e-02	-2.099886e-02	-9.471588e-01
6.380000e-02	-2.307659e-02	-9.502460e-01
6.390000e-02	-2.513755e-02	-9.533277e-01
6.400000e-02	-2.718162e-02	-9.564040e-01
6.410000e-02	-2.920866e-02	-9.594748e-01
6.420000e-02	-3.121855e-02	-9.625401e-01
6.430000e-02	-3.321116e-02	-9.656001e-01
6.440000e-02	-3.518637e-02	-9.686548e-01
6.450000e-02	-3.714406e-02	-9.717042e-01
6.460000e-02	-3.908410e-02	-9.747486e-01
6.470000e-02	-4.100638e-02	-9.777880e-01
6.480000e-02	-4.291077e-02	-9.808226e-01
6.490000e-02	-4.479717e-02	-9.838525e-01
6.500000e-02	-4.666546e-02	-9.868779e-01
6.510000e-02	-4.851554e-02	-9.898990e-01
6.520000e-02	-5.034729e-02	-9.929159e-01
6.530000e-02	-5.216063e-02	-9.959289e-01
6.540000e-02	-5.395546e-02	-9.989380e-01
6.550000e-02	-5.573172e-02	-1.001943e+00
6.560000e-02	-5.748932e-02	-1.004945e+00
6.570000e-02	-5.922822e-02	-1.007944e+00
6.580000e-02	-6.094838e-02	-1.010939e+00
6.590000e-02	-6.264977e-02	-1.013931e+00
6.600000e-02	-6.433238e-02	-1.016920e+00
6.610000e-02	-6.599621e-02	-1.019907e+00
6.620000e-02	-6.764130e-02	-1.022890e+00
6.630000e-02	-6.926769e-02	-1.025870e+00
6.640000e-02	-7.087546e-02	-1.028847e+00
6.650000e-02	-7.246467e-02	-1.031821e+00
6.660000e-02	-7.403543e-02	-1.034792e+00
6.670000e-02	-7.558788e-02	-1.037760e+00
6.680000e-02	-7.712216e-02	-1.040725e+00
6.690000e-02	-7.863842e-02	-1.043686e+00
6.700000e-02	-8.013685e-02	-1.046645e+00
6.710000e-02	-8.161766e-02	-1.049599e+00
6.720000e-02	-8.308105e-02	-1.052550e+00
6.730000e-02	-8.452723e-02	-1.055497e+00
6.740000e-02	-8.595645e-02	-1.058440e+00
6.750000e-02	-8.736895e-02	-1.061379e+00
6.760000e-02	-8.876497e-02	-1.064314e+00
6.770000e-02	-9.014477e-02	-1.067244e+00
6.780000e-02	-9.150860e-02	-1.070170e+00
6.790000e-02	-9.285671e-02	-1.073091e+00
6.800000e-02	-9.418935e-02	-1.076008e+00
6.810000e-02	-9.550675e-02	-1.078919e+00
6.820000e-02	-9.680916e-02	-1.081825e+00
6.830000e-02	-9.809678e-02	-1.084727e+00
6.840000e-02	-9.936983e-02	-1.087623e+00
6.850000e-02	-1.006285e-01	-1.090514e+00
6.860000e-02	-1.018730e-01	-1.093400e+00
6.870000e-02	-1.031034e-01	-1.096280e+00
6.880000e-02	-1.043199e-01	-1.099156e+00
6.890000e-02	-1.055225e-01	-1.102026e+00
6.900000e-02	-1.067115e-01	-1.104892e+00
6.910000e-02	-1.078868e-01	-1.107752e+00
6.920000e-02	-1.090485e-01	-1.110608e+00
6.930000e-02	-1.101966e-01	-1.113458e+00
6.940000e-02	-1.113311e-01	-1.116305e+00
6.950000e-02	-1.124520e-01	-1.119146e+00
6.960000e-02	-1.135592e-01	-1.121983e+00
6.970000e-02	-1.146526e-01	-1.124816e+00
6.980000e-02	-1.157322e-01	-1.127645e+00
6.990000e-02	-1.167979e-01	-1.130469e+00
7.000000e-02	-1.178494e-01	-1.133290e+00
7.010000e-02	-1.188868e-01	-1.136107e+00
7.020000e-02	-1.199097e-01	-1.138920e+00
7.030000e-02	-1.209181e-01	-1.141730e+00
7.040000e-02	-1.219117e-01	-1.144536e+00
7.050000e-02	-1.228904e-01	-1.147338e+00
7.060000e-02	-1.238539e-01	-1.150137e+00
7.070000e-02	-1.248020e-01	-1.152933e+00
7.080000e-02	-1.257346e-01	-1.155725e+00
7.090000e-02	-1.266513e-01	-1.158513e+00
7.100000e-02	-1.275520e-01	-1.161298e+00
7.110000e-02	-1.284365e-01	-1.164079e+00
7.120000e-02	-1.293045e-01	-1.166856e+00
7.130000e-02	-1.301558e-01	-1.169629e+00
7.140000e-02	-1.309902e-01	-1.172398e+00
7.150000e-02	-1.318074e-01	-1.175163e+00
7.160000e-02	-1.326072e-01	-1.177923e+00
7.170000e-02	-1.333895e-01	-1.180679e+00
7.180000e-02	-1.341540e-01	-1.183430e+00
7.190000e-02	-1.349004e-01	-1.186175e+00
7.200000e-02	-1.356286e-01	-1.188915e+00
7.210000e-02	-1.363384e-01	-1.191650e+00
7.220000e-02	-1.370295e-01	-1.194378e+00
7.230000e-02	-1.377017e-01	-1.197100e+00
7.240000e-02	-1.383548e-01	-1.199816e+00
7.250000e-02	-1.389886e-01	-1.202525e+00
7.260000e-02	-1.396028e-01	-1.205228e+00
7.270000e-02	-1.401973e-01	-1.207923e+00
7.280000e-02	-1.407718e-01	-1.210611e+00
7.290000e-02	-1.413260e-01	-1.213291e+00
7.300000e-02	-1.418598e-01	-1.215964e+00
7.310000e-02	-1.423729e-01	-1.218628e+00
7.320000e-02	-1.428650e-01	-1.221285e+00
7.330000e-02	-1.433360e-01	-1.223934e+00
7.340000e-02	-1.437855e-01	-1.226575e+00
7.350000e-02	-1.442132e-01	-1.229207e+00
7.360000e-02	-1.446190e-01	-1.231831e+00
7.370000e-02	-1.450025e-01	-1.234447e+00
7.380000e-02	-1.453635e-01	-1.237054e+00
7.390000e-02	-1.457017e-01	-1.239653e+00
7.400000e-02	-1.460168e-01	-1.242243e+00
7.410000e-02	-1.463086e-01	-1.244826e+00
7.420000e-02	-1.465768e-01	-1.247400e+00
7.430000e-02	-1.468211e-01	-1.249965e+00
7.440000e-02	-1.470414e-01	-1.252523e+00
7.450000e-02	-1.472372e-01	-1.255073e+00
7.460000e-02	-1.474085e-01	-1.257615e+00
7.470000e-02	-1.475549e-01	-1.260148e+00
7.480000e-02	-1.476762e-01	-1.262674e+00
7.490000e-02	-1.477724e-01	-1.265193e+00
7.500000e-02	-1.478431e-01	-1.267703e+00
7.510000e-02	-1.478882e-01	-1.270206e+00
7.520000e-02	-1.479076e-01	-1.272702e+00
7.530000e-02	-1.479012e-01	-1.275190e+00
7.540000e-02	-1.478688e-01	-1.277671e+00
7.550000e-02	-1.478104e-01	-1.280144e+00
7.560000e-02	-1.477259e-01	-1.282609e+00
7.570000e-02	-1.476152e-01	-1.285067e+00
7.580000e-02	-1.474785e-01	-1.287518e+00
7.590000e-02	-1.473157e-01	-1.289961e+00
7.600000e-02	-1.471268e-01	-1.292397e+00
7.610000e-02	-1.469119e-01	-1.294825e+00
7.620000e-02	-1.466712e-01	-1.297245e+00
7.630000e-02	-1.464046e-01	-1.299657e+00
7.640000e-02	-1.461124e-01	-1.302061e+00
7.650000e-02	-1.457948e-01	-1.304457e+00
7.660000e-02	-1.454518e-01	-1.306845e+00
7.670000e-02	-1.450837e-01	-1.309225e+00
7.680000e-02	-1.446907e-01	-1.311596e+00
7.690000e-02	-1.442730e-01	-1.313959e+00
7.700000e-02	-1.438308e-01	-1.316313e+00
7.710000e-02	-1.433645e-01	-1.318658e+00
7.720000e-02	-1.428743e-01	-1.320994e+00
7.730000e-02	-1.423604e-01	-1.323321e+00
7.740000e-02	-1.418231e-01	-1.325639e+00
7.750000e-02	-1.412628e-01	-1.327948e+00
7.760000e-02	-1.406815e-01	-1.330247e+00
7.770000e-02	-1.400823e-01	-1.332534e+00
7.780000e-02	-1.394683e-01	-1.334809e+00
7.790000e-02	-1.388424e-01	-1.337070e+00
7.800000e-02	-1.382077e-01	-1.339316e+00
7.810000e-02	-1.375672e-01	-1.341546e+00
7.820000e-02	-1.369239e-01	-1.343759e+00
7.830000e-02	-1.362807e-01	-1.345954e+00
7.840000e-02	-1.356406e-01	-1.348129e+00
7.850000e-02	-1.350065e-01	-1.350283e+00
7.860000e-02	-1.343812e-01	-1.352416e+00
7.870000e-02	-1.337675e-01	-1.354527e+00
7.880000e-02	-1.331682e-01	-1.356613e+00
7.890000e-02	-1.325859e-01	-1.358675e+00
7.900000e-02	-1.320232e-01	-1.360711e+00
7.910000e-02	-1.314828e-01	-1.362720e+00
7.920000e-02	-1.309671e-01	-1.364702e+00
7.930000e-02	-1.304785e-01	-1.366655e+00
7.940000e-02	-1.300193e-01	-1.368578e+00
7.950000e-02	-1.295918e-01	-1.370470e+00
7.960000e-02	-1.291982e-01	-1.372331e+00
7.970000e-02	-1.288405e-01	-1.374159e+00
7.980000e-02	-1.285208e-01	-1.375954e+00
7.990000e-02	-1.282408e-01	-1.377714e+00
8.000000e-02	-1.280025e-01	-1.379438e+00
8.010000e-02	-1.278074e-01	-1.381126e+00
8.020000e-02	-1.276572e-01	-1.382777e+00
8.030000e-02	-1.275534e-01	-1.384389e+00
8.040000e-02	-1.274973e-01	-1.385962e+00
8.050000e-02	-1.274902e-01	-1.387494e+00
8.060000e-02	-1.275332e-01	-1.388985e+00
8.070000e-02	-1.276274e-01	-1.390433e+00
8.080000e-02	-1.277737e-01	-1.391839e+00
8.090000e-02	-1.279729e-01	-1.393200e+00
8.100000e-02	-1.282256e-01	-1.394516e+00
8.110000e-02	-1.285325e-01	-1.395785e+00
8.120000e-02	-1.288939e-01	-1.397008e+00
8.130000e-02	-1.293102e-01	-1.398182e+00
8.140000e-02	-1.297815e-01	-1.399307e+00
8.150000e-02	-1.303079e-01	-1.400383e+00
8.160000e-02	-1.308894e-01	-1.401407e+00
8.170000e-02	-1.315257e-01	-1.402380e+00
8.180000e-02	-1.322165e-01	-1.403301e+00
8.190000e-02	-1.329613e-01	-1.404168e+00
8.200000e-02	-1.337596e-01	-1.404981e+00
8.210000e-02	-1.346106e-01	-1.405739e+00
8.220000e-02	-1.355135e-01	-1.406441e+00
8.230000e-02	-1.364674e-01	-1.407088e+00
8.240000e-02	-1.374712e-01	-1.407677e+00
8.250000e-02	-1.385238e-01	-1.408209e+00
8.260000e-02	-1.396239e-01	-1.408683e+00
8.270000e-02	-1.407701e-01	-1.409099e+00
8.280000e-02	-1.419609e-01	-1.409455e+00
8.290000e-02	-1.431949e-01	-1.409753e+00
8.300000e-02	-1.444706e-01	-1.409991e+00
8.310000e-02	-1.457865e-01	-1.410168e+00
8.320000e-02	-1.471410e-01	-1.410286e+00
8.330000e-02	-1.485325e-01	-1.410344e+00
8.340000e-02	-1.499597e-01	-1.410342e+00
8.350000e-02	-1.514210e-01	-1.410281e+00
8.360000e-02	-1.529151e-01	-1.410159e+00
8.370000e-02	-1.544407e-01	-1.409978e+00
8.380000e-02	-1.559964e-01	-1.409739e+00
8.390000e-02	-1.575810e-01	-1.409441e+00
8.400000e-02	-1.591936e-01	-1.409085e+00
8.410000e-02	-1.608329e-01	-1.408672e+00
8.420000e-02	-1.624981e-01	-1.408202e+00
8.430000e-02	-1.641881e-01	-1.407676e+00
8.440000e-02	-1.659023e-01	-1.407096e+00
8.450000e-02	-1.676397e-01	-1.406462e+00
8.460000e-02	-1.693997e-01	-1.405775e+00
8.470000e-02	-1.711814e-01	-1.405036e+00
8.480000e-02	-1.729843e-01	-1.404246e+00
8.490000e-02	-1.748075e-01	-1.403406e+00
8.500000e-02	-1.766505e-01	-1.402517e+00
8.510000e-02	-1.785125e-01	-1.401581e+00
8.520000e-02	-1.803927e-01	-1.400598e+00
8.530000e-02	-1.822904e-01	-1.399569e+00
8.540000e-02	-1.842048e-01	-1.398496e+00
8.550000e-02	-1.861348e-01	-1.397379e+00
8.560000e-02	-1.880795e-01	-1.396220e+00
8.570000e-02	-1.900378e-01	-1.395020e+00
8.580000e-02	-1.920085e-01	-1.393779e+00
8.590000e-02	-1.939903e-01	-1.392498e+00
8.600000e-02	-1.959817e-01	-1.391179e+00
8.610000e-02	-1.979812e-01	-1.389822e+00
8.620000e-02	-1.999871e-01	-1.388428e+00
8.630000e-02	-2.019976e-01	-1.386998e+00
8.640000e-02	-2.040108e-01	-1.385532e+00
8.650000e-02	-2.060247e-01	-1.384032e+00
8.660000e-02	-2.080372e-01	-1.382497e+00
8.670000e-02	-2.100459e-01	-1.380928e+00
8.680000e-02	-2.120486e-01	-1.379326e+00
8.690000e-02	-2.140429e-01	-1.377692e+00
8.700000e-02	-2.160262e-01	-1.376026e+00
8.710000e-02	-2.179962e-01	-1.374329e+00
8.720000e-02	-2.199501e-01	-1.372601e+00
8.730000e-02	-2.218854e-01	-1.370843e+00
8.740000e-02	-2.237995e-01	-1.369054e+00
8.750000e-02	-2.256898e-01	-1.367237e+00
8.760000e-02	-2.275539e-01	-1.365391e+00
8.770000e-02	-2.293891e-01	-1.363517e+00
8.780000e-02	-2.311931e-01	-1.361616e+00
8.790000e-02	-2.329635e-01	-1.359688e+00
8.800000e-02	-2.346980e-01	-1.357734e+00
8.810000e-02	-2.363945e-01	-1.355754e+00
8.820000e-02	-2.380509e-01	-1.353751e+00
8.830000e-02	-2.396654e-01	-1.351723e+00
8.840000e-02	-2.412361e-01	-1.349673e+00
8.850000e-02	-2.427614e-01	-1.347601e+00
8.860000e-02	-2.442399e-01	-1.345508e+00
8.870000e-02	-2.456702e-01	-1.343395e+00
8.880000e-02	-2.470511e-01	-1.341263e+00
8.890000e-02	-2.483817e-01	-1.339113e+00
8.900000e-02	-2.496610e-01	-1.336947e+00
8.910000e-02	-2.508883e-01	-1.334765e+00
8.920000e-02	-2.520631e-01	-1.332569e+00
8.930000e-02	-2.531852e-01	-1.330359e+00
8.940000e-02	-2.542543e-01	-1.328137e+00
8.950000e-02	-2.552708e-01	-1.325904e+00
8.960000e-02	-2.562350e-01	-1.323660e+00
8.970000e-02	-2.571475e-01	-1.321406e+00
8.980000e-02	-2.580093e-01	-1.319144e+00
8.990000e-02	-2.588215e-01	-1.316873e+00
9.000000e-02	-2.595855e-01	-1.314595e+00
9.010000e-02	-2.603031e-01	-1.312309e+00
9.020000e-02	-2.609759e-01	-1.310016e+00
9.030000e-02	-2.616060e-01	-1.307715e+00
9.040000e-02	-2.621956e-01	-1.305407e+00
9.050000e-02	-2.627469e-01	-1.303092e+00
9.060000e-02	-2.632623e-01	-1.300768e+00
9.070000e-02	-2.637443e-01	-1.298436e+00
9.080000e-02	-2.641952e-01	-1.296095e+00
9.090000e-02	-2.646175e-01	-1.293744e+00
9.100000e-02	-2.650135e-01	-1.291383e+00
9.110000e-02	-2.653855e-01	-1.289009e+00
9.120000e-02	-2.657355e-01	-1.286624e+00
9.130000e-02	-2.660655e-01	-1.284224e+00
9.140000e-02	-2.663773e-01	-1.281811e+00
9.150000e-02	-2.666722e-01	-1.279381e+00
9.160000e-02	-2.669517e-01	-1.276935e+00
9.170000e-02	-2.672165e-01	-1.274471e+00
9.180000e-02	-2.674674e-01	-1.271988e+00
9.190000e-02	-2.677047e-01	-1.269486e+00
9.200000e-02	-2.679284e-01	-1.266963e+00
9.210000e-02	-2.681382e-01	-1.264418e+00
9.220000e-02	-2.683336e-01	-1.261852e+00
9.230000e-02	-2.685136e-01	-1.259264e+00
9.240000e-02	-2.686770e-01	-1.256653e+00
9.250000e-02	-2.688223e-01	-1.254018e+00
9.260000e-02	-2.689477e-01	-1.251360e+00
9.270000e-02	-2.690514e-01	-1.248679e+00
9.280000e-02	-2.691311e-01	-1.245975e+00
9.290000e-02	-2.691845e-01	-1.243249e+00
9.300000e-02	-2.692091e-01	-1.240499e+00
9.310000e-02	-2.692025e-01	-1.237728e+00
9.320000e-02	-2.691620e-01	-1.234935e+00
9.330000e-02	-2.690851e-01	-1.232122e+00
9.340000e-02	-2.689691e-01	-1.229290e+00
9.350000e-02	-2.688116e-01	-1.226438e+00
9.360000e-02	-2.686102e-01	-1.223569e+00
9.370000e-02	-2.683626e-01	-1.220683e+00
9.380000e-02	-2.680667e-01	-1.217781e+00
9.390000e-02	-2.677206e-01	-1.214865e+00
9.400000e-02	-2.673227e-01	-1.211935e+00
9.410000e-02	-2.668714e-01	-1.208993e+00
9.420000e-02	-2.663658e-01	-1.206039e+00
9.430000e-02	-2.658047e-01	-1.203075e+00
9.440000e-02	-2.651876e-01	-1.200100e+00
9.450000e-02	-2.645141e-01	-1.197117e+00
9.460000e-02	-2.637841e-01	-1.194126e+00
9.470000e-02	-2.629978e-01	-1.191128e+00
9.480000e-02	-2.621555e-01	-1.188122e+00
9.490000e-02	-2.612579e-01	-1.185109e+00
9.500000e-02	-2.603057e-01	-1.182090e+00
9.510000e-02	-2.593000e-01	-1.179065e+00
9.520000e-02	-2.582419e-01	-1.176033e+00
9.530000e-02	-2.571326e-01	-1.172995e+00
9.540000e-02	-2.559734e-01	-1.169950e+00
9.550000e-02	-2.547657e-01	-1.166898e+00
9.560000e-02	-2.535108e-01	-1.163839e+00
9.570000e-02	-2.522102e-01	-1.160771e+00
9.580000e-02	-2.508650e-01	-1.157695e+00
9.590000e-02	-2.494764e-01	-1.154610e+00
9.600000e-02	-2.480455e-01	-1.151515e+00
9.610000e-02	-2.465732e-01	-1.148408e+00
9.620000e-02	-2.450602e-01	-1.145290e+00
9.630000e-02	-2.435070e-01	-1.142159e+00
9.640000e-02	-2.419139e-01	-1.139015e+00
9.650000e-02	-2.402810e-01	-1.135857e+00
9.660000e-02	-2.386081e-01	-1.132684e+00
9.670000e-02	-2.368948e-01	-1.129495e+00
9.680000e-02	-2.351405e-01	-1.126290e+00
9.690000e-02	-2.333444e-01	-1.123069e+00
9.700000e-02	-2.315053e-01	-1.119829e+00
9.710000e-02	-2.296220e-01	-1.116573e+00
9.720000e-02	-2.276930e-01	-1.113298e+00
9.730000e-02	-2.257168e-01	-1.110004e+00
9.740000e-02	-2.236917e-01	-1.106693e+00
9.750000e-02	-2.216158e-01	-1.103363e+00
9.760000e-02	-2.194873e-01	-1.100015e+00
9.770000e-02	-2.173044e-01	-1.096650e+00
9.780000e-02	-2.150652e-01	-1.093266e+00
9.790000e-02	-2.127678e-01	-1.089866e+00
9.800000e-02	-2.104107e-01	-1.086449e+00
9.810000e-02	-2.079922e-01	-1.083016e+00
9.820000e-02	-2.055110e-01	-1.079568e+00
9.830000e-02	-2.029658e-01	-1.076106e+00
9.840000e-02	-2.003557e-01	-1.072629e+00
9.850000e-02	-1.976800e-01	-1.069140e+00
9.860000e-02	-1.949383e-01	-1.065639e+00
9.870000e-02	-1.921316e-01	-1.062127e+00
9.880000e-02	-1.892621e-01	-1.058607e+00
9.890000e-02	-1.863322e-01	-1.055079e+00
9.900000e-02	-1.833443e-01	-1.051545e+00
9.910000e-02	-1.803011e-01	-1.048008e+00
9.920000e-02	-1.772056e-01	-1.044468e+00
9.930000e-02	-1.740607e-01	-1.040926e+00
9.940000e-02	-1.708695e-01	-1.037384e+00
9.950000e-02	-1.676357e-01	-1.033842e+00
9.960000e-02	-1.643631e-01	-1.030302e+00
9.970000e-02	-1.610557e-01	-1.026764e+00
9.980000e-02	-1.577178e-01	-1.023230e+00
9.990000e-02	-1.543536e-01	-1.019699e+00
1.000000e-01	-1.509677e-01	-1.016174e+00
1.001000e-01	-1.475648e-01	-1.012654e+00
1.002000e-01	-1.441493e-01	-1.009139e+00
1.003000e-01	-1.407262e-01	-1.005631e+00
1.004000e-01	-1.373001e-01	-1.002130e+00
1.005000e-01	-1.338757e-01	-9.986355e-01
1.006000e-01	-1.304576e-01	-9.951490e-01
1.007000e-01	-1.270505e-01	-9.916704e-01
1.008000e-01	-1.236588e-01	-9.882003e-01
1.009000e-01	-1.202867e-01	-9.847390e-01
1.010000e-01	-1.169384e-01	-9.812870e-01
1.011000e-01	-1.136179e-01	-9.778447e-01
1.012000e-01	-1.103289e-01	-9.744128e-01
1.013000e-01	-1.070749e-01	-9.709917e-01
1.014000e-01	-1.038591e-01	-9.675822e-01
1.015000e-01	-1.006845e-01	-9.641848e-01
1.016000e-01	-9.755379e-02	-9.608005e-01
1.017000e-01	-9.446944e-02	-9.574301e-01
1.018000e-01	-9.143362e-02	-9.540744e-01
1.019000e-01	-8.844822e-02	-9.507344e-01
1.020000e-01	-8.551487e-02	-9.474113e-01
1.021000e-01	-8.263496e-02	-9.441061e-01
1.022000e-01	-7.980963e-02	-9.408199e-01
1.023000e-01	-7.703979e-02	-9.375541e-01
1.024000e-01	-7.432615e-02	-9.343098e-01
1.025000e-01	-7.166924e-02	-9.310883e-01
1.026000e-01	-6.906939e-02	-9.278909e-01
1.027000e-01	-6.652684e-02	-9.247189e-01
1.028000e-01	-6.404167e-02	-9.215737e-01
1.029000e-01	-6.161387e-02	-9.184565e-01
1.030000e-01	-5.924338e-02	-9.153685e-01
1.031000e-01	-5.693008e-02	-9.123111e-01
1.032000e-01	-5.467381e-02	-9.092853e-01
1.033000e-01	-5.247443e-02	-9.062923e-01
1.034000e-01	-5.033179e-02	-9.033331e-01
1.035000e-01	-4.824578e-02	-9.004086e-01
1.036000e-01	-4.621637e-02	-8.975197e-01
1.037000e-01	-4.424416e-02	-8.946669e-01
1.038000e-01	-4.233082e-02	-8.918501e-01
1.039000e-01	-4.047805e-02	-8.890692e-01
1.040000e-01	-3.868757e-02	-8.863239e-01
1.041000e-01	-3.696103e-02	-8.836139e-01
1.042000e-01	-3.530003e-02	-8.809389e-01
1.043000e-01	-3.370606e-02	-8.782984e-01
1.044000e-01	-3.218047e-02	-8.756921e-01
1.045000e-01	-3.072445e-02	-8.731193e-01
1.046000e-01	-2.933899e-02	-8.705797e-01
1.047000e-01	-2.802489e-02	-8.680729e-01
1.048000e-01	-2.678267e-02	-8.655983e-01
1.049000e-01	-2.561261e-02	-8.631555e-01
1.050000e-01	-2.451470e-02	-8.607441e-01
1.051000e-01	-2.348865e-02	-8.583638e-01
1.052000e-01	-2.253386e-02	-8.560143e-01
1.053000e-01	-2.164943e-02	-8.536953e-01
1.054000e-01	-2.083413e-02	-8.514067e-01
1.055000e-01	-2.008647e-02	-8.491482e-01
1.056000e-01	-1.940465e-02	-8.469198e-01
1.057000e-01	-1.878655e-02	-8.447215e-01
1.058000e-01	-1.822986e-02	-8.425534e-01
1.059000e-01	-1.773205e-02	-8.404154e-01
1.060000e-01	-1.729029e-02	-8.383079e-01
1.061000e-01	-1.690162e-02	-8.362308e-01
1.062000e-01	-1.656290e-02	-8.341845e-01
1.063000e-01	-1.627096e-02	-8.321692e-01
1.064000e-01	-1.602335e-02	-8.301847e-01
1.065000e-01	-1.581813e-02	-8.282306e-01
1.066000e-01	-1.565330e-02	-8.263066e-01
1.067000e-01	-1.552678e-02	-8.244124e-01
1.068000e-01	-1.543655e-02	-8.225476e-01
1.069000e-01	-1.538064e-02	-8.207119e-01
1.070000e-01	-1.535712e-02	-8.189049e-01
1.071000e-01	-1.536409e-02	-8.171261e-01
1.072000e-01	-1.539973e-02	-8.153754e-01
1.073000e-01	-1.546228e-02	-8.136522e-01
1.074000e-01	-1.555006e-02	-8.119562e-01
1.075000e-01	-1.566145e-02	-8.102871e-01
1.076000e-01	-1.579494e-02	-8.086444e-01
1.077000e-01	-1.594907e-02	-8.070277e-01
1.078000e-01	-1.612251e-02	-8.054368e-01
1.079000e-01	-1.631397e-02	-8.038711e-01
1.080000e-01	-1.652230e-02	-8.023303e-01
1.081000e-01	-1.674639e-02	-8.008141e-01
1.082000e-01	-1.698525e-02	-7.993220e-01
1.083000e-01	-1.723797e-02	-7.978536e-01
1.084000e-01	-1.750370e-02	-7.964087e-01
1.085000e-01	-1.778169e-02	-7.949867e-01
1.086000e-01	-1.807124e-02	-7.935874e-01
1.087000e-01	-1.837175e-02	-7.922103e-01
1.088000e-01	-1.868266e-02	-7.908551e-01
1.089000e-01	-1.900346e-02	-7.895214e-01
1.090000e-01	-1.933371e-02	-7.882089e-01
1.091000e-01	-1.967301e-02	-7.869171e-01
1.092000e-01	-2.002100e-02	-7.856457e-01
1.093000e-01	-2.037736e-02	-7.843944e-01
1.094000e-01	-2.074180e-02	-7.831627e-01
1.095000e-01	-2.111407e-02	-7.819504e-01
1.096000e-01	-2.149392e-02	-7.807570e-01
1.097000e-01	-2.188114e-02	-7.795822e-01
1.098000e-01	-2.227554e-02	-7.784257e-01
1.099000e-01	-2.267693e-02	-7.772870e-01
1.100000e-01	-2.308516e-02	-7.761658e-01
1.101000e-01	-2.350006e-02	-7.750617e-01
1.102000e-01	-2.392151e-02	-7.739743e-01
1.103000e-01	-2.434939e-02	-7.729034e-01
1.104000e-01	-2.478357e-02	-7.718484e-01
1.105000e-01	-2.522398e-02	-7.708089e-01
1.106000e-01	-2.567054e-02	-7.697847e-01
1.107000e-01	-2.612320e-02	-7.687753e-01
1.108000e-01	-2.658192e-02	-7.677802e-01
1.109000e-01	-2.704669e-02	-7.667992e-01
1.110000e-01	-2.751753e-02	-7.658317e-01
1.111000e-01	-2.799448e-02	-7.648773e-01
1.112000e-01	-2.847762e-02	-7.639356e-01
1.113000e-01	-2.896707e-02	-7.630062e-01
1.114000e-01	-2.946297e-02	-7.620886e-01
1.115000e-01	-2.996550e-02	-7.611824e-01
1.116000e-01	-3.047488e-02	-7.602871e-01
1.117000e-01	-3.099135e-02	-7.594024e-01
1.118000e-01	-3.151521e-02	-7.585276e-01
1.119000e-01	-3.204679e-02	-7.576625e-01
1.120000e-01	-3.258645e-02	-7.568065e-01
1.121000e-01	-3.313459e-02	-7.559593e-01
1.122000e-01	-3.369164e-02	-7.551203e-01
1.123000e-01	-3.425805e-02	-7.542891e-01
1.124000e-01	-3.483430e-02	-7.534654e-01
1.125000e-01	-3.542089e-02	-7.526487e-01
1.126000e-01	-3.601834e-02	-7.518385e-01
1.127000e-01	-3.662715e-02	-7.510346e-01
1.128000e-01	-3.724786e-02	-7.502365e-01
1.129000e-01	-3.788097e-02	-7.494437e-01
1.130000e-01	-3.852699e-02	-7.486561e-01
1.131000e-01	-3.918641e-02	-7.478732e-01
1.132000e-01	-3.985968e-02	-7.470947e-01
1.133000e-01	-4.054723e-02	-7.463204e-01
1.134000e-01	-4.124943e-02	-7.455498e-01
1.135000e-01	-4.196661e-02	-7.447828e-01
1.136000e-01	-4.269905e-02	-7.440190e-01
1.137000e-01	-4.344695e-02	-7.432583e-01
1.138000e-01	-4.421046e-02	-7.425004e-01
1.139000e-01	-4.498964e-02	-7.417451e-01
1.140000e-01	-4.578447e-02	-7.409922e-01
1.141000e-01	-4.659486e-02	-7.402416e-01
1.142000e-01	-4.742060e-02	-7.394930e-01
1.143000e-01	-4.826143e-02	-7.387464e-01
1.144000e-01	-4.911696e-02	-7.380016e-01
1.145000e-01	-4.998673e-02	-7.372585e-01
1.146000e-01	-5.087018e-02	-7.365169e-01
1.147000e-01	-5.176664e-02	-7.357768e-01
1.148000e-01	-5.267538e-02	-7.350381e-01
1.149000e-01	-5.359557e-02	-7.343006e-01
1.150000e-01	-5.452628e-02	-7.335643e-01
1.151000e-01	-5.546652e-02	-7.328291e-01
1.152000e-01	-5.641523e-02	-7.320949e-01
1.153000e-01	-5.737127e-02	-7.313616e-01
1.154000e-01	-5.833346e-02	-7.306292e-01
1.155000e-01	-5.930054e-02	-7.298976e-01
1.156000e-01	-6.027125e-02	-7.291666e-01
1.157000e-01	-6.124426e-02	-7.284363e-01
1.158000e-01	-6.221822e-02	-7.277066e-01
1.159000e-01	-6.319180e-02	-7.269773e-01
1.160000e-01	-6.416361e-02	-7.262484e-01
1.161000e-01	-6.513232e-02	-7.255198e-01
1.162000e-01	-6.609658e-02	-7.247915e-01
1.163000e-01	-6.705508e-02	-7.240634e-01
1.164000e-01	-6.800653e-02	-7.233353e-01
1.165000e-01	-6.894969e-02	-7.226073e-01
1.166000e-01	-6.988338e-02	-7.218794e-01
1.167000e-01	-7.080645e-02	-7.211513e-01
1.168000e-01	-7.171785e-02	-7.204233e-01
1.169000e-01	-7.261657e-02	-7.196951e-01
1.170000e-01	-7.350171e-02	-7.189669e-01
1.171000e-01	-7.437242e-02	-7.182386e-01
1.172000e-01	-7.522795e-02	-7.175103e-01
1.173000e-01	-7.606766e-02	-7.167821e-01
1.174000e-01	-7.689097e-02	-7.160540e-01
1.175000e-01	-7.769743e-02	-7.153261e-01
1.176000e-01	-7.848664e-02	-7.145986e-01
1.177000e-01	-7.925836e-02	-7.138717e-01
1.178000e-01	-8.001239e-02	-7.131455e-01
1.179000e-01	-8.074865e-02	-7.124203e-01
1.180000e-01	-8.146717e-02	-7.116963e-01
1.181000e-01	-8.216805e-02	-7.109739e-01
1.182000e-01	-8.285150e-02	-7.102534e-01
1.183000e-01	-8.351781e-02	-7.095351e-01
1.184000e-01	-8.416736e-02	-7.088194e-01
1.185000e-01	-8.480062e-02	-7.081068e-01
1.186000e-01	-8.541812e-02	-7.073977e-01
1.187000e-01	-8.602049e-02	-7.066925e-01
1.188000e-01	-8.660844e-02	-7.059920e-01
1.189000e-01	-8.718274e-02	-7.052964e-01
1.190000e-01	-8.774423e-02	-7.046065e-01
1.191000e-01	-8.829382e-02	-7.039229e-01
1.192000e-01	-8.883249e-02	-7.032460e-01
1.193000e-01	-8.936128e-02	-7.025767e-01
1.194000e-01	-8.988129e-02	-7.019154e-01
1.195000e-01	-9.039369e-02	-7.012630e-01
1.196000e-01	-9.089968e-02	-7.006200e-01
1.197000e-01	-9.140056e-02	-6.999871e-01
1.198000e-01	-9.189766e-02	-6.993651e-01
1.199000e-01	-9.239237e-02	-6.987545e-01
1.200000e-01	-9.288614e-02	-6.981562e-01
1.201000e-01	-9.338048e-02	-6.975708e-01
1.202000e-01	-9.387696e-02	-6.969989e-01
1.203000e-01	-9.437720e-02	-6.964413e-01
1.204000e-01	-9.488289e-02	-6.958986e-01
1.205000e-01	-9.539576e-02	-6.953715e-01
1.206000e-01	-9.591762e-02	-6.948606e-01
1.207000e-01	-9.645032e-02	-6.943667e-01
1.208000e-01	-9.699579e-02	-6.938902e-01
1.209000e-01	-9.755599e-02	-6.934319e-01
1.210000e-01	-9.813297e-02	-6.929924e-01
1.211000e-01	-9.872880e-02	-6.925723e-01
1.212000e-01	-9.934562e-02	-6.921721e-01
1.213000e-01	-9.998563e-02	-6.917925e-01
1.214000e-01	-1.006511e-01	-6.914340e-01
1.215000e-01	-1.013442e-01	-6.910972e-01
1.216000e-01	-1.020674e-01	-6.907827e-01
1.217000e-01	-1.028229e-01	-6.904911e-01
1.218000e-01	-1.036132e-01	-6.902228e-01
1.219000e-01	-1.044406e-01	-6.899785e-01
1.220000e-01	-1.053077e-01	-6.897588e-01
1.221000e-01	-1.062167e-01	-6.895641e-01
1.222000e-01	-1.071701e-01	-6.893952e-01
1.223000e-01	-1.081704e-01	-6.892525e-01
1.224000e-01	-1.092199e-01	-6.891366e-01
1.225000e-01	-1.103210e-01	-6.890482e-01
1.226000e-01	-1.114761e-01	-6.889878e-01
1.227000e-01	-1.126873e-01	-6.889562e-01
1.228000e-01	-1.139569e-01	-6.889538e-01
1.229000e-01	-1.152870e-01	-6.889813e-01
1.230000e-01	-1.166797e-01	-6.890394e-01
1.231000e-01	-1.181370e-01	-6.891288e-01
1.232000e-01	-1.196607e-01	-6.892500e-01
1.233000e-01	-1.212525e-01	-6.894039e-01
1.234000e-01	-1.229141e-01	-6.895910e-01
1.235000e-01	-1.246470e-01	-6.898120e-01
1.236000e-01	-1.264526e-01	-6.900676e-01
1.237000e-01	-1.283319e-01	-6.903585e-01
1.238000e-01	-1.302862e-01	-6.906853e-01
1.239000e-01	-1.323162e-01	-6.910488e-01
1.240000e-01	-1.344226e-01	-6.914496e-01
1.241000e-01	-1.366061e-01	-6.918883e-01
1.242000e-01	-1.388669e-01	-6.923656e-01
1.243000e-01	-1.412052e-01	-6.928820e-01
1.244000e-01	-1.436211e-01	-6.934382e-01
1.245000e-01	-1.461143e-01	-6.940347e-01
1.246000e-01	-1.486845e-01	-6.946721e-01
1.247000e-01	-1.513310e-01	-6.953508e-01
1.248000e-01	-1.540532e-01	-6.960712e-01
1.249000e-01	-1.568501e-01	-6.968339e-01
1.250000e-01	-1.597206e-01	-6.976392e-01
1.251000e-01	-1.626635e-01	-6.984875e-01
1.252000e-01	-1.656771e-01	-6.993790e-01
1.253000e-01	-1.687601e-01	-7.003140e-01
1.254000e-01	-1.719105e-01	-7.012928e-01
1.255000e-01	-1.751264e-01	-7.023154e-01
1.256000e-01	-1.784058e-01	-7.033820e-01
1.257000e-01	-1.817464e-01	-7.044927e-01
1.258000e-01	-1.851459e-01	-7.056476e-01
1.259000e-01	-1.886018e-01	-7.068465e-01
1.260000e-01	-1.921115e-01	-7.080896e-01
1.261000e-01	-1.956723e-01	-7.093766e-01
1.262000e-01	-1.992814e-01	-7.107074e-01
1.263000e-01	-2.029359e-01	-7.120819e-01
1.264000e-01	-2.066332e-01	-7.135000e-01
1.265000e-01	-2.103700e-01	-7.149612e-01
1.266000e-01	-2.141432e-01	-7.164654e-01
1.267000e-01	-2.179500e-01	-7.180120e-01
1.268000e-01	-2.217875e-01	-7.196006e-01
1.269000e-01	-2.256528e-01	-7.212307e-01
1.270000e-01	-2.295432e-01	-7.229016e-01
1.271000e-01	-2.334561e-01	-7.246126e-01
1.272000e-01	-2.373892e-01	-7.263629e-01
1.273000e-01	-2.413401e-01	-7.281517e-01
1.274000e-01	-2.453068e-01	-7.299778e-01
1.275000e-01	-2.492871e-01	-7.318404e-01
1.276000e-01	-2.532792e-01	-7.337382e-01
1.277000e-01	-2.572815e-01	-7.356701e-01
1.278000e-01	-2.612922e-01	-7.376346e-01
1.279000e-01	-2.653100e-01	-7.396305e-01
1.280000e-01	-2.693335e-01	-7.416563e-01
1.281000e-01	-2.733616e-01	-7.437105e-01
1.282000e-01	-2.773930e-01	-7.457917e-01
1.283000e-01	-2.814266e-01	-7.478982e-01
1.284000e-01	-2.854615e-01	-7.500286e-01
1.285000e-01	-2.894965e-01	-7.521811e-01
1.286000e-01	-2.935307e-01	-7.543542e-01
1.287000e-01	-2.975630e-01	-7.565463e-01
1.288000e-01	-3.015922e-01	-7.587558e-01
1.289000e-01	-3.056173e-01	-7.609812e-01
1.290000e-01	-3.096368e-01	-7.632210e-01
1.291000e-01	-3.136495e-01	-7.654736e-01
1.292000e-01	-3.176538e-01	-7.677376e-01
1.293000e-01	-3.216481e-01	-7.700116e-01
1.294000e-01	-3.256306e-01	-7.722944e-01
1.295000e-01	-3.295993e-01	-7.745847e-01
1.296000e-01	-3.335522e-01	-7.768812e-01
1.297000e-01	-3.374869e-01	-7.791829e-01
1.298000e-01	-3.414011e-01	-7.814887e-01
1.299000e-01	-3.452922e-01	-7.837976e-01
1.300000e-01	-3.491574e-01	-7.861087e-01
1.301000e-01	-3.529940e-01	-7.884212e-01
1.302000e-01	-3.567989e-01	-7.907343e-01
1.303000e-01	-3.605692e-01	-7.930472e-01
1.304000e-01	-3.643018e-01	-7.953592e-01
1.305000e-01	-3.679935e-01	-7.976698e-01
1.306000e-01	-3.716412e-01	-7.999784e-01
1.307000e-01	-3.752417e-01	-8.022844e-01
1.308000e-01	-3.787918e-01	-8.045872e-01
1.309000e-01	-3.822886e-01	-8.068865e-01
1.310000e-01	-3.857291e-01	-8.091816e-01
1.311000e-01	-3.891104e-01	-8.114722e-01
1.312000e-01	-3.924298e-01	-8.137576e-01
1.313000e-01	-3.956848e-01	-8.160376e-01
1.314000e-01	-3.988732e-01	-8.183115e-01
1.315000e-01	-4.019927e-01	-8.205789e-01
1.316000e-01	-4.050414e-01	-8.228392e-01
1.317000e-01	-4.080178e-01	-8.250919e-01
1.318000e-01	-4.109204e-01	-8.273364e-01
1.319000e-01	-4.137481e-01	-8.295722e-01
1.320000e-01	-4.165001e-01	-8.317986e-01
1.321000e-01	-4.191758e-01	-8.340150e-01
1.322000e-01	-4.217749e-01	-8.362209e-01
1.323000e-01	-4.242976e-01	-8.384156e-01
1.324000e-01	-4.267442e-01	-8.405985e-01
1.325000e-01	-4.291154e-01	-8.427691e-01
1.326000e-01	-4.314123e-01	-8.449270e-01
1.327000e-01	-4.336361e-01	-8.470717e-01
1.328000e-01	-4.357886e-01	-8.492029e-01
1.329000e-01	-4.378716e-01	-8.513203e-01
1.330000e-01	-4.398871e-01	-8.534237e-01
1.331000e-01	-4.418375e-01	-8.555129e-01
1.332000e-01	-4.437253e-01	-8.575881e-01
1.333000e-01	-4.455529e-01	-8.596492e-01
1.334000e-01	-4.473232e-01	-8.616964e-01
1.335000e-01	-4.490388e-01	-8.637299e-01
1.336000e-01	-4.507024e-01	-8.657501e-01
1.337000e-01	-4.523168e-01	-8.677575e-01
1.338000e-01	-4.538845e-01	-8.697524e-01
1.339000e-01	-4.554081e-01	-8.717355e-01
1.340000e-01	-4.568899e-01	-8.737074e-01
1.341000e-01	-4.583320e-01	-8.756688e-01
1.342000e-01	-4.597363e-01	-8.776204e-01
1.343000e-01	-4.611047e-01	-8.795629e-01
1.344000e-01	-4.624384e-01	-8.814971e-01
1.345000e-01	-4.637387e-01	-8.834238e-01
1.346000e-01	-4.650064e-01	-8.853437e-01
1.347000e-01	-4.662420e-01	-8.872576e-01
1.348000e-01	-4.674458e-01	-8.891661e-01
1.349000e-01	-4.686178e-01	-8.910700e-01
1.350000e-01	-4.697575e-01	-8.929698e-01
1.351000e-01	-4.708643e-01	-8.948661e-01
1.352000e-01	-4.719375e-01	-8.967593e-01
1.353000e-01	-4.729758e-01	-8.986499e-01
1.354000e-01	-4.739778e-01	-9.005381e-01
1.355000e-01	-4.749422e-01	-9.024240e-01
1.356000e-01	-4.758672e-01	-9.043079e-01
1.357000e-01	-4.767511e-01	-9.061897e-01
1.358000e-01	-4.775919e-01	-9.080693e-01
1.359000e-01	-4.783877e-01	-9.099465e-01
1.360000e-01	-4.791367e-01	-9.118210e-01
1.361000e-01	-4.798369e-01	-9.136924e-01
1.362000e-01	-4.804864e-01	-9.155601e-01
1.363000e-01	-4.810837e-01	-9.174237e-01
1.364000e-01	-4.816269e-01	-9.192824e-01
1.365000e-01	-4.821146e-01	-9.211356e-01
1.366000e-01	-4.825456e-01	-9.229826e-01
1.367000e-01	-4.829187e-01	-9.248224e-01
1.368000e-01	-4.832330e-01	-9.266545e-01
1.369000e-01	-4.834882e-01	-9.284781e-01
1.370000e-01	-4.836856e-01	-9.302932e-01
1.371000e-01	-4.838266e-01	-9.321002e-01
1.372000e-01	-4.839132e-01	-9.338991e-01
1.373000e-01	-4.839470e-01	-9.356901e-01
1.374000e-01	-4.839301e-01	-9.374733e-01
1.375000e-01	-4.838642e-01	-9.392488e-01
1.376000e-01	-4.837515e-01	-9.410167e-01
1.377000e-01	-4.835935e-01	-9.427770e-01
1.378000e-01	-4.833924e-01	-9.445298e-01
1.379000e-01	-4.831500e-01	-9.462754e-01
1.380000e-01	-4.828684e-01	-9.480139e-01
1.381000e-01	-4.825495e-01	-9.497457e-01
1.382000e-01	-4.821951e-01	-9.514711e-01
1.383000e-01	-4.818070e-01	-9.531907e-01
1.384000e-01	-4.813867e-01	-9.549048e-01
1.385000e-01	-4.809357e-01	-9.566141e-01
1.386000e-01	-4.804552e-01	-9.583193e-01
1.387000e-01	-4.799465e-01	-9.600209e-01
1.388000e-01	-4.794103e-01	-9.617198e-01
1.389000e-01	-4.788476e-01	-9.634168e-01
1.390000e-01	-4.782589e-01	-9.651128e-01
1.391000e-01	-4.776446e-01	-9.668088e-01
1.392000e-01	-4.770049e-01	-9.685058e-01
1.393000e-01	-4.763401e-01	-9.702048e-01
1.394000e-01	-4.756499e-01	-9.719069e-01
1.395000e-01	-4.749343e-01	-9.736134e-01
1.396000e-01	-4.741931e-01	-9.753253e-01
1.397000e-01	-4.734257e-01	-9.770438e-01
1.398000e-01	-4.726329e-01	-9.787697e-01
1.399000e-01	-4.718173e-01	-9.805025e-01
1.400000e-01	-4.709817e-01	-9.822419e-01
1.401000e-01	-4.701290e-01	-9.839875e-01
1.402000e-01	-4.692621e-01	-9.857386e-01
1.403000e-01	-4.683839e-01	-9.874948e-01
1.404000e-01	-4.674975e-01	-9.892555e-01
1.405000e-01	-4.666058e-01	-9.910202e-01
1.406000e-01	-4.657119e-01	-9.927881e-01
1.407000e-01	-4.648188e-01	-9.945587e-01
1.408000e-01	-4.639297e-01	-9.963314e-01
1.409000e-01	-4.630476e-01	-9.981053e-01
1.410000e-01	-4.621756e-01	-9.998800e-01
1.411000e-01	-4.613168e-01	-1.001655e+00
1.412000e-01	-4.604742e-01	-1.003429e+00
1.413000e-01	-4.596510e-01	-1.005202e+00
1.414000e-01	-4.588500e-01	-1.006972e+00
1.415000e-01	-4.580743e-01	-1.008741e+00
1.416000e-01	-4.573269e-01	-1.010506e+00
1.417000e-01	-4.566104e-01	-1.012268e+00
1.418000e-01	-4.559278e-01	-1.014025e+00
1.419000e-01	-4.552817e-01	-1.015777e+00
1.420000e-01	-4.546747e-01	-1.017525e+00
1.421000e-01	-4.541094e-01	-1.019267e+00
1.422000e-01	-4.535880e-01	-1.021002e+00
1.423000e-01	-4.531129e-01	-1.022731e+00
1.424000e-01	-4.526862e-01	-1.024454e+00
1.425000e-01	-4.523099e-01	-1.026169e+00
1.426000e-01	-4.519858e-01	-1.027877e+00
1.427000e-01	-4.517156e-01	-1.029577e+00
1.428000e-01	-4.515010e-01	-1.031269e+00
1.429000e-01	-4.513431e-01	-1.032953e+00
1.430000e-01	-4.512434e-01	-1.034629e+00
1.431000e-01	-4.512028e-01	-1.036296e+00
1.432000e-01	-4.512223e-01	-1.037954e+00
1.433000e-01	-4.513024e-01	-1.039603e+00
1.434000e-01	-4.514439e-01	-1.041243e+00
1.435000e-01	-4.516470e-01	-1.042874e+00
1.436000e-01	-4.519120e-01	-1.044495e+00
1.437000e-01	-4.522389e-01	-1.046106e+00
1.438000e-01	-4.526277e-01	-1.047707e+00
1.439000e-01	-4.530780e-01	-1.049297e+00
1.440000e-01	-4.535895e-01	-1.050876e+00
1.441000e-01	-4.541615e-01	-1.052445e+00
1.442000e-01	-4.547934e-01	-1.054001e+00
1.443000e-01	-4.554843e-01	-1.055546e+00
1.444000e-01	-4.562332e-01	-1.057078e+00
1.445000e-01	-4.570390e-01	-1.058597e+00
1.446000e-01	-4.579006e-01	-1.060102e+00
1.447000e-01	-4.588166e-01	-1.061593e+00
1.448000e-01	-4.597857e-01	-1.063070e+00
1.449000e-01	-4.608062e-01	-1.064530e+00
1.450000e-01	-4.618766e-01	-1.065975e+00
1.451000e-01	-4.629951e-01	-1.067402e+00
1.452000e-01	-4.641601e-01	-1.068812e+00
1.453000e-01	-4.653696e-01	-1.070203e+00
1.454000e-01	-4.666217e-01	-1.071575e+00
1.455000e-01	-4.679145e-01	-1.072926e+00
1.456000e-01	-4.692459e-01	-1.074257e+00
1.457000e-01	-4.706137e-01	-1.075566e+00
1.458000e-01	-4.720158e-01	-1.076852e+00
1.459000e-01	-4.734499e-01	-1.078116e+00
1.460000e-01	-4.749139e-01	-1.079355e+00
1.461000e-01	-4.764054e-01	-1.080569e+00
1.462000e-01	-4.779221e-01	-1.081758e+00
1.463000e-01	-4.794614e-01	-1.082920e+00
1.464000e-01	-4.810211e-01	-1.084055e+00
1.465000e-01	-4.825986e-01	-1.085163e+00
1.466000e-01	-4.841914e-01	-1.086243e+00
1.467000e-01	-4.857969e-01	-1.087294e+00
1.468000e-01	-4.874126e-01	-1.088316e+00
1.469000e-01	-4.890358e-01	-1.089308e+00
1.470000e-01	-4.906638e-01	-1.090270e+00
1.471000e-01	-4.922941e-01	-1.091202e+00
1.472000e-01	-4.939239e-01	-1.092103e+00
1.473000e-01	-4.955504e-01	-1.092973e+00
1.474000e-01	-4.971709e-01	-1.093812e+00
1.475000e-01	-4.987827e-01	-1.094619e+00
1.476000e-01	-5.003830e-01	-1.095395e+00
1.477000e-01	-5.019692e-01	-1.096139e+00
1.478000e-01	-5.035384e-01	-1.096852e+00
1.479000e-01	-5.050876e-01	-1.097532e+00
1.480000e-01	-5.066142e-01	-1.098181e+00
1.481000e-01	-5.081153e-01	-1.098797e+00
1.482000e-01	-5.095882e-01	-1.099382e+00
1.483000e-01	-5.110302e-01	-1.099935e+00
1.484000e-01	-5.124388e-01	-1.100455e+00
1.485000e-01	-5.138115e-01	-1.100944e+00
1.486000e-01	-5.151461e-01	-1.101401e+00
1.487000e-01	-5.164405e-01	-1.101827e+00
1.488000e-01	-5.176928e-01	-1.102221e+00
1.489000e-01	-5.189014e-01	-1.102584e+00
1.490000e-01	-5.200649e-01	-1.102917e+00
1.491000e-01	-5.211823e-01	-1.103219e+00
1.492000e-01	-5.222528e-01	-1.103492e+00
1.493000e-01	-5.232758e-01	-1.103737e+00
1.494000e-01	-5.242510e-01	-1.103953e+00
1.495000e-01	-5.251784e-01	-1.104142e+00
1.496000e-01	-5.260584e-01	-1.104305e+00
1.497000e-01	-5.268913e-01	-1.104443e+00
1.498000e-01	-5.276780e-01	-1.104556e+00
1.499000e-01	-5.284193e-01	-1.104645e+00
1.500000e-01	-5.291163e-01	-1.104713e+00
1.501000e-01	-5.297703e-01	-1.104759e+00
1.502000e-01	-5.303826e-01	-1.104785e+00
1.503000e-01	-5.309546e-01	-1.104792e+00
1.504000e-01	-5.314878e-01	-1.104781e+00
1.505000e-01	-5.319835e-01	-1.104753e+00
1.506000e-01	-5.324433e-01	-1.104709e+00
1.507000e-01	-5.328684e-01	-1.104651e+00
1.508000e-01	-5.332602e-01	-1.104578e+00
1.509000e-01	-5.336198e-01	-1.104493e+00
1.510000e-01	-5.339480e-01	-1.104395e+00
1.511000e-01	-5.342457e-01	-1.104285e+00
1.512000e-01	-5.345135e-01	-1.104165e+00
1.513000e-01	-5.347516e-01	-1.104034e+00
1.514000e-01	-5.349601e-01	-1.103893e+00
1.515000e-01	-5.351390e-01	-1.103742e+00
1.516000e-01	-5.352877e-01	-1.103581e+00
1.517000e-01	-5.354056e-01	-1.103411e+00
1.518000e-01	-5.354918e-01	-1.103231e+00
1.519000e-01	-5.355451e-01	-1.103041e+00
1.520000e-01	-5.355640e-01	-1.102842e+00
1.521000e-01	-5.355469e-01	-1.102632e+00
1.522000e-01	-5.354918e-01	-1.102412e+00
1.523000e-01	-5.353969e-01	-1.102182e+00
1.524000e-01	-5.352598e-01	-1.101939e+00
1.525000e-01	-5.350783e-01	-1.101685e+00
1.526000e-01	-5.348500e-01	-1.101418e+00
1.527000e-01	-5.345723e-01	-1.101139e+00
1.528000e-01	-5.342429e-01	-1.100845e+00
1.529000e-01	-5.338593e-01	-1.100537e+00
1.530000e-01	-5.334190e-01	-1.100215e+00
1.531000e-01	-5.329197e-01	-1.099877e+00
1.532000e-01	-5.323593e-01	-1.099522e+00
1.533000e-01	-5.317355e-01	-1.099151e+00
1.534000e-01	-5.310466e-01	-1.098763e+00
1.535000e-01	-5.302908e-01	-1.098358e+00
1.536000e-01	-5.294667e-01	-1.097934e+00
1.537000e-01	-5.285732e-01	-1.097492e+00
1.538000e-01	-5.276091e-01	-1.097032e+00
1.539000e-01	-5.265739e-01	-1.096553e+00
1.540000e-01	-5.254671e-01	-1.096055e+00
1.541000e-01	-5.242887e-01	-1.095538e+00
1.542000e-01	-5.230389e-01	-1.095002e+00
1.543000e-01	-5.217180e-01	-1.094448e+00
1.544000e-01	-5.203268e-01	-1.093874e+00
1.545000e-01	-5.188664e-01	-1.093282e+00
1.546000e-01	-5.173379e-01	-1.092672e+00
1.547000e-01	-5.157427e-01	-1.092043e+00
1.548000e-01	-5.140825e-01	-1.091397e+00
1.549000e-01	-5.123591e-01	-1.090733e+00
1.550000e-01	-5.105745e-01	-1.090051e+00
1.551000e-01	-5.087307e-01	-1.089353e+00
1.552000e-01	-5.068298e-01	-1.088638e+00
1.553000e-01	-5.048740e-01	-1.087906e+00
1.554000e-01	-5.028656e-01	-1.087158e+00
1.555000e-01	-5.008066e-01	-1.086394e+00
1.556000e-01	-4.986993e-01	-1.085613e+00
1.557000e-01	-4.965458e-01	-1.084817e+00
1.558000e-01	-4.943481e-01	-1.084004e+00
1.559000e-01	-4.921079e-01	-1.083176e+00
1.560000e-01	-4.898272e-01	-1.082331e+00
1.561000e-01	-4.875073e-01	-1.081469e+00
1.562000e-01	-4.851499e-01	-1.080590e+00
1.563000e-01	-4.827561e-01	-1.079694e+00
1.564000e-01	-4.803270e-01	-1.078780e+00
1.565000e-01	-4.778635e-01	-1.077848e+00
1.566000e-01	-4.753663e-01	-1.076896e+00
1.567000e-01	-4.728360e-01	-1.075924e+00
1.568000e-01	-4.702730e-01	-1.074931e+00
1.569000e-01	-4.676775e-01	-1.073917e+00
1.570000e-01	-4.650496e-01	-1.072879e+00
1.571000e-01	-4.623893e-01	-1.071818e+00
1.572000e-01	-4.596966e-01	-1.070731e+00
1.573000e-01	-4.569713e-01	-1.069618e+00
1.574000e-01	-4.542133e-01	-1.068478e+00
1.575000e-01	-4.514226e-01	-1.067310e+00
1.576000e-01	-4.486018e-01	-1.066113e+00
1.577000e-01	-4.457547e-01	-1.064889e+00
1.578000e-01	-4.428850e-01	-1.063639e+00
1.579000e-01	-4.399965e-01	-1.062363e+00
1.580000e-01	-4.370931e-01	-1.061062e+00
1.581000e-01	-4.341787e-01	-1.059738e+00
1.582000e-01	-4.312573e-01	-1.058390e+00
1.583000e-01	-4.283328e-01	-1.057020e+00
1.584000e-01	-4.254094e-01	-1.055628e+00
1.585000e-01	-4.224909e-01	-1.054216e+00
1.586000e-01	-4.195815e-01	-1.052783e+00
1.587000e-01	-4.166851e-01	-1.051331e+00
1.588000e-01	-4.138056e-01	-1.049860e+00
1.589000e-01	-4.109472e-01	-1.048372e+00
1.590000e-01	-4.081137e-01	-1.046865e+00
1.591000e-01	-4.053089e-01	-1.045342e+00
1.592000e-01	-4.025367e-01	-1.043802e+00
1.593000e-01	-3.998008e-01	-1.042247e+00
1.594000e-01	-3.971049e-01	-1.040675e+00
1.595000e-01	-3.944526e-01	-1.039088e+00
1.596000e-01	-3.918474e-01	-1.037486e+00
1.597000e-01	-3.892926e-01	-1.035869e+00
1.598000e-01	-3.867917e-01	-1.034237e+00
1.599000e-01	-3.843478e-01	-1.032592e+00
1.600000e-01	-3.819639e-01	-1.030931e+00
1.601000e-01	-3.796430e-01	-1.029257e+00
1.602000e-01	-3.773880e-01	-1.027569e+00
1.603000e-01	-3.752015e-01	-1.025866e+00
1.604000e-01	-3.730860e-01	-1.024150e+00
1.605000e-01	-3.710440e-01	-1.022420e+00
1.606000e-01	-3.690778e-01	-1.020676e+00
1.607000e-01	-3.671894e-01	-1.018918e+00
1.608000e-01	-3.653809e-01	-1.017147e+00
1.609000e-01	-3.636542e-01	-1.015362e+00
1.610000e-01	-3.620109e-01	-1.013563e+00
1.611000e-01	-3.604525e-01	-1.011751e+00
1.612000e-01	-3.589805e-01	-1.009925e+00
1.613000e-01	-3.575961e-01	-1.008087e+00
1.614000e-01	-3.563004e-01	-1.006235e+00
1.615000e-01	-3.550945e-01	-1.004370e+00
1.616000e-01	-3.539790e-01	-1.002492e+00
1.617000e-01	-3.529548e-01	-1.000602e+00
1.618000e-01	-3.520223e-01	-9.986995e-01
1.619000e-01	-3.511819e-01	-9.967847e-01
1.620000e-01	-3.504338e-01	-9.948579e-01
1.621000e-01	-3.497783e-01	-9.929195e-01
1.622000e-01	-3.492153e-01	-9.909697e-01
1.623000e-01	-3.487447e-01	-9.890088e-01
1.624000e-01	-3.483661e-01	-9.870370e-01
1.625000e-01	-3.480792e-01	-9.850546e-01
1.626000e-01	-3.478834e-01	-9.830619e-01
1.627000e-01	-3.477781e-01	-9.810592e-01
1.628000e-01	-3.477626e-01	-9.790467e-01
1.629000e-01	-3.478359e-01	-9.770246e-01
1.630000e-01	-3.479970e-01	-9.749931e-01
1.631000e-01	-3.482449e-01	-9.729525e-01
1.632000e-01	-3.485783e-01	-9.709029e-01
1.633000e-01	-3.489958e-01	-9.688444e-01
1.634000e-01	-3.494960e-01	-9.667771e-01
1.635000e-01	-3.500773e-01	-9.647011e-01
1.636000e-01	-3.507381e-01	-9.626164e-01
1.637000e-01	-3.514766e-01	-9.605230e-01
1.638000e-01	-3.522910e-01	-9.584208e-01
1.639000e-01	-3.531794e-01	-9.563097e-01
1.640000e-01	-3.541396e-01	-9.541897e-01
1.641000e-01	-3.551696e-01	-9.520605e-01
1.642000e-01	-3.562672e-01	-9.499219e-01
1.643000e-01	-3.574301e-01	-9.477736e-01
1.644000e-01	-3.586560e-01	-9.456155e-01
1.645000e-01	-3.599424e-01	-9.434470e-01
1.646000e-01	-3.612869e-01	-9.412681e-01
1.647000e-01	-3.626869e-01	-9.390781e-01
1.648000e-01	-3.641400e-01	-9.368769e-01
1.649000e-01	-3.656434e-01	-9.346639e-01
1.650000e-01	-3.671944e-01	-9.324388e-01
1.651000e-01	-3.687905e-01	-9.302012e-01
1.652000e-01	-3.704290e-01	-9.279505e-01
1.653000e-01	-3.721070e-01	-9.256865e-01
1.654000e-01	-3.738218e-01	-9.234088e-01
1.655000e-01	-3.755708e-01	-9.211168e-01
1.656000e-01	-3.773512e-01	-9.188103e-01
1.657000e-01	-3.791602e-01	-9.164889e-01
1.658000e-01	-3.809953e-01	-9.141523e-01
1.659000e-01	-3.828536e-01	-9.118001e-01
1.660000e-01	-3.847326e-01	-9.094321e-01
1.661000e-01	-3.866298e-01	-9.070481e-01
1.662000e-01	-3.885424e-01	-9.046478e-01
1.663000e-01	-3.904682e-01	-9.022312e-01
1.664000e-01	-3.924046e-01	-8.997980e-01
1.665000e-01	-3.943492e-01	-8.973482e-01
1.666000e-01	-3.962999e-01	-8.948817e-01
1.667000e-01	-3.982543e-01	-8.923985e-01
1.668000e-01	-4.002103e-01	-8.898986e-01
1.669000e-01	-4.021659e-01	-8.873821e-01
1.670000e-01	-4.041192e-01	-8.848492e-01
1.671000e-01	-4.060682e-01	-8.822998e-01
1.672000e-01	-4.080111e-01	-8.797341e-01
1.673000e-01	-4.099464e-01	-8.771523e-01
1.674000e-01	-4.118724e-01	-8.745547e-01
1.675000e-01	-4.137876e-01	-8.719413e-01
1.676000e-01	-4.156905e-01	-8.693124e-01
1.677000e-01	-4.175800e-01	-8.666683e-01
1.678000e-01	-4.194548e-01	-8.640091e-01
1.679000e-01	-4.213138e-01	-8.613351e-01
1.680000e-01	-4.231559e-01	-8.586466e-01
1.681000e-01	-4.249802e-01	-8.559437e-01
1.682000e-01	-4.267860e-01	-8.532266e-01
1.683000e-01	-4.285723e-01	-8.504957e-01
1.684000e-01	-4.303385e-01	-8.477509e-01
1.685000e-01	-4.320841e-01	-8.449926e-01
1.686000e-01	-4.338084e-01	-8.422209e-01
1.687000e-01	-4.355110e-01	-8.394359e-01
1.688000e-01	-4.371916e-01	-8.366377e-01
1.689000e-01	-4.388497e-01	-8.338265e-01
1.690000e-01	-4.404850e-01	-8.310022e-01
1.691000e-01	-4.420974e-01	-8.281649e-01
1.692000e-01	-4.436867e-01	-8.253148e-01
1.693000e-01	-4.452528e-01	-8.224517e-01
1.694000e-01	-4.467955e-01	-8.195757e-01
1.695000e-01	-4.483148e-01	-8.166868e-01
1.696000e-01	-4.498107e-01	-8.137848e-01
1.697000e-01	-4.512833e-01	-8.108699e-01
1.698000e-01	-4.527325e-01	-8.079419e-01
1.699000e-01	-4.541586e-01	-8.050009e-01
1.700000e-01	-4.555616e-01	-8.020466e-01
1.701000e-01	-4.569417e-01	-7.990791e-01
1.702000e-01	-4.582990e-01	-7.960984e-01
1.703000e-01	-4.596338e-01	-7.931043e-01
1.704000e-01	-4.609464e-01	-7.900969e-01
1.705000e-01	-4.622369e-01	-7.870762e-01
1.706000e-01	-4.635056e-01	-7.840420e-01
1.707000e-01	-4.647529e-01	-7.809946e-01
1.708000e-01	-4.659791e-01	-7.779338e-01
1.709000e-01	-4.671845e-01	-7.748598e-01
1.710000e-01	-4.683695e-01	-7.717727e-01
1.711000e-01	-4.695346e-01	-7.686724e-01
1.712000e-01	-4.706801e-01	-7.655592e-01
1.713000e-01	-4.718064e-01	-7.624333e-01
1.714000e-01	-4.729142e-01	-7.592947e-01
1.715000e-01	-4.740038e-01	-7.561437e-01
1.716000e-01	-4.750758e-01	-7.529805e-01
1.717000e-01	-4.761308e-01	-7.498053e-01
1.718000e-01	-4.771692e-01	-7.466184e-01
1.719000e-01	-4.781917e-01	-7.434200e-01
1.720000e-01	-4.791989e-01	-7.402105e-01
1.721000e-01	-4.801914e-01	-7.369902e-01
1.722000e-01	-4.811698e-01	-7.337593e-01
1.723000e-01	-4.821348e-01	-7.305181e-01
1.724000e-01	-4.830871e-01	-7.272670e-01
1.725000e-01	-4.840273e-01	-7.240062e-01
1.726000e-01	-4.849561e-01	-7.207361e-01
1.727000e-01	-4.858743e-01	-7.174570e-01
1.728000e-01	-4.867826e-01	-7.141691e-01
1.729000e-01	-4.876815e-01	-7.108727e-01
1.730000e-01	-4.885720e-01	-7.075680e-01
1.731000e-01	-4.894546e-01	-7.042554e-01
1.732000e-01	-4.903300e-01	-7.009350e-01
1.733000e-01	-4.911991e-01	-6.976070e-01
1.734000e-01	-4.920623e-01	-6.942716e-01
1.735000e-01	-4.929205e-01	-6.909289e-01
1.736000e-01	-4.937743e-01	-6.875790e-01
1.737000e-01	-4.946243e-01	-6.842220e-01
1.738000e-01	-4.954711e-01	-6.808581e-01
1.739000e-01	-4.963155e-01	-6.774872e-01
1.740000e-01	-4.971580e-01	-6.741093e-01
1.741000e-01	-4.979991e-01	-6.707245e-01
1.742000e-01	-4.988395e-01	-6.673327e-01
1.743000e-01	-4.996796e-01	-6.639339e-01
1.744000e-01	-5.005201e-01	-6.605280e-01
1.745000e-01	-5.013615e-01	-6.571149e-01
1.746000e-01	-5.022041e-01	-6.536946e-01
1.747000e-01	-5.030487e-01	-6.502669e-01
1.748000e-01	-5.038955e-01	-6.468318e-01
1.749000e-01	-5.047452e-01	-6.433891e-01
1.750000e-01	-5.055980e-01	-6.399388e-01
1.751000e-01	-5.064547e-01	-6.364806e-01
1.752000e-01	-5.073155e-01	-6.330146e-01
1.753000e-01	-5.081809e-01	-6.295407e-01
1.754000e-01	-5.090515e-01	-6.260587e-01
1.755000e-01	-5.099277e-01	-6.225686e-01
1.756000e-01	-5.108100e-01	-6.190704e-01
1.757000e-01	-5.116990e-01	-6.155640e-01
1.758000e-01	-5.125951e-01	-6.120495e-01
1.759000e-01	-5.134990e-01	-6.085269e-01
1.760000e-01	-5.144112e-01	-6.049962e-01
1.761000e-01	-5.153323e-01	-6.014575e-01
1.762000e-01	-5.162630e-01	-5.979109e-01
1.763000e-01	-5.172041e-01	-5.943565e-01
1.764000e-01	-5.181562e-01	-5.907946e-01
1.765000e-01	-5.191200e-01	-5.872252e-01
1.766000e-01	-5.200965e-01	-5.836485e-01
1.767000e-01	-5.210865e-01	-5.800649e-01
1.768000e-01	-5.220908e-01	-5.764745e-01
1.769000e-01	-5.231104e-01	-5.728777e-01
1.770000e-01	-5.241463e-01	-5.692747e-01
1.771000e-01	-5.251995e-01	-5.656659e-01
1.772000e-01	-5.262711e-01	-5.620516e-01
1.773000e-01	-5.273622e-01	-5.584321e-01
1.774000e-01	-5.284739e-01	-5.548078e-01
1.775000e-01	-5.296074e-01	-5.511790e-01
1.776000e-01	-5.307639e-01	-5.475462e-01
1.777000e-01	-5.319447e-01	-5.439097e-01
1.778000e-01	-5.331511e-01	-5.402699e-01
1.779000e-01	-5.343842e-01	-5.366272e-01
1.780000e-01	-5.356454e-01	-5.329819e-01
1.781000e-01	-5.369361e-01	-5.293345e-01
1.782000e-01	-5.382574e-01	-5.256853e-01
1.783000e-01	-5.396109e-01	-5.220348e-01
1.784000e-01	-5.409977e-01	-5.183832e-01
1.785000e-01	-5.424193e-01	-5.147309e-01
1.786000e-01	-5.438769e-01	-5.110783e-01
1.787000e-01	-5.453717e-01	-5.074257e-01
1.788000e-01	-5.469052e-01	-5.037736e-01
1.789000e-01	-5.484785e-01	-5.001221e-01
1.790000e-01	-5.500928e-01	-4.964717e-01
1.791000e-01	-5.517494e-01	-4.928227e-01
1.792000e-01	-5.534493e-01	-4.891753e-01
1.793000e-01	-5.551938e-01	-4.855300e-01
1.794000e-01	-5.569838e-01	-4.818870e-01
1.795000e-01	-5.588204e-01	-4.782467e-01
1.796000e-01	-5.607045e-01	-4.746094e-01
1.797000e-01	-5.626371e-01	-4.709755e-01
1.798000e-01	-5.646191e-01	-4.673452e-01
1.799000e-01	-5.666513e-01	-4.637189e-01
1.800000e-01	-5.687344e-01	-4.600970e-01
1.801000e-01	-5.708691e-01	-4.564798e-01
1.802000e-01	-5.730560e-01	-4.528678e-01
1.803000e-01	-5.752958e-01	-4.492614e-01
1.804000e-01	-5.775890e-01	-4.456609e-01
1.805000e-01	-5.799359e-01	-4.420669e-01
1.806000e-01	-5.823371e-01	-4.384797e-01
1.807000e-01	-5.847928e-01	-4.348998e-01
1.808000e-01	-5.873033e-01	-4.313278e-01
1.809000e-01	-5.898687e-01	-4.277643e-01
1.810000e-01	-5.924893e-01	-4.242096e-01
1.811000e-01	-5.951651e-01	-4.206644e-01
1.812000e-01	-5.978962e-01	-4.171293e-01
1.813000e-01	-6.006823e-01	-4.136049e-01
1.814000e-01	-6.035234e-01	-4.100918e-01
1.815000e-01	-6.064194e-01	-4.065907e-01
1.816000e-01	-6.093699e-01	-4.031022e-01
1.817000e-01	-6.123746e-01	-3.996269e-01
1.818000e-01	-6.154330e-01	-3.961657e-01
1.819000e-01	-6.185448e-01	-3.927191e-01
1.820000e-01	-6.217093e-01	-3.892878e-01
1.821000e-01	-6.249259e-01	-3.858727e-01
1.822000e-01	-6.281938e-01	-3.824743e-01
1.823000e-01	-6.315124e-01	-3.790934e-01
1.824000e-01	-6.348806e-01	-3.757306e-01
1.825000e-01	-6.382976e-01	-3.723868e-01
1.826000e-01	-6.417623e-01	-3.690625e-01
1.827000e-01	-6.452735e-01	-3.657585e-01
1.828000e-01	-6.488300e-01	-3.624754e-01
1.829000e-01	-6.524305e-01	-3.592139e-01
1.830000e-01	-6.560737e-01	-3.559746e-01
1.831000e-01	-6.597579e-01	-3.527581e-01
1.832000e-01	-6.634816e-01	-3.495650e-01
1.833000e-01	-6.672431e-01	-3.463960e-01
1.834000e-01	-6.710407e-01	-3.432515e-01
1.835000e-01	-6.748724e-01	-3.401320e-01
1.836000e-01	-6.787362e-01	-3.370382e-01
1.837000e-01	-6.826302e-01	-3.339704e-01
1.838000e-01	-6.865521e-01	-3.309292e-01
1.839000e-01	-6.904998e-01	-3.279150e-01
1.840000e-01	-6.944708e-01	-3.249281e-01
1.841000e-01	-6.984628e-01	-3.219689e-01
1.842000e-01	-7.024733e-01	-3.190379e-01
1.843000e-01	-7.064996e-01	-3.161354e-01
1.844000e-01	-7.105393e-01	-3.132616e-01
1.845000e-01	-7.145895e-01	-3.104169e-01
1.846000e-01	-7.186475e-01	-3.076016e-01
1.847000e-01	-7.227104e-01	-3.048158e-01
1.848000e-01	-7.267755e-01	-3.020600e-01
1.849000e-01	-7.308397e-01	-2.993343e-01
1.850000e-01	-7.349002e-01	-2.966388e-01
1.851000e-01	-7.389540e-01	-2.939740e-01
1.852000e-01	-7.429980e-01	-2.913398e-01
1.853000e-01	-7.470292e-01	-2.887366e-01
1.854000e-01	-7.510447e-01	-2.861646e-01
1.855000e-01	-7.550415e-01	-2.836237e-01
1.856000e-01	-7.590166e-01	-2.811142e-01
1.857000e-01	-7.629674e-01	-2.786362e-01
1.858000e-01	-7.668911e-01	-2.761897e-01
1.859000e-01	-7.707853e-01	-2.737745e-01
1.860000e-01	-7.746476e-01	-2.713907e-01
1.861000e-01	-7.784760e-01	-2.690379e-01
1.862000e-01	-7.822686e-01	-2.667160e-01
1.863000e-01	-7.860237e-01	-2.644245e-01
1.864000e-01	-7.897400e-01	-2.621631e-01
1.865000e-01	-7.934162e-01	-2.599311e-01
1.866000e-01	-7.970514e-01	-2.577280e-01
1.867000e-01	-8.006450e-01	-2.555530e-01
1.868000e-01	-8.041965e-01	-2.534054e-01
1.869000e-01	-8.077056e-01	-2.512843e-01
1.870000e-01	-8.111722e-01	-2.491887e-01
1.871000e-01	-8.145965e-01	-2.471178e-01
1.872000e-01	-8.179787e-01	-2.450704e-01
1.873000e-01	-8.213191e-01	-2.430456e-01
1.874000e-01	-8.246183e-01	-2.410421e-01
1.875000e-01	-8.278768e-01	-2.390589e-01
1.876000e-01	-8.310950e-01	-2.370949e-01
1.877000e-01	-8.342736e-01	-2.351490e-01
1.878000e-01	-8.374130e-01	-2.332201e-01
1.879000e-01	-8.405138e-01	-2.313071e-01
1.880000e-01	-8.435763e-01	-2.294091e-01
1.881000e-01	-8.466007e-01	-2.275250e-01
1.882000e-01	-8.495873e-01	-2.256540e-01
1.883000e-01	-8.525358e-01	-2.237952e-01
1.884000e-01	-8.554462e-01	-2.219480e-01
1.885000e-01	-8.583180e-01	-2.201116e-01
1.886000e-01	-8.611506e-01	-2.182855e-01
1.887000e-01	-8.639432e-01	-2.164691e-01
1.888000e-01	-8.666949e-01	-2.146622e-01
1.889000e-01	-8.694044e-01	-2.128645e-01
1.890000e-01	-8.720703e-01	-2.110756e-01
1.891000e-01	-8.746911e-01	-2.092956e-01
1.892000e-01	-8.772651e-01	-2.075243e-01
1.893000e-01	-8.797903e-01	-2.057620e-01
1.894000e-01	-8.822648e-01	-2.040086e-01
1.895000e-01	-8.846864e-01	-2.022643e-01
1.896000e-01	-8.870529e-01	-2.005296e-01
1.897000e-01	-8.893623e-01	-1.988046e-01
1.898000e-01	-8.916122e-01	-1.970896e-01
1.899000e-01	-8.938004e-01	-1.953852e-01
1.900000e-01	-8.959247e-01	-1.936916e-01
1.901000e-01	-8.979832e-01	-1.920093e-01
1.902000e-01	-8.999738e-01	-1.903387e-01
1.903000e-01	-9.018946e-01	-1.886801e-01
1.904000e-01	-9.037442e-01	-1.870340e-01
1.905000e-01	-9.055209e-01	-1.854007e-01
1.906000e-01	-9.072235e-01	-1.837805e-01
1.907000e-01	-9.088511e-01	-1.821737e-01
1.908000e-01	-9.104028e-01	-1.805804e-01
1.909000e-01	-9.118782e-01	-1.790010e-01
1.910000e-01	-9.132769e-01	-1.774355e-01
1.911000e-01	-9.145991e-01	-1.758839e-01
1.912000e-01	-9.158450e-01	-1.743464e-01
1.913000e-01	-9.170151e-01	-1.728228e-01
1.914000e-01	-9.181103e-01	-1.713131e-01
1.915000e-01	-9.191316e-01	-1.698172e-01
1.916000e-01	-9.200802e-01	-1.683348e-01
1.917000e-01	-9.209577e-01	-1.668659e-01
1.918000e-01	-9.217657e-01	-1.654100e-01
1.919000e-01	-9.225060e-01	-1.639671e-01
1.920000e-01	-9.231805e-01	-1.625369e-01
1.921000e-01	-9.237913e-01	-1.611190e-01
1.922000e-01	-9.243404e-01	-1.597133e-01
1.923000e-01	-9.248301e-01	-1.583194e-01
1.924000e-01	-9.252624e-01	-1.569373e-01
1.925000e-01	-9.256395e-01	-1.555666e-01
1.926000e-01	-9.259635e-01	-1.542072e-01
1.927000e-01	-9.262363e-01	-1.528592e-01
1.928000e-01	-9.264599e-01	-1.515223e-01
1.929000e-01	-9.266361e-01	-1.501967e-01
1.930000e-01	-9.267665e-01	-1.488825e-01
1.931000e-01	-9.268525e-01	-1.475799e-01
1.932000e-01	-9.268954e-01	-1.462890e-01
1.933000e-01	-9.268964e-01	-1.450102e-01
1.934000e-01	-9.268564e-01	-1.437440e-01
1.935000e-01	-9.267761e-01	-1.424908e-01
1.936000e-01	-9.266560e-01	-1.412511e-01
1.937000e-01	-9.264965e-01	-1.400257e-01
1.938000e-01	-9.262978e-01	-1.388152e-01
1.939000e-01	-9.260599e-01	-1.376203e-01
1.940000e-01	-9.257826e-01	-1.364419e-01
1.941000e-01	-9.254656e-01	-1.352809e-01
1.942000e-01	-9.251086e-01	-1.341382e-01
1.943000e-01	-9.247112e-01	-1.330147e-01
1.944000e-01	-9.242727e-01	-1.319113e-01
1.945000e-01	-9.237926e-01	-1.308291e-01
1.946000e-01	-9.232703e-01	-1.297690e-01
1.947000e-01	-9.227054e-01	-1.287319e-01
1.948000e-01	-9.220971e-01	-1.277190e-01
1.949000e-01	-9.214451e-01	-1.267310e-01
1.950000e-01	-9.207491e-01	-1.257689e-01
1.951000e-01	-9.200086e-01	-1.248335e-01
1.952000e-01	-9.192237e-01	-1.239256e-01
1.953000e-01	-9.183943e-01	-1.230461e-01
1.954000e-01	-9.175205e-01	-1.221955e-01
1.955000e-01	-9.166028e-01	-1.213745e-01
1.956000e-01	-9.156416e-01	-1.205836e-01
1.957000e-01	-9.146385e-01	-1.198230e-01
1.958000e-01	-9.135962e-01	-1.190924e-01
1.959000e-01	-9.125175e-01	-1.183912e-01
1.960000e-01	-9.114053e-01	-1.177190e-01
1.961000e-01	-9.102626e-01	-1.170755e-01
1.962000e-01	-9.090924e-01	-1.164600e-01
1.963000e-01	-9.078975e-01	-1.158722e-01
1.964000e-01	-9.066808e-01	-1.153116e-01
1.965000e-01	-9.054451e-01	-1.147780e-01
1.966000e-01	-9.041928e-01	-1.142709e-01
1.967000e-01	-9.029263e-01	-1.137902e-01
1.968000e-01	-9.016477e-01	-1.133358e-01
1.969000e-01	-9.003590e-01	-1.129076e-01
1.970000e-01	-8.990618e-01	-1.125055e-01
1.971000e-01	-8.977586e-01	-1.121294e-01
1.972000e-01	-8.964515e-01	-1.117789e-01
1.973000e-01	-8.951429e-01	-1.114537e-01
1.974000e-01	-8.938350e-01	-1.111535e-01
1.975000e-01	-8.925299e-01	-1.108779e-01
1.976000e-01	-8.912296e-01	-1.106267e-01
1.977000e-01	-8.899361e-01	-1.103994e-01
1.978000e-01	-8.886514e-01	-1.101957e-01
1.979000e-01	-8.873772e-01	-1.100153e-01
1.980000e-01	-8.861152e-01	-1.098578e-01
1.981000e-01	-8.848672e-01	-1.097227e-01
1.982000e-01	-8.836347e-01	-1.096098e-01
1.983000e-01	-8.824192e-01	-1.095184e-01
1.984000e-01	-8.812221e-01	-1.094483e-01
1.985000e-01	-8.800449e-01	-1.093989e-01
1.986000e-01	-8.788887e-01	-1.093698e-01
1.987000e-01	-8.777548e-01	-1.093605e-01
1.988000e-01	-8.766442e-01	-1.093704e-01
1.989000e-01	-8.755581e-01	-1.093991e-01
1.990000e-01	-8.744974e-01	-1.094460e-01
1.991000e-01	-8.734630e-01	-1.095105e-01
1.992000e-01	-8.724557e-01	-1.095922e-01
1.993000e-01	-8.714764e-01	-1.096903e-01
1.994000e-01	-8.705258e-01	-1.098045e-01
1.995000e-01	-8.696045e-01	-1.099340e-01
1.996000e-01	-8.687131e-01	-1.100783e-01
1.997000e-01	-8.678521e-01	-1.102368e-01
1.998000e-01	-8.670220e-01	-1.104090e-01
1.999000e-01	-8.662233e-01	-1.105943e-01
2.000000e-01	-8.654561e-01	-1.107921e-01
2.001000e-01	-8.647210e-01	-1.110019e-01
2.002000e-01	-8.640180e-01	-1.112233e-01
2.003000e-01	-8.633473e-01	-1.114555e-01
2.004000e-01	-8.627091e-01	-1.116983e-01
2.005000e-01	-8.621035e-01	-1.119511e-01
2.006000e-01	-8.615303e-01	-1.122135e-01
2.007000e-01	-8.609895e-01	-1.124852e-01
2.008000e-01	-8.604811e-01	-1.127656e-01
2.009000e-01	-8.600047e-01	-1.130546e-01
2.010000e-01	-8.595602e-01	-1.133517e-01
2.011000e-01	-8.591473e-01	-1.136567e-01
2.012000e-01	-8.587654e-01	-1.139694e-01
2.013000e-01	-8.584143e-01	-1.142896e-01
2.014000e-01	-8.580933e-01	-1.146170e-01
2.015000e-01	-8.578019e-01	-1.149516e-01
2.016000e-01	-8.575394e-01	-1.152932e-01
2.017000e-01	-8.573052e-01	-1.156418e-01
2.018000e-01	-8.570985e-01	-1.159972e-01
2.019000e-01	-8.569184e-01	-1.163596e-01
2.020000e-01	-8.567641e-01	-1.167288e-01
2.021000e-01	-8.566346e-01	-1.171049e-01
2.022000e-01	-8.565290e-01	-1.174880e-01
2.023000e-01	-8.564461e-01	-1.178781e-01
2.024000e-01	-8.563849e-01	-1.182754e-01
2.025000e-01	-8.563442e-01	-1.186798e-01
2.026000e-01	-8.563230e-01	-1.190916e-01
2.027000e-01	-8.563198e-01	-1.195108e-01
2.028000e-01	-8.563336e-01	-1.199376e-01
2.029000e-01	-8.563630e-01	-1.203722e-01
2.030000e-01	-8.564067e-01	-1.208145e-01
2.031000e-01	-8.564634e-01	-1.212649e-01
2.032000e-01	-8.565316e-01	-1.217234e-01
2.033000e-01	-8.566102e-01	-1.221902e-01
2.034000e-01	-8.566978e-01	-1.226654e-01
2.035000e-01	-8.567930e-01	-1.231491e-01
2.036000e-01	-8.568945e-01	-1.236415e-01
2.037000e-01	-8.570010e-01	-1.241428e-01
2.038000e-01	-8.571110e-01	-1.246529e-01
2.039000e-01	-8.572234e-01	-1.251722e-01
2.040000e-01	-8.573368e-01	-1.257006e-01
2.041000e-01	-8.574500e-01	-1.262384e-01
2.042000e-01	-8.575617e-01	-1.267856e-01
2.043000e-01	-8.576707e-01	-1.273424e-01
2.044000e-01	-8.577759e-01	-1.279089e-01
2.045000e-01	-8.578760e-01	-1.284852e-01
2.046000e-01	-8.579701e-01	-1.290716e-01
2.047000e-01	-8.580570e-01	-1.296681e-01
2.048000e-01	-8.581357e-01	-1.302748e-01
2.049000e-01	-8.582052e-01	-1.308921e-01
2.050000e-01	-8.582646e-01	-1.315201e-01
2.051000e-01	-8.583129e-01	-1.321589e-01
2.052000e-01	-8.583493e-01	-1.328089e-01
2.053000e-01	-8.583728e-01	-1.334702e-01
2.054000e-01	-8.583828e-01	-1.341432e-01
2.055000e-01	-8.583784e-01	-1.348281e-01
2.056000e-01	-8.583590e-01	-1.355252e-01
2.057000e-01	-8.583237e-01	-1.362349e-01
2.058000e-01	-8.582719e-01	-1.369575e-01
2.059000e-01	-8.582029e-01	-1.376934e-01
2.060000e-01	-8.581162e-01	-1.384430e-01
2.061000e-01	-8.580111e-01	-1.392067e-01
2.062000e-01	-8.578870e-01	-1.399850e-01
2.063000e-01	-8.577434e-01	-1.407783e-01
2.064000e-01	-8.575798e-01	-1.415871e-01
2.065000e-01	-8.573955e-01	-1.424119e-01
2.066000e-01	-8.571900e-01	-1.432532e-01
2.067000e-01	-8.569630e-01	-1.441116e-01
2.068000e-01	-8.567138e-01	-1.449875e-01
2.069000e-01	-8.564420e-01	-1.458814e-01
2.070000e-01	-8.561472e-01	-1.467940e-01
2.071000e-01	-8.558289e-01	-1.477258e-01
2.072000e-01	-8.554865e-01	-1.486773e-01
2.073000e-01	-8.551198e-01	-1.496490e-01
2.074000e-01	-8.547283e-01	-1.506414e-01
2.075000e-01	-8.543115e-01	-1.516551e-01
2.076000e-01	-8.538691e-01	-1.526906e-01
2.077000e-01	-8.534006e-01	-1.537483e-01
2.078000e-01	-8.529058e-01	-1.548288e-01
2.079000e-01	-8.523843e-01	-1.559324e-01
2.080000e-01	-8.518356e-01	-1.570596e-01
2.081000e-01	-8.512596e-01	-1.582108e-01
2.082000e-01	-8.506559e-01	-1.593864e-01
2.083000e-01	-8.500243e-01	-1.605868e-01
2.084000e-01	-8.493645e-01	-1.618123e-01
2.085000e-01	-8.486763e-01	-1.630632e-01
2.086000e-01	-8.479596e-01	-1.643399e-01
2.087000e-01	-8.472140e-01	-1.656425e-01
2.088000e-01	-8.464397e-01	-1.669714e-01
2.089000e-01	-8.456364e-01	-1.683268e-01
2.090000e-01	-8.448042e-01	-1.697090e-01
2.091000e-01	-8.439430e-01	-1.711180e-01
2.092000e-01	-8.430531e-01	-1.725540e-01
2.093000e-01	-8.421346e-01	-1.740172e-01
2.094000e-01	-8.411877e-01	-1.755077e-01
2.095000e-01	-8.402129e-01	-1.770254e-01
2.096000e-01	-8.392105e-01	-1.785706e-01
2.097000e-01	-8.381811e-01	-1.801432e-01
2.098000e-01	-8.371252e-01	-1.817431e-01
2.099000e-01	-8.360437e-01	-1.833705e-01
2.100000e-01	-8.349371e-01	-1.850252e-01
2.101000e-01	-8.338065e-01	-1.867073e-01
2.102000e-01	-8.326525e-01	-1.884167e-01
2.103000e-01	-8.314763e-01	-1.901533e-01
2.104000e-01	-8.302787e-01	-1.919172e-01
2.105000e-01	-8.290608e-01	-1.937083e-01
2.106000e-01	-8.278236e-01	-1.955267e-01
2.107000e-01	-8.265682e-01	-1.973723e-01
2.108000e-01	-8.252956e-01	-1.992453e-01
2.109000e-01	-8.240067e-01	-2.011456e-01
2.110000e-01	-8.227027e-01	-2.030736e-01
2.111000e-01	-8.213844e-01	-2.050292e-01
2.112000e-01	-8.200528e-01	-2.070128e-01
2.113000e-01	-8.187087e-01	-2.090245e-01
2.114000e-01	-8.173530e-01	-2.110647e-01
2.115000e-01	-8.159863e-01	-2.131338e-01
2.116000e-01	-8.146092e-01	-2.152321e-01
2.117000e-01	-8.132224e-01	-2.173601e-01
2.118000e-01	-8.118264e-01	-2.195183e-01
2.119000e-01	-8.104214e-01	-2.217073e-01
2.120000e-01	-8.090079e-01	-2.239276e-01
2.121000e-01	-8.075861e-01	-2.261800e-01
2.122000e-01	-8.061561e-01	-2.284650e-01
2.123000e-01	-8.047181e-01	-2.307835e-01
2.124000e-01	-8.032720e-01	-2.331361e-01
2.125000e-01	-8.018180e-01	-2.355237e-01
2.126000e-01	-8.003559e-01	-2.379470e-01
2.127000e-01	-7.988857e-01	-2.404070e-01
2.128000e-01	-7.974072e-01	-2.429043e-01
2.129000e-01	-7.959205e-01	-2.454400e-01
2.130000e-01	-7.944253e-01	-2.480148e-01
2.131000e-01	-7.929217e-01	-2.506295e-01
2.132000e-01	-7.914097e-01	-2.532849e-01
2.133000e-01	-7.898906e-01	-2.559814e-01
2.134000e-01	-7.883655e-01	-2.587193e-01
2.135000e-01	-7.868358e-01	-2.614989e-01
2.136000e-01	-7.853027e-01	-2.643203e-01
2.137000e-01	-7.837677e-01	-2.671840e-01
2.138000e-01	-7.822319e-01	-2.700902e-01
2.139000e-01	-7.806971e-01	-2.730392e-01
2.140000e-01	-7.791647e-01	-2.760311e-01
2.141000e-01	-7.776362e-01	-2.790664e-01
2.142000e-01	-7.761135e-01	-2.821451e-01
2.143000e-01	-7.745982e-01	-2.852676e-01
2.144000e-01	-7.730920e-01	-2.884340e-01
2.145000e-01	-7.715967e-01	-2.916447e-01
2.146000e-01	-7.701143e-01	-2.948998e-01
2.147000e-01	-7.686466e-01	-2.981997e-01
2.148000e-01	-7.671955e-01	-3.015446e-01
2.149000e-01	-7.657630e-01	-3.049348e-01
2.150000e-01	-7.643510e-01	-3.083706e-01
2.151000e-01	-7.629617e-01	-3.118523e-01
2.152000e-01	-7.615968e-01	-3.153803e-01
2.153000e-01	-7.602587e-01	-3.189548e-01
2.154000e-01	-7.589492e-01	-3.225763e-01
2.155000e-01	-7.576704e-01	-3.262451e-01
2.156000e-01	-7.564244e-01	-3.299616e-01
2.157000e-01	-7.552132e-01	-3.337262e-01
2.158000e-01	-7.540389e-01	-3.375393e-01
2.159000e-01	-7.529035e-01	-3.414013e-01
2.160000e-01	-7.518091e-01	-3.453127e-01
2.161000e-01	-7.507575e-01	-3.492739e-01
2.162000e-01	-7.497508e-01	-3.532853e-01
2.163000e-01	-7.487910e-01	-3.573473e-01
2.164000e-01	-7.478798e-01	-3.614604e-01
2.165000e-01	-7.470193e-01	-3.656251e-01
2.166000e-01	-7.462113e-01	-3.698417e-01
2.167000e-01	-7.454575e-01	-3.741107e-01
2.168000e-01	-7.447596e-01	-3.784324e-01
2.169000e-01	-7.441194e-01	-3.828071e-01
2.170000e-01	-7.435385e-01	-3.872354e-01
2.171000e-01	-7.430186e-01	-3.917174e-01
2.172000e-01	-7.425610e-01	-3.962535e-01
2.173000e-01	-7.421674e-01	-4.008440e-01
2.174000e-01	-7.418391e-01	-4.054890e-01
2.175000e-01	-7.415773e-01	-4.101888e-01
2.176000e-01	-7.413835e-01	-4.149435e-01
2.177000e-01	-7.412588e-01	-4.197533e-01
2.178000e-01	-7.412043e-01	-4.246182e-01
2.179000e-01	-7.412210e-01	-4.295383e-01
2.180000e-01	-7.413099e-01	-4.345136e-01
2.181000e-01	-7.414718e-01	-4.395440e-01
2.182000e-01	-7.417076e-01	-4.446295e-01
2.183000e-01	-7.420179e-01	-4.497699e-01
2.184000e-01	-7.424033e-01	-4.549652e-01
2.185000e-01	-7.428644e-01	-4.602150e-01
2.186000e-01	-7.434016e-01	-4.655191e-01
2.187000e-01	-7.440152e-01	-4.708773e-01
2.188000e-01	-7.447054e-01	-4.762893e-01
2.189000e-01	-7.454722e-01	-4.817547e-01
2.190000e-01	-7.463157e-01	-4.872732e-01
2.191000e-01	-7.472358e-01	-4.928443e-01
2.192000e-01	-7.482323e-01	-4.984677e-01
2.193000e-01	-7.493048e-01	-5.041430e-01
2.194000e-01	-7.504529e-01	-5.098695e-01
2.195000e-01	-7.516761e-01	-5.156470e-01
2.196000e-01	-7.529737e-01	-5.214748e-01
2.197000e-01	-7.543448e-01	-5.273524e-01
2.198000e-01	-7.557887e-01	-5.332794e-01
2.199000e-01	-7.573043e-01	-5.392551e-01
2.200000e-01	-7.588904e-01	-5.452791e-01
2.201000e-01	-7.605459e-01	-5.513507e-01
2.202000e-01	-7.622693e-01	-5.574694e-01
2.203000e-01	-7.640591e-01	-5.636345e-01
2.204000e-01	-7.659139e-01	-5.698455e-01
2.205000e-01	-7.678318e-01	-5.761018e-01
2.206000e-01	-7.698110e-01	-5.824027e-01
2.207000e-01	-7.718498e-01	-5.887476e-01
2.208000e-01	-7.739459e-01	-5.951359e-01
2.209000e-01	-7.760973e-01	-6.015668e-01
2.210000e-01	-7.783019e-01	-6.080398e-01
2.211000e-01	-7.805572e-01	-6.145541e-01
2.212000e-01	-7.828609e-01	-6.211090e-01
2.213000e-01	-7.852105e-01	-6.277038e-01
2.214000e-01	-7.876034e-01	-6.343377e-01
2.215000e-01	-7.900370e-01	-6.410100e-01
2.216000e-01	-7.925087e-01	-6.477197e-01
2.217000e-01	-7.950155e-01	-6.544662e-01
2.218000e-01	-7.975548e-01	-6.612485e-01
2.219000e-01	-8.001236e-01	-6.680657e-01
2.220000e-01	-8.027190e-01	-6.749169e-01
2.221000e-01	-8.053381e-01	-6.818012e-01
2.222000e-01	-8.079778e-01	-6.887175e-01
2.223000e-01	-8.106352e-01	-6.956649e-01
2.224000e-01	-8.133072e-01	-7.026421e-01
2.225000e-01	-8.159907e-01	-7.096483e-01
2.226000e-01	-8.186826e-01	-7.166822e-01
2.227000e-01	-8.213800e-01	-7.237426e-01
2.228000e-01	-8.240797e-01	-7.308284e-01
2.229000e-01	-8.267787e-01	-7.379383e-01
2.230000e-01	-8.294739e-01	-7.450711e-01
2.231000e-01	-8.321623e-01	-7.522255e-01
2.232000e-01	-8.348409e-01	-7.594001e-01
2.233000e-01	-8.375068e-01	-7.665937e-01
2.234000e-01	-8.401570e-01	-7.738047e-01
2.235000e-01	-8.427887e-01	-7.810320e-01
2.236000e-01	-8.453989e-01	-7.882741e-01
2.237000e-01	-8.479850e-01	-7.955295e-01
2.238000e-01	-8.505441e-01	-8.027969e-01
2.239000e-01	-8.530736e-01	-8.100747e-01
2.240000e-01	-8.555709e-01	-8.173617e-01
2.241000e-01	-8.580335e-01	-8.246564e-01
2.242000e-01	-8.604588e-01	-8.319572e-01
2.243000e-01	-8.628445e-01	-8.392629e-01
2.244000e-01	-8.651882e-01	-8.465720e-01
2.245000e-01	-8.674878e-01	-8.538830e-01
2.246000e-01	-8.697411e-01	-8.611946e-01
2.247000e-01	-8.719459e-01	-8.685054e-01
2.248000e-01	-8.741004e-01	-8.758140e-01
2.249000e-01	-8.762027e-01	-8.831191e-01
2.250000e-01	-8.782510e-01	-8.904193e-01
2.251000e-01	-8.802435e-01	-8.977134e-01
2.252000e-01	-8.821788e-01	-9.049999e-01
2.253000e-01	-8.840553e-01	-9.122777e-01
2.254000e-01	-8.858717e-01	-9.195455e-01
2.255000e-01	-8.876268e-01	-9.268019e-01
2.256000e-01	-8.893192e-01	-9.340459e-01
2.257000e-01	-8.909482e-01	-9.412761e-01
2.258000e-01	-8.925126e-01	-9.484915e-01
2.259000e-01	-8.940117e-01	-9.556907e-01
2.260000e-01	-8.954447e-01	-9.628726e-01
2.261000e-01	-8.968112e-01	-9.700361e-01
2.262000e-01	-8.981106e-01	-9.771800e-01
2.263000e-01	-8.993426e-01	-9.843032e-01
2.264000e-01	-9.005070e-01	-9.914045e-01
2.265000e-01	-9.016036e-01	-9.984828e-01
2.266000e-01	-9.026325e-01	-1.005537e+00
2.267000e-01	-9.035939e-01	-1.012566e+00
2.268000e-01	-9.044878e-01	-1.019568e+00
2.269000e-01	-9.053149e-01	-1.026543e+00
2.270000e-01	-9.060756e-01	-1.033489e+00
2.271000e-01	-9.067708e-01	-1.040405e+00
2.272000e-01	-9.074013e-01	-1.047291e+00
2.273000e-01	-9.079684e-01	-1.054145e+00
2.274000e-01	-9.084734e-01	-1.060966e+00
2.275000e-01	-9.089179e-01	-1.067754e+00
2.276000e-01	-9.093037e-01	-1.074507e+00
2.277000e-01	-9.096328e-01	-1.081225e+00
2.278000e-01	-9.099075e-01	-1.087907e+00
2.279000e-01	-9.101301e-01	-1.094552e+00
2.280000e-01	-9.103033e-01	-1.101160e+00
2.281000e-01	-9.104297e-01	-1.107730e+00
2.282000e-01	-9.105124e-01	-1.114262e+00
2.283000e-01	-9.105544e-01	-1.120755e+00
2.284000e-01	-9.105589e-01	-1.127208e+00
2.285000e-01	-9.105290e-01	-1.133621e+00
2.286000e-01	-9.104682e-01	-1.139995e+00
2.287000e-01	-9.103796e-01	-1.146327e+00
2.288000e-01	-9.102668e-01	-1.152618e+00
2.289000e-01	-9.101331e-01	-1.158867e+00
2.290000e-01	-9.099816e-01	-1.165075e+00
2.291000e-01	-9.098157e-01	-1.171240e+00
2.292000e-01	-9.096385e-01	-1.177361e+00
2.293000e-01	-9.094529e-01	-1.183439e+00
2.294000e-01	-9.092619e-01	-1.189473e+00
2.295000e-01	-9.090682e-01	-1.195461e+00
2.296000e-01	-9.088742e-01	-1.201404e+00
2.297000e-01	-9.086825e-01	-1.207300e+00
2.298000e-01	-9.084950e-01	-1.213149e+00
2.299000e-01	-9.083138e-01	-1.218950e+00
2.300000e-01	-9.081406e-01	-1.224702e+00
2.301000e-01	-9.079770e-01	-1.230403e+00
2.302000e-01	-9.078241e-01	-1.236052e+00
2.303000e-01	-9.076833e-01	-1.241649e+00
2.304000e-01	-9.075553e-01	-1.247192e+00
2.305000e-01	-9.074409e-01	-1.252680e+00
2.306000e-01	-9.073406e-01	-1.258111e+00
2.307000e-01	-9.072549e-01	-1.263485e+00
2.308000e-01	-9.071839e-01	-1.268799e+00
2.309000e-01	-9.071279e-01	-1.274051e+00
2.310000e-01	-9.070868e-01	-1.279242e+00
2.311000e-01	-9.070606e-01	-1.284369e+00
2.312000e-01	-9.070493e-01	-1.289430e+00
2.313000e-01	-9.070525e-01	-1.294424e+00
2.314000e-01	-9.070703e-01	-1.299350e+00
2.315000e-01	-9.071025e-01	-1.304206e+00
2.316000e-01	-9.071489e-01	-1.308991e+00
2.317000e-01	-9.072096e-01	-1.313703e+00
2.318000e-01	-9.072844e-01	-1.318340e+00
2.319000e-01	-9.073736e-01	-1.322903e+00
2.320000e-01	-9.074774e-01	-1.327389e+00
2.321000e-01	-9.075959e-01	-1.331798e+00
2.322000e-01	-9.077297e-01	-1.336128e+00
2.323000e-01	-9.078793e-01	-1.340377e+00
2.324000e-01	-9.080455e-01	-1.344547e+00
2.325000e-01	-9.082290e-01	-1.348634e+00
2.326000e-01	-9.084308e-01	-1.352639e+00
2.327000e-01	-9.086520e-01	-1.356562e+00
2.328000e-01	-9.088939e-01	-1.360400e+00
2.329000e-01	-9.091575e-01	-1.364155e+00
2.330000e-01	-9.094445e-01	-1.367824e+00
2.331000e-01	-9.097562e-01	-1.371409e+00
2.332000e-01	-9.100942e-01	-1.374908e+00
2.333000e-01	-9.104601e-01	-1.378321e+00
2.334000e-01	-9.108554e-01	-1.381649e+00
2.335000e-01	-9.112819e-01	-1.384890e+00
2.336000e-01	-9.117411e-01	-1.388045e+00
2.337000e-01	-9.122345e-01	-1.391113e+00
2.338000e-01	-9.127638e-01	-1.394094e+00
2.339000e-01	-9.133303e-01	-1.396989e+00
2.340000e-01	-9.139355e-01	-1.399796e+00
2.341000e-01	-9.145804e-01	-1.402517e+00
2.342000e-01	-9.152663e-01	-1.405149e+00
2.343000e-01	-9.159941e-01	-1.407695e+00
2.344000e-01	-9.167646e-01	-1.410152e+00
2.345000e-01	-9.175785e-01	-1.412522e+00
2.346000e-01	-9.184362e-01	-1.414803e+00
2.347000e-01	-9.193381e-01	-1.416995e+00
2.348000e-01	-9.202843e-01	-1.419099e+00
2.349000e-01	-9.212748e-01	-1.421113e+00
2.350000e-01	-9.223092e-01	-1.423038e+00
2.351000e-01	-9.233873e-01	-1.424872e+00
2.352000e-01	-9.245085e-01	-1.426616e+00
2.353000e-01	-9.256721e-01	-1.428268e+00
2.354000e-01	-9.268772e-01	-1.429829e+00
2.355000e-01	-9.281229e-01	-1.431297e+00
2.356000e-01	-9.294083e-01	-1.432673e+00
2.357000e-01	-9.307320e-01	-1.433955e+00
2.358000e-01	-9.320930e-01	-1.435144e+00
2.359000e-01	-9.334900e-01	-1.436238e+00
2.360000e-01	-9.349217e-01	-1.437238e+00
2.361000e-01	-9.363868e-01	-1.438142e+00
2.362000e-01	-9.378840e-01	-1.438951e+00
2.363000e-01	-9.394123e-01	-1.439663e+00
2.364000e-01	-9.409702e-01	-1.440279e+00
2.365000e-01	-9.425568e-01	-1.440799e+00
2.366000e-01	-9.441710e-01	-1.441221e+00
2.367000e-01	-9.458119e-01	-1.441547e+00
2.368000e-01	-9.474786e-01	-1.441776e+00
2.369000e-01	-9.491705e-01	-1.441908e+00
2.370000e-01	-9.508868e-01	-1.441943e+00
2.371000e-01	-9.526273e-01	-1.441882e+00
2.372000e-01	-9.543915e-01	-1.441725e+00
2.373000e-01	-9.561793e-01	-1.441472e+00
2.374000e-01	-9.579904e-01	-1.441124e+00
2.375000e-01	-9.598251e-01	-1.440681e+00
2.376000e-01	-9.616834e-01	-1.440145e+00
2.377000e-01	-9.635655e-01	-1.439515e+00
2.378000e-01	-9.654718e-01	-1.438793e+00
2.379000e-01	-9.674026e-01	-1.437981e+00
2.380000e-01	-9.693584e-01	-1.437077e+00
2.381000e-01	-9.713396e-01	-1.436085e+00
2.382000e-01	-9.733468e-01	-1.435004e+00
2.383000e-01	-9.753803e-01	-1.433837e+00
2.384000e-01	-9.774406e-01	-1.432584e+00
2.385000e-01	-9.795282e-01	-1.431246e+00
2.386000e-01	-9.816432e-01	-1.429825e+00
2.387000e-01	-9.837861e-01	-1.428322e+00
2.388000e-01	-9.859569e-01	-1.426738e+00
2.389000e-01	-9.881556e-01	-1.425074e+00
2.390000e-01	-9.903822e-01	-1.423332e+00
2.391000e-01	-9.926363e-01	-1.421512e+00
2.392000e-01	-9.949175e-01	-1.419617e+00
2.393000e-01	-9.972252e-01	-1.417647e+00
2.394000e-01	-9.995586e-01	-1.415603e+00
2.395000e-01	-1.001917e+00	-1.413486e+00
2.396000e-01	-1.004299e+00	-1.411298e+00
2.397000e-01	-1.006703e+00	-1.409038e+00
2.398000e-01	-1.009127e+00	-1.406709e+00
2.399000e-01	-1.011571e+00	-1.404312e+00
2.400000e-01	-1.014032e+00	-1.401846e+00
2.401000e-01	-1.016508e+00	-1.399313e+00
2.402000e-01	-1.018998e+00	-1.396714e+00
2.403000e-01	-1.021497e+00	-1.394049e+00
2.404000e-01	-1.024006e+00	-1.391320e+00
2.405000e-01	-1.026519e+00	-1.388526e+00
2.406000e-01	-1.029036e+00	-1.385669e+00
2.407000e-01	-1.031554e+00	-1.382749e+00
2.408000e-01	-1.034069e+00	-1.379768e+00
2.409000e-01	-1.036580e+00	-1.376725e+00
2.410000e-01	-1.039082e+00	-1.373622e+00
2.411000e-01	-1.041574e+00	-1.370459e+00
2.412000e-01	-1.044053e+00	-1.367238e+00
2.413000e-01	-1.046516e+00	-1.363958e+00
2.414000e-01	-1.048961e+00	-1.360621e+00
2.415000e-01	-1.051385e+00	-1.357228e+00
2.416000e-01	-1.053786e+00	-1.353780e+00
2.417000e-01	-1.056160e+00	-1.350277e+00
2.418000e-01	-1.058507e+00	-1.346722e+00
2.419000e-01	-1.060824e+00	-1.343114e+00
2.420000e-01	-1.063108e+00	-1.339455e+00
2.421000e-01	-1.065359e+00	-1.335746e+00
2.422000e-01	-1.067574e+00	-1.331989e+00
2.423000e-01	-1.069751e+00	-1.328185e+00
2.424000e-01	-1.071890e+00	-1.324335e+00
2.425000e-01	-1.073988e+00	-1.320441e+00
2.426000e-01	-1.076044e+00	-1.316504e+00
2.427000e-01	-1.078057e+00	-1.312525e+00
2.428000e-01	-1.080026e+00	-1.308506e+00
2.429000e-01	-1.081949e+00	-1.304448e+00
2.430000e-01	-1.083825e+00	-1.300354e+00
2.431000e-01	-1.085654e+00	-1.296224e+00
2.432000e-01	-1.087434e+00	-1.292060e+00
2.433000e-01	-1.089165e+00	-1.287863e+00
2.434000e-01	-1.090844e+00	-1.283635e+00
2.435000e-01	-1.092471e+00	-1.279378e+00
2.436000e-01	-1.094045e+00	-1.275092e+00
2.437000e-01	-1.095565e+00	-1.270779e+00
2.438000e-01	-1.097030e+00	-1.266440e+00
2.439000e-01	-1.098437e+00	-1.262076e+00
2.440000e-01	-1.099786e+00	-1.257688e+00
2.441000e-01	-1.101075e+00	-1.253277e+00
2.442000e-01	-1.102303e+00	-1.248845e+00
2.443000e-01	-1.103468e+00	-1.244391e+00
2.444000e-01	-1.104567e+00	-1.239917e+00
2.445000e-01	-1.105601e+00	-1.235423e+00
2.446000e-01	-1.106566e+00	-1.230909e+00
2.447000e-01	-1.107460e+00	-1.226377e+00
2.448000e-01	-1.108282e+00	-1.221827e+00
2.449000e-01	-1.109030e+00	-1.217258e+00
2.450000e-01	-1.109701e+00	-1.212671e+00
2.451000e-01	-1.110293e+00	-1.208066e+00
2.452000e-01	-1.110805e+00	-1.203444e+00
2.453000e-01	-1.111234e+00	-1.198804e+00
2.454000e-01	-1.111579e+00	-1.194146e+00
2.455000e-01	-1.111836e+00	-1.189470e+00
2.456000e-01	-1.112005e+00	-1.184776e+00
2.457000e-01	-1.112084e+00	-1.180064e+00
2.458000e-01	-1.112071e+00	-1.175334e+00
2.459000e-01	-1.111964e+00	-1.170585e+00
2.460000e-01	-1.111762e+00	-1.165818e+00
2.461000e-01	-1.111464e+00	-1.161031e+00
2.462000e-01	-1.111069e+00	-1.156226e+00
2.463000e-01	-1.110575e+00	-1.151401e+00
2.464000e-01	-1.109983e+00	-1.146557e+00
2.465000e-01	-1.109291e+00	-1.141694e+00
2.466000e-01	-1.108499e+00	-1.136811e+00
2.467000e-01	-1.107607e+00	-1.131908e+00
2.468000e-01	-1.106616e+00	-1.126985e+00
2.469000e-01	-1.105525e+00	-1.122042e+00
2.470000e-01	-1.104335e+00	-1.117080e+00
2.471000e-01	-1.103049e+00	-1.112099e+00
2.472000e-01	-1.101670e+00	-1.107100e+00
2.473000e-01	-1.100202e+00	-1.102086e+00
2.474000e-01	-1.098649e+00	-1.097057e+00
2.475000e-01	-1.097015e+00	-1.092016e+00
2.476000e-01	-1.095304e+00	-1.086963e+00
2.477000e-01	-1.093521e+00	-1.081901e+00
2.478000e-01	-1.091670e+00	-1.076830e+00
2.479000e-01	-1.089756e+00	-1.071753e+00
2.480000e-01	-1.087783e+00	-1.066670e+00
2.481000e-01	-1.085756e+00	-1.061584e+00
2.482000e-01	-1.083679e+00	-1.056495e+00
2.483000e-01	-1.081558e+00	-1.051405e+00
2.484000e-01	-1.079397e+00	-1.046316e+00
2.485000e-01	-1.077200e+00	-1.041229e+00
2.486000e-01	-1.074973e+00	-1.036146e+00
2.487000e-01	-1.072720e+00	-1.031066e+00
2.488000e-01	-1.070445e+00	-1.025993e+00
2.489000e-01	-1.068155e+00	-1.020927e+00
2.490000e-01	-1.065853e+00	-1.015869e+00
2.491000e-01	-1.063544e+00	-1.010821e+00
2.492000e-01	-1.061232e+00	-1.005783e+00
2.493000e-01	-1.058923e+00	-1.000758e+00
2.494000e-01	-1.056621e+00	-9.957458e-01
2.495000e-01	-1.054330e+00	-9.907479e-01
2.496000e-01	-1.052054e+00	-9.857653e-01
2.497000e-01	-1.049799e+00	-9.807992e-01
2.498000e-01	-1.047569e+00	-9.758507e-01
2.499000e-01	-1.045367e+00	-9.709208e-01
2.500000e-01	-1.043198e+00	-9.660106e-01
2.501000e-01	-1.041066e+00	-9.611211e-01
2.502000e-01	-1.038975e+00	-9.562533e-01
2.503000e-01	-1.036930e+00	-9.514083e-01
2.504000e-01	-1.034933e+00	-9.465870e-01
2.505000e-01	-1.032990e+00	-9.417905e-01
2.506000e-01	-1.031102e+00	-9.370197e-01
2.507000e-01	-1.029275e+00	-9.322757e-01
2.508000e-01	-1.027511e+00	-9.275594e-01
2.509000e-01	-1.025815e+00	-9.228718e-01
2.510000e-01	-1.024188e+00	-9.182139e-01
2.511000e-01	-1.022635e+00	-9.135866e-01
2.512000e-01	-1.021157e+00	-9.089908e-01
2.513000e-01	-1.019759e+00	-9.044275e-01
2.514000e-01	-1.018442e+00	-8.998976e-01
2.515000e-01	-1.017209e+00	-8.954020e-01
2.516000e-01	-1.016062e+00	-8.909415e-01
2.517000e-01	-1.015004e+00	-8.865171e-01
2.518000e-01	-1.014036e+00	-8.821295e-01
2.519000e-01	-1.013161e+00	-8.777795e-01
2.520000e-01	-1.012379e+00	-8.734680e-01
2.521000e-01	-1.011692e+00	-8.691956e-01
2.522000e-01	-1.011100e+00	-8.649630e-01
2.523000e-01	-1.010606e+00	-8.607709e-01
2.524000e-01	-1.010210e+00	-8.566198e-01
2.525000e-01	-1.009911e+00	-8.525103e-01
2.526000e-01	-1.009711e+00	-8.484429e-01
2.527000e-01	-1.009609e+00	-8.444181e-01
2.528000e-01	-1.009605e+00	-8.404362e-01
2.529000e-01	-1.009699e+00	-8.364977e-01
2.530000e-01	-1.009889e+00	-8.326026e-01
2.531000e-01	-1.010176e+00	-8.287514e-01
2.532000e-01	-1.010558e+00	-8.249441e-01
2.533000e-01	-1.011034e+00	-8.211807e-01
2.534000e-01	-1.011602e+00	-8.174614e-01
2.535000e-01	-1.012260e+00	-8.137862e-01
2.536000e-01	-1.013008e+00	-8.101548e-01
2.537000e-01	-1.013842e+00	-8.065672e-01
2.538000e-01	-1.014761e+00	-8.030231e-01
2.539000e-01	-1.015762e+00	-7.995222e-01
2.540000e-01	-1.016843e+00	-7.960643e-01
2.541000e-01	-1.018001e+00	-7.926488e-01
2.542000e-01	-1.019234e+00	-7.892755e-01
2.543000e-01	-1.020539e+00	-7.859437e-01
2.544000e-01	-1.021912e+00	-7.826530e-01
2.545000e-01	-1.023352e+00	-7.794029e-01
2.546000e-01	-1.024854e+00	-7.761926e-01
2.547000e-01	-1.026416e+00	-7.730217e-01
2.548000e-01	-1.028035e+00	-7.698894e-01
2.549000e-01	-1.029707e+00	-7.667952e-01
2.550000e-01	-1.031430e+00	-7.637382e-01
2.551000e-01	-1.033200e+00	-7.607179e-01
2.552000e-01	-1.035015e+00	-7.577335e-01
2.553000e-01	-1.036870e+00	-7.547844e-01
2.554000e-01	-1.038763e+00	-7.518698e-01
2.555000e-01	-1.040692e+00	-7.489890e-01
2.556000e-01	-1.042652e+00	-7.461413e-01
2.557000e-01	-1.044641e+00	-7.433261e-01
2.558000e-01	-1.046656e+00	-7.405426e-01
2.559000e-01	-1.048695e+00	-7.377902e-01
2.560000e-01	-1.050753e+00	-7.350682e-01
2.561000e-01	-1.052830e+00	-7.323760e-01
2.562000e-01	-1.054921e+00	-7.297129e-01
2.563000e-01	-1.057025e+00	-7.270784e-01
2.564000e-01	-1.059139e+00	-7.244717e-01
2.565000e-01	-1.061261e+00	-7.218924e-01
2.566000e-01	-1.063387e+00	-7.193398e-01
2.567000e-01	-1.065516e+00	-7.168133e-01
2.568000e-01	-1.067646e+00	-7.143125e-01
2.569000e-01	-1.069774e+00	-7.118366e-01
2.570000e-01	-1.071899e+00	-7.093852e-01
2.571000e-01	-1.074018e+00	-7.069578e-01
2.572000e-01	-1.076129e+00	-7.045536e-01
2.573000e-01	-1.078230e+00	-7.021723e-01
2.574000e-01	-1.080320e+00	-6.998132e-01
2.575000e-01	-1.082397e+00	-6.974757e-01
2.576000e-01	-1.084458e+00	-6.951593e-01
2.577000e-01	-1.086503e+00	-6.928634e-01
2.578000e-01	-1.088530e+00	-6.905874e-01
2.579000e-01	-1.090537e+00	-6.883306e-01
2.580000e-01	-1.092522e+00	-6.860924e-01
2.581000e-01	-1.094485e+00	-6.838722e-01
2.582000e-01	-1.096424e+00	-6.816693e-01
2.583000e-01	-1.098337e+00	-6.794831e-01
2.584000e-01	-1.100223e+00	-6.773127e-01
2.585000e-01	-1.102081e+00	-6.751575e-01
2.586000e-01	-1.103911e+00	-6.730167e-01
2.587000e-01	-1.105710e+00	-6.708897e-01
2.588000e-01	-1.107478e+00	-6.687756e-01
2.589000e-01	-1.109214e+00	-6.666736e-01
2.590000e-01	-1.110916e+00	-6.645831e-01
2.591000e-01	-1.112585e+00	-6.625031e-01
2.592000e-01	-1.114220e+00	-6.604329e-01
2.593000e-01	-1.115820e+00	-6.583718e-01
2.594000e-01	-1.117383e+00	-6.563188e-01
2.595000e-01	-1.118911e+00	-6.542734e-01
2.596000e-01	-1.120402e+00	-6.522346e-01
2.597000e-01	-1.121856e+00	-6.502017e-01
2.598000e-01	-1.123273e+00	-6.481740e-01
2.599000e-01	-1.124653e+00	-6.461508e-01
2.600000e-01	-1.125996e+00	-6.441314e-01
2.601000e-01	-1.127301e+00	-6.421151e-01
2.602000e-01	-1.128568e+00	-6.401013e-01
2.603000e-01	-1.129799e+00	-6.380894e-01
2.604000e-01	-1.130992e+00	-6.360788e-01
2.605000e-01	-1.132149e+00	-6.340690e-01
2.606000e-01	-1.133269e+00	-6.320595e-01
2.607000e-01	-1.134354e+00	-6.300499e-01
2.608000e-01	-1.135403e+00	-6.280397e-01
2.609000e-01	-1.136416e+00	-6.260286e-01
2.610000e-01	-1.137395e+00	-6.240163e-01
2.611000e-01	-1.138341e+00	-6.220025e-01
2.612000e-01	-1.139252e+00	-6.199869e-01
2.613000e-01	-1.140131e+00	-6.179694e-01
2.614000e-01	-1.140978e+00	-6.159498e-01
2.615000e-01	-1.141793e+00	-6.139279e-01
2.616000e-01	-1.142577e+00	-6.119037e-01
2.617000e-01	-1.143331e+00	-6.098771e-01
2.618000e-01	-1.144055e+00	-6.078480e-01
2.619000e-01	-1.144750e+00	-6.058166e-01
2.620000e-01	-1.145416e+00	-6.037827e-01
2.621000e-01	-1.146054e+00	-6.017463e-01
2.622000e-01	-1.146664e+00	-5.997077e-01
2.623000e-01	-1.147248e+00	-5.976667e-01
2.624000e-01	-1.147805e+00	-5.956235e-01
2.625000e-01	-1.148335e+00	-5.935781e-01
2.626000e-01	-1.148840e+00	-5.915306e-01
2.627000e-01	-1.149318e+00	-5.894811e-01
2.628000e-01	-1.149772e+00	-5.874297e-01
2.629000e-01	-1.150201e+00	-5.853763e-01
2.630000e-01	-1.150604e+00	-5.833211e-01
2.631000e-01	-1.150983e+00	-5.812641e-01
2.632000e-01	-1.151337e+00	-5.792054e-01
2.633000e-01	-1.151667e+00	-5.771449e-01
2.634000e-01	-1.151972e+00	-5.750826e-01
2.635000e-01	-1.152253e+00	-5.730187e-01
2.636000e-01	-1.152509e+00	-5.709531e-01
2.637000e-01	-1.152741e+00	-5.688857e-01
2.638000e-01	-1.152948e+00	-5.668165e-01
2.639000e-01	-1.153132e+00	-5.647456e-01
2.640000e-01	-1.153290e+00	-5.626728e-01
2.641000e-01	-1.153425e+00	-5.605982e-01
2.642000e-01	-1.153535e+00	-5.585216e-01
2.643000e-01	-1.153621e+00	-5.564432e-01
2.644000e-01	-1.153682e+00	-5.543629e-01
2.645000e-01	-1.153720e+00	-5.522805e-01
2.646000e-01	-1.153734e+00	-5.501963e-01
2.647000e-01	-1.153724e+00	-5.481101e-01
2.648000e-01	-1.153691e+00	-5.460221e-01
2.649000e-01	-1.153635e+00	-5.439322e-01
2.650000e-01	-1.153556e+00	-5.418406e-01
2.651000e-01	-1.153455e+00	-5.397474e-01
2.652000e-01	-1.153332e+00	-5.376528e-01
2.653000e-01	-1.153189e+00	-5.355569e-01
2.654000e-01	-1.153025e+00	-5.334600e-01
2.655000e-01	-1.152841e+00	-5.313623e-01
2.656000e-01	-1.152639e+00	-5.292642e-01
2.657000e-01	-1.152419e+00	-5.271659e-01
2.658000e-01	-1.152182e+00	-5.250679e-01
2.659000e-01	-1.151929e+00	-5.229706e-01
2.660000e-01	-1.151661e+00	-5.208744e-01
2.661000e-01	-1.151380e+00	-5.187799e-01
2.662000e-01	-1.151086e+00	-5.166875e-01
2.663000e-01	-1.150782e+00	-5.145979e-01
2.664000e-01	-1.150468e+00	-5.125116e-01
2.665000e-01	-1.150145e+00	-5.104294e-01
2.666000e-01	-1.149817e+00	-5.083518e-01
2.667000e-01	-1.149483e+00	-5.062795e-01
2.668000e-01	-1.149145e+00	-5.042133e-01
2.669000e-01	-1.148806e+00	-5.021539e-01
2.670000e-01	-1.148466e+00	-5.001020e-01
2.671000e-01	-1.148129e+00	-4.980583e-01
2.672000e-01	-1.147795e+00	-4.960237e-01
2.673000e-01	-1.147466e+00	-4.939989e-01
2.674000e-01	-1.147144e+00	-4.919846e-01
2.675000e-01	-1.146832e+00	-4.899817e-01
2.676000e-01	-1.146530e+00	-4.879907e-01
2.677000e-01	-1.146242e+00	-4.860126e-01
2.678000e-01	-1.145968e+00	-4.840479e-01
2.679000e-01	-1.145711e+00	-4.820975e-01
2.680000e-01	-1.145474e+00	-4.801620e-01
2.681000e-01	-1.145257e+00	-4.782420e-01
2.682000e-01	-1.145064e+00	-4.763383e-01
2.683000e-01	-1.144896e+00	-4.744514e-01
2.684000e-01	-1.144755e+00	-4.725820e-01
2.685000e-01	-1.144644e+00	-4.707306e-01
2.686000e-01	-1.144564e+00	-4.688979e-01
2.687000e-01	-1.144518e+00	-4.670844e-01
2.688000e-01	-1.144508e+00	-4.652905e-01
2.689000e-01	-1.144536e+00	-4.635169e-01
2.690000e-01	-1.144604e+00	-4.617640e-01
2.691000e-01	-1.144715e+00	-4.600323e-01
2.692000e-01	-1.144870e+00	-4.583224e-01
2.693000e-01	-1.145072e+00	-4.566346e-01
2.694000e-01	-1.145323e+00	-4.549694e-01
2.695000e-01	-1.145625e+00	-4.533274e-01
2.696000e-01	-1.145981e+00	-4.517091e-01
2.697000e-01	-1.146392e+00	-4.501148e-01
2.698000e-01	-1.146860e+00	-4.485451e-01
2.699000e-01	-1.147389e+00	-4.470005e-01
2.700000e-01	-1.147979e+00	-4.454815e-01
2.701000e-01	-1.148633e+00	-4.439887e-01
2.702000e-01	-1.149352e+00	-4.425226e-01
2.703000e-01	-1.150140e+00	-4.410838e-01
2.704000e-01	-1.150997e+00	-4.396729e-01
2.705000e-01	-1.151926e+00	-4.382905e-01
2.706000e-01	-1.152928e+00	-4.369374e-01
2.707000e-01	-1.154005e+00	-4.356140e-01
2.708000e-01	-1.155158e+00	-4.343213e-01
2.709000e-01	-1.156390e+00	-4.330598e-01
2.710000e-01	-1.157702e+00	-4.318303e-01
2.711000e-01	-1.159094e+00	-4.306336e-01
2.712000e-01	-1.160569e+00	-4.294705e-01
2.713000e-01	-1.162126e+00	-4.283417e-01
2.714000e-01	-1.163768e+00	-4.272481e-01
2.715000e-01	-1.165495e+00	-4.261905e-01
2.716000e-01	-1.167308e+00	-4.251698e-01
2.717000e-01	-1.169206e+00	-4.241867e-01
2.718000e-01	-1.171191e+00	-4.232422e-01
2.719000e-01	-1.173263e+00	-4.223369e-01
2.720000e-01	-1.175422e+00	-4.214719e-01
2.721000e-01	-1.177667e+00	-4.206478e-01
2.722000e-01	-1.179999e+00	-4.198655e-01
2.723000e-01	-1.182417e+00	-4.191257e-01
2.724000e-01	-1.184920e+00	-4.184292e-01
2.725000e-01	-1.187507e+00	-4.177768e-01
2.726000e-01	-1.190178e+00	-4.171691e-01
2.727000e-01	-1.192932e+00	-4.166068e-01
2.728000e-01	-1.195766e+00	-4.160905e-01
2.729000e-01	-1.198679e+00	-4.156209e-01
2.730000e-01	-1.201670e+00	-4.151986e-01
2.731000e-01	-1.204737e+00	-4.148239e-01
2.732000e-01	-1.207878e+00	-4.144976e-01
2.733000e-01	-1.211090e+00	-4.142199e-01
2.734000e-01	-1.214371e+00	-4.139913e-01
2.735000e-01	-1.217719e+00	-4.138122e-01
2.736000e-01	-1.221131e+00	-4.136829e-01
2.737000e-01	-1.224604e+00	-4.136037e-01
2.738000e-01	-1.228134e+00	-4.135750e-01
2.739000e-01	-1.231720e+00	-4.135968e-01
2.740000e-01	-1.235358e+00	-4.136696e-01
2.741000e-01	-1.239045e+00	-4.137934e-01
2.742000e-01	-1.242776e+00	-4.139684e-01
2.743000e-01	-1.246549e+00	-4.141947e-01
2.744000e-01	-1.250359e+00	-4.144726e-01
2.745000e-01	-1.254204e+00	-4.148021e-01
2.746000e-01	-1.258079e+00	-4.151832e-01
2.747000e-01	-1.261980e+00	-4.156163e-01
2.748000e-01	-1.265903e+00	-4.161012e-01
2.749000e-01	-1.269845e+00	-4.166382e-01
2.750000e-01	-1.273802e+00	-4.172273e-01
2.751000e-01	-1.277768e+00	-4.178686e-01
2.752000e-01	-1.281741e+00	-4.185622e-01
2.753000e-01	-1.285715e+00	-4.193084e-01
2.754000e-01	-1.289687e+00	-4.201071e-01
2.755000e-01	-1.293652e+00	-4.209585e-01
2.756000e-01	-1.297607e+00	-4.218627e-01
2.757000e-01	-1.301548e+00	-4.228196e-01
2.758000e-01	-1.305469e+00	-4.238295e-01
2.759000e-01	-1.309369e+00	-4.248920e-01
2.760000e-01	-1.313243e+00	-4.260071e-01
2.761000e-01	-1.317088e+00	-4.271746e-01
2.762000e-01	-1.320901e+00	-4.283940e-01
2.763000e-01	-1.324680e+00	-4.296650e-01
2.764000e-01	-1.328421e+00	-4.309868e-01
2.765000e-01	-1.332123e+00	-4.323589e-01
2.766000e-01	-1.335785e+00	-4.337803e-01
2.767000e-01	-1.339403e+00	-4.352501e-01
2.768000e-01	-1.342978e+00	-4.367672e-01
2.769000e-01	-1.346508e+00	-4.383304e-01
2.770000e-01	-1.349992e+00	-4.399384e-01
2.771000e-01	-1.353429e+00	-4.415897e-01
2.772000e-01	-1.356820e+00	-4.432829e-01
2.773000e-01	-1.360164e+00	-4.450163e-01
2.774000e-01	-1.363460e+00	-4.467882e-01
2.775000e-01	-1.366709e+00	-4.485970e-01
2.776000e-01	-1.369911e+00	-4.504408e-01
2.777000e-01	-1.373065e+00	-4.523179e-01
2.778000e-01	-1.376172e+00	-4.542265e-01
2.779000e-01	-1.379231e+00	-4.561647e-01
2.780000e-01	-1.382243e+00	-4.581309e-01
2.781000e-01	-1.385206e+00	-4.601234e-01
2.782000e-01	-1.388121e+00	-4.621403e-01
2.783000e-01	-1.390986e+00	-4.641803e-01
2.784000e-01	-1.393801e+00	-4.662418e-01
2.785000e-01	-1.396564e+00	-4.683233e-01
2.786000e-01	-1.399275e+00	-4.704236e-01
2.787000e-01	-1.401931e+00	-4.725416e-01
2.788000e-01	-1.404530e+00	-4.746762e-01
2.789000e-01	-1.407071e+00	-4.768264e-01
2.790000e-01	-1.409551e+00	-4.789915e-01
2.791000e-01	-1.411968e+00	-4.811707e-01
2.792000e-01	-1.414319e+00	-4.833637e-01
2.793000e-01	-1.416600e+00	-4.855699e-01
2.794000e-01	-1.418809e+00	-4.877891e-01
2.795000e-01	-1.420943e+00	-4.900211e-01
2.796000e-01	-1.422998e+00	-4.922658e-01
2.797000e-01	-1.424971e+00	-4.945233e-01
2.798000e-01	-1.426859e+00	-4.967936e-01
2.799000e-01	-1.428658e+00	-4.990769e-01
2.800000e-01	-1.430365e+00	-5.013734e-01
2.801000e-01	-1.431977e+00	-5.036834e-01
2.802000e-01	-1.433491e+00	-5.060071e-01
2.803000e-01	-1.434904e+00	-5.083449e-01
2.804000e-01	-1.436214e+00	-5.106971e-01
2.805000e-01	-1.437418e+00	-5.130639e-01
2.806000e-01	-1.438515e+00	-5.154455e-01
2.807000e-01	-1.439502e+00	-5.178422e-01
2.808000e-01	-1.440379e+00	-5.202542e-01
2.809000e-01	-1.441144e+00	-5.226815e-01
2.810000e-01	-1.441797e+00	-5.251241e-01
2.811000e-01	-1.442337e+00	-5.275821e-01
2.812000e-01	-1.442764e+00	-5.300552e-01
2.813000e-01	-1.443079e+00	-5.325433e-01
2.814000e-01	-1.443282e+00	-5.350462e-01
2.815000e-01	-1.443375e+00	-5.375633e-01
2.816000e-01	-1.443358e+00	-5.400944e-01
2.817000e-01	-1.443234e+00	-5.426389e-01
2.818000e-01	-1.443004e+00	-5.451962e-01
2.819000e-01	-1.442670e+00	-5.477657e-01
2.820000e-01	-1.442235e+00	-5.503467e-01
2.821000e-01	-1.441700e+00	-5.529386e-01
2.822000e-01	-1.441069e+00	-5.555405e-01
2.823000e-01	-1.440343e+00	-5.581519e-01
2.824000e-01	-1.439526e+00	-5.607718e-01
2.825000e-01	-1.438620e+00	-5.633997e-01
2.826000e-01	-1.437627e+00	-5.660348e-01
2.827000e-01	-1.436550e+00	-5.686764e-01
2.828000e-01	-1.435391e+00	-5.713240e-01
2.829000e-01	-1.434153e+00	-5.739771e-01
2.830000e-01	-1.432836e+00	-5.766351e-01
2.831000e-01	-1.431444e+00	-5.792978e-01
2.832000e-01	-1.429977e+00	-5.819648e-01
2.833000e-01	-1.428437e+00	-5.846360e-01
2.834000e-01	-1.426824e+00	-5.873113e-01
2.835000e-01	-1.425141e+00	-5.899908e-01
2.836000e-01	-1.423387e+00	-5.926746e-01
2.837000e-01	-1.421562e+00	-5.953631e-01
2.838000e-01	-1.419668e+00	-5.980566e-01
2.839000e-01	-1.417703e+00	-6.007557e-01
2.840000e-01	-1.415668e+00	-6.034608e-01
2.841000e-01	-1.413563e+00	-6.061729e-01
2.842000e-01	-1.411386e+00	-6.088926e-01
2.843000e-01	-1.409137e+00	-6.116209e-01
2.844000e-01	-1.406816e+00	-6.143587e-01
2.845000e-01	-1.404422e+00	-6.171070e-01
2.846000e-01	-1.401954e+00	-6.198670e-01
2.847000e-01	-1.399412e+00	-6.226397e-01
2.848000e-01	-1.396795e+00	-6.254264e-01
2.849000e-01	-1.394102e+00	-6.282281e-01
2.850000e-01	-1.391333e+00	-6.310460e-01
2.851000e-01	-1.388489e+00	-6.338814e-01
2.852000e-01	-1.385568e+00	-6.367352e-01
2.853000e-01	-1.382572e+00	-6.396086e-01
2.854000e-01	-1.379500e+00	-6.425026e-01
2.855000e-01	-1.376354e+00	-6.454177e-01
2.856000e-01	-1.373140e+00	-6.483533e-01
2.857000e-01	-1.369861e+00	-6.513085e-01
2.858000e-01	-1.366522e+00	-6.542828e-01
2.859000e-01	-1.363128e+00	-6.572754e-01
2.860000e-01	-1.359683e+00	-6.602855e-01
2.861000e-01	-1.356193e+00	-6.633127e-01
2.862000e-01	-1.352661e+00	-6.663564e-01
2.863000e-01	-1.349092e+00	-6.694163e-01
2.864000e-01	-1.345491e+00	-6.724918e-01
2.865000e-01	-1.341860e+00	-6.755824e-01
2.866000e-01	-1.338206e+00	-6.786874e-01
2.867000e-01	-1.334531e+00	-6.818060e-01
2.868000e-01	-1.330841e+00	-6.849376e-01
2.869000e-01	-1.327140e+00	-6.880817e-01
2.870000e-01	-1.323432e+00	-6.912374e-01
2.871000e-01	-1.319722e+00	-6.944041e-01
2.872000e-01	-1.316012e+00	-6.975812e-01
2.873000e-01	-1.312307e+00	-7.007679e-01
2.874000e-01	-1.308612e+00	-7.039636e-01
2.875000e-01	-1.304930e+00	-7.071676e-01
2.876000e-01	-1.301264e+00	-7.103791e-01
2.877000e-01	-1.297619e+00	-7.135975e-01
2.878000e-01	-1.293998e+00	-7.168219e-01
2.879000e-01	-1.290405e+00	-7.200518e-01
2.880000e-01	-1.286842e+00	-7.232862e-01
2.881000e-01	-1.283315e+00	-7.265245e-01
2.882000e-01	-1.279825e+00	-7.297657e-01
2.883000e-01	-1.276376e+00	-7.330093e-01
2.884000e-01	-1.272971e+00	-7.362542e-01
2.885000e-01	-1.269614e+00	-7.394997e-01
2.886000e-01	-1.266307e+00	-7.427449e-01
2.887000e-01	-1.263054e+00	-7.459890e-01
2.888000e-01	-1.259857e+00	-7.492312e-01
2.889000e-01	-1.256719e+00	-7.524704e-01
2.890000e-01	-1.253643e+00	-7.557060e-01
2.891000e-01	-1.250633e+00	-7.589369e-01
2.892000e-01	-1.247689e+00	-7.621624e-01
2.893000e-01	-1.244816e+00	-7.653816e-01
2.894000e-01	-1.242015e+00	-7.685935e-01
2.895000e-01	-1.239290e+00	-7.717973e-01
2.896000e-01	-1.236642e+00	-7.749923e-01
2.897000e-01	-1.234074e+00	-7.781774e-01
2.898000e-01	-1.231588e+00	-7.813520e-01
2.899000e-01	-1.229187e+00	-7.845151e-01
2.900000e-01	-1.226872e+00	-7.876661e-01
2.901000e-01	-1.224646e+00	-7.908042e-01
2.902000e-01	-1.222510e+00	-7.939285e-01
2.903000e-01	-1.220467e+00	-7.970384e-01
2.904000e-01	-1.218518e+00	-8.001333e-01
2.905000e-01	-1.216664e+00	-8.032123e-01
2.906000e-01	-1.214908e+00	-8.062750e-01
2.907000e-01	-1.213251e+00	-8.093206e-01
2.908000e-01	-1.211693e+00	-8.123486e-01
2.909000e-01	-1.210237e+00	-8.153584e-01
2.910000e-01	-1.208883e+00	-8.183495e-01
2.911000e-01	-1.207632e+00	-8.213214e-01
2.912000e-01	-1.206486e+00	-8.242736e-01
2.913000e-01	-1.205444e+00	-8.272056e-01
2.914000e-01	-1.204507e+00	-8.301170e-01
2.915000e-01	-1.203677e+00	-8.330073e-01
2.916000e-01	-1.202952e+00	-8.358762e-01
2.917000e-01	-1.202333e+00	-8.387232e-01
2.918000e-01	-1.201821e+00	-8.415479e-01
2.919000e-01	-1.201415e+00	-8.443499e-01
2.920000e-01	-1.201115e+00	-8.471288e-01
2.921000e-01	-1.200921e+00	-8.498843e-01
2.922000e-01	-1.200832e+00	-8.526159e-01
2.923000e-01	-1.200847e+00	-8.553231e-01
2.924000e-01	-1.200966e+00	-8.580045e-01
2.925000e-01	-1.201187e+00	-8.606577e-01
2.926000e-01	-1.201507e+00	-8.632805e-01
2.927000e-01	-1.201925e+00	-8.658709e-01
2.928000e-01	-1.202439e+00	-8.684266e-01
2.929000e-01	-1.203047e+00	-8.709454e-01
2.930000e-01	-1.203746e+00	-8.734253e-01
2.931000e-01	-1.204535e+00	-8.758640e-01
2.932000e-01	-1.205411e+00	-8.782593e-01
2.933000e-01	-1.206372e+00	-8.806092e-01
2.934000e-01	-1.207416e+00	-8.829114e-01
2.935000e-01	-1.208541e+00	-8.851638e-01
2.936000e-01	-1.209744e+00	-8.873644e-01
2.937000e-01	-1.211023e+00	-8.895111e-01
2.938000e-01	-1.212377e+00	-8.916018e-01
2.939000e-01	-1.213802e+00	-8.936346e-01
2.940000e-01	-1.215297e+00	-8.956074e-01
2.941000e-01	-1.216859e+00	-8.975183e-01
2.942000e-01	-1.218487e+00	-8.993655e-01
2.943000e-01	-1.220178e+00	-9.011472e-01
2.944000e-01	-1.221930e+00	-9.028615e-01
2.945000e-01	-1.223742e+00	-9.045069e-01
2.946000e-01	-1.225611e+00	-9.060817e-01
2.947000e-01	-1.227535e+00	-9.075844e-01
2.948000e-01	-1.229513e+00	-9.090136e-01
2.949000e-01	-1.231542e+00	-9.103679e-01
2.950000e-01	-1.233621e+00	-9.116460e-01
2.951000e-01	-1.235748e+00	-9.128469e-01
2.952000e-01	-1.237920e+00	-9.139694e-01
2.953000e-01	-1.240138e+00	-9.150127e-01
2.954000e-01	-1.242398e+00	-9.159759e-01
2.955000e-01	-1.244699e+00	-9.168585e-01
2.956000e-01	-1.247039e+00	-9.176597e-01
2.957000e-01	-1.249417e+00	-9.183792e-01
2.958000e-01	-1.251832e+00	-9.190168e-01
2.959000e-01	-1.254281e+00	-9.195721e-01
2.960000e-01	-1.256762e+00	-9.200453e-01
2.961000e-01	-1.259276e+00	-9.204364e-01
2.962000e-01	-1.261819e+00	-9.207456e-01
2.963000e-01	-1.264391e+00	-9.209733e-01
2.964000e-01	-1.266989e+00	-9.211200e-01
2.965000e-01	-1.269614e+00	-9.211863e-01
2.966000e-01	-1.272262e+00	-9.211730e-01
2.967000e-01	-1.274933e+00	-9.210809e-01
2.968000e-01	-1.277625e+00	-9.209110e-01
2.969000e-01	-1.280337e+00	-9.206645e-01
2.970000e-01	-1.283067e+00	-9.203424e-01
2.971000e-01	-1.285815e+00	-9.199462e-01
2.972000e-01	-1.288578e+00	-9.194772e-01
2.973000e-01	-1.291356e+00	-9.189370e-01
2.974000e-01	-1.294147e+00	-9.183271e-01
2.975000e-01	-1.296950e+00	-9.176493e-01
2.976000e-01	-1.299764e+00	-9.169052e-01
2.977000e-01	-1.302587e+00	-9.160968e-01
2.978000e-01	-1.305418e+00	-9.152258e-01
2.979000e-01	-1.308256e+00	-9.142943e-01
2.980000e-01	-1.311100e+00	-9.133042e-01
2.981000e-01	-1.313948e+00	-9.122576e-01
2.982000e-01	-1.316800e+00	-9.111566e-01
2.983000e-01	-1.319654e+00	-9.100033e-01
2.984000e-01	-1.322509e+00	-9.087999e-01
2.985000e-01	-1.325365e+00	-9.075486e-01
2.986000e-01	-1.328219e+00	-9.062515e-01
2.987000e-01	-1.331071e+00	-9.049110e-01
2.988000e-01	-1.333919e+00	-9.035291e-01
2.989000e-01	-1.336763e+00	-9.021082e-01
2.990000e-01	-1.339602e+00	-9.006506e-01
2.991000e-01	-1.342434e+00	-8.991584e-01
2.992000e-01	-1.345257e+00	-8.976341e-01
2.993000e-01	-1.348072e+00	-8.960798e-01
2.994000e-01	-1.350877e+00	-8.944978e-01
2.995000e-01	-1.353670e+00	-8.928903e-01
2.996000e-01	-1.356450e+00	-8.912592e-01
2.997000e-01	-1.359216e+00	-8.896066e-01
2.998000e-01	-1.361966e+00	-8.879342e-01
2.999000e-01	-1.364698e+00	-8.862436e-01
3.000000e-01	-1.367411e+00	-8.845362e-01
3.001000e-01	-1.370103e+00	-8.828131e-01
3.002000e-01	-1.372772e+00	-8.810754e-01
3.003000e-01	-1.375415e+00	-8.793238e-01
3.004000e-01	-1.378030e+00	-8.775587e-01
3.005000e-01	-1.380614e+00	-8.757803e-01
3.006000e-01	-1.383165e+00	-8.739887e-01
3.007000e-01	-1.385680e+00	-8.721836e-01
3.008000e-01	-1.388156e+00	-8.703646e-01
3.009000e-01	-1.390590e+00	-8.685309e-01
3.010000e-01	-1.392978e+00	-8.666817e-01
3.011000e-01	-1.395317e+00	-8.648161e-01
3.012000e-01	-1.397605e+00	-8.629327e-01
3.013000e-01	-1.399838e+00	-8.610305e-01
3.014000e-01	-1.402012e+00	-8.591079e-01
3.015000e-01	-1.404124e+00	-8.571637e-01
3.016000e-01	-1.406171e+00	-8.551963e-01
3.017000e-01	-1.408150e+00	-8.532043e-01
3.018000e-01	-1.410058e+00	-8.511863e-01
3.019000e-01	-1.411892e+00	-8.491411e-01
3.020000e-01	-1.413650e+00	-8.470673e-01
3.021000e-01	-1.415328e+00	-8.449639e-01
3.022000e-01	-1.416925e+00	-8.428300e-01
3.023000e-01	-1.418438e+00	-8.406649e-01
3.024000e-01	-1.419866e+00	-8.384678e-01
3.025000e-01	-1.421208e+00	-8.362387e-01
3.026000e-01	-1.422462e+00	-8.339772e-01
3.027000e-01	-1.423628e+00	-8.316836e-01
3.028000e-01	-1.424705e+00	-8.293583e-01
3.029000e-01	-1.425693e+00	-8.270019e-01
3.030000e-01	-1.426592e+00	-8.246154e-01
3.031000e-01	-1.427403e+00	-8.221998e-01
3.032000e-01	-1.428127e+00	-8.197566e-01
3.033000e-01	-1.428765e+00	-8.172875e-01
3.034000e-01	-1.429318e+00	-8.147943e-01
3.035000e-01	-1.429789e+00	-8.122790e-01
3.036000e-01	-1.430180e+00	-8.097436e-01
3.037000e-01	-1.430493e+00	-8.071909e-01
3.038000e-01	-1.430730e+00	-8.046231e-01
3.039000e-01	-1.430895e+00	-8.020429e-01
3.040000e-01	-1.430992e+00	-7.994529e-01
3.041000e-01	-1.431022e+00	-7.968560e-01
3.042000e-01	-1.430991e+00	-7.942547e-01
3.043000e-01	-1.430901e+00	-7.916518e-01
3.044000e-01	-1.430756e+00	-7.890497e-01
3.045000e-01	-1.430559e+00	-7.864510e-01
3.046000e-01	-1.430316e+00	-7.838583e-01
3.047000e-01	-1.430029e+00	-7.812737e-01
3.048000e-01	-1.429703e+00	-7.786995e-01
3.049000e-01	-1.429341e+00	-7.761377e-01
3.050000e-01	-1.428947e+00	-7.735901e-01
3.051000e-01	-1.428525e+00	-7.710582e-01
3.052000e-01	-1.428079e+00	-7.685435e-01
3.053000e-01	-1.427613e+00	-7.660473e-01
3.054000e-01	-1.427130e+00	-7.635703e-01
3.055000e-01	-1.426633e+00	-7.611135e-01
3.056000e-01	-1.426126e+00	-7.586772e-01
3.057000e-01	-1.425613e+00	-7.562620e-01
3.058000e-01	-1.425096e+00	-7.538678e-01
3.059000e-01	-1.424578e+00	-7.514947e-01
3.060000e-01	-1.424063e+00	-7.491425e-01
3.061000e-01	-1.423553e+00	-7.468108e-01
3.062000e-01	-1.423052e+00	-7.444992e-01
3.063000e-01	-1.422561e+00	-7.422070e-01
3.064000e-01	-1.422085e+00	-7.399337e-01
3.065000e-01	-1.421625e+00	-7.376785e-01
3.066000e-01	-1.421184e+00	-7.354409e-01
3.067000e-01	-1.420765e+00	-7.332200e-01
3.068000e-01	-1.420371e+00	-7.310152e-01
3.069000e-01	-1.420004e+00	-7.288259e-01
3.070000e-01	-1.419666e+00	-7.266516e-01
3.071000e-01	-1.419361e+00	-7.244919e-01
3.072000e-01	-1.419091e+00	-7.223465e-01
3.073000e-01	-1.418859e+00	-7.202152e-01
3.074000e-01	-1.418668e+00	-7.180981e-01
3.075000e-01	-1.418521e+00	-7.159954e-01
3.076000e-01	-1.418420e+00	-7.139073e-01
3.077000e-01	-1.418369e+00	-7.118346e-01
3.078000e-01	-1.418371e+00	-7.097778e-01
3.079000e-01	-1.418429e+00	-7.077380e-01
3.080000e-01	-1.418545e+00	-7.057164e-01
3.081000e-01	-1.418724e+00	-7.037141e-01
3.082000e-01	-1.418967e+00	-7.017327e-01
3.083000e-01	-1.419279e+00	-6.997738e-01
3.084000e-01	-1.419662e+00	-6.978392e-01
3.085000e-01	-1.420120e+00	-6.959308e-01
3.086000e-01	-1.420655e+00	-6.940505e-01
3.087000e-01	-1.421270e+00	-6.922005e-01
3.088000e-01	-1.421968e+00	-6.903828e-01
3.089000e-01	-1.422751e+00	-6.885996e-01
3.090000e-01	-1.423623e+00	-6.868530e-01
3.091000e-01	-1.424584e+00	-6.851452e-01
3.092000e-01	-1.425638e+00	-6.834782e-01
3.093000e-01	-1.426787e+00	-6.818540e-01
3.094000e-01	-1.428030e+00	-6.802745e-01
3.095000e-01	-1.429371e+00	-6.787414e-01
3.096000e-01	-1.430809e+00	-6.772563e-01
3.097000e-01	-1.432346e+00	-6.758207e-01
3.098000e-01	-1.433982e+00	-6.744357e-01
3.099000e-01	-1.435716e+00	-6.731025e-01
3.100000e-01	-1.437550e+00	-6.718218e-01
3.101000e-01	-1.439480e+00	-6.705942e-01
3.102000e-01	-1.441508e+00	-6.694201e-01
3.103000e-01	-1.443631e+00	-6.682996e-01
3.104000e-01	-1.445847e+00	-6.672326e-01
3.105000e-01	-1.448155e+00	-6.662188e-01
3.106000e-01	-1.450552e+00	-6.652577e-01
3.107000e-01	-1.453035e+00	-6.643483e-01
3.108000e-01	-1.455602e+00	-6.634899e-01
3.109000e-01	-1.458248e+00	-6.626813e-01
3.110000e-01	-1.460971e+00	-6.619210e-01
3.111000e-01	-1.463766e+00	-6.612078e-01
3.112000e-01	-1.466630e+00	-6.605400e-01
3.113000e-01	-1.469559e+00	-6.599160e-01
3.114000e-01	-1.472547e+00	-6.593340e-01
3.115000e-01	-1.475591e+00	-6.587922e-01
3.116000e-01	-1.478685e+00	-6.582889e-01
3.117000e-01	-1.481825e+00	-6.578222e-01
3.118000e-01	-1.485007e+00	-6.573903e-01
3.119000e-01	-1.488226e+00	-6.569916e-01
3.120000e-01	-1.491476e+00	-6.566243e-01
3.121000e-01	-1.494753e+00	-6.562870e-01
3.122000e-01	-1.498052e+00	-6.559781e-01
3.123000e-01	-1.501369e+00	-6.556965e-01
3.124000e-01	-1.504700e+00	-6.554409e-01
3.125000e-01	-1.508039e+00	-6.552102e-01
3.126000e-01	-1.511382e+00	-6.550038e-01
3.127000e-01	-1.514725e+00	-6.548208e-01
3.128000e-01	-1.518065e+00	-6.546609e-01
3.129000e-01	-1.521397e+00	-6.545236e-01
3.130000e-01	-1.524717e+00	-6.544088e-01
3.131000e-01	-1.528022e+00	-6.543164e-01
3.132000e-01	-1.531309e+00	-6.542468e-01
3.133000e-01	-1.534574e+00	-6.542000e-01
3.134000e-01	-1.537813e+00	-6.541766e-01
3.135000e-01	-1.541025e+00	-6.541770e-01
3.136000e-01	-1.544206e+00	-6.542019e-01
3.137000e-01	-1.547354e+00	-6.542519e-01
3.138000e-01	-1.550465e+00	-6.543278e-01
3.139000e-01	-1.553537e+00	-6.544302e-01
3.140000e-01	-1.556569e+00	-6.545600e-01
3.141000e-01	-1.559556e+00	-6.547179e-01
3.142000e-01	-1.562498e+00	-6.549045e-01
3.143000e-01	-1.565392e+00	-6.551205e-01
3.144000e-01	-1.568235e+00	-6.553664e-01
3.145000e-01	-1.571026e+00	-6.556426e-01
3.146000e-01	-1.573762e+00	-6.559495e-01
3.147000e-01	-1.576441e+00	-6.562872e-01
3.148000e-01	-1.579061e+00	-6.566558e-01
3.149000e-01	-1.581620e+00	-6.570551e-01
3.150000e-01	-1.584115e+00	-6.574848e-01
3.151000e-01	-1.586545e+00	-6.579445e-01
3.152000e-01	-1.588907e+00	-6.584335e-01
3.153000e-01	-1.591200e+00	-6.589509e-01
3.154000e-01	-1.593421e+00	-6.594958e-01
3.155000e-01	-1.595567e+00	-6.600670e-01
3.156000e-01	-1.597637e+00	-6.606632e-01
3.157000e-01	-1.599630e+00	-6.612829e-01
3.158000e-01	-1.601541e+00	-6.619245e-01
3.159000e-01	-1.603371e+00	-6.625863e-01
3.160000e-01	-1.605117e+00	-6.632664e-01
3.161000e-01	-1.606776e+00	-6.639631e-01
3.162000e-01	-1.608348e+00	-6.646742e-01
3.163000e-01	-1.609831e+00	-6.653978e-01
3.164000e-01	-1.611223e+00	-6.661319e-01
3.165000e-01	-1.612523e+00	-6.668745e-01
3.166000e-01	-1.613730e+00	-6.676237e-01
3.167000e-01	-1.614842e+00	-6.683774e-01
3.168000e-01	-1.615861e+00	-6.691338e-01
3.169000e-01	-1.616783e+00	-6.698913e-01
3.170000e-01	-1.617610e+00	-6.706480e-01
3.171000e-01	-1.618342e+00	-6.714026e-01
3.172000e-01	-1.618978e+00	-6.721535e-01
3.173000e-01	-1.619518e+00	-6.728996e-01
3.174000e-01	-1.619964e+00	-6.736398e-01
3.175000e-01	-1.620316e+00	-6.743733e-01
3.176000e-01	-1.620575e+00	-6.750991e-01
3.177000e-01	-1.620742e+00	-6.758170e-01
3.178000e-01	-1.620820e+00	-6.765263e-01
3.179000e-01	-1.620809e+00	-6.772270e-01
3.180000e-01	-1.620713e+00	-6.779190e-01
3.181000e-01	-1.620532e+00	-6.786024e-01
3.182000e-01	-1.620269e+00	-6.792776e-01
3.183000e-01	-1.619926e+00	-6.799448e-01
3.184000e-01	-1.619507e+00	-6.806046e-01
3.185000e-01	-1.619014e+00	-6.812576e-01
3.186000e-01	-1.618449e+00	-6.819045e-01
3.187000e-01	-1.617816e+00	-6.825460e-01
3.188000e-01	-1.617117e+00	-6.831830e-01
3.189000e-01	-1.616356e+00	-6.838162e-01
3.190000e-01	-1.615535e+00	-6.844465e-01
3.191000e-01	-1.614657e+00	-6.850746e-01
3.192000e-01	-1.613725e+00	-6.857013e-01
3.193000e-01	-1.612742e+00	-6.863272e-01
3.194000e-01	-1.611711e+00	-6.869530e-01
3.195000e-01	-1.610634e+00	-6.875791e-01
3.196000e-01	-1.609514e+00	-6.882059e-01
3.197000e-01	-1.608354e+00	-6.888337e-01
3.198000e-01	-1.607155e+00	-6.894626e-01
3.199000e-01	-1.605920e+00	-6.900925e-01
3.200000e-01	-1.604651e+00	-6.907233e-01
3.201000e-01	-1.603350e+00	-6.913547e-01
3.202000e-01	-1.602019e+00	-6.919860e-01
3.203000e-01	-1.600658e+00	-6.926168e-01
3.204000e-01	-1.599271e+00	-6.932462e-01
3.205000e-01	-1.597857e+00	-6.938732e-01
3.206000e-01	-1.596418e+00	-6.944968e-01
3.207000e-01	-1.594956e+00	-6.951157e-01
3.208000e-01	-1.593470e+00	-6.957287e-01
3.209000e-01	-1.591963e+00	-6.963344e-01
3.210000e-01	-1.590434e+00	-6.969313e-01
3.211000e-01	-1.588885e+00	-6.975179e-01
3.212000e-01	-1.587316e+00	-6.980925e-01
3.213000e-01	-1.585727e+00	-6.986536e-01
3.214000e-01	-1.584119e+00	-6.991996e-01
3.215000e-01	-1.582494e+00	-6.997289e-01
3.216000e-01	-1.580850e+00	-7.002400e-01
3.217000e-01	-1.579190e+00	-7.007314e-01
3.218000e-01	-1.577513e+00	-7.012017e-01
3.219000e-01	-1.575820e+00	-7.016497e-01
3.220000e-01	-1.574112e+00	-7.020740e-01
3.221000e-01	-1.572389e+00	-7.024738e-01
3.222000e-01	-1.570654e+00	-7.028479e-01
3.223000e-01	-1.568905e+00	-7.031957e-01
3.224000e-01	-1.567146e+00	-7.035166e-01
3.225000e-01	-1.565376e+00	-7.038099e-01
3.226000e-01	-1.563597e+00	-7.040755e-01
3.227000e-01	-1.561811e+00	-7.043132e-01
3.228000e-01	-1.560018e+00	-7.045230e-01
3.229000e-01	-1.558221e+00	-7.047050e-01
3.230000e-01	-1.556421e+00	-7.048596e-01
3.231000e-01	-1.554620e+00	-7.049872e-01
3.232000e-01	-1.552819e+00	-7.050883e-01
3.233000e-01	-1.551021e+00	-7.051638e-01
3.234000e-01	-1.549227e+00	-7.052143e-01
3.235000e-01	-1.547439e+00	-7.052406e-01
3.236000e-01	-1.545659e+00	-7.052439e-01
3.237000e-01	-1.543890e+00	-7.052250e-01
3.238000e-01	-1.542132e+00	-7.051849e-01
3.239000e-01	-1.540389e+00	-7.051247e-01
3.240000e-01	-1.538662e+00	-7.050453e-01
3.241000e-01	-1.536953e+00	-7.049478e-01
3.242000e-01	-1.535263e+00	-7.048330e-01
3.243000e-01	-1.533596e+00	-7.047020e-01
3.244000e-01	-1.531951e+00	-7.045554e-01
3.245000e-01	-1.530331e+00	-7.043940e-01
3.246000e-01	-1.528738e+00	-7.042184e-01
3.247000e-01	-1.527173e+00	-7.040291e-01
3.248000e-01	-1.525638e+00	-7.038265e-01
3.249000e-01	-1.524132e+00	-7.036108e-01
3.250000e-01	-1.522659e+00	-7.033822e-01
3.251000e-01	-1.521218e+00	-7.031407e-01
3.252000e-01	-1.519812e+00	-7.028861e-01
3.253000e-01	-1.518440e+00	-7.026182e-01
3.254000e-01	-1.517104e+00	-7.023366e-01
3.255000e-01	-1.515804e+00	-7.020409e-01
3.256000e-01	-1.514541e+00	-7.017305e-01
3.257000e-01	-1.513315e+00	-7.014046e-01
3.258000e-01	-1.512128e+00	-7.010625e-01
3.259000e-01	-1.510980e+00	-7.007035e-01
3.260000e-01	-1.509871e+00	-7.003266e-01
3.261000e-01	-1.508801e+00	-6.999311e-01
3.262000e-01	-1.507772e+00	-6.995159e-01
3.263000e-01	-1.506784e+00	-6.990802e-01
3.264000e-01	-1.505838e+00	-6.986232e-01
3.265000e-01	-1.504933e+00	-6.981439e-01
3.266000e-01	-1.504071e+00	-6.976418e-01
3.267000e-01	-1.503253e+00	-6.971160e-01
3.268000e-01	-1.502479e+00	-6.965660e-01
3.269000e-01	-1.501749e+00	-6.959913e-01
3.270000e-01	-1.501066e+00	-6.953915e-01
3.271000e-01	-1.500430e+00	-6.947664e-01
3.272000e-01	-1.499842e+00	-6.941159e-01
3.273000e-01	-1.499302e+00	-6.934400e-01
3.274000e-01	-1.498814e+00	-6.927389e-01
3.275000e-01	-1.498377e+00	-6.920130e-01
3.276000e-01	-1.497993e+00	-6.912626e-01
3.277000e-01	-1.497664e+00	-6.904885e-01
3.278000e-01	-1.497391e+00	-6.896914e-01
3.279000e-01	-1.497176e+00	-6.888723e-01
3.280000e-01	-1.497020e+00	-6.880322e-01
3.281000e-01	-1.496924e+00	-6.871722e-01
3.282000e-01	-1.496891e+00	-6.862936e-01
3.283000e-01	-1.496922e+00	-6.853977e-01
3.284000e-01	-1.497019e+00	-6.844861e-01
3.285000e-01	-1.497182e+00	-6.835602e-01
3.286000e-01	-1.497414e+00	-6.826215e-01
3.287000e-01	-1.497716e+00	-6.816716e-01
3.288000e-01	-1.498089e+00	-6.807120e-01
3.289000e-01	-1.498534e+00	-6.797444e-01
3.290000e-01	-1.499052e+00	-6.787702e-01
3.291000e-01	-1.499645e+00	-6.777911e-01
3.292000e-01	-1.500312e+00	-6.768083e-01
3.293000e-01	-1.501054e+00	-6.758233e-01
3.294000e-01	-1.501873e+00	-6.748373e-01
3.295000e-01	-1.502767e+00	-6.738516e-01
3.296000e-01	-1.503738e+00	-6.728672e-01
3.297000e-01	-1.504784e+00	-6.718851e-01
3.298000e-01	-1.505906e+00	-6.709059e-01
3.299000e-01	-1.507102e+00	-6.699306e-01
3.300000e-01	-1.508373e+00	-6.689598e-01
3.301000e-01	-1.509716e+00	-6.679937e-01
3.302000e-01	-1.511131e+00	-6.670329e-01
3.303000e-01	-1.512617e+00	-6.660774e-01
3.304000e-01	-1.514172e+00	-6.651274e-01
3.305000e-01	-1.515793e+00	-6.641828e-01
3.306000e-01	-1.517480e+00	-6.632436e-01
3.307000e-01	-1.519229e+00	-6.623093e-01
3.308000e-01	-1.521040e+00	-6.613799e-01
3.309000e-01	-1.522909e+00	-6.604549e-01
3.310000e-01	-1.524834e+00	-6.595339e-01
3.311000e-01	-1.526811e+00	-6.586170e-01
3.312000e-01	-1.528837e+00	-6.577049e-01
3.313000e-01	-1.530906e+00	-6.567983e-01
3.314000e-01	-1.533014e+00	-6.558977e-01
3.315000e-01	-1.535157e+00	-6.550039e-01
3.316000e-01	-1.537330e+00	-6.541178e-01
3.317000e-01	-1.539528e+00	-6.532400e-01
3.318000e-01	-1.541746e+00	-6.523713e-01
3.319000e-01	-1.543982e+00	-6.515128e-01
3.320000e-01	-1.546229e+00	-6.506654e-01
3.321000e-01	-1.548484e+00	-6.498302e-01
3.322000e-01	-1.550743e+00	-6.490081e-01
3.323000e-01	-1.553001e+00	-6.482006e-01
3.324000e-01	-1.555255e+00	-6.474087e-01
3.325000e-01	-1.557502e+00	-6.466339e-01
3.326000e-01	-1.559737e+00	-6.458775e-01
3.327000e-01	-1.561958e+00	-6.451410e-01
3.328000e-01	-1.564160e+00	-6.444259e-01
3.329000e-01	-1.566343e+00	-6.437336e-01
3.330000e-01	-1.568501e+00	-6.430658e-01
3.331000e-01	-1.570634e+00	-6.424241e-01
3.332000e-01	-1.572739e+00	-6.418099e-01
3.333000e-01	-1.574813e+00	-6.412247e-01
3.334000e-01	-1.576855e+00	-6.406702e-01
3.335000e-01	-1.578863e+00	-6.401478e-01
3.336000e-01	-1.580835e+00	-6.396587e-01
3.337000e-01	-1.582769e+00	-6.392044e-01
3.338000e-01	-1.584666e+00	-6.387859e-01
3.339000e-01	-1.586523e+00	-6.384045e-01
3.340000e-01	-1.588339e+00	-6.380609e-01
3.341000e-01	-1.590115e+00	-6.377561e-01
3.342000e-01	-1.591848e+00	-6.374906e-01
3.343000e-01	-1.593540e+00	-6.372649e-01
3.344000e-01	-1.595188e+00	-6.370794e-01
3.345000e-01	-1.596793e+00	-6.369341e-01
3.346000e-01	-1.598355e+00	-6.368290e-01
3.347000e-01	-1.599874e+00	-6.367638e-01
3.348000e-01	-1.601350e+00	-6.367380e-01
3.349000e-01	-1.602782e+00	-6.367510e-01
3.350000e-01	-1.604171e+00	-6.368020e-01
3.351000e-01	-1.605518e+00	-6.368900e-01
3.352000e-01	-1.606822e+00	-6.370138e-01
3.353000e-01	-1.608085e+00	-6.371721e-01
3.354000e-01	-1.609307e+00	-6.373633e-01
3.355000e-01	-1.610488e+00	-6.375859e-01
3.356000e-01	-1.611630e+00	-6.378381e-01
3.357000e-01	-1.612733e+00	-6.381180e-01
3.358000e-01	-1.613798e+00	-6.384237e-01
3.359000e-01	-1.614826e+00	-6.387533e-01
3.360000e-01	-1.615819e+00	-6.391046e-01
3.361000e-01	-1.616778e+00	-6.394755e-01
3.362000e-01	-1.617703e+00	-6.398642e-01
3.363000e-01	-1.618598e+00	-6.402682e-01
3.364000e-01	-1.619463e+00	-6.406857e-01
3.365000e-01	-1.620300e+00	-6.411145e-01
3.366000e-01	-1.621111e+00	-6.415528e-01
3.367000e-01	-1.621898e+00	-6.419985e-01
3.368000e-01	-1.622662e+00	-6.424501e-01
3.369000e-01	-1.623406e+00	-6.429062e-01
3.370000e-01	-1.624132e+00	-6.433653e-01
3.371000e-01	-1.624842e+00	-6.438263e-01
3.372000e-01	-1.625536e+00	-6.442883e-01
3.373000e-01	-1.626218e+00	-6.447507e-01
3.374000e-01	-1.626888e+00	-6.452129e-01
3.375000e-01	-1.627548e+00	-6.456749e-01
3.376000e-01	-1.628200e+00	-6.461367e-01
3.377000e-01	-1.628845e+00	-6.465986e-01
3.378000e-01	-1.629484e+00	-6.470613e-01
3.379000e-01	-1.630119e+00	-6.475255e-01
3.380000e-01	-1.630749e+00	-6.479922e-01
3.381000e-01	-1.631376e+00	-6.484627e-01
3.382000e-01	-1.632002e+00	-6.489383e-01
3.383000e-01	-1.632625e+00	-6.494205e-01
3.384000e-01	-1.633247e+00	-6.499110e-01
3.385000e-01	-1.633868e+00	-6.504115e-01
3.386000e-01	-1.634489e+00	-6.509238e-01
3.387000e-01	-1.635111e+00	-6.514497e-01
3.388000e-01	-1.635732e+00	-6.519908e-01
3.389000e-01	-1.636355e+00	-6.525491e-01
3.390000e-01	-1.636978e+00	-6.531260e-01
3.391000e-01	-1.637604e+00	-6.537232e-01
3.392000e-01	-1.638232e+00	-6.543421e-01
3.393000e-01	-1.638862e+00	-6.549838e-01
3.394000e-01	-1.639497e+00	-6.556494e-01
3.395000e-01	-1.640136e+00	-6.563398e-01
3.396000e-01	-1.640780e+00	-6.570555e-01
3.397000e-01	-1.641431e+00	-6.577968e-01
3.398000e-01	-1.642091e+00	-6.585639e-01
3.399000e-01	-1.642759e+00	-6.593566e-01
3.400000e-01	-1.643439e+00	-6.601745e-01
3.401000e-01	-1.644132e+00	-6.610168e-01
3.402000e-01	-1.644839e+00	-6.618827e-01
3.403000e-01	-1.645563e+00	-6.627710e-01
3.404000e-01	-1.646307e+00	-6.636802e-01
3.405000e-01	-1.647072e+00	-6.646089e-01
3.406000e-01	-1.647860e+00	-6.655551e-01
3.407000e-01	-1.648676e+00	-6.665170e-01
3.408000e-01	-1.649520e+00	-6.674924e-01
3.409000e-01	-1.650395e+00	-6.684793e-01
3.410000e-01	-1.651305e+00	-6.694753e-01
3.411000e-01	-1.652252e+00	-6.704782e-01
3.412000e-01	-1.653239e+00	-6.714857e-01
3.413000e-01	-1.654267e+00	-6.724956e-01
3.414000e-01	-1.655339e+00	-6.735056e-01
3.415000e-01	-1.656459e+00	-6.745137e-01
3.416000e-01	-1.657627e+00	-6.755178e-01
3.417000e-01	-1.658847e+00	-6.765162e-01
3.418000e-01	-1.660119e+00	-6.775071e-01
3.419000e-01	-1.661446e+00	-6.784891e-01
3.420000e-01	-1.662828e+00	-6.794609e-01
3.421000e-01	-1.664268e+00	-6.804215e-01
3.422000e-01	-1.665765e+00	-6.813700e-01
3.423000e-01	-1.667322e+00	-6.823059e-01
3.424000e-01	-1.668938e+00	-6.832288e-01
3.425000e-01	-1.670613e+00	-6.841387e-01
3.426000e-01	-1.672347e+00	-6.850356e-01
3.427000e-01	-1.674141e+00	-6.859199e-01
3.428000e-01	-1.675993e+00	-6.867921e-01
3.429000e-01	-1.677902e+00	-6.876531e-01
3.430000e-01	-1.679869e+00	-6.885037e-01
3.431000e-01	-1.681891e+00	-6.893450e-01
3.432000e-01	-1.683967e+00	-6.901782e-01
3.433000e-01	-1.686096e+00	-6.910045e-01
3.434000e-01	-1.688276e+00	-6.918252e-01
3.435000e-01	-1.690504e+00	-6.926417e-01
3.436000e-01	-1.692781e+00	-6.934554e-01
3.437000e-01	-1.695102e+00	-6.942675e-01
3.438000e-01	-1.697466e+00	-6.950794e-01
3.439000e-01	-1.699872e+00	-6.958921e-01
3.440000e-01	-1.702317e+00	-6.967068e-01
3.441000e-01	-1.704798e+00	-6.975242e-01
3.442000e-01	-1.707315e+00	-6.983452e-01
3.443000e-01	-1.709864e+00	-6.991701e-01
3.444000e-01	-1.712444e+00	-6.999994e-01
3.445000e-01	-1.715053e+00	-7.008332e-01
3.446000e-01	-1.717690e+00	-7.016712e-01
3.447000e-01	-1.720351e+00	-7.025131e-01
3.448000e-01	-1.723037e+00	-7.033583e-01
3.449000e-01	-1.725745e+00	-7.042060e-01
3.450000e-01	-1.728473e+00	-7.050550e-01
3.451000e-01	-1.731221e+00	-7.059040e-01
3.452000e-01	-1.733987e+00	-7.067516e-01
3.453000e-01	-1.736769e+00	-7.075959e-01
3.454000e-01	-1.739567e+00	-7.084352e-01
3.455000e-01	-1.742379e+00	-7.092675e-01
3.456000e-01	-1.745204e+00	-7.100904e-01
3.457000e-01	-1.748041e+00	-7.109019e-01
3.458000e-01	-1.750888e+00	-7.116997e-01
3.459000e-01	-1.753745e+00	-7.124814e-01
3.460000e-01	-1.756611e+00	-7.132446e-01
3.461000e-01	-1.759483e+00	-7.139871e-01
3.462000e-01	-1.762360e+00	-7.147066e-01
3.463000e-01	-1.765242e+00	-7.154011e-01
3.464000e-01	-1.768126e+00	-7.160683e-01
3.465000e-01	-1.771011e+00	-7.167065e-01
3.466000e-01	-1.773895e+00	-7.173140e-01
3.467000e-01	-1.776777e+00	-7.178891e-01
3.468000e-01	-1.779653e+00	-7.184306e-01
3.469000e-01	-1.782521e+00	-7.189373e-01
3.470000e-01	-1.785380e+00	-7.194083e-01
3.471000e-01	-1.788227e+00	-7.198431e-01
3.472000e-01	-1.791060e+00	-7.202412e-01
3.473000e-01	-1.793875e+00	-7.206023e-01
3.474000e-01	-1.796669e+00	-7.209267e-01
3.475000e-01	-1.799440e+00	-7.212145e-01
3.476000e-01	-1.802185e+00	-7.214663e-01
3.477000e-01	-1.804900e+00	-7.216828e-01
3.478000e-01	-1.807583e+00	-7.218648e-01
3.479000e-01	-1.810230e+00	-7.220134e-01
3.480000e-01	-1.812838e+00	-7.221298e-01
3.481000e-01	-1.815403e+00	-7.222151e-01
3.482000e-01	-1.817924e+00	-7.222709e-01
3.483000e-01	-1.820396e+00	-7.222984e-01
3.484000e-01	-1.822816e+00	-7.222992e-01
3.485000e-01	-1.825183e+00	-7.222746e-01
3.486000e-01	-1.827492e+00	-7.222260e-01
3.487000e-01	-1.829742e+00	-7.221548e-01
3.488000e-01	-1.831929e+00	-7.220621e-01
3.489000e-01	-1.834053e+00	-7.219492e-01
3.490000e-01	-1.836110e+00	-7.218169e-01
3.491000e-01	-1.838098e+00	-7.216662e-01
3.492000e-01	-1.840017e+00	-7.214977e-01
3.493000e-01	-1.841864e+00	-7.213118e-01
3.494000e-01	-1.843639e+00	-7.211089e-01
3.495000e-01	-1.845340e+00	-7.208890e-01
3.496000e-01	-1.846966e+00	-7.206521e-01
3.497000e-01	-1.848518e+00	-7.203977e-01
3.498000e-01	-1.849994e+00	-7.201254e-01
3.499000e-01	-1.851395e+00	-7.198344e-01
3.500000e-01	-1.852720e+00	-7.195239e-01
3.501000e-01	-1.853970e+00	-7.191929e-01
3.502000e-01	-1.855145e+00	-7.188400e-01
3.503000e-01	-1.856245e+00	-7.184641e-01
3.504000e-01	-1.857271e+00	-7.180636e-01
3.505000e-01	-1.858224e+00	-7.176372e-01
3.506000e-01	-1.859104e+00	-7.171832e-01
3.507000e-01	-1.859912e+00	-7.167002e-01
3.508000e-01	-1.860649e+00	-7.161864e-01
3.509000e-01	-1.861316e+00	-7.156405e-01
3.510000e-01	-1.861913e+00	-7.150610e-01
3.511000e-01	-1.862442e+00	-7.144465e-01
3.512000e-01	-1.862903e+00	-7.137957e-01
3.513000e-01	-1.863296e+00	-7.131075e-01
3.514000e-01	-1.863623e+00	-7.123810e-01
3.515000e-01	-1.863883e+00	-7.116153e-01
3.516000e-01	-1.864078e+00	-7.108099e-01
3.517000e-01	-1.864208e+00	-7.099645e-01
3.518000e-01	-1.864273e+00	-7.090787e-01
3.519000e-01	-1.864273e+00	-7.081528e-01
3.520000e-01	-1.864208e+00	-7.071869e-01
3.521000e-01	-1.864079e+00	-7.061815e-01
3.522000e-01	-1.863886e+00	-7.051374e-01
3.523000e-01	-1.863628e+00	-7.040556e-01
3.524000e-01	-1.863305e+00	-7.029371e-01
3.525000e-01	-1.862917e+00	-7.017832e-01
3.526000e-01	-1.862465e+00	-7.005955e-01
3.527000e-01	-1.861948e+00	-6.993756e-01
3.528000e-01	-1.861365e+00	-6.981252e-01
3.529000e-01	-1.860717e+00	-6.968461e-01
3.530000e-01	-1.860004e+00	-6.955404e-01
3.531000e-01	-1.859226e+00	-6.942101e-01
3.532000e-01	-1.858383e+00	-6.928570e-01
3.533000e-01	-1.857475e+00	-6.914833e-01
3.534000e-01	-1.856502e+00	-6.900908e-01
3.535000e-01	-1.855466e+00	-6.886816e-01
3.536000e-01	-1.854366e+00	-6.872574e-01
3.537000e-01	-1.853203e+00	-6.858200e-01
3.538000e-01	-1.851979e+00	-6.843709e-01
3.539000e-01	-1.850694e+00	-6.829117e-01
3.540000e-01	-1.849350e+00	-6.814437e-01
3.541000e-01	-1.847948e+00	-6.799679e-01
3.542000e-01	-1.846490e+00	-6.784853e-01
3.543000e-01	-1.844977e+00	-6.769966e-01
3.544000e-01	-1.843412e+00	-6.755025e-01
3.545000e-01	-1.841796e+00	-6.740033e-01
3.546000e-01	-1.840131e+00	-6.724991e-01
3.547000e-01	-1.838420e+00	-6.709900e-01
3.548000e-01	-1.836664e+00	-6.694758e-01
3.549000e-01	-1.834868e+00	-6.679561e-01
3.550000e-01	-1.833032e+00	-6.664305e-01
3.551000e-01	-1.831159e+00	-6.648983e-01
3.552000e-01	-1.829253e+00	-6.633589e-01
3.553000e-01	-1.827315e+00	-6.618114e-01
3.554000e-01	-1.825347e+00	-6.602550e-01
3.555000e-01	-1.823353e+00	-6.586888e-01
3.556000e-01	-1.821335e+00	-6.571119e-01
3.557000e-01	-1.819295e+00	-6.555234e-01
3.558000e-01	-1.817235e+00	-6.539223e-01
3.559000e-01	-1.815158e+00	-6.523081e-01
3.560000e-01	-1.813065e+00	-6.506799e-01
3.561000e-01	-1.810959e+00	-6.490370e-01
3.562000e-01	-1.808840e+00	-6.473792e-01
3.563000e-01	-1.806712e+00	-6.457059e-01
3.564000e-01	-1.804575e+00	-6.440171e-01
3.565000e-01	-1.802430e+00	-6.423127e-01
3.566000e-01	-1.800280e+00	-6.405929e-01
3.567000e-01	-1.798124e+00	-6.388580e-01
3.568000e-01	-1.795965e+00	-6.371085e-01
3.569000e-01	-1.793803e+00	-6.353452e-01
3.570000e-01	-1.791638e+00	-6.335690e-01
3.571000e-01	-1.789472e+00	-6.317809e-01
3.572000e-01	-1.787305e+00	-6.299822e-01
3.573000e-01	-1.785138e+00	-6.281743e-01
3.574000e-01	-1.782972e+00	-6.263586e-01
3.575000e-01	-1.780806e+00	-6.245368e-01
3.576000e-01	-1.778642e+00	-6.227107e-01
3.577000e-01	-1.776481e+00	-6.208821e-01
3.578000e-01	-1.774322e+00	-6.190528e-01
3.579000e-01	-1.772168e+00	-6.172248e-01
3.580000e-01	-1.770018e+00	-6.153999e-01
3.581000e-01	-1.767873e+00	-6.135802e-01
3.582000e-01	-1.765735e+00	-6.117673e-01
3.583000e-01	-1.763605e+00	-6.099632e-01
3.584000e-01	-1.761484e+00	-6.081695e-01
3.585000e-01	-1.759373e+00	-6.063879e-01
3.586000e-01	-1.757275e+00	-6.046199e-01
3.587000e-01	-1.755190e+00	-6.028668e-01
3.588000e-01	-1.753121e+00	-6.011298e-01
3.589000e-01	-1.751070e+00	-5.994099e-01
3.590000e-01	-1.749039e+00	-5.977080e-01
3.591000e-01	-1.747030e+00	-5.960249e-01
3.592000e-01	-1.745046e+00	-5.943609e-01
3.593000e-01	-1.743089e+00	-5.927164e-01
3.594000e-01	-1.741162e+00	-5.910917e-01
3.595000e-01	-1.739267e+00	-5.894865e-01
3.596000e-01	-1.737408e+00	-5.879009e-01
3.597000e-01	-1.735586e+00	-5.863343e-01
3.598000e-01	-1.733805e+00	-5.847864e-01
3.599000e-01	-1.732067e+00	-5.832565e-01
3.600000e-01	-1.730376e+00	-5.817440e-01
3.601000e-01	-1.728734e+00	-5.802480e-01
3.602000e-01	-1.727143e+00	-5.787678e-01
3.603000e-01	-1.725606e+00	-5.773024e-01
3.604000e-01	-1.724126e+00	-5.758509e-01
3.605000e-01	-1.722705e+00	-5.744125e-01
3.606000e-01	-1.721345e+00	-5.729862e-01
3.607000e-01	-1.720048e+00	-5.715713e-01
3.608000e-01	-1.718816e+00	-5.701669e-01
3.609000e-01	-1.717651e+00	-5.687724e-01
3.610000e-01	-1.716554e+00	-5.673873e-01
3.611000e-01	-1.715527e+00	-5.660111e-01
3.612000e-01	-1.714570e+00	-5.646435e-01
3.613000e-01	-1.713686e+00	-5.632843e-01
3.614000e-01	-1.712874e+00	-5.619334e-01
3.615000e-01	-1.712135e+00	-5.605911e-01
3.616000e-01	-1.711471e+00	-5.592576e-01
3.617000e-01	-1.710880e+00	-5.579334e-01
3.618000e-01	-1.710364e+00	-5.566191e-01
3.619000e-01	-1.709923e+00	-5.553155e-01
3.620000e-01	-1.709556e+00	-5.540234e-01
3.621000e-01	-1.709264e+00	-5.527439e-01
3.622000e-01	-1.709046e+00	-5.514781e-01
3.623000e-01	-1.708903e+00	-5.502274e-01
3.624000e-01	-1.708833e+00	-5.489930e-01
3.625000e-01	-1.708836e+00	-5.477763e-01
3.626000e-01	-1.708913e+00	-5.465789e-01
3.627000e-01	-1.709062e+00	-5.454022e-01
3.628000e-01	-1.709285e+00	-5.442477e-01
3.629000e-01	-1.709579e+00	-5.431169e-01
3.630000e-01	-1.709946e+00	-5.420113e-01
3.631000e-01	-1.710385e+00	-5.409322e-01
3.632000e-01	-1.710895e+00	-5.398809e-01
3.633000e-01	-1.711477e+00	-5.388588e-01
3.634000e-01	-1.712132e+00	-5.378668e-01
3.635000e-01	-1.712857e+00	-5.369061e-01
3.636000e-01	-1.713655e+00	-5.359775e-01
3.637000e-01	-1.714525e+00	-5.350816e-01
3.638000e-01	-1.715467e+00	-5.342192e-01
3.639000e-01	-1.716482e+00	-5.333906e-01
3.640000e-01	-1.717569e+00	-5.325960e-01
3.641000e-01	-1.718730e+00	-5.318356e-01
3.642000e-01	-1.719963e+00	-5.311093e-01
3.643000e-01	-1.721271e+00	-5.304170e-01
3.644000e-01	-1.722651e+00	-5.297581e-01
3.645000e-01	-1.724106e+00	-5.291323e-01
3.646000e-01	-1.725634e+00	-5.285390e-01
3.647000e-01	-1.727235e+00	-5.279773e-01
3.648000e-01	-1.728911e+00	-5.274466e-01
3.649000e-01	-1.730659e+00	-5.269460e-01
3.650000e-01	-1.732480e+00	-5.264744e-01
3.651000e-01	-1.734373e+00	-5.260309e-01
3.652000e-01	-1.736337e+00	-5.256145e-01
3.653000e-01	-1.738371e+00	-5.252242e-01
3.654000e-01	-1.740474e+00	-5.248590e-01
3.655000e-01	-1.742644e+00	-5.245179e-01
3.656000e-01	-1.744880e+00	-5.242001e-01
3.657000e-01	-1.747181e+00	-5.239047e-01
3.658000e-01	-1.749543e+00	-5.236310e-01
3.659000e-01	-1.751965e+00	-5.233783e-01
3.660000e-01	-1.754444e+00	-5.231460e-01
3.661000e-01	-1.756978e+00	-5.229339e-01
3.662000e-01	-1.759563e+00	-5.227414e-01
3.663000e-01	-1.762197e+00	-5.225686e-01
3.664000e-01	-1.764877e+00	-5.224152e-01
3.665000e-01	-1.767599e+00	-5.222815e-01
3.666000e-01	-1.770360e+00	-5.221677e-01
3.667000e-01	-1.773157e+00	-5.220740e-01
3.668000e-01	-1.775985e+00	-5.220010e-01
3.669000e-01	-1.778841e+00	-5.219492e-01
3.670000e-01	-1.781723e+00	-5.219192e-01
3.671000e-01	-1.784625e+00	-5.219119e-01
3.672000e-01	-1.787545e+00	-5.219279e-01
3.673000e-01	-1.790478e+00	-5.219682e-01
3.674000e-01	-1.793423e+00	-5.220336e-01
3.675000e-01	-1.796374e+00	-5.221251e-01
3.676000e-01	-1.799328e+00	-5.222436e-01
3.677000e-01	-1.802284e+00	-5.223899e-01
3.678000e-01	-1.805236e+00	-5.225649e-01
3.679000e-01	-1.808183e+00	-5.227694e-01
3.680000e-01	-1.811123e+00	-5.230041e-01
3.681000e-01	-1.814051e+00	-5.232697e-01
3.682000e-01	-1.816966e+00	-5.235668e-01
3.683000e-01	-1.819866e+00	-5.238957e-01
3.684000e-01	-1.822748e+00	-5.242567e-01
3.685000e-01	-1.825611e+00	-5.246502e-01
3.686000e-01	-1.828453e+00	-5.250760e-01
3.687000e-01	-1.831273e+00	-5.255342e-01
3.688000e-01	-1.834068e+00	-5.260245e-01
3.689000e-01	-1.836838e+00	-5.265466e-01
3.690000e-01	-1.839581e+00	-5.270998e-01
3.691000e-01	-1.842297e+00	-5.276837e-01
3.692000e-01	-1.844985e+00	-5.282973e-01
3.693000e-01	-1.847643e+00	-5.289399e-01
3.694000e-01	-1.850271e+00	-5.296104e-01
3.695000e-01	-1.852869e+00	-5.303078e-01
3.696000e-01	-1.855434e+00	-5.310309e-01
3.697000e-01	-1.857968e+00	-5.317784e-01
3.698000e-01	-1.860468e+00	-5.325490e-01
3.699000e-01	-1.862935e+00	-5.333415e-01
3.700000e-01	-1.865368e+00	-5.341545e-01
3.701000e-01	-1.867765e+00	-5.349866e-01
3.702000e-01	-1.870127e+00	-5.358365e-01
3.703000e-01	-1.872452e+00	-5.367029e-01
3.704000e-01	-1.874739e+00	-5.375845e-01
3.705000e-01	-1.876989e+00	-5.384802e-01
3.706000e-01	-1.879198e+00	-5.393888e-01
3.707000e-01	-1.881368e+00	-5.403093e-01
3.708000e-01	-1.883496e+00	-5.412407e-01
3.709000e-01	-1.885582e+00	-5.421822e-01
3.710000e-01	-1.887624e+00	-5.431329e-01
3.711000e-01	-1.889622e+00	-5.440924e-01
3.712000e-01	-1.891574e+00	-5.450600e-01
3.713000e-01	-1.893480e+00	-5.460354e-01
3.714000e-01	-1.895338e+00	-5.470182e-01
3.715000e-01	-1.897148e+00	-5.480083e-01
3.716000e-01	-1.898909e+00	-5.490056e-01
3.717000e-01	-1.900619e+00	-5.500100e-01
3.718000e-01	-1.902278e+00	-5.510216e-01
3.719000e-01	-1.903887e+00	-5.520407e-01
3.720000e-01	-1.905443e+00	-5.530674e-01
3.721000e-01	-1.906948e+00	-5.541019e-01
3.722000e-01	-1.908401e+00	-5.551447e-01
3.723000e-01	-1.909802e+00	-5.561959e-01
3.724000e-01	-1.911151e+00	-5.572560e-01
3.725000e-01	-1.912449e+00	-5.583252e-01
3.726000e-01	-1.913697e+00	-5.594039e-01
3.727000e-01	-1.914896e+00	-5.604922e-01
3.728000e-01	-1.916046e+00	-5.615905e-01
3.729000e-01	-1.917149e+00	-5.626988e-01
3.730000e-01	-1.918207e+00	-5.638172e-01
3.731000e-01	-1.919221e+00	-5.649458e-01
3.732000e-01	-1.920194e+00	-5.660843e-01
3.733000e-01	-1.921127e+00	-5.672326e-01
3.734000e-01	-1.922022e+00	-5.683905e-01
3.735000e-01	-1.922883e+00	-5.695574e-01
3.736000e-01	-1.923711e+00	-5.707329e-01
3.737000e-01	-1.924509e+00	-5.719164e-01
3.738000e-01	-1.925280e+00	-5.731071e-01
3.739000e-01	-1.926027e+00	-5.743042e-01
3.740000e-01	-1.926752e+00	-5.755069e-01
3.741000e-01	-1.927459e+00	-5.767141e-01
3.742000e-01	-1.928150e+00	-5.779248e-01
3.743000e-01	-1.928827e+00	-5.791378e-01
3.744000e-01	-1.929495e+00	-5.803519e-01
3.745000e-01	-1.930154e+00	-5.815660e-01
3.746000e-01	-1.930809e+00	-5.827787e-01
3.747000e-01	-1.931461e+00	-5.839888e-01
3.748000e-01	-1.932113e+00	-5.851951e-01
3.749000e-01	-1.932767e+00	-5.863963e-01
3.750000e-01	-1.933425e+00	-5.875911e-01
3.751000e-01	-1.934089e+00	-5.887784e-01
3.752000e-01	-1.934760e+00	-5.899570e-01
3.753000e-01	-1.935441e+00	-5.911259e-01
3.754000e-01	-1.936132e+00	-5.922841e-01
3.755000e-01	-1.936835e+00	-5.934308e-01
3.756000e-01	-1.937551e+00	-5.945649e-01
3.757000e-01	-1.938280e+00	-5.956860e-01
3.758000e-01	-1.939024e+00	-5.967932e-01
3.759000e-01	-1.939783e+00	-5.978862e-01
3.760000e-01	-1.940557e+00	-5.989645e-01
3.761000e-01	-1.941346e+00	-6.000279e-01
3.762000e-01	-1.942151e+00	-6.010761e-01
3.763000e-01	-1.942973e+00	-6.021090e-01
3.764000e-01	-1.943810e+00	-6.031267e-01
3.765000e-01	-1.944663e+00	-6.041293e-01
3.766000e-01	-1.945531e+00	-6.051169e-01
3.767000e-01	-1.946415e+00	-6.060898e-01
3.768000e-01	-1.947315e+00	-6.070483e-01
3.769000e-01	-1.948230e+00	-6.079927e-01
3.770000e-01	-1.949160e+00	-6.089235e-01
3.771000e-01	-1.950106e+00	-6.098410e-01
3.772000e-01	-1.951066e+00	-6.107458e-01
3.773000e-01	-1.952041e+00	-6.116383e-01
3.774000e-01	-1.953032e+00	-6.125189e-01
3.775000e-01	-1.954038e+00	-6.133881e-01
3.776000e-01	-1.955059e+00	-6.142462e-01
3.777000e-01	-1.956096e+00	-6.150936e-01
3.778000e-01	-1.957149e+00	-6.159306e-01
3.779000e-01	-1.958219e+00	-6.167575e-01
3.780000e-01	-1.959305e+00	-6.175744e-01
3.781000e-01	-1.960409e+00	-6.183815e-01
3.782000e-01	-1.961530e+00	-6.191788e-01
3.783000e-01	-1.962670e+00	-6.199662e-01
3.784000e-01	-1.963828e+00	-6.207438e-01
3.785000e-01	-1.965007e+00	-6.215112e-01
3.786000e-01	-1.966205e+00	-6.222683e-01
3.787000e-01	-1.967423e+00	-6.230148e-01
3.788000e-01	-1.968663e+00	-6.237502e-01
3.789000e-01	-1.969924e+00	-6.244742e-01
3.790000e-01	-1.971206e+00	-6.251861e-01
3.791000e-01	-1.972511e+00	-6.258856e-01
3.792000e-01	-1.973837e+00	-6.265721e-01
3.793000e-01	-1.975185e+00	-6.272449e-01
3.794000e-01	-1.976555e+00	-6.279035e-01
3.795000e-01	-1.977946e+00	-6.285472e-01
3.796000e-01	-1.979358e+00	-6.291756e-01
3.797000e-01	-1.980791e+00	-6.297879e-01
3.798000e-01	-1.982243e+00	-6.303838e-01
3.799000e-01	-1.983713e+00	-6.309626e-01
3.800000e-01	-1.985201e+00	-6.315239e-01
3.801000e-01	-1.986705e+00	-6.320674e-01
3.802000e-01	-1.988223e+00	-6.325926e-01
3.803000e-01	-1.989755e+00	-6.330994e-01
3.804000e-01	-1.991298e+00	-6.335876e-01
3.805000e-01	-1.992851e+00	-6.340571e-01
3.806000e-01	-1.994411e+00	-6.345078e-01
3.807000e-01	-1.995976e+00	-6.349398e-01
3.808000e-01	-1.997545e+00	-6.353533e-01
3.809000e-01	-1.999115e+00	-6.357485e-01
3.810000e-01	-2.000684e+00	-6.361258e-01
3.811000e-01	-2.002249e+00	-6.364856e-01
3.812000e-01	-2.003809e+00	-6.368282e-01
3.813000e-01	-2.005361e+00	-6.371544e-01
3.814000e-01	-2.006902e+00	-6.374647e-01
3.815000e-01	-2.008432e+00	-6.377596e-01
3.816000e-01	-2.009947e+00	-6.380401e-01
3.817000e-01	-2.011445e+00	-6.383067e-01
3.818000e-01	-2.012926e+00	-6.385603e-01
3.819000e-01	-2.014386e+00	-6.388017e-01
3.820000e-01	-2.015825e+00	-6.390316e-01
3.821000e-01	-2.017241e+00	-6.392508e-01
3.822000e-01	-2.018632e+00	-6.394601e-01
3.823000e-01	-2.019999e+00	-6.396602e-01
3.824000e-01	-2.021338e+00	-6.398519e-01
3.825000e-01	-2.022651e+00	-6.400359e-01
3.826000e-01	-2.023936e+00	-6.402127e-01
3.827000e-01	-2.025192e+00	-6.403830e-01
3.828000e-01	-2.026419e+00	-6.405474e-01
3.829000e-01	-2.027618e+00	-6.407062e-01
3.830000e-01	-2.028787e+00	-6.408599e-01
3.831000e-01	-2.029927e+00	-6.410088e-01
3.832000e-01	-2.031039e+00	-6.411533e-01
3.833000e-01	-2.032122e+00	-6.412935e-01
3.834000e-01	-2.033176e+00	-6.414297e-01
3.835000e-01	-2.034202e+00	-6.415618e-01
3.836000e-01	-2.035201e+00	-6.416899e-01
3.837000e-01	-2.036172e+00	-6.418142e-01
3.838000e-01	-2.037116e+00	-6.419344e-01
3.839000e-01	-2.038034e+00	-6.420505e-01
3.840000e-01	-2.038925e+00	-6.421625e-01
3.841000e-01	-2.039790e+00	-6.422701e-01
3.842000e-01	-2.040630e+00	-6.423733e-01
3.843000e-01	-2.041443e+00	-6.424719e-01
3.844000e-01	-2.042231e+00	-6.425657e-01
3.845000e-01	-2.042994e+00	-6.426546e-01
3.846000e-01	-2.043730e+00	-6.427386e-01
3.847000e-01	-2.044441e+00	-6.428174e-01
3.848000e-01	-2.045124e+00	-6.428912e-01
3.849000e-01	-2.045781e+00	-6.429598e-01
3.850000e-01	-2.046410e+00	-6.430233e-01
3.851000e-01	-2.047011e+00	-6.430817e-01
3.852000e-01	-2.047583e+00	-6.431353e-01
3.853000e-01	-2.048124e+00	-6.431843e-01
3.854000e-01	-2.048635e+00	-6.432288e-01
3.855000e-01	-2.049114e+00	-6.432692e-01
3.856000e-01	-2.049559e+00	-6.433059e-01
3.857000e-01	-2.049971e+00	-6.433393e-01
3.858000e-01	-2.050347e+00	-6.433699e-01
3.859000e-01	-2.050686e+00	-6.433983e-01
3.860000e-01	-2.050989e+00	-6.434250e-01
3.861000e-01	-2.051252e+00	-6.434506e-01
3.862000e-01	-2.051476e+00	-6.434760e-01
3.863000e-01	-2.051659e+00	-6.435017e-01
3.864000e-01	-2.051800e+00	-6.435284e-01
3.865000e-01	-2.051899e+00	-6.435571e-01
3.866000e-01	-2.051955e+00	-6.435883e-01
3.867000e-01	-2.051967e+00	-6.436229e-01
3.868000e-01	-2.051935e+00	-6.436616e-01
3.869000e-01	-2.051859e+00	-6.437051e-01
3.870000e-01	-2.051737e+00	-6.437543e-01
3.871000e-01	-2.051571e+00	-6.438098e-01
3.872000e-01	-2.051360e+00	-6.438722e-01
3.873000e-01	-2.051104e+00	-6.439422e-01
3.874000e-01	-2.050804e+00	-6.440205e-01
3.875000e-01	-2.050460e+00	-6.441075e-01
3.876000e-01	-2.050073e+00	-6.442037e-01
3.877000e-01	-2.049643e+00	-6.443096e-01
3.878000e-01	-2.049171e+00	-6.444256e-01
3.879000e-01	-2.048659e+00	-6.445520e-01
3.880000e-01	-2.048106e+00	-6.446892e-01
3.881000e-01	-2.047515e+00	-6.448373e-01
3.882000e-01	-2.046885e+00	-6.449966e-01
3.883000e-01	-2.046219e+00	-6.451671e-01
3.884000e-01	-2.045517e+00	-6.453490e-01
3.885000e-01	-2.044780e+00	-6.455424e-01
3.886000e-01	-2.044010e+00	-6.457472e-01
3.887000e-01	-2.043207e+00	-6.459635e-01
3.888000e-01	-2.042373e+00	-6.461913e-01
3.889000e-01	-2.041508e+00	-6.464304e-01
3.890000e-01	-2.040613e+00	-6.466809e-01
3.891000e-01	-2.039690e+00	-6.469426e-01
3.892000e-01	-2.038738e+00	-6.472156e-01
3.893000e-01	-2.037759e+00	-6.474997e-01
3.894000e-01	-2.036752e+00	-6.477950e-01
3.895000e-01	-2.035719e+00	-6.481013e-01
3.896000e-01	-2.034660e+00	-6.484187e-01
3.897000e-01	-2.033575e+00	-6.487473e-01
3.898000e-01	-2.032464e+00	-6.490870e-01
3.899000e-01	-2.031327e+00	-6.494380e-01
3.900000e-01	-2.030165e+00	-6.498004e-01
3.901000e-01	-2.028976e+00	-6.501743e-01
3.902000e-01	-2.027762e+00	-6.505599e-01
3.903000e-01	-2.026522e+00	-6.509574e-01
3.904000e-01	-2.025256e+00	-6.513672e-01
3.905000e-01	-2.023964e+00	-6.517895e-01
3.906000e-01	-2.022646e+00	-6.522246e-01
3.907000e-01	-2.021301e+00	-6.526729e-01
3.908000e-01	-2.019930e+00	-6.531348e-01
3.909000e-01	-2.018532e+00	-6.536107e-01
3.910000e-01	-2.017109e+00	-6.541009e-01
3.911000e-01	-2.015660e+00	-6.546059e-01
3.912000e-01	-2.014185e+00	-6.551261e-01
3.913000e-01	-2.012685e+00	-6.556619e-01
3.914000e-01	-2.011161e+00	-6.562138e-01
3.915000e-01	-2.009613e+00	-6.567821e-01
3.916000e-01	-2.008042e+00	-6.573673e-01
3.917000e-01	-2.006450e+00	-6.579696e-01
3.918000e-01	-2.004838e+00	-6.585895e-01
3.919000e-01	-2.003206e+00	-6.592272e-01
3.920000e-01	-2.001558e+00	-6.598830e-01
3.921000e-01	-1.999893e+00	-6.605570e-01
3.922000e-01	-1.998216e+00	-6.612496e-01
3.923000e-01	-1.996526e+00	-6.619607e-01
3.924000e-01	-1.994828e+00	-6.626905e-01
3.925000e-01	-1.993122e+00	-6.634390e-01
3.926000e-01	-1.991412e+00	-6.642062e-01
3.927000e-01	-1.989700e+00	-6.649920e-01
3.928000e-01	-1.987989e+00	-6.657963e-01
3.929000e-01	-1.986282e+00	-6.666190e-01
3.930000e-01	-1.984581e+00	-6.674598e-01
3.931000e-01	-1.982889e+00	-6.683184e-01
3.932000e-01	-1.981209e+00	-6.691946e-01
3.933000e-01	-1.979544e+00	-6.700881e-01
3.934000e-01	-1.977897e+00	-6.709985e-01
3.935000e-01	-1.976271e+00	-6.719253e-01
3.936000e-01	-1.974668e+00	-6.728683e-01
3.937000e-01	-1.973090e+00	-6.738269e-01
3.938000e-01	-1.971542e+00	-6.748007e-01
3.939000e-01	-1.970025e+00	-6.757893e-01
3.940000e-01	-1.968542e+00	-6.767922e-01
3.941000e-01	-1.967094e+00	-6.778090e-01
3.942000e-01	-1.965685e+00	-6.788391e-01
3.943000e-01	-1.964316e+00	-6.798822e-01
3.944000e-01	-1.962990e+00	-6.809377e-01
3.945000e-01	-1.961708e+00	-6.820053e-01
3.946000e-01	-1.960471e+00	-6.830846e-01
3.947000e-01	-1.959282e+00	-6.841750e-01
3.948000e-01	-1.958142e+00	-6.852764e-01
3.949000e-01	-1.957052e+00	-6.863881e-01
3.950000e-01	-1.956014e+00	-6.875100e-01
3.951000e-01	-1.955029e+00	-6.886417e-01
3.952000e-01	-1.954097e+00	-6.897828e-01
3.953000e-01	-1.953220e+00	-6.909330e-01
3.954000e-01	-1.952399e+00	-6.920921e-01
3.955000e-01	-1.951635e+00	-6.932597e-01
3.956000e-01	-1.950928e+00	-6.944355e-01
3.957000e-01	-1.950280e+00	-6.956193e-01
3.958000e-01	-1.949691e+00	-6.968107e-01
3.959000e-01	-1.949162e+00	-6.980095e-01
3.960000e-01	-1.948693e+00	-6.992153e-01
3.961000e-01	-1.948287e+00	-7.004279e-01
3.962000e-01	-1.947942e+00	-7.016469e-01
3.963000e-01	-1.947661e+00	-7.028720e-01
3.964000e-01	-1.947445e+00	-7.041028e-01
3.965000e-01	-1.947293e+00	-7.053388e-01
3.966000e-01	-1.947208e+00	-7.065798e-01
3.967000e-01	-1.947189e+00	-7.078251e-01
3.968000e-01	-1.947239e+00	-7.090744e-01
3.969000e-01	-1.947358e+00	-7.103271e-01
3.970000e-01	-1.947548e+00	-7.115827e-01
3.971000e-01	-1.947809e+00	-7.128406e-01
3.972000e-01	-1.948142e+00	-7.141001e-01
3.973000e-01	-1.948549e+00	-7.153607e-01
3.974000e-01	-1.949030e+00	-7.166217e-01
3.975000e-01	-1.949587e+00	-7.178822e-01
3.976000e-01	-1.950221e+00	-7.191417e-01
3.977000e-01	-1.950933e+00	-7.203993e-01
3.978000e-01	-1.951722e+00	-7.216543e-01
3.979000e-01	-1.952591e+00	-7.229058e-01
3.980000e-01	-1.953540e+00	-7.241531e-01
3.981000e-01	-1.954569e+00	-7.253953e-01
3.982000e-01	-1.955679e+00	-7.266316e-01
3.983000e-01	-1.956870e+00	-7.278611e-01
3.984000e-01	-1.958142e+00	-7.290830e-01
3.985000e-01	-1.959495e+00	-7.302964e-01
3.986000e-01	-1.960929e+00	-7.315006e-01
3.987000e-01	-1.962443e+00	-7.326946e-01
3.988000e-01	-1.964037e+00	-7.338778e-01
3.989000e-01	-1.965710e+00	-7.350492e-01
3.990000e-01	-1.967461e+00	-7.362082e-01
3.991000e-01	-1.969289e+00	-7.373539e-01
3.992000e-01	-1.971192e+00	-7.384857e-01
3.993000e-01	-1.973168e+00	-7.396028e-01
3.994000e-01	-1.975217e+00	-7.407046e-01
3.995000e-01	-1.977336e+00	-7.417904e-01
3.996000e-01	-1.979523e+00	-7.428596e-01
3.997000e-01	-1.981776e+00	-7.439115e-01
3.998000e-01	-1.984093e+00	-7.449457e-01
3.999000e-01	-1.986470e+00	-7.459616e-01
4.000000e-01	-1.988906e+00	-7.469586e-01
4.001000e-01	-1.991397e+00	-7.479362e-01
4.002000e-01	-1.993942e+00	-7.488939e-01
4.003000e-01	-1.996536e+00	-7.498314e-01
4.004000e-01	-1.999178e+00	-7.507481e-01
4.005000e-01	-2.001865e+00	-7.516435e-01
4.006000e-01	-2.004593e+00	-7.525174e-01
4.007000e-01	-2.007360e+00	-7.533691e-01
4.008000e-01	-2.010163e+00	-7.541984e-01
4.009000e-01	-2.013000e+00	-7.550048e-01
4.010000e-01	-2.015867e+00	-7.557879e-01
4.011000e-01	-2.018762e+00	-7.565473e-01
4.012000e-01	-2.021682e+00	-7.572826e-01
4.013000e-01	-2.024625e+00	-7.579933e-01
4.014000e-01	-2.027588e+00	-7.586791e-01
4.015000e-01	-2.030570e+00	-7.593394e-01
4.016000e-01	-2.033568e+00	-7.599739e-01
4.017000e-01	-2.036579e+00	-7.605821e-01
4.018000e-01	-2.039602e+00	-7.611636e-01
4.019000e-01	-2.042636e+00	-7.617179e-01
4.020000e-01	-2.045678e+00	-7.622446e-01
4.021000e-01	-2.048726e+00	-7.627432e-01
4.022000e-01	-2.051779e+00	-7.632132e-01
4.023000e-01	-2.054835e+00	-7.636542e-01
4.024000e-01	-2.057893e+00	-7.640658e-01
4.025000e-01	-2.060951e+00	-7.644475e-01
4.026000e-01	-2.064009e+00	-7.647988e-01
4.027000e-01	-2.067064e+00	-7.651193e-01
4.028000e-01	-2.070115e+00	-7.654087e-01
4.029000e-01	-2.073161e+00	-7.656665e-01
4.030000e-01	-2.076201e+00	-7.658924e-01
4.031000e-01	-2.079233e+00	-7.660859e-01
4.032000e-01	-2.082257e+00	-7.662469e-01
4.033000e-01	-2.085270e+00	-7.663749e-01
4.034000e-01	-2.088271e+00	-7.664697e-01
4.035000e-01	-2.091259e+00	-7.665310e-01
4.036000e-01	-2.094232e+00	-7.665587e-01
4.037000e-01	-2.097190e+00	-7.665526e-01
4.038000e-01	-2.100130e+00	-7.665125e-01
4.039000e-01	-2.103050e+00	-7.664383e-01
4.040000e-01	-2.105950e+00	-7.663300e-01
4.041000e-01	-2.108828e+00	-7.661874e-01
4.042000e-01	-2.111681e+00	-7.660107e-01
4.043000e-01	-2.114509e+00	-7.657997e-01
4.044000e-01	-2.117310e+00	-7.655546e-01
4.045000e-01	-2.120081e+00	-7.652754e-01
4.046000e-01	-2.122822e+00	-7.649623e-01
4.047000e-01	-2.125530e+00	-7.646153e-01
4.048000e-01	-2.128204e+00	-7.642346e-01
4.049000e-01	-2.130843e+00	-7.638204e-01
4.050000e-01	-2.133444e+00	-7.633728e-01
4.051000e-01	-2.136007e+00	-7.628922e-01
4.052000e-01	-2.138529e+00	-7.623785e-01
4.053000e-01	-2.141011e+00	-7.618322e-01
4.054000e-01	-2.143450e+00	-7.612534e-01
4.055000e-01	-2.145845e+00	-7.606423e-01
4.056000e-01	-2.148195e+00	-7.599992e-01
4.057000e-01	-2.150500e+00	-7.593243e-01
4.058000e-01	-2.152759e+00	-7.586178e-01
4.059000e-01	-2.154971e+00	-7.578799e-01
4.060000e-01	-2.157136e+00	-7.571110e-01
4.061000e-01	-2.159254e+00	-7.563112e-01
4.062000e-01	-2.161324e+00	-7.554807e-01
4.063000e-01	-2.163346e+00	-7.546197e-01
4.064000e-01	-2.165321e+00	-7.537285e-01
4.065000e-01	-2.167249e+00	-7.528072e-01
4.066000e-01	-2.169131e+00	-7.518561e-01
4.067000e-01	-2.170966e+00	-7.508754e-01
4.068000e-01	-2.172756e+00	-7.498653e-01
4.069000e-01	-2.174501e+00	-7.488259e-01
4.070000e-01	-2.176202e+00	-7.477576e-01
4.071000e-01	-2.177860e+00	-7.466606e-01
4.072000e-01	-2.179477e+00	-7.455350e-01
4.073000e-01	-2.181052e+00	-7.443812e-01
4.074000e-01	-2.182588e+00	-7.431994e-01
4.075000e-01	-2.184086e+00	-7.419900e-01
4.076000e-01	-2.185546e+00	-7.407531e-01
4.077000e-01	-2.186969e+00	-7.394892e-01
4.078000e-01	-2.188357e+00	-7.381986e-01
4.079000e-01	-2.189712e+00	-7.368817e-01
4.080000e-01	-2.191033e+00	-7.355388e-01
4.081000e-01	-2.192322e+00	-7.341705e-01
4.082000e-01	-2.193580e+00	-7.327772e-01
4.083000e-01	-2.194807e+00	-7.313594e-01
4.084000e-01	-2.196006e+00	-7.299176e-01
4.085000e-01	-2.197175e+00	-7.284524e-01
4.086000e-01	-2.198316e+00	-7.269643e-01
4.087000e-01	-2.199430e+00	-7.254539e-01
4.088000e-01	-2.200517e+00	-7.239220e-01
4.089000e-01	-2.201576e+00	-7.223691e-01
4.090000e-01	-2.202610e+00	-7.207960e-01
4.091000e-01	-2.203617e+00	-7.192032e-01
4.092000e-01	-2.204598e+00	-7.175917e-01
4.093000e-01	-2.205553e+00	-7.159620e-01
4.094000e-01	-2.206482e+00	-7.143150e-01
4.095000e-01	-2.207385e+00	-7.126513e-01
4.096000e-01	-2.208262e+00	-7.109719e-01
4.097000e-01	-2.209112e+00	-7.092773e-01
4.098000e-01	-2.209936e+00	-7.075685e-01
4.099000e-01	-2.210734e+00	-7.058461e-01
4.100000e-01	-2.211505e+00	-7.041110e-01
4.101000e-01	-2.212250e+00	-7.023638e-01
4.102000e-01	-2.212968e+00	-7.006054e-01
4.103000e-01	-2.213659e+00	-6.988365e-01
4.104000e-01	-2.214323e+00	-6.970578e-01
4.105000e-01	-2.214960e+00	-6.952700e-01
4.106000e-01	-2.215571e+00	-6.934739e-01
4.107000e-01	-2.216155e+00	-6.916701e-01
4.108000e-01	-2.216713e+00	-6.898593e-01
4.109000e-01	-2.217245e+00	-6.880422e-01
4.110000e-01	-2.217751e+00	-6.862193e-01
4.111000e-01	-2.218232e+00	-6.843915e-01
4.112000e-01	-2.218689e+00	-6.825592e-01
4.113000e-01	-2.219121e+00	-6.807232e-01
4.114000e-01	-2.219530e+00	-6.788840e-01
4.115000e-01	-2.219915e+00	-6.770422e-01
4.116000e-01	-2.220279e+00	-6.751985e-01
4.117000e-01	-2.220622e+00	-6.733534e-01
4.118000e-01	-2.220944e+00	-6.715076e-01
4.119000e-01	-2.221247e+00	-6.696617e-01
4.120000e-01	-2.221531e+00	-6.678163e-01
4.121000e-01	-2.221798e+00	-6.659721e-01
4.122000e-01	-2.222047e+00	-6.641296e-01
4.123000e-01	-2.222281e+00	-6.622896e-01
4.124000e-01	-2.222500e+00	-6.604527e-01
4.125000e-01	-2.222704e+00	-6.586197e-01
4.126000e-01	-2.222895e+00	-6.567912e-01
4.127000e-01	-2.223073e+00	-6.549679e-01
4.128000e-01	-2.223240e+00	-6.531507e-01
4.129000e-01	-2.223395e+00	-6.513402e-01
4.130000e-01	-2.223540e+00	-6.495374e-01
4.131000e-01	-2.223674e+00	-6.477428e-01
4.132000e-01	-2.223799e+00	-6.459575e-01
4.133000e-01	-2.223914e+00	-6.441822e-01
4.134000e-01	-2.224020e+00	-6.424178e-01
4.135000e-01	-2.224118e+00	-6.406652e-01
4.136000e-01	-2.224207e+00	-6.389251e-01
4.137000e-01	-2.224287e+00	-6.371986e-01
4.138000e-01	-2.224359e+00	-6.354864e-01
4.139000e-01	-2.224422e+00	-6.337895e-01
4.140000e-01	-2.224477e+00	-6.321087e-01
4.141000e-01	-2.224523e+00	-6.304449e-01
4.142000e-01	-2.224560e+00	-6.287990e-01
4.143000e-01	-2.224588e+00	-6.271717e-01
4.144000e-01	-2.224606e+00	-6.255640e-01
4.145000e-01	-2.224615e+00	-6.239766e-01
4.146000e-01	-2.224615e+00	-6.224103e-01
4.147000e-01	-2.224604e+00	-6.208659e-01
4.148000e-01	-2.224583e+00	-6.193441e-01
4.149000e-01	-2.224552e+00	-6.178455e-01
4.150000e-01	-2.224511e+00	-6.163709e-01
4.151000e-01	-2.224459e+00	-6.149209e-01
4.152000e-01	-2.224397e+00	-6.134960e-01
4.153000e-01	-2.224324e+00	-6.120969e-01
4.154000e-01	-2.224242e+00	-6.107239e-01
4.155000e-01	-2.224149e+00	-6.093777e-01
4.156000e-01	-2.224047e+00	-6.080587e-01
4.157000e-01	-2.223936e+00	-6.067672e-01
4.158000e-01	-2.223816e+00	-6.055037e-01
4.159000e-01	-2.223688e+00	-6.042685e-01
4.160000e-01	-2.223552e+00	-6.030619e-01
4.161000e-01	-2.223409e+00	-6.018843e-01
4.162000e-01	-2.223260e+00	-6.007358e-01
4.163000e-01	-2.223105e+00	-5.996168e-01
4.164000e-01	-2.222946e+00	-5.985274e-01
4.165000e-01	-2.222784e+00	-5.974679e-01
4.166000e-01	-2.222618e+00	-5.964385e-01
4.167000e-01	-2.222451e+00	-5.954395e-01
4.168000e-01	-2.222283e+00	-5.944708e-01
4.169000e-01	-2.222116e+00	-5.935329e-01
4.170000e-01	-2.221949e+00	-5.926258e-01
4.171000e-01	-2.221785e+00	-5.917497e-01
4.172000e-01	-2.221624e+00	-5.909048e-01
4.173000e-01	-2.221467e+00	-5.900913e-01
4.174000e-01	-2.221315e+00	-5.893094e-01
4.175000e-01	-2.221168e+00	-5.885593e-01
4.176000e-01	-2.221028e+00	-5.878412e-01
4.177000e-01	-2.220895e+00	-5.871553e-01
4.178000e-01	-2.220770e+00	-5.865018e-01
4.179000e-01	-2.220653e+00	-5.858810e-01
4.180000e-01	-2.220544e+00	-5.852930e-01
4.181000e-01	-2.220445e+00	-5.847381e-01
4.182000e-01	-2.220354e+00	-5.842166e-01
4.183000e-01	-2.220273e+00	-5.837285e-01
4.184000e-01	-2.220201e+00	-5.832742e-01
4.185000e-01	-2.220139e+00	-5.828539e-01
4.186000e-01	-2.220086e+00	-5.824677e-01
4.187000e-01	-2.220042e+00	-5.821157e-01
4.188000e-01	-2.220006e+00	-5.817983e-01
4.189000e-01	-2.219979e+00	-5.815155e-01
4.190000e-01	-2.219960e+00	-5.812673e-01
4.191000e-01	-2.219948e+00	-5.810540e-01
4.192000e-01	-2.219943e+00	-5.808755e-01
4.193000e-01	-2.219944e+00	-5.807318e-01
4.194000e-01	-2.219951e+00	-5.806230e-01
4.195000e-01	-2.219963e+00	-5.805490e-01
4.196000e-01	-2.219980e+00	-5.805096e-01
4.197000e-01	-2.220000e+00	-5.805048e-01
4.198000e-01	-2.220023e+00	-5.805344e-01
4.199000e-01	-2.220049e+00	-5.805981e-01
4.200000e-01	-2.220077e+00	-5.806957e-01
4.201000e-01	-2.220105e+00	-5.808268e-01
4.202000e-01	-2.220135e+00	-5.809912e-01
4.203000e-01	-2.220164e+00	-5.811884e-01
4.204000e-01	-2.220193e+00	-5.814181e-01
4.205000e-01	-2.220222e+00	-5.816797e-01
4.206000e-01	-2.220248e+00	-5.819729e-01
4.207000e-01	-2.220274e+00	-5.822970e-01
4.208000e-01	-2.220297e+00	-5.826516e-01
4.209000e-01	-2.220317e+00	-5.830360e-01
4.210000e-01	-2.220335e+00	-5.834498e-01
4.211000e-01	-2.220350e+00	-5.838923e-01
4.212000e-01	-2.220362e+00	-5.843630e-01
4.213000e-01	-2.220371e+00	-5.848612e-01
4.214000e-01	-2.220376e+00	-5.853863e-01
4.215000e-01	-2.220377e+00	-5.859378e-01
4.216000e-01	-2.220375e+00	-5.865150e-01
4.217000e-01	-2.220369e+00	-5.871173e-01
4.218000e-01	-2.220358e+00	-5.877443e-01
4.219000e-01	-2.220343e+00	-5.883952e-01
4.220000e-01	-2.220324e+00	-5.890697e-01
4.221000e-01	-2.220300e+00	-5.897671e-01
4.222000e-01	-2.220271e+00	-5.904871e-01
4.223000e-01	-2.220237e+00	-5.912290e-01
4.224000e-01	-2.220198e+00	-5.919924e-01
4.225000e-01	-2.220152e+00	-5.927770e-01
4.226000e-01	-2.220100e+00	-5.935822e-01
4.227000e-01	-2.220042e+00	-5.944078e-01
4.228000e-01	-2.219976e+00	-5.952532e-01
4.229000e-01	-2.219903e+00	-5.961183e-01
4.230000e-01	-2.219822e+00	-5.970026e-01
4.231000e-01	-2.219731e+00	-5.979057e-01
4.232000e-01	-2.219632e+00	-5.988275e-01
4.233000e-01	-2.219522e+00	-5.997675e-01
4.234000e-01	-2.219402e+00	-6.007254e-01
4.235000e-01	-2.219270e+00	-6.017010e-01
4.236000e-01	-2.219126e+00	-6.026939e-01
4.237000e-01	-2.218969e+00	-6.037038e-01
4.238000e-01	-2.218799e+00	-6.047304e-01
4.239000e-01	-2.218614e+00	-6.057734e-01
4.240000e-01	-2.218415e+00	-6.068323e-01
4.241000e-01	-2.218200e+00	-6.079067e-01
4.242000e-01	-2.217970e+00	-6.089964e-01
4.243000e-01	-2.217723e+00	-6.101009e-01
4.244000e-01	-2.217459e+00	-6.112197e-01
4.245000e-01	-2.217178e+00	-6.123524e-01
4.246000e-01	-2.216880e+00	-6.134985e-01
4.247000e-01	-2.216564e+00	-6.146574e-01
4.248000e-01	-2.216230e+00	-6.158287e-01
4.249000e-01	-2.215878e+00	-6.170117e-01
4.250000e-01	-2.215509e+00	-6.182059e-01
4.251000e-01	-2.215122e+00	-6.194107e-01
4.252000e-01	-2.214719e+00	-6.206255e-01
4.253000e-01	-2.214298e+00	-6.218496e-01
4.254000e-01	-2.213862e+00	-6.230823e-01
4.255000e-01	-2.213411e+00	-6.243231e-01
4.256000e-01	-2.212944e+00	-6.255712e-01
4.257000e-01	-2.212465e+00	-6.268261e-01
4.258000e-01	-2.211972e+00	-6.280869e-01
4.259000e-01	-2.211468e+00	-6.293532e-01
4.260000e-01	-2.210954e+00	-6.306242e-01
4.261000e-01	-2.210431e+00	-6.318994e-01
4.262000e-01	-2.209900e+00	-6.331780e-01
4.263000e-01	-2.209364e+00	-6.344596e-01
4.264000e-01	-2.208822e+00	-6.357436e-01
4.265000e-01	-2.208277e+00	-6.370294e-01
4.266000e-01	-2.207731e+00	-6.383165e-01
4.267000e-01	-2.207186e+00	-6.396046e-01
4.268000e-01	-2.206642e+00	-6.408930e-01
4.269000e-01	-2.206102e+00	-6.421816e-01
4.270000e-01	-2.205567e+00	-6.434698e-01
4.271000e-01	-2.205040e+00	-6.447574e-01
4.272000e-01	-2.204521e+00	-6.460441e-01
4.273000e-01	-2.204013e+00	-6.473296e-01
4.274000e-01	-2.203518e+00	-6.486138e-01
4.275000e-01	-2.203037e+00	-6.498964e-01
4.276000e-01	-2.202571e+00	-6.511773e-01
4.277000e-01	-2.202123e+00	-6.524564e-01
4.278000e-01	-2.201694e+00	-6.537335e-01
4.279000e-01	-2.201286e+00	-6.550088e-01
4.280000e-01	-2.200901e+00	-6.562819e-01
4.281000e-01	-2.200539e+00	-6.575530e-01
4.282000e-01	-2.200202e+00	-6.588220e-01
4.283000e-01	-2.199893e+00	-6.600889e-01
4.284000e-01	-2.199612e+00	-6.613537e-01
4.285000e-01	-2.199360e+00	-6.626163e-01
4.286000e-01	-2.199140e+00	-6.638767e-01
4.287000e-01	-2.198953e+00	-6.651350e-01
4.288000e-01	-2.198799e+00	-6.663910e-01
4.289000e-01	-2.198681e+00	-6.676447e-01
4.290000e-01	-2.198599e+00	-6.688961e-01
4.291000e-01	-2.198555e+00	-6.701451e-01
4.292000e-01	-2.198550e+00	-6.713915e-01
4.293000e-01	-2.198586e+00	-6.726353e-01
4.294000e-01	-2.198664e+00	-6.738763e-01
4.295000e-01	-2.198785e+00	-6.751143e-01
4.296000e-01	-2.198950e+00	-6.763491e-01
4.297000e-01	-2.199161e+00	-6.775806e-01
4.298000e-01	-2.199419e+00	-6.788085e-01
4.299000e-01	-2.199726e+00	-6.800325e-01
4.300000e-01	-2.200082e+00	-6.812524e-01
4.301000e-01	-2.200489e+00	-6.824680e-01
4.302000e-01	-2.200948e+00	-6.836789e-01
4.303000e-01	-2.201461e+00	-6.848849e-01
4.304000e-01	-2.202028e+00	-6.860856e-01
4.305000e-01	-2.202651e+00	-6.872808e-01
4.306000e-01	-2.203332e+00	-6.884702e-01
4.307000e-01	-2.204070e+00	-6.896535e-01
4.308000e-01	-2.204868e+00	-6.908304e-01
4.309000e-01	-2.205727e+00	-6.920008e-01
4.310000e-01	-2.206647e+00	-6.931643e-01
4.311000e-01	-2.207629e+00	-6.943208e-01
4.312000e-01	-2.208675e+00	-6.954701e-01
4.313000e-01	-2.209785e+00	-6.966120e-01
4.314000e-01	-2.210959e+00	-6.977464e-01
4.315000e-01	-2.212199e+00	-6.988733e-01
4.316000e-01	-2.213505e+00	-6.999925e-01
4.317000e-01	-2.214877e+00	-7.011041e-01
4.318000e-01	-2.216316e+00	-7.022081e-01
4.319000e-01	-2.217821e+00	-7.033045e-01
4.320000e-01	-2.219394e+00	-7.043934e-01
4.321000e-01	-2.221033e+00	-7.054750e-01
4.322000e-01	-2.222738e+00	-7.065494e-01
4.323000e-01	-2.224510e+00	-7.076167e-01
4.324000e-01	-2.226348e+00	-7.086773e-01
4.325000e-01	-2.228250e+00	-7.097312e-01
4.326000e-01	-2.230217e+00	-7.107789e-01
4.327000e-01	-2.232248e+00	-7.118205e-01
4.328000e-01	-2.234341e+00	-7.128564e-01
4.329000e-01	-2.236496e+00	-7.138869e-01
4.330000e-01	-2.238711e+00	-7.149122e-01
4.331000e-01	-2.240984e+00	-7.159327e-01
4.332000e-01	-2.243316e+00	-7.169486e-01
4.333000e-01	-2.245703e+00	-7.179604e-01
4.334000e-01	-2.248144e+00	-7.189683e-01
4.335000e-01	-2.250638e+00	-7.199725e-01
4.336000e-01	-2.253183e+00	-7.209734e-01
4.337000e-01	-2.255777e+00	-7.219711e-01
4.338000e-01	-2.258417e+00	-7.229660e-01
4.339000e-01	-2.261103e+00	-7.239582e-01
4.340000e-01	-2.263832e+00	-7.249479e-01
4.341000e-01	-2.266602e+00	-7.259352e-01
4.342000e-01	-2.269410e+00	-7.269204e-01
4.343000e-01	-2.272256e+00	-7.279034e-01
4.344000e-01	-2.275136e+00	-7.288844e-01
4.345000e-01	-2.278048e+00	-7.298634e-01
4.346000e-01	-2.280991e+00	-7.308405e-01
4.347000e-01	-2.283962e+00	-7.318156e-01
4.348000e-01	-2.286960e+00	-7.327889e-01
4.349000e-01	-2.289981e+00	-7.337601e-01
4.350000e-01	-2.293024e+00	-7.347294e-01
4.351000e-01	-2.296087e+00	-7.356966e-01
4.352000e-01	-2.299167e+00	-7.366617e-01
4.353000e-01	-2.302263e+00	-7.376247e-01
4.354000e-01	-2.305373e+00	-7.385855e-01
4.355000e-01	-2.308494e+00	-7.395440e-01
4.356000e-01	-2.311624e+00	-7.405003e-01
4.357000e-01	-2.314762e+00	-7.414542e-01
4.358000e-01	-2.317906e+00	-7.424059e-01
4.359000e-01	-2.321052e+00	-7.433553e-01
4.360000e-01	-2.324201e+00	-7.443024e-01
4.361000e-01	-2.327349e+00	-7.452474e-01
4.362000e-01	-2.330494e+00	-7.461903e-01
4.363000e-01	-2.333635e+00	-7.471312e-01
4.364000e-01	-2.336769e+00	-7.480703e-01
4.365000e-01	-2.339896e+00	-7.490077e-01
4.366000e-01	-2.343012e+00	-7.499438e-01
4.367000e-01	-2.346116e+00	-7.508787e-01
4.368000e-01	-2.349205e+00	-7.518127e-01
4.369000e-01	-2.352279e+00	-7.527461e-01
4.370000e-01	-2.355334e+00	-7.536793e-01
4.371000e-01	-2.358370e+00	-7.546126e-01
4.372000e-01	-2.361383e+00	-7.555464e-01
4.373000e-01	-2.364373e+00	-7.564812e-01
4.374000e-01	-2.367337e+00	-7.574173e-01
4.375000e-01	-2.370273e+00	-7.583552e-01
4.376000e-01	-2.373179e+00	-7.592954e-01
4.377000e-01	-2.376055e+00	-7.602382e-01
4.378000e-01	-2.378896e+00	-7.611842e-01
4.379000e-01	-2.381703e+00	-7.621339e-01
4.380000e-01	-2.384472e+00	-7.630876e-01
4.381000e-01	-2.387203e+00	-7.640458e-01
4.382000e-01	-2.389894e+00	-7.650090e-01
4.383000e-01	-2.392543e+00	-7.659775e-01
4.384000e-01	-2.395147e+00	-7.669518e-01
4.385000e-01	-2.397707e+00	-7.679322e-01
4.386000e-01	-2.400220e+00	-7.689191e-01
4.387000e-01	-2.402685e+00	-7.699128e-01
4.388000e-01	-2.405101e+00	-7.709135e-01
4.389000e-01	-2.407466e+00	-7.719216e-01
4.390000e-01	-2.409780e+00	-7.729372e-01
4.391000e-01	-2.412041e+00	-7.739607e-01
4.392000e-01	-2.414248e+00	-7.749921e-01
4.393000e-01	-2.416400e+00	-7.760315e-01
4.394000e-01	-2.418497e+00	-7.770792e-01
4.395000e-01	-2.420537e+00	-7.781352e-01
4.396000e-01	-2.422521e+00	-7.791995e-01
4.397000e-01	-2.424448e+00	-7.802723e-01
4.398000e-01	-2.426317e+00	-7.813535e-01
4.399000e-01	-2.428127e+00	-7.824431e-01
4.400000e-01	-2.429880e+00	-7.835412e-01
4.401000e-01	-2.431574e+00	-7.846478e-01
4.402000e-01	-2.433209e+00	-7.857628e-01
4.403000e-01	-2.434785e+00	-7.868863e-01
4.404000e-01	-2.436303e+00	-7.880182e-01
4.405000e-01	-2.437762e+00	-7.891585e-01
4.406000e-01	-2.439163e+00	-7.903073e-01
4.407000e-01	-2.440506e+00	-7.914646e-01
4.408000e-01	-2.441791e+00	-7.926304e-01
4.409000e-01	-2.443017e+00	-7.938047e-01
4.410000e-01	-2.444187e+00	-7.949876e-01
4.411000e-01	-2.445300e+00	-7.961793e-01
4.412000e-01	-2.446355e+00	-7.973799e-01
4.413000e-01	-2.447355e+00	-7.985894e-01
4.414000e-01	-2.448299e+00	-7.998081e-01
4.415000e-01	-2.449187e+00	-8.010361e-01
4.416000e-01	-2.450021e+00	-8.022736e-01
4.417000e-01	-2.450800e+00	-8.035209e-01
4.418000e-01	-2.451524e+00	-8.047782e-01
4.419000e-01	-2.452195e+00	-8.060458e-01
4.420000e-01	-2.452813e+00	-8.073238e-01
4.421000e-01	-2.453378e+00	-8.086127e-01
4.422000e-01	-2.453891e+00	-8.099127e-01
4.423000e-01	-2.454352e+00	-8.112240e-01
4.424000e-01	-2.454761e+00	-8.125470e-01
4.425000e-01	-2.455119e+00	-8.138820e-01
4.426000e-01	-2.455427e+00	-8.152292e-01
4.427000e-01	-2.455685e+00	-8.165888e-01
4.428000e-01	-2.455892e+00	-8.179612e-01
4.429000e-01	-2.456051e+00	-8.193466e-01
4.430000e-01	-2.456161e+00	-8.207451e-01
4.431000e-01	-2.456222e+00	-8.221569e-01
4.432000e-01	-2.456236e+00	-8.235823e-01
4.433000e-01	-2.456202e+00	-8.250212e-01
4.434000e-01	-2.456122e+00	-8.264738e-01
4.435000e-01	-2.455996e+00	-8.279401e-01
4.436000e-01	-2.455824e+00	-8.294201e-01
4.437000e-01	-2.455607e+00	-8.309139e-01
4.438000e-01	-2.455346e+00	-8.324212e-01
4.439000e-01	-2.455042e+00	-8.339421e-01
4.440000e-01	-2.454695e+00	-8.354763e-01
4.441000e-01	-2.454306e+00	-8.370237e-01
4.442000e-01	-2.453876e+00	-8.385840e-01
4.443000e-01	-2.453405e+00	-8.401571e-01
4.444000e-01	-2.452895e+00	-8.417425e-01
4.445000e-01	-2.452347e+00	-8.433401e-01
4.446000e-01	-2.451762e+00	-8.449494e-01
4.447000e-01	-2.451140e+00	-8.465701e-01
4.448000e-01	-2.450482e+00	-8.482019e-01
4.449000e-01	-2.449791e+00	-8.498442e-01
4.450000e-01	-2.449066e+00	-8.514968e-01
4.451000e-01	-2.448309e+00	-8.531591e-01
4.452000e-01	-2.447522e+00	-8.548309e-01
4.453000e-01	-2.446704e+00	-8.565115e-01
4.454000e-01	-2.445858e+00	-8.582008e-01
4.455000e-01	-2.444985e+00	-8.598981e-01
4.456000e-01	-2.444086e+00	-8.616031e-01
4.457000e-01	-2.443162e+00	-8.633154e-01
4.458000e-01	-2.442214e+00	-8.650347e-01
4.459000e-01	-2.441244e+00	-8.667605e-01
4.460000e-01	-2.440252e+00	-8.684925e-01
4.461000e-01	-2.439241e+00	-8.702303e-01
4.462000e-01	-2.438211e+00	-8.719737e-01
4.463000e-01	-2.437163e+00	-8.737223e-01
4.464000e-01	-2.436099e+00	-8.754758e-01
4.465000e-01	-2.435020e+00	-8.772340e-01
4.466000e-01	-2.433927e+00	-8.789965e-01
4.467000e-01	-2.432820e+00	-8.807632e-01
4.468000e-01	-2.431702e+00	-8.825338e-01
4.469000e-01	-2.430574e+00	-8.843080e-01
4.470000e-01	-2.429436e+00	-8.860857e-01
4.471000e-01	-2.428289e+00	-8.878665e-01
4.472000e-01	-2.427136e+00	-8.896502e-01
4.473000e-01	-2.425976e+00	-8.914367e-01
4.474000e-01	-2.424811e+00	-8.932256e-01
4.475000e-01	-2.423642e+00	-8.950167e-01
4.476000e-01	-2.422470e+00	-8.968097e-01
4.477000e-01	-2.421296e+00	-8.986043e-01
4.478000e-01	-2.420122e+00	-9.004002e-01
4.479000e-01	-2.418948e+00	-9.021970e-01
4.480000e-01	-2.417775e+00	-9.039944e-01
4.481000e-01	-2.416605e+00	-9.057920e-01
4.482000e-01	-2.415439e+00	-9.075893e-01
4.483000e-01	-2.414277e+00	-9.093858e-01
4.484000e-01	-2.413122e+00	-9.111812e-01
4.485000e-01	-2.411974e+00	-9.129748e-01
4.486000e-01	-2.410834e+00	-9.147661e-01
4.487000e-01	-2.409704e+00	-9.165544e-01
4.488000e-01	-2.408584e+00	-9.183393e-01
4.489000e-01	-2.407477e+00	-9.201199e-01
4.490000e-01	-2.406383e+00	-9.218957e-01
4.491000e-01	-2.405304e+00	-9.236658e-01
4.492000e-01	-2.404240e+00	-9.254296e-01
4.493000e-01	-2.403194e+00	-9.271862e-01
4.494000e-01	-2.402166e+00	-9.289350e-01
4.495000e-01	-2.401158e+00	-9.306751e-01
4.496000e-01	-2.400171e+00	-9.324057e-01
4.497000e-01	-2.399206e+00	-9.341260e-01
4.498000e-01	-2.398264e+00	-9.358351e-01
4.499000e-01	-2.397347e+00	-9.375323e-01
4.500000e-01	-2.396457e+00	-9.392166e-01
4.501000e-01	-2.395593e+00	-9.408874e-01
4.502000e-01	-2.394758e+00	-9.425437e-01
4.503000e-01	-2.393953e+00	-9.441848e-01
4.504000e-01	-2.393178e+00	-9.458099e-01
4.505000e-01	-2.392434e+00	-9.474182e-01
4.506000e-01	-2.391724e+00	-9.490090e-01
4.507000e-01	-2.391047e+00	-9.505815e-01
4.508000e-01	-2.390404e+00	-9.521350e-01
4.509000e-01	-2.389797e+00	-9.536689e-01
4.510000e-01	-2.389227e+00	-9.551825e-01
4.511000e-01	-2.388693e+00	-9.566751e-01
4.512000e-01	-2.388197e+00	-9.581461e-01
4.513000e-01	-2.387739e+00	-9.595949e-01
4.514000e-01	-2.387320e+00	-9.610210e-01
4.515000e-01	-2.386941e+00	-9.624237e-01
4.516000e-01	-2.386601e+00	-9.638026e-01
4.517000e-01	-2.386301e+00	-9.651570e-01
4.518000e-01	-2.386041e+00	-9.664865e-01
4.519000e-01	-2.385822e+00	-9.677906e-01
4.520000e-01	-2.385644e+00	-9.690688e-01
4.521000e-01	-2.385506e+00	-9.703205e-01
4.522000e-01	-2.385409e+00	-9.715453e-01
4.523000e-01	-2.385353e+00	-9.727427e-01
4.524000e-01	-2.385338e+00	-9.739121e-01
4.525000e-01	-2.385363e+00	-9.750531e-01
4.526000e-01	-2.385428e+00	-9.761651e-01
4.527000e-01	-2.385533e+00	-9.772475e-01
4.528000e-01	-2.385679e+00	-9.783000e-01
4.529000e-01	-2.385863e+00	-9.793217e-01
4.530000e-01	-2.386087e+00	-9.803123e-01
4.531000e-01	-2.386349e+00	-9.812710e-01
4.532000e-01	-2.386649e+00	-9.821972e-01
4.533000e-01	-2.386987e+00	-9.830904e-01
4.534000e-01	-2.387362e+00	-9.839498e-01
4.535000e-01	-2.387773e+00	-9.847747e-01
4.536000e-01	-2.388220e+00	-9.855645e-01
4.537000e-01	-2.388703e+00	-9.863183e-01
4.538000e-01	-2.389220e+00	-9.870356e-01
4.539000e-01	-2.389771e+00	-9.877155e-01
4.540000e-01	-2.390355e+00	-9.883573e-01
4.541000e-01	-2.390971e+00	-9.889602e-01
4.542000e-01	-2.391620e+00	-9.895234e-01
4.543000e-01	-2.392298e+00	-9.900461e-01
4.544000e-01	-2.393007e+00	-9.905276e-01
4.545000e-01	-2.393745e+00	-9.909672e-01
4.546000e-01	-2.394511e+00	-9.913639e-01
4.547000e-01	-2.395304e+00	-9.917172e-01
4.548000e-01	-2.396123e+00	-9.920262e-01
4.549000e-01	-2.396968e+00	-9.922902e-01
4.550000e-01	-2.397836e+00	-9.925086e-01
4.551000e-01	-2.398728e+00	-9.926806e-01
4.552000e-01	-2.399642e+00	-9.928056e-01
4.553000e-01	-2.400577e+00	-9.928830e-01
4.554000e-01	-2.401532e+00	-9.929122e-01
4.555000e-01	-2.402506e+00	-9.928927e-01
4.556000e-01	-2.403497e+00	-9.928238e-01
4.557000e-01	-2.404504e+00	-9.927051e-01
4.558000e-01	-2.405526e+00	-9.925362e-01
4.559000e-01	-2.406562e+00	-9.923166e-01
4.560000e-01	-2.407611e+00	-9.920459e-01
4.561000e-01	-2.408670e+00	-9.917238e-01
4.562000e-01	-2.409740e+00	-9.913500e-01
4.563000e-01	-2.410818e+00	-9.909241e-01
4.564000e-01	-2.411903e+00	-9.904459e-01
4.565000e-01	-2.412995e+00	-9.899153e-01
4.566000e-01	-2.414091e+00	-9.893318e-01
4.567000e-01	-2.415191e+00	-9.886955e-01
4.568000e-01	-2.416292e+00	-9.880060e-01
4.569000e-01	-2.417395e+00	-9.872633e-01
4.570000e-01	-2.418497e+00	-9.864672e-01
4.571000e-01	-2.419597e+00	-9.856177e-01
4.572000e-01	-2.420695e+00	-9.847145e-01
4.573000e-01	-2.421789e+00	-9.837577e-01
4.574000e-01	-2.422878e+00	-9.827471e-01
4.575000e-01	-2.423961e+00	-9.816826e-01
4.576000e-01	-2.425037e+00	-9.805641e-01
4.577000e-01	-2.426104e+00	-9.793916e-01
4.578000e-01	-2.427163e+00	-9.781649e-01
4.579000e-01	-2.428212e+00	-9.768840e-01
4.580000e-01	-2.429251e+00	-9.755488e-01
4.581000e-01	-2.430278e+00	-9.741591e-01
4.582000e-01	-2.431294e+00	-9.727150e-01
4.583000e-01	-2.432297e+00	-9.712162e-01
4.584000e-01	-2.433287e+00	-9.696627e-01
4.585000e-01	-2.434263e+00	-9.680544e-01
4.586000e-01	-2.435226e+00	-9.663911e-01
4.587000e-01	-2.436175e+00	-9.646729e-01
4.588000e-01	-2.437109e+00	-9.628995e-01
4.589000e-01	-2.438028e+00	-9.610709e-01
4.590000e-01	-2.438933e+00	-9.591870e-01
4.591000e-01	-2.439823e+00	-9.572478e-01
4.592000e-01	-2.440699e+00	-9.552531e-01
4.593000e-01	-2.441560e+00	-9.532031e-01
4.594000e-01	-2.442406e+00	-9.510976e-01
4.595000e-01	-2.443238e+00	-9.489366e-01
4.596000e-01	-2.444056e+00	-9.467203e-01
4.597000e-01	-2.444859e+00	-9.444486e-01
4.598000e-01	-2.445650e+00	-9.421217e-01
4.599000e-01	-2.446427e+00	-9.397396e-01
4.600000e-01	-2.447192e+00	-9.373027e-01
4.601000e-01	-2.447944e+00	-9.348109e-01
4.602000e-01	-2.448684e+00	-9.322647e-01
4.603000e-01	-2.449414e+00	-9.296642e-01
4.604000e-01	-2.450132e+00	-9.270098e-01
4.605000e-01	-2.450841e+00	-9.243018e-01
4.606000e-01	-2.451540e+00	-9.215407e-01
4.607000e-01	-2.452231e+00	-9.187268e-01
4.608000e-01	-2.452913e+00	-9.158607e-01
4.609000e-01	-2.453589e+00	-9.129429e-01
4.610000e-01	-2.454257e+00	-9.099739e-01
4.611000e-01	-2.454920e+00	-9.069543e-01
4.612000e-01	-2.455578e+00	-9.038847e-01
4.613000e-01	-2.456231e+00	-9.007659e-01
4.614000e-01	-2.456881e+00	-8.975984e-01
4.615000e-01	-2.457529e+00	-8.943829e-01
4.616000e-01	-2.458175e+00	-8.911203e-01
4.617000e-01	-2.458820e+00	-8.878113e-01
4.618000e-01	-2.459466e+00	-8.844566e-01
4.619000e-01	-2.460113e+00	-8.810571e-01
4.620000e-01	-2.460762e+00	-8.776135e-01
4.621000e-01	-2.461414e+00	-8.741267e-01
4.622000e-01	-2.462070e+00	-8.705974e-01
4.623000e-01	-2.462731e+00	-8.670266e-01
4.624000e-01	-2.463398e+00	-8.634150e-01
4.625000e-01	-2.464073e+00	-8.597634e-01
4.626000e-01	-2.464756e+00	-8.560728e-01
4.627000e-01	-2.465448e+00	-8.523440e-01
4.628000e-01	-2.466151e+00	-8.485777e-01
4.629000e-01	-2.466865e+00	-8.447748e-01
4.630000e-01	-2.467591e+00	-8.409361e-01
4.631000e-01	-2.468331e+00	-8.370625e-01
4.632000e-01	-2.469086e+00	-8.331548e-01
4.633000e-01	-2.469857e+00	-8.292138e-01
4.634000e-01	-2.470644e+00	-8.252403e-01
4.635000e-01	-2.471449e+00	-8.212351e-01
4.636000e-01	-2.472273e+00	-8.171990e-01
4.637000e-01	-2.473117e+00	-8.131329e-01
4.638000e-01	-2.473982e+00	-8.090375e-01
4.639000e-01	-2.474868e+00	-8.049138e-01
4.640000e-01	-2.475778e+00	-8.007625e-01
4.641000e-01	-2.476710e+00	-7.965845e-01
4.642000e-01	-2.477667e+00	-7.923806e-01
4.643000e-01	-2.478649e+00	-7.881517e-01
4.644000e-01	-2.479657e+00	-7.838986e-01
4.645000e-01	-2.480692e+00	-7.796224e-01
4.646000e-01	-2.481753e+00	-7.753239e-01
4.647000e-01	-2.482843e+00	-7.710039e-01
4.648000e-01	-2.483960e+00	-7.666636e-01
4.649000e-01	-2.485107e+00	-7.623039e-01
4.650000e-01	-2.486282e+00	-7.579257e-01
4.651000e-01	-2.487487e+00	-7.535301e-01
4.652000e-01	-2.488722e+00	-7.491182e-01
4.653000e-01	-2.489986e+00	-7.446910e-01
4.654000e-01	-2.491281e+00	-7.402496e-01
4.655000e-01	-2.492605e+00	-7.357952e-01
4.656000e-01	-2.493960e+00	-7.313289e-01
4.657000e-01	-2.495344e+00	-7.268518e-01
4.658000e-01	-2.496759e+00	-7.223651e-01
4.659000e-01	-2.498203e+00	-7.178701e-01
4.660000e-01	-2.499677e+00	-7.133679e-01
4.661000e-01	-2.501180e+00	-7.088598e-01
4.662000e-01	-2.502711e+00	-7.043470e-01
4.663000e-01	-2.504271e+00	-6.998308e-01
4.664000e-01	-2.505859e+00	-6.953124e-01
4.665000e-01	-2.507475e+00	-6.907928e-01
4.666000e-01	-2.509118e+00	-6.862736e-01
4.667000e-01	-2.510786e+00	-6.817561e-01
4.668000e-01	-2.512481e+00	-6.772413e-01
4.669000e-01	-2.514200e+00	-6.727306e-01
4.670000e-01	-2.515944e+00	-6.682250e-01
4.671000e-01	-2.517711e+00	-6.637259e-01
4.672000e-01	-2.519500e+00	-6.592344e-01
4.673000e-01	-2.521312e+00	-6.547516e-01
4.674000e-01	-2.523145e+00	-6.502788e-01
4.675000e-01	-2.524998e+00	-6.458171e-01
4.676000e-01	-2.526870e+00	-6.413676e-01
4.677000e-01	-2.528761e+00	-6.369314e-01
4.678000e-01	-2.530669e+00	-6.325096e-01
4.679000e-01	-2.532594e+00	-6.281033e-01
4.680000e-01	-2.534535e+00	-6.237135e-01
4.681000e-01	-2.536490e+00	-6.193412e-01
4.682000e-01	-2.538459e+00	-6.149874e-01
4.683000e-01	-2.540441e+00	-6.106531e-01
4.684000e-01	-2.542434e+00	-6.063392e-01
4.685000e-01	-2.544438e+00	-6.020468e-01
4.686000e-01	-2.546450e+00	-5.977759e-01
4.687000e-01	-2.548467e+00	-5.935259e-01
4.688000e-01	-2.550486e+00	-5.892962e-01
4.689000e-01	-2.552503e+00	-5.850863e-01
4.690000e-01	-2.554515e+00	-5.808954e-01
4.691000e-01	-2.556519e+00	-5.767232e-01
4.692000e-01	-2.558511e+00	-5.725690e-01
4.693000e-01	-2.560489e+00	-5.684323e-01
4.694000e-01	-2.562449e+00	-5.643126e-01
4.695000e-01	-2.564388e+00	-5.602095e-01
4.696000e-01	-2.566304e+00	-5.561225e-01
4.697000e-01	-2.568193e+00	-5.520512e-01
4.698000e-01	-2.570052e+00	-5.479955e-01
4.699000e-01	-2.571880e+00	-5.439550e-01
4.700000e-01	-2.573673e+00	-5.399294e-01
4.701000e-01	-2.575429e+00	-5.359188e-01
4.702000e-01	-2.577146e+00	-5.319230e-01
4.703000e-01	-2.578822e+00	-5.279421e-01
4.704000e-01	-2.580455e+00	-5.239760e-01
4.705000e-01	-2.582043e+00	-5.200251e-01
4.706000e-01	-2.583585e+00	-5.160894e-01
4.707000e-01	-2.585079e+00	-5.121694e-01
4.708000e-01	-2.586523e+00	-5.082654e-01
4.709000e-01	-2.587917e+00	-5.043778e-01
4.710000e-01	-2.589261e+00	-5.005073e-01
4.711000e-01	-2.590552e+00	-4.966544e-01
4.712000e-01	-2.591792e+00	-4.928199e-01
4.713000e-01	-2.592979e+00	-4.890045e-01
4.714000e-01	-2.594114e+00	-4.852091e-01
4.715000e-01	-2.595196e+00	-4.814347e-01
4.716000e-01	-2.596226e+00	-4.776821e-01
4.717000e-01	-2.597205e+00	-4.739525e-01
4.718000e-01	-2.598133e+00	-4.702471e-01
4.719000e-01	-2.599011e+00	-4.665670e-01
4.720000e-01	-2.599840e+00	-4.629135e-01
4.721000e-01	-2.600622e+00	-4.592880e-01
4.722000e-01	-2.601358e+00	-4.556918e-01
4.723000e-01	-2.602049e+00	-4.521263e-01
4.724000e-01	-2.602698e+00	-4.485931e-01
4.725000e-01	-2.603305e+00	-4.450936e-01
4.726000e-01	-2.603874e+00	-4.416296e-01
4.727000e-01	-2.604407e+00	-4.382024e-01
4.728000e-01	-2.604905e+00	-4.348139e-01
4.729000e-01	-2.605371e+00	-4.314657e-01
4.730000e-01	-2.605807e+00	-4.281595e-01
4.731000e-01	-2.606217e+00	-4.248970e-01
4.732000e-01	-2.606602e+00	-4.216800e-01
4.733000e-01	-2.606965e+00	-4.185103e-01
4.734000e-01	-2.607310e+00	-4.153897e-01
4.735000e-01	-2.607637e+00	-4.123199e-01
4.736000e-01	-2.607951e+00	-4.093028e-01
4.737000e-01	-2.608254e+00	-4.063402e-01
4.738000e-01	-2.608549e+00	-4.034339e-01
4.739000e-01	-2.608837e+00	-4.005855e-01
4.740000e-01	-2.609122e+00	-3.977969e-01
4.741000e-01	-2.609407e+00	-3.950698e-01
4.742000e-01	-2.609692e+00	-3.924060e-01
4.743000e-01	-2.609981e+00	-3.898071e-01
4.744000e-01	-2.610276e+00	-3.872748e-01
4.745000e-01	-2.610579e+00	-3.848105e-01
4.746000e-01	-2.610890e+00	-3.824158e-01
4.747000e-01	-2.611213e+00	-3.800919e-01
4.748000e-01	-2.611547e+00	-3.778399e-01
4.749000e-01	-2.611894e+00	-3.756610e-01
4.750000e-01	-2.612254e+00	-3.735559e-01
4.751000e-01	-2.612627e+00	-3.715252e-01
4.752000e-01	-2.613013e+00	-3.695694e-01
4.753000e-01	-2.613412e+00	-3.676889e-01
4.754000e-01	-2.613822e+00	-3.658835e-01
4.755000e-01	-2.614242e+00	-3.641532e-01
4.756000e-01	-2.614670e+00	-3.624977e-01
4.757000e-01	-2.615105e+00	-3.609164e-01
4.758000e-01	-2.615544e+00	-3.594086e-01
4.759000e-01	-2.615985e+00	-3.579734e-01
4.760000e-01	-2.616424e+00	-3.566098e-01
4.761000e-01	-2.616860e+00	-3.553167e-01
4.762000e-01	-2.617287e+00	-3.540926e-01
4.763000e-01	-2.617705e+00	-3.529363e-01
4.764000e-01	-2.618108e+00	-3.518461e-01
4.765000e-01	-2.618493e+00	-3.508207e-01
4.766000e-01	-2.618858e+00	-3.498584e-01
4.767000e-01	-2.619198e+00	-3.489576e-01
4.768000e-01	-2.619509e+00	-3.481167e-01
4.769000e-01	-2.619790e+00	-3.473343e-01
4.770000e-01	-2.620037e+00	-3.466087e-01
4.771000e-01	-2.620246e+00	-3.459385e-01
4.772000e-01	-2.620416e+00	-3.453225e-01
4.773000e-01	-2.620544e+00	-3.447594e-01
4.774000e-01	-2.620627e+00	-3.442481e-01
4.775000e-01	-2.620664e+00	-3.437877e-01
4.776000e-01	-2.620654e+00	-3.433774e-01
4.777000e-01	-2.620594e+00	-3.430164e-01
4.778000e-01	-2.620486e+00	-3.427043e-01
4.779000e-01	-2.620327e+00	-3.424409e-01
4.780000e-01	-2.620118e+00	-3.422259e-01
4.781000e-01	-2.619859e+00	-3.420593e-01
4.782000e-01	-2.619551e+00	-3.419414e-01
4.783000e-01	-2.619195e+00	-3.418723e-01
4.784000e-01	-2.618792e+00	-3.418527e-01
4.785000e-01	-2.618343e+00	-3.418830e-01
4.786000e-01	-2.617849e+00	-3.419639e-01
4.787000e-01	-2.617314e+00	-3.420962e-01
4.788000e-01	-2.616739e+00	-3.422808e-01
4.789000e-01	-2.616125e+00	-3.425186e-01
4.790000e-01	-2.615477e+00	-3.428104e-01
4.791000e-01	-2.614795e+00	-3.431572e-01
4.792000e-01	-2.614082e+00	-3.435601e-01
4.793000e-01	-2.613342e+00	-3.440198e-01
4.794000e-01	-2.612576e+00	-3.445372e-01
4.795000e-01	-2.611786e+00	-3.451131e-01
4.796000e-01	-2.610976e+00	-3.457482e-01
4.797000e-01	-2.610147e+00	-3.464431e-01
4.798000e-01	-2.609301e+00	-3.471982e-01
4.799000e-01	-2.608441e+00	-3.480139e-01
4.800000e-01	-2.607567e+00	-3.488903e-01
4.801000e-01	-2.606682e+00	-3.498273e-01
4.802000e-01	-2.605787e+00	-3.508250e-01
4.803000e-01	-2.604883e+00	-3.518828e-01
4.804000e-01	-2.603972e+00	-3.530005e-01
4.805000e-01	-2.603053e+00	-3.541772e-01
4.806000e-01	-2.602128e+00	-3.554121e-01
4.807000e-01	-2.601197e+00	-3.567043e-01
4.808000e-01	-2.600260e+00	-3.580526e-01
4.809000e-01	-2.599319e+00	-3.594558e-01
4.810000e-01	-2.598372e+00	-3.609124e-01
4.811000e-01	-2.597420e+00	-3.624210e-01
4.812000e-01	-2.596464e+00	-3.639800e-01
4.813000e-01	-2.595502e+00	-3.655876e-01
4.814000e-01	-2.594536e+00	-3.672423e-01
4.815000e-01	-2.593564e+00	-3.689423e-01
4.816000e-01	-2.592589e+00	-3.706857e-01
4.817000e-01	-2.591609e+00	-3.724710e-01
4.818000e-01	-2.590625e+00	-3.742963e-01
4.819000e-01	-2.589638e+00	-3.761601e-01
4.820000e-01	-2.588648e+00	-3.780608e-01
4.821000e-01	-2.587657e+00	-3.799969e-01
4.822000e-01	-2.586666e+00	-3.819671e-01
4.823000e-01	-2.585676e+00	-3.839701e-01
4.824000e-01	-2.584688e+00	-3.860049e-01
4.825000e-01	-2.583706e+00	-3.880705e-01
4.826000e-01	-2.582731e+00	-3.901661e-01
4.827000e-01	-2.581765e+00	-3.922911e-01
4.828000e-01	-2.580812e+00	-3.944450e-01
4.829000e-01	-2.579874e+00	-3.966276e-01
4.830000e-01	-2.578954e+00	-3.988388e-01
4.831000e-01	-2.578057e+00	-4.010786e-01
4.832000e-01	-2.577185e+00	-4.033473e-01
4.833000e-01	-2.576342e+00	-4.056453e-01
4.834000e-01	-2.575533e+00	-4.079731e-01
4.835000e-01	-2.574761e+00	-4.103312e-01
4.836000e-01	-2.574030e+00	-4.127207e-01
4.837000e-01	-2.573344e+00	-4.151425e-01
4.838000e-01	-2.572704e+00	-4.175988e-01
4.839000e-01	-2.572115e+00	-4.200918e-01
4.840000e-01	-2.571576e+00	-4.226235e-01
4.841000e-01	-2.571091e+00	-4.251959e-01
4.842000e-01	-2.570662e+00	-4.278113e-01
4.843000e-01	-2.570291e+00	-4.304717e-01
4.844000e-01	-2.569979e+00	-4.331789e-01
4.845000e-01	-2.569728e+00	-4.359347e-01
4.846000e-01	-2.569540e+00	-4.387409e-01
4.847000e-01	-2.569415e+00	-4.415991e-01
4.848000e-01	-2.569355e+00	-4.445106e-01
4.849000e-01	-2.569361e+00	-4.474766e-01
4.850000e-01	-2.569432e+00	-4.504981e-01
4.851000e-01	-2.569570e+00	-4.535760e-01
4.852000e-01	-2.569774e+00	-4.567109e-01
4.853000e-01	-2.570044e+00	-4.599032e-01
4.854000e-01	-2.570380e+00	-4.631531e-01
4.855000e-01	-2.570781e+00	-4.664605e-01
4.856000e-01	-2.571247e+00	-4.698253e-01
4.857000e-01	-2.571775e+00	-4.732469e-01
4.858000e-01	-2.572365e+00	-4.767249e-01
4.859000e-01	-2.573017e+00	-4.802583e-01
4.860000e-01	-2.573727e+00	-4.838462e-01
4.861000e-01	-2.574495e+00	-4.874876e-01
4.862000e-01	-2.575320e+00	-4.911810e-01
4.863000e-01	-2.576199e+00	-4.949252e-01
4.864000e-01	-2.577131e+00	-4.987186e-01
4.865000e-01	-2.578115e+00	-5.025596e-01
4.866000e-01	-2.579149e+00	-5.064467e-01
4.867000e-01	-2.580232e+00	-5.103781e-01
4.868000e-01	-2.581362e+00	-5.143522e-01
4.869000e-01	-2.582538e+00	-5.183672e-01
4.870000e-01	-2.583760e+00	-5.224214e-01
4.871000e-01	-2.585026e+00	-5.265132e-01
4.872000e-01	-2.586336e+00	-5.306409e-01
4.873000e-01	-2.587691e+00	-5.348028e-01
4.874000e-01	-2.589089e+00	-5.389976e-01
4.875000e-01	-2.590531e+00	-5.432238e-01
4.876000e-01	-2.592017e+00	-5.474799e-01
4.877000e-01	-2.593548e+00	-5.517647e-01
4.878000e-01	-2.595124e+00	-5.560772e-01
4.879000e-01	-2.596748e+00	-5.604160e-01
4.880000e-01	-2.598419e+00	-5.647805e-01
4.881000e-01	-2.600139e+00	-5.691694e-01
4.882000e-01	-2.601911e+00	-5.735822e-01
4.883000e-01	-2.603734e+00	-5.780180e-01
4.884000e-01	-2.605612e+00	-5.824763e-01
4.885000e-01	-2.607547e+00	-5.869563e-01
4.886000e-01	-2.609538e+00	-5.914576e-01
4.887000e-01	-2.611590e+00	-5.959796e-01
4.888000e-01	-2.613703e+00	-6.005220e-01
4.889000e-01	-2.615880e+00	-6.050841e-01
4.890000e-01	-2.618121e+00	-6.096657e-01
4.891000e-01	-2.620429e+00	-6.142661e-01
4.892000e-01	-2.622804e+00	-6.188850e-01
4.893000e-01	-2.625248e+00	-6.235218e-01
4.894000e-01	-2.627761e+00	-6.281762e-01
4.895000e-01	-2.630343e+00	-6.328478e-01
4.896000e-01	-2.632994e+00	-6.375359e-01
4.897000e-01	-2.635714e+00	-6.422404e-01
4.898000e-01	-2.638501e+00	-6.469606e-01
4.899000e-01	-2.641354e+00	-6.516964e-01
4.900000e-01	-2.644271e+00	-6.564471e-01
4.901000e-01	-2.647248e+00	-6.612126e-01
4.902000e-01	-2.650283e+00	-6.659923e-01
4.903000e-01	-2.653372e+00	-6.707860e-01
4.904000e-01	-2.656511e+00	-6.755934e-01
4.905000e-01	-2.659696e+00	-6.804139e-01
4.906000e-01	-2.662921e+00	-6.852474e-01
4.907000e-01	-2.666181e+00	-6.900935e-01
4.908000e-01	-2.669470e+00	-6.949517e-01
4.909000e-01	-2.672783e+00	-6.998218e-01
4.910000e-01	-2.676113e+00	-7.047033e-01
4.911000e-01	-2.679454e+00	-7.095959e-01
4.912000e-01	-2.682800e+00	-7.144991e-01
4.913000e-01	-2.686144e+00	-7.194126e-01
4.914000e-01	-2.689480e+00	-7.243357e-01
4.915000e-01	-2.692803e+00	-7.292682e-01
4.916000e-01	-2.696105e+00	-7.342093e-01
4.917000e-01	-2.699382e+00	-7.391587e-01
4.918000e-01	-2.702628e+00	-7.441155e-01
4.919000e-01	-2.705837e+00	-7.490794e-01
4.920000e-01	-2.709006e+00	-7.540494e-01
4.921000e-01	-2.712129e+00	-7.590250e-01
4.922000e-01	-2.715204e+00	-7.640055e-01
4.923000e-01	-2.718227e+00	-7.689901e-01
4.924000e-01	-2.721195e+00	-7.739780e-01
4.925000e-01	-2.724107e+00	-7.789684e-01
4.926000e-01	-2.726961e+00	-7.839604e-01
4.927000e-01	-2.729754e+00	-7.889532e-01
4.928000e-01	-2.732488e+00	-7.939460e-01
4.929000e-01	-2.735162e+00	-7.989379e-01
4.930000e-01	-2.737775e+00	-8.039279e-01
4.931000e-01	-2.740329e+00	-8.089152e-01
4.932000e-01	-2.742825e+00	-8.138990e-01
4.933000e-01	-2.745265e+00	-8.188784e-01
4.934000e-01	-2.747649e+00	-8.238525e-01
4.935000e-01	-2.749981e+00	-8.288205e-01
4.936000e-01	-2.752261e+00	-8.337817e-01
4.937000e-01	-2.754493e+00	-8.387353e-01
4.938000e-01	-2.756679e+00	-8.436805e-01
4.939000e-01	-2.758821e+00	-8.486166e-01
4.940000e-01	-2.760921e+00	-8.535431e-01
4.941000e-01	-2.762981e+00	-8.584592e-01
4.942000e-01	-2.765004e+00	-8.633645e-01
4.943000e-01	-2.766991e+00	-8.682583e-01
4.944000e-01	-2.768943e+00	-8.731402e-01
4.945000e-01	-2.770862e+00	-8.780098e-01
4.946000e-01	-2.772749e+00	-8.828665e-01
4.947000e-01	-2.774605e+00	-8.877100e-01
4.948000e-01	-2.776428e+00	-8.925400e-01
4.949000e-01	-2.778221e+00	-8.973561e-01
4.950000e-01	-2.779981e+00	-9.021579e-01
4.951000e-01	-2.781707e+00	-9.069452e-01
4.952000e-01	-2.783400e+00	-9.117176e-01
4.953000e-01	-2.785057e+00	-9.164748e-01
4.954000e-01	-2.786676e+00	-9.212165e-01
4.955000e-01	-2.788256e+00	-9.259424e-01
4.956000e-01	-2.789793e+00	-9.306521e-01
4.957000e-01	-2.791286e+00	-9.353452e-01
4.958000e-01	-2.792732e+00	-9.400212e-01
4.959000e-01	-2.794127e+00	-9.446798e-01
4.960000e-01	-2.795470e+00	-9.493205e-01
4.961000e-01	-2.796757e+00	-9.539426e-01
4.962000e-01	-2.797985e+00	-9.585456e-01
4.963000e-01	-2.799153e+00	-9.631288e-01
4.964000e-01	-2.800257e+00	-9.676915e-01
4.965000e-01	-2.801295e+00	-9.722330e-01
4.966000e-01	-2.802265e+00	-9.767524e-01
4.967000e-01	-2.803165e+00	-9.812489e-01
4.968000e-01	-2.803994e+00	-9.857216e-01
4.969000e-01	-2.804752e+00	-9.901694e-01
4.970000e-01	-2.805436e+00	-9.945915e-01
4.971000e-01	-2.806047e+00	-9.989867e-01
4.972000e-01	-2.806586e+00	-1.003354e+00
4.973000e-01	-2.807051e+00	-1.007692e+00
4.974000e-01	-2.807445e+00	-1.012000e+00
4.975000e-01	-2.807769e+00	-1.016277e+00
4.976000e-01	-2.808024e+00	-1.020522e+00
4.977000e-01	-2.808213e+00	-1.024733e+00
4.978000e-01	-2.808338e+00	-1.028909e+00
4.979000e-01	-2.808401e+00	-1.033050e+00
4.980000e-01	-2.808405e+00	-1.037155e+00
4.981000e-01	-2.808354e+00	-1.041222e+00
4.982000e-01	-2.808251e+00	-1.045250e+00
4.983000e-01	-2.808100e+00	-1.049239e+00
4.984000e-01	-2.807903e+00	-1.053188e+00
4.985000e-01	-2.807665e+00	-1.057095e+00
4.986000e-01	-2.807389e+00	-1.060962e+00
4.987000e-01	-2.807079e+00	-1.064786e+00
4.988000e-01	-2.806737e+00	-1.068567e+00
4.989000e-01	-2.806367e+00	-1.072305e+00
4.990000e-01	-2.805973e+00	-1.076000e+00
4.991000e-01	-2.805555e+00	-1.079651e+00
4.992000e-01	-2.805118e+00	-1.083258e+00
4.993000e-01	-2.804663e+00	-1.086821e+00
4.994000e-01	-2.804192e+00	-1.090339e+00
4.995000e-01	-2.803707e+00	-1.093814e+00
4.996000e-01	-2.803208e+00	-1.097244e+00
4.997000e-01	-2.802696e+00	-1.100629e+00
4.998000e-01	-2.802171e+00	-1.103971e+00
4.999000e-01	-2.801634e+00	-1.107269e+00
5.000000e-01	-2.801085e+00	-1.110522e+00
5.001000e-01	-2.800522e+00	-1.113732e+00
5.002000e-01	-2.799944e+00	-1.116898e+00
5.003000e-01	-2.799352e+00	-1.120020e+00
5.004000e-01	-2.798742e+00	-1.123098e+00
5.005000e-01	-2.798114e+00	-1.126133e+00
5.006000e-01	-2.797466e+00	-1.129124e+00
5.007000e-01	-2.796796e+00	-1.132071e+00
5.008000e-01	-2.796102e+00	-1.134974e+00
5.009000e-01	-2.795383e+00	-1.137833e+00
5.010000e-01	-2.794637e+00	-1.140647e+00
5.011000e-01	-2.793862e+00	-1.143417e+00
5.012000e-01	-2.793056e+00	-1.146141e+00
5.013000e-01	-2.792219e+00	-1.148819e+00
5.014000e-01	-2.791349e+00	-1.151451e+00
5.015000e-01	-2.790446e+00	-1.154036e+00
5.016000e-01	-2.789509e+00	-1.156573e+00
5.017000e-01	-2.788537e+00	-1.159061e+00
5.018000e-01	-2.787532e+00	-1.161500e+00
5.019000e-01	-2.786494e+00	-1.163889e+00
5.020000e-01	-2.785423e+00	-1.166227e+00
5.021000e-01	-2.784322e+00	-1.168513e+00
5.022000e-01	-2.783191e+00	-1.170745e+00
5.023000e-01	-2.782033e+00	-1.172924e+00
5.024000e-01	-2.780850e+00	-1.175048e+00
5.025000e-01	-2.779645e+00	-1.177116e+00
5.026000e-01	-2.778422e+00	-1.179127e+00
5.027000e-01	-2.777183e+00	-1.181081e+00
5.028000e-01	-2.775933e+00	-1.182976e+00
5.029000e-01	-2.774674e+00	-1.184813e+00
5.030000e-01	-2.773412e+00	-1.186589e+00
5.031000e-01	-2.772150e+00	-1.188306e+00
5.032000e-01	-2.770892e+00	-1.189962e+00
5.033000e-01	-2.769644e+00	-1.191556e+00
5.034000e-01	-2.768409e+00	-1.193089e+00
5.035000e-01	-2.767190e+00	-1.194561e+00
5.036000e-01	-2.765994e+00	-1.195970e+00
5.037000e-01	-2.764823e+00	-1.197318e+00
5.038000e-01	-2.763681e+00	-1.198603e+00
5.039000e-01	-2.762572e+00	-1.199828e+00
5.040000e-01	-2.761500e+00	-1.200990e+00
5.041000e-01	-2.760467e+00	-1.202092e+00
5.042000e-01	-2.759476e+00	-1.203133e+00
5.043000e-01	-2.758530e+00	-1.204113e+00
5.044000e-01	-2.757630e+00	-1.205034e+00
5.045000e-01	-2.756780e+00	-1.205895e+00
5.046000e-01	-2.755979e+00	-1.206698e+00
5.047000e-01	-2.755231e+00	-1.207442e+00
5.048000e-01	-2.754534e+00	-1.208129e+00
5.049000e-01	-2.753891e+00	-1.208758e+00
5.050000e-01	-2.753300e+00	-1.209331e+00
5.051000e-01	-2.752763e+00	-1.209848e+00
5.052000e-01	-2.752279e+00	-1.210310e+00
5.053000e-01	-2.751847e+00	-1.210715e+00
5.054000e-01	-2.751468e+00	-1.211066e+00
5.055000e-01	-2.751140e+00	-1.211362e+00
5.056000e-01	-2.750862e+00	-1.211604e+00
5.057000e-01	-2.750634e+00	-1.211790e+00
5.058000e-01	-2.750454e+00	-1.211922e+00
5.059000e-01	-2.750323e+00	-1.211999e+00
5.060000e-01	-2.750238e+00	-1.212021e+00
5.061000e-01	-2.750199e+00	-1.211988e+00
5.062000e-01	-2.750206e+00	-1.211898e+00
5.063000e-01	-2.750258e+00	-1.211752e+00
5.064000e-01	-2.750354e+00	-1.211549e+00
5.065000e-01	-2.750494e+00	-1.211288e+00
5.066000e-01	-2.750678e+00	-1.210968e+00
5.067000e-01	-2.750907e+00	-1.210589e+00
5.068000e-01	-2.751180e+00	-1.210149e+00
5.069000e-01	-2.751498e+00	-1.209647e+00
5.070000e-01	-2.751862e+00	-1.209083e+00
5.071000e-01	-2.752273e+00	-1.208456e+00
5.072000e-01	-2.752732e+00	-1.207764e+00
5.073000e-01	-2.753240e+00	-1.207007e+00
5.074000e-01	-2.753798e+00	-1.206184e+00
5.075000e-01	-2.754408e+00	-1.205293e+00
5.076000e-01	-2.755072e+00	-1.204334e+00
5.077000e-01	-2.755790e+00	-1.203306e+00
5.078000e-01	-2.756566e+00	-1.202208e+00
5.079000e-01	-2.757399e+00	-1.201041e+00
5.080000e-01	-2.758292e+00	-1.199802e+00
5.081000e-01	-2.759246e+00	-1.198492e+00
5.082000e-01	-2.760262e+00	-1.197110e+00
5.083000e-01	-2.761342e+00	-1.195657e+00
5.084000e-01	-2.762486e+00	-1.194132e+00
5.085000e-01	-2.763695e+00	-1.192534e+00
5.086000e-01	-2.764969e+00	-1.190865e+00
5.087000e-01	-2.766309e+00	-1.189124e+00
5.088000e-01	-2.767714e+00	-1.187312e+00
5.089000e-01	-2.769183e+00	-1.185428e+00
5.090000e-01	-2.770716e+00	-1.183475e+00
5.091000e-01	-2.772312e+00	-1.181451e+00
5.092000e-01	-2.773968e+00	-1.179357e+00
5.093000e-01	-2.775684e+00	-1.177195e+00
5.094000e-01	-2.777456e+00	-1.174965e+00
5.095000e-01	-2.779282e+00	-1.172667e+00
5.096000e-01	-2.781159e+00	-1.170303e+00
5.097000e-01	-2.783084e+00	-1.167872e+00
5.098000e-01	-2.785053e+00	-1.165376e+00
5.099000e-01	-2.787062e+00	-1.162815e+00
5.100000e-01	-2.789108e+00	-1.160190e+00
5.101000e-01	-2.791187e+00	-1.157502e+00
5.102000e-01	-2.793293e+00	-1.154749e+00
5.103000e-01	-2.795423e+00	-1.151934e+00
5.104000e-01	-2.797572e+00	-1.149057e+00
5.105000e-01	-2.799735e+00	-1.146117e+00
5.106000e-01	-2.801908e+00	-1.143114e+00
5.107000e-01	-2.804086e+00	-1.140049e+00
5.108000e-01	-2.806265e+00	-1.136922e+00
5.109000e-01	-2.808441e+00	-1.133732e+00
5.110000e-01	-2.810610e+00	-1.130478e+00
5.111000e-01	-2.812766e+00	-1.127162e+00
5.112000e-01	-2.814907e+00	-1.123781e+00
5.113000e-01	-2.817030e+00	-1.120336e+00
5.114000e-01	-2.819129e+00	-1.116826e+00
5.115000e-01	-2.821204e+00	-1.113250e+00
5.116000e-01	-2.823249e+00	-1.109607e+00
5.117000e-01	-2.825265e+00	-1.105898e+00
5.118000e-01	-2.827246e+00	-1.102120e+00
5.119000e-01	-2.829193e+00	-1.098274e+00
5.120000e-01	-2.831103e+00	-1.094358e+00
5.121000e-01	-2.832974e+00	-1.090372e+00
5.122000e-01	-2.834806e+00	-1.086315e+00
5.123000e-01	-2.836597e+00	-1.082188e+00
5.124000e-01	-2.838346e+00	-1.077988e+00
5.125000e-01	-2.840054e+00	-1.073716e+00
5.126000e-01	-2.841718e+00	-1.069372e+00
5.127000e-01	-2.843340e+00	-1.064955e+00
5.128000e-01	-2.844919e+00	-1.060465e+00
5.129000e-01	-2.846454e+00	-1.055903e+00
5.130000e-01	-2.847946e+00	-1.051269e+00
5.131000e-01	-2.849395e+00	-1.046563e+00
5.132000e-01	-2.850800e+00	-1.041785e+00
5.133000e-01	-2.852162e+00	-1.036936e+00
5.134000e-01	-2.853480e+00	-1.032017e+00
5.135000e-01	-2.854754e+00	-1.027029e+00
5.136000e-01	-2.855985e+00	-1.021973e+00
5.137000e-01	-2.857171e+00	-1.016850e+00
5.138000e-01	-2.858312e+00	-1.011661e+00
5.139000e-01	-2.859408e+00	-1.006408e+00
5.140000e-01	-2.860458e+00	-1.001092e+00
5.141000e-01	-2.861462e+00	-9.957147e-01
5.142000e-01	-2.862418e+00	-9.902774e-01
5.143000e-01	-2.863326e+00	-9.847817e-01
5.144000e-01	-2.864185e+00	-9.792293e-01
5.145000e-01	-2.864993e+00	-9.736219e-01
5.146000e-01	-2.865750e+00	-9.679609e-01
5.147000e-01	-2.866455e+00	-9.622481e-01
5.148000e-01	-2.867105e+00	-9.564848e-01
5.149000e-01	-2.867701e+00	-9.506726e-01
5.150000e-01	-2.868240e+00	-9.448129e-01
5.151000e-01	-2.868723e+00	-9.389070e-01
5.152000e-01	-2.869147e+00	-9.329562e-01
5.153000e-01	-2.869513e+00	-9.269617e-01
5.154000e-01	-2.869819e+00	-9.209244e-01
5.155000e-01	-2.870064e+00	-9.148454e-01
5.156000e-01	-2.870250e+00	-9.087254e-01
5.157000e-01	-2.870374e+00	-9.025653e-01
5.158000e-01	-2.870439e+00	-8.963657e-01
5.159000e-01	-2.870442e+00	-8.901272e-01
5.160000e-01	-2.870387e+00	-8.838501e-01
5.161000e-01	-2.870272e+00	-8.775350e-01
5.162000e-01	-2.870099e+00	-8.711821e-01
5.163000e-01	-2.869870e+00	-8.647916e-01
5.164000e-01	-2.869586e+00	-8.583639e-01
5.165000e-01	-2.869249e+00	-8.518990e-01
5.166000e-01	-2.868862e+00	-8.453971e-01
5.167000e-01	-2.868426e+00	-8.388585e-01
5.168000e-01	-2.867944e+00	-8.322832e-01
5.169000e-01	-2.867419e+00	-8.256715e-01
5.170000e-01	-2.866855e+00	-8.190237e-01
5.171000e-01	-2.866253e+00	-8.123399e-01
5.172000e-01	-2.865619e+00	-8.056207e-01
5.173000e-01	-2.864954e+00	-7.988666e-01
5.174000e-01	-2.864263e+00	-7.920779e-01
5.175000e-01	-2.863550e+00	-7.852555e-01
5.176000e-01	-2.862817e+00	-7.784002e-01
5.177000e-01	-2.862070e+00	-7.715128e-01
5.178000e-01	-2.861310e+00	-7.645943e-01
5.179000e-01	-2.860542e+00	-7.576461e-01
5.180000e-01	-2.859770e+00	-7.506693e-01
5.181000e-01	-2.858997e+00	-7.436653e-01
5.182000e-01	-2.858225e+00	-7.366359e-01
5.183000e-01	-2.857459e+00	-7.295825e-01
5.184000e-01	-2.856701e+00	-7.225071e-01
5.185000e-01	-2.855955e+00	-7.154115e-01
5.186000e-01	-2.855221e+00	-7.082976e-01
5.187000e-01	-2.854504e+00	-7.011677e-01
5.188000e-01	-2.853805e+00	-6.940237e-01
5.189000e-01	-2.853126e+00	-6.868678e-01
5.190000e-01	-2.852469e+00	-6.797024e-01
5.191000e-01	-2.851836e+00	-6.725295e-01
5.192000e-01	-2.851227e+00	-6.653515e-01
5.193000e-01	-2.850645e+00	-6.581705e-01
5.194000e-01	-2.850089e+00	-6.509887e-01
5.195000e-01	-2.849562e+00	-6.438084e-01
5.196000e-01	-2.849063e+00	-6.366315e-01
5.197000e-01	-2.848593e+00	-6.294600e-01
5.198000e-01	-2.848152e+00	-6.222959e-01
5.199000e-01	-2.847742e+00	-6.151410e-01
5.200000e-01	-2.847362e+00	-6.079970e-01
5.201000e-01	-2.847012e+00	-6.008654e-01
5.202000e-01	-2.846693e+00	-5.937478e-01
5.203000e-01	-2.846404e+00	-5.866455e-01
5.204000e-01	-2.846147e+00	-5.795597e-01
5.205000e-01	-2.845921e+00	-5.724915e-01
5.206000e-01	-2.845726e+00	-5.654418e-01
5.207000e-01	-2.845562e+00	-5.584116e-01
5.208000e-01	-2.845431e+00	-5.514014e-01
5.209000e-01	-2.845332e+00	-5.444121e-01
5.210000e-01	-2.845266e+00	-5.374440e-01
5.211000e-01	-2.845233e+00	-5.304978e-01
5.212000e-01	-2.845235e+00	-5.235737e-01
5.213000e-01	-2.845272e+00	-5.166721e-01
5.214000e-01	-2.845344e+00	-5.097933e-01
5.215000e-01	-2.845453e+00	-5.029376e-01
5.216000e-01	-2.845599e+00	-4.961053e-01
5.217000e-01	-2.845784e+00	-4.892967e-01
5.218000e-01	-2.846008e+00	-4.825120e-01
5.219000e-01	-2.846274e+00	-4.757517e-01
5.220000e-01	-2.846581e+00	-4.690162e-01
5.221000e-01	-2.846931e+00	-4.623058e-01
5.222000e-01	-2.847324e+00	-4.556213e-01
5.223000e-01	-2.847763e+00	-4.489631e-01
5.224000e-01	-2.848248e+00	-4.423322e-01
5.225000e-01	-2.848780e+00	-4.357294e-01
5.226000e-01	-2.849359e+00	-4.291556e-01
5.227000e-01	-2.849987e+00	-4.226119e-01
5.228000e-01	-2.850664e+00	-4.160996e-01
5.229000e-01	-2.851390e+00	-4.096200e-01
5.230000e-01	-2.852166e+00	-4.031745e-01
5.231000e-01	-2.852991e+00	-3.967647e-01
5.232000e-01	-2.853867e+00	-3.903922e-01
5.233000e-01	-2.854793e+00	-3.840588e-01
5.234000e-01	-2.855767e+00	-3.777663e-01
5.235000e-01	-2.856791e+00	-3.715166e-01
5.236000e-01	-2.857863e+00	-3.653117e-01
5.237000e-01	-2.858982e+00	-3.591535e-01
5.238000e-01	-2.860148e+00	-3.530440e-01
5.239000e-01	-2.861359e+00	-3.469854e-01
5.240000e-01	-2.862614e+00	-3.409796e-01
5.241000e-01	-2.863911e+00	-3.350286e-01
5.242000e-01	-2.865250e+00	-3.291343e-01
5.243000e-01	-2.866628e+00	-3.232988e-01
5.244000e-01	-2.868043e+00	-3.175237e-01
5.245000e-01	-2.869495e+00	-3.118109e-01
5.246000e-01	-2.870981e+00	-3.061621e-01
5.247000e-01	-2.872499e+00	-3.005787e-01
5.248000e-01	-2.874048e+00	-2.950622e-01
5.249000e-01	-2.875625e+00	-2.896139e-01
5.250000e-01	-2.877230e+00	-2.842350e-01
5.251000e-01	-2.878860e+00	-2.789265e-01
5.252000e-01	-2.880513e+00	-2.736894e-01
5.253000e-01	-2.882189e+00	-2.685244e-01
5.254000e-01	-2.883885e+00	-2.634322e-01
5.255000e-01	-2.885600e+00	-2.584133e-01
5.256000e-01	-2.887333e+00	-2.534681e-01
5.257000e-01	-2.889083e+00	-2.485968e-01
5.258000e-01	-2.890848e+00	-2.437997e-01
5.259000e-01	-2.892629e+00	-2.390769e-01
5.260000e-01	-2.894423e+00	-2.344284e-01
5.261000e-01	-2.896230e+00	-2.298541e-01
5.262000e-01	-2.898050e+00	-2.253540e-01
5.263000e-01	-2.899883e+00	-2.209279e-01
5.264000e-01	-2.901727e+00	-2.165757e-01
5.265000e-01	-2.903583e+00	-2.122972e-01
5.266000e-01	-2.905451e+00	-2.080924e-01
5.267000e-01	-2.907329e+00	-2.039611e-01
5.268000e-01	-2.909219e+00	-1.999032e-01
5.269000e-01	-2.911120e+00	-1.959189e-01
5.270000e-01	-2.913032e+00	-1.920080e-01
5.271000e-01	-2.914956e+00	-1.881709e-01
5.272000e-01	-2.916890e+00	-1.844078e-01
5.273000e-01	-2.918836e+00	-1.807189e-01
5.274000e-01	-2.920792e+00	-1.771047e-01
5.275000e-01	-2.922760e+00	-1.735657e-01
5.276000e-01	-2.924738e+00	-1.701027e-01
5.277000e-01	-2.926726e+00	-1.667162e-01
5.278000e-01	-2.928724e+00	-1.634073e-01
5.279000e-01	-2.930732e+00	-1.601768e-01
5.280000e-01	-2.932749e+00	-1.570257e-01
5.281000e-01	-2.934773e+00	-1.539552e-01
5.282000e-01	-2.936806e+00	-1.509665e-01
5.283000e-01	-2.938844e+00	-1.480607e-01
5.284000e-01	-2.940888e+00	-1.452392e-01
5.285000e-01	-2.942937e+00	-1.425033e-01
5.286000e-01	-2.944989e+00	-1.398544e-01
5.287000e-01	-2.947042e+00	-1.372936e-01
5.288000e-01	-2.949096e+00	-1.348225e-01
5.289000e-01	-2.951148e+00	-1.324422e-01
5.290000e-01	-2.953198e+00	-1.301539e-01
5.291000e-01	-2.955243e+00	-1.279590e-01
5.292000e-01	-2.957282e+00	-1.258584e-01
5.293000e-01	-2.959314e+00	-1.238531e-01
5.294000e-01	-2.961336e+00	-1.219442e-01
5.295000e-01	-2.963346e+00	-1.201322e-01
5.296000e-01	-2.965343e+00	-1.184181e-01
5.297000e-01	-2.967326e+00	-1.168021e-01
5.298000e-01	-2.969291e+00	-1.152849e-01
5.299000e-01	-2.971239e+00	-1.138666e-01
5.300000e-01	-2.973166e+00	-1.125474e-01
5.301000e-01	-2.975072e+00	-1.113272e-01
5.302000e-01	-2.976955e+00	-1.102059e-01
5.303000e-01	-2.978813e+00	-1.091833e-01
5.304000e-01	-2.980646e+00	-1.082588e-01
5.305000e-01	-2.982451e+00	-1.074321e-01
5.306000e-01	-2.984228e+00	-1.067024e-01
5.307000e-01	-2.985975e+00	-1.060690e-01
5.308000e-01	-2.987691e+00	-1.055311e-01
5.309000e-01	-2.989376e+00	-1.050879e-01
5.310000e-01	-2.991029e+00	-1.047383e-01
5.311000e-01	-2.992648e+00	-1.044814e-01
5.312000e-01	-2.994233e+00	-1.043162e-01
5.313000e-01	-2.995783e+00	-1.042417e-01
5.314000e-01	-2.997298e+00	-1.042568e-01
5.315000e-01	-2.998777e+00	-1.043605e-01
5.316000e-01	-3.000219e+00	-1.045520e-01
5.317000e-01	-3.001624e+00	-1.048302e-01
5.318000e-01	-3.002991e+00	-1.051945e-01
5.319000e-01	-3.004319e+00	-1.056439e-01
5.320000e-01	-3.005609e+00	-1.061778e-01
5.321000e-01	-3.006860e+00	-1.067955e-01
5.322000e-01	-3.008070e+00	-1.074965e-01
5.323000e-01	-3.009239e+00	-1.082805e-01
5.324000e-01	-3.010367e+00	-1.091470e-01
5.325000e-01	-3.011454e+00	-1.100958e-01
5.326000e-01	-3.012497e+00	-1.111269e-01
5.327000e-01	-3.013497e+00	-1.122400e-01
5.328000e-01	-3.014453e+00	-1.134354e-01
5.329000e-01	-3.015363e+00	-1.147130e-01
5.330000e-01	-3.016228e+00	-1.160731e-01
5.331000e-01	-3.017046e+00	-1.175158e-01
5.332000e-01	-3.017816e+00	-1.190415e-01
5.333000e-01	-3.018538e+00	-1.206504e-01
5.334000e-01	-3.019210e+00	-1.223429e-01
5.335000e-01	-3.019832e+00	-1.241192e-01
5.336000e-01	-3.020403e+00	-1.259797e-01
5.337000e-01	-3.020921e+00	-1.279246e-01
5.338000e-01	-3.021387e+00	-1.299542e-01
5.339000e-01	-3.021799e+00	-1.320687e-01
5.340000e-01	-3.022156e+00	-1.342681e-01
5.341000e-01	-3.022458e+00	-1.365525e-01
5.342000e-01	-3.022704e+00	-1.389218e-01
5.343000e-01	-3.022894e+00	-1.413759e-01
5.344000e-01	-3.023027e+00	-1.439145e-01
5.345000e-01	-3.023104e+00	-1.465372e-01
5.346000e-01	-3.023123e+00	-1.492434e-01
5.347000e-01	-3.023085e+00	-1.520326e-01
5.348000e-01	-3.022991e+00	-1.549039e-01
5.349000e-01	-3.022839e+00	-1.578566e-01
5.350000e-01	-3.022632e+00	-1.608895e-01
5.351000e-01	-3.022368e+00	-1.640016e-01
5.352000e-01	-3.022050e+00	-1.671917e-01
5.353000e-01	-3.021677e+00	-1.704583e-01
5.354000e-01	-3.021251e+00	-1.738001e-01
5.355000e-01	-3.020774e+00	-1.772156e-01
5.356000e-01	-3.020245e+00	-1.807031e-01
5.357000e-01	-3.019667e+00	-1.842610e-01
5.358000e-01	-3.019042e+00	-1.878877e-01
5.359000e-01	-3.018371e+00	-1.915815e-01
5.360000e-01	-3.017655e+00	-1.953406e-01
5.361000e-01	-3.016897e+00	-1.991633e-01
5.362000e-01	-3.016100e+00	-2.030478e-01
5.363000e-01	-3.015264e+00	-2.069927e-01
5.364000e-01	-3.014392e+00	-2.109961e-01
5.365000e-01	-3.013486e+00	-2.150565e-01
5.366000e-01	-3.012550e+00	-2.191724e-01
5.367000e-01	-3.011584e+00	-2.233424e-01
5.368000e-01	-3.010592e+00	-2.275649e-01
5.369000e-01	-3.009576e+00	-2.318389e-01
5.370000e-01	-3.008539e+00	-2.361632e-01
5.371000e-01	-3.007482e+00	-2.405366e-01
5.372000e-01	-3.006409e+00	-2.449583e-01
5.373000e-01	-3.005321e+00	-2.494274e-01
5.374000e-01	-3.004222e+00	-2.539430e-01
5.375000e-01	-3.003114e+00	-2.585045e-01
5.376000e-01	-3.001999e+00	-2.631113e-01
5.377000e-01	-3.000880e+00	-2.677630e-01
5.378000e-01	-2.999758e+00	-2.724589e-01
5.379000e-01	-2.998638e+00	-2.771989e-01
5.380000e-01	-2.997520e+00	-2.819825e-01
5.381000e-01	-2.996407e+00	-2.868095e-01
5.382000e-01	-2.995302e+00	-2.916796e-01
5.383000e-01	-2.994206e+00	-2.965927e-01
5.384000e-01	-2.993123e+00	-3.015484e-01
5.385000e-01	-2.992054e+00	-3.065465e-01
5.386000e-01	-2.991002e+00	-3.115868e-01
5.387000e-01	-2.989969e+00	-3.166689e-01
5.388000e-01	-2.988957e+00	-3.217926e-01
5.389000e-01	-2.987968e+00	-3.269574e-01
5.390000e-01	-2.987005e+00	-3.321628e-01
5.391000e-01	-2.986071e+00	-3.374083e-01
5.392000e-01	-2.985166e+00	-3.426933e-01
5.393000e-01	-2.984294e+00	-3.480169e-01
5.394000e-01	-2.983457e+00	-3.533785e-01
5.395000e-01	-2.982656e+00	-3.587770e-01
5.396000e-01	-2.981895e+00	-3.642115e-01
5.397000e-01	-2.981176e+00	-3.696807e-01
5.398000e-01	-2.980500e+00	-3.751836e-01
5.399000e-01	-2.979870e+00	-3.807188e-01
5.400000e-01	-2.979288e+00	-3.862849e-01
5.401000e-01	-2.978756e+00	-3.918804e-01
5.402000e-01	-2.978276e+00	-3.975038e-01
5.403000e-01	-2.977851e+00	-4.031534e-01
5.404000e-01	-2.977483e+00	-4.088277e-01
5.405000e-01	-2.977173e+00	-4.145248e-01
5.406000e-01	-2.976923e+00	-4.202431e-01
5.407000e-01	-2.976736e+00	-4.259808e-01
5.408000e-01	-2.976612e+00	-4.317362e-01
5.409000e-01	-2.976554e+00	-4.375076e-01
5.410000e-01	-2.976562e+00	-4.432932e-01
5.411000e-01	-2.976639e+00	-4.490914e-01
5.412000e-01	-2.976786e+00	-4.549005e-01
5.413000e-01	-2.977003e+00	-4.607191e-01
5.414000e-01	-2.977293e+00	-4.665455e-01
5.415000e-01	-2.977654e+00	-4.723784e-01
5.416000e-01	-2.978089e+00	-4.782165e-01
5.417000e-01	-2.978598e+00	-4.840585e-01
5.418000e-01	-2.979181e+00	-4.899032e-01
5.419000e-01	-2.979839e+00	-4.957498e-01
5.420000e-01	-2.980570e+00	-5.015971e-01
5.421000e-01	-2.981376e+00	-5.074444e-01
5.422000e-01	-2.982256e+00	-5.132910e-01
5.423000e-01	-2.983210e+00	-5.191361e-01
5.424000e-01	-2.984236e+00	-5.249793e-01
5.425000e-01	-2.985335e+00	-5.308201e-01
5.426000e-01	-2.986504e+00	-5.366581e-01
5.427000e-01	-2.987744e+00	-5.424930e-01
5.428000e-01	-2.989053e+00	-5.483246e-01
5.429000e-01	-2.990429e+00	-5.541525e-01
5.430000e-01	-2.991871e+00	-5.599768e-01
5.431000e-01	-2.993378e+00	-5.657971e-01
5.432000e-01	-2.994948e+00	-5.716133e-01
5.433000e-01	-2.996579e+00	-5.774254e-01
5.434000e-01	-2.998269e+00	-5.832332e-01
5.435000e-01	-3.000016e+00	-5.890364e-01
5.436000e-01	-3.001818e+00	-5.948350e-01
5.437000e-01	-3.003674e+00	-6.006286e-01
5.438000e-01	-3.005581e+00	-6.064170e-01
5.439000e-01	-3.007537e+00	-6.121997e-01
5.440000e-01	-3.009540e+00	-6.179763e-01
5.441000e-01	-3.011587e+00	-6.237464e-01
5.442000e-01	-3.013677e+00	-6.295093e-01
5.443000e-01	-3.015807e+00	-6.352644e-01
5.444000e-01	-3.017975e+00	-6.410108e-01
5.445000e-01	-3.020178e+00	-6.467478e-01
5.446000e-01	-3.022414e+00	-6.524744e-01
5.447000e-01	-3.024682e+00	-6.581897e-01
5.448000e-01	-3.026978e+00	-6.638924e-01
5.449000e-01	-3.029300e+00	-6.695816e-01
5.450000e-01	-3.031647e+00	-6.752560e-01
5.451000e-01	-3.034015e+00	-6.809142e-01
5.452000e-01	-3.036402e+00	-6.865551e-01
5.453000e-01	-3.038807e+00	-6.921773e-01
5.454000e-01	-3.041227e+00	-6.977794e-01
5.455000e-01	-3.043659e+00	-7.033600e-01
5.456000e-01	-3.046101e+00	-7.089179e-01
5.457000e-01	-3.048551e+00	-7.144515e-01
5.458000e-01	-3.051006e+00	-7.199597e-01
5.459000e-01	-3.053464e+00	-7.254410e-01
5.460000e-01	-3.055923e+00	-7.308942e-01
5.461000e-01	-3.058380e+00	-7.363182e-01
5.462000e-01	-3.060832e+00	-7.417117e-01
5.463000e-01	-3.063278e+00	-7.470738e-01
5.464000e-01	-3.065715e+00	-7.524033e-01
5.465000e-01	-3.068141e+00	-7.576995e-01
5.466000e-01	-3.070552e+00	-7.629615e-01
5.467000e-01	-3.072947e+00	-7.681886e-01
5.468000e-01	-3.075323e+00	-7.733801e-01
5.469000e-01	-3.077677e+00	-7.785354e-01
5.470000e-01	-3.080008e+00	-7.836542e-01
5.471000e-01	-3.082313e+00	-7.887361e-01
5.472000e-01	-3.084589e+00	-7.937808e-01
5.473000e-01	-3.086835e+00	-7.987881e-01
5.474000e-01	-3.089047e+00	-8.037578e-01
5.475000e-01	-3.091225e+00	-8.086900e-01
5.476000e-01	-3.093365e+00	-8.135845e-01
5.477000e-01	-3.095466e+00	-8.184414e-01
5.478000e-01	-3.097525e+00	-8.232608e-01
5.479000e-01	-3.099542e+00	-8.280428e-01
5.480000e-01	-3.101513e+00	-8.327875e-01
5.481000e-01	-3.103438e+00	-8.374951e-01
5.482000e-01	-3.105315e+00	-8.421655e-01
5.483000e-01	-3.107142e+00	-8.467990e-01
5.484000e-01	-3.108918e+00	-8.513956e-01
5.485000e-01	-3.110642e+00	-8.559553e-01
5.486000e-01	-3.112313e+00	-8.604782e-01
5.487000e-01	-3.113930e+00	-8.649641e-01
5.488000e-01	-3.115492e+00	-8.694130e-01
5.489000e-01	-3.116999e+00	-8.738247e-01
5.490000e-01	-3.118450e+00	-8.781990e-01
5.491000e-01	-3.119844e+00	-8.825356e-01
5.492000e-01	-3.121182e+00	-8.868341e-01
5.493000e-01	-3.122462e+00	-8.910942e-01
5.494000e-01	-3.123686e+00	-8.953155e-01
5.495000e-01	-3.124852e+00	-8.994974e-01
5.496000e-01	-3.125961e+00	-9.036394e-01
5.497000e-01	-3.127014e+00	-9.077408e-01
5.498000e-01	-3.128010e+00	-9.118011e-01
5.499000e-01	-3.128949e+00	-9.158195e-01
5.500000e-01	-3.129833e+00	-9.197952e-01
5.501000e-01	-3.130662e+00	-9.237275e-01
5.502000e-01	-3.131436e+00	-9.276156e-01
5.503000e-01	-3.132156e+00	-9.314585e-01
5.504000e-01	-3.132823e+00	-9.352555e-01
5.505000e-01	-3.133438e+00	-9.390057e-01
5.506000e-01	-3.134001e+00	-9.427082e-01
5.507000e-01	-3.134514e+00	-9.463621e-01
5.508000e-01	-3.134977e+00	-9.499669e-01
5.509000e-01	-3.135391e+00	-9.535215e-01
5.510000e-01	-3.135758e+00	-9.570255e-01
5.511000e-01	-3.136078e+00	-9.604781e-01
5.512000e-01	-3.136353e+00	-9.638788e-01
5.513000e-01	-3.136582e+00	-9.672269e-01
5.514000e-01	-3.136769e+00	-9.705222e-01
5.515000e-01	-3.136912e+00	-9.737642e-01
5.516000e-01	-3.137014e+00	-9.769526e-01
5.517000e-01	-3.137075e+00	-9.800872e-01
5.518000e-01	-3.137097e+00	-9.831680e-01
5.519000e-01	-3.137080e+00	-9.861948e-01
5.520000e-01	-3.137025e+00	-9.891678e-01
5.521000e-01	-3.136934e+00	-9.920870e-01
5.522000e-01	-3.136807e+00	-9.949527e-01
5.523000e-01	-3.136646e+00	-9.977651e-01
5.524000e-01	-3.136452e+00	-1.000525e+00
5.525000e-01	-3.136224e+00	-1.003231e+00
5.526000e-01	-3.135966e+00	-1.005886e+00
5.527000e-01	-3.135677e+00	-1.008489e+00
5.528000e-01	-3.135358e+00	-1.011041e+00
5.529000e-01	-3.135012e+00	-1.013542e+00
5.530000e-01	-3.134638e+00	-1.015993e+00
5.531000e-01	-3.134239e+00	-1.018395e+00
5.532000e-01	-3.133815e+00	-1.020747e+00
5.533000e-01	-3.133368e+00	-1.023050e+00
5.534000e-01	-3.132899e+00	-1.025306e+00
5.535000e-01	-3.132409e+00	-1.027513e+00
5.536000e-01	-3.131900e+00	-1.029673e+00
5.537000e-01	-3.131373e+00	-1.031786e+00
5.538000e-01	-3.130829e+00	-1.033852e+00
5.539000e-01	-3.130271e+00	-1.035872e+00
5.540000e-01	-3.129699e+00	-1.037845e+00
5.541000e-01	-3.129115e+00	-1.039772e+00
5.542000e-01	-3.128521e+00	-1.041653e+00
5.543000e-01	-3.127919e+00	-1.043487e+00
5.544000e-01	-3.127309e+00	-1.045274e+00
5.545000e-01	-3.126694e+00	-1.047016e+00
5.546000e-01	-3.126076e+00	-1.048710e+00
5.547000e-01	-3.125456e+00	-1.050357e+00
5.548000e-01	-3.124835e+00	-1.051957e+00
5.549000e-01	-3.124216e+00	-1.053509e+00
5.550000e-01	-3.123600e+00	-1.055013e+00
5.551000e-01	-3.122988e+00	-1.056468e+00
5.552000e-01	-3.122383e+00	-1.057875e+00
5.553000e-01	-3.121785e+00	-1.059232e+00
5.554000e-01	-3.121197e+00	-1.060540e+00
5.555000e-01	-3.120620e+00	-1.061797e+00
5.556000e-01	-3.120054e+00	-1.063003e+00
5.557000e-01	-3.119503e+00	-1.064159e+00
5.558000e-01	-3.118966e+00	-1.065263e+00
5.559000e-01	-3.118446e+00	-1.066316e+00
5.560000e-01	-3.117943e+00	-1.067317e+00
5.561000e-01	-3.117459e+00	-1.068265e+00
5.562000e-01	-3.116995e+00	-1.069162e+00
5.563000e-01	-3.116552e+00	-1.070006e+00
5.564000e-01	-3.116131e+00	-1.070797e+00
5.565000e-01	-3.115732e+00	-1.071537e+00
5.566000e-01	-3.115358e+00	-1.072224e+00
5.567000e-01	-3.115008e+00	-1.072859e+00
5.568000e-01	-3.114684e+00	-1.073442e+00
5.569000e-01	-3.114387e+00	-1.073974e+00
5.570000e-01	-3.114116e+00	-1.074454e+00
5.571000e-01	-3.113874e+00	-1.074883e+00
5.572000e-01	-3.113661e+00	-1.075262e+00
5.573000e-01	-3.113477e+00	-1.075591e+00
5.574000e-01	-3.113324e+00	-1.075871e+00
5.575000e-01	-3.113201e+00	-1.076101e+00
5.576000e-01	-3.113111e+00	-1.076283e+00
5.577000e-01	-3.113053e+00	-1.076417e+00
5.578000e-01	-3.113029e+00	-1.076503e+00
5.579000e-01	-3.113040e+00	-1.076543e+00
5.580000e-01	-3.113085e+00	-1.076536e+00
5.581000e-01	-3.113166e+00	-1.076483e+00
5.582000e-01	-3.113285e+00	-1.076384e+00
5.583000e-01	-3.113441e+00	-1.076241e+00
5.584000e-01	-3.113636e+00	-1.076053e+00
5.585000e-01	-3.113871e+00	-1.075820e+00
5.586000e-01	-3.114146e+00	-1.075544e+00
5.587000e-01	-3.114463e+00	-1.075223e+00
5.588000e-01	-3.114823e+00	-1.074859e+00
5.589000e-01	-3.115226e+00	-1.074451e+00
5.590000e-01	-3.115674e+00	-1.073999e+00
5.591000e-01	-3.116167e+00	-1.073504e+00
5.592000e-01	-3.116707e+00	-1.072965e+00
5.593000e-01	-3.117295e+00	-1.072382e+00
5.594000e-01	-3.117930e+00	-1.071755e+00
5.595000e-01	-3.118615e+00	-1.071084e+00
5.596000e-01	-3.119350e+00	-1.070368e+00
5.597000e-01	-3.120135e+00	-1.069608e+00
5.598000e-01	-3.120972e+00	-1.068802e+00
5.599000e-01	-3.121861e+00	-1.067950e+00
5.600000e-01	-3.122803e+00	-1.067052e+00
5.601000e-01	-3.123797e+00	-1.066108e+00
5.602000e-01	-3.124845e+00	-1.065117e+00
5.603000e-01	-3.125946e+00	-1.064078e+00
5.604000e-01	-3.127101e+00	-1.062992e+00
5.605000e-01	-3.128309e+00	-1.061858e+00
5.606000e-01	-3.129571e+00	-1.060676e+00
5.607000e-01	-3.130887e+00	-1.059444e+00
5.608000e-01	-3.132256e+00	-1.058164e+00
5.609000e-01	-3.133677e+00	-1.056834e+00
5.610000e-01	-3.135151e+00	-1.055455e+00
5.611000e-01	-3.136676e+00	-1.054026e+00
5.612000e-01	-3.138251e+00	-1.052547e+00
5.613000e-01	-3.139877e+00	-1.051019e+00
5.614000e-01	-3.141551e+00	-1.049441e+00
5.615000e-01	-3.143274e+00	-1.047813e+00
5.616000e-01	-3.145043e+00	-1.046135e+00
5.617000e-01	-3.146858e+00	-1.044408e+00
5.618000e-01	-3.148717e+00	-1.042632e+00
5.619000e-01	-3.150618e+00	-1.040806e+00
5.620000e-01	-3.152562e+00	-1.038932e+00
5.621000e-01	-3.154545e+00	-1.037009e+00
5.622000e-01	-3.156566e+00	-1.035039e+00
5.623000e-01	-3.158624e+00	-1.033020e+00
5.624000e-01	-3.160717e+00	-1.030954e+00
5.625000e-01	-3.162844e+00	-1.028841e+00
5.626000e-01	-3.165003e+00	-1.026682e+00
5.627000e-01	-3.167191e+00	-1.024476e+00
5.628000e-01	-3.169408e+00	-1.022224e+00
5.629000e-01	-3.171652e+00	-1.019927e+00
5.630000e-01	-3.173920e+00	-1.017585e+00
5.631000e-01	-3.176211e+00	-1.015199e+00
5.632000e-01	-3.178524e+00	-1.012768e+00
5.633000e-01	-3.180856e+00	-1.010293e+00
5.634000e-01	-3.183205e+00	-1.007773e+00
5.635000e-01	-3.185571e+00	-1.005211e+00
5.636000e-01	-3.187950e+00	-1.002605e+00
5.637000e-01	-3.190341e+00	-9.999550e-01
5.638000e-01	-3.192743e+00	-9.972622e-01
5.639000e-01	-3.195152e+00	-9.945262e-01
5.640000e-01	-3.197569e+00	-9.917470e-01
5.641000e-01	-3.199989e+00	-9.889246e-01
5.642000e-01	-3.202412e+00	-9.860590e-01
5.643000e-01	-3.204836e+00	-9.831500e-01
5.644000e-01	-3.207258e+00	-9.801976e-01
5.645000e-01	-3.209676e+00	-9.772016e-01
5.646000e-01	-3.212088e+00	-9.741620e-01
5.647000e-01	-3.214492e+00	-9.710786e-01
5.648000e-01	-3.216886e+00	-9.679513e-01
5.649000e-01	-3.219267e+00	-9.647799e-01
5.650000e-01	-3.221633e+00	-9.615643e-01
5.651000e-01	-3.223981e+00	-9.583044e-01
5.652000e-01	-3.226310e+00	-9.550001e-01
5.653000e-01	-3.228616e+00	-9.516514e-01
5.654000e-01	-3.230897e+00	-9.482583e-01
5.655000e-01	-3.233151e+00	-9.448207e-01
5.656000e-01	-3.235374e+00	-9.413388e-01
5.657000e-01	-3.237565e+00	-9.378127e-01
5.658000e-01	-3.239720e+00	-9.342425e-01
5.659000e-01	-3.241837e+00	-9.306284e-01
5.660000e-01	-3.243913e+00	-9.269708e-01
5.661000e-01	-3.245946e+00	-9.232699e-01
5.662000e-01	-3.247933e+00	-9.195262e-01
5.663000e-01	-3.249870e+00	-9.157401e-01
5.664000e-01	-3.251757e+00	-9.119121e-01
5.665000e-01	-3.253590e+00	-9.080427e-01
5.666000e-01	-3.255367e+00	-9.041325e-01
5.667000e-01	-3.257085e+00	-9.001824e-01
5.668000e-01	-3.258742e+00	-8.961928e-01
5.669000e-01	-3.260335e+00	-8.921647e-01
5.670000e-01	-3.261864e+00	-8.880988e-01
5.671000e-01	-3.263324e+00	-8.839959e-01
5.672000e-01	-3.264716e+00	-8.798571e-01
5.673000e-01	-3.266036e+00	-8.756833e-01
5.674000e-01	-3.267282e+00	-8.714758e-01
5.675000e-01	-3.268451e+00	-8.672369e-01
5.676000e-01	-3.269541e+00	-8.629687e-01
5.677000e-01	-3.270547e+00	-8.586733e-01
5.678000e-01	-3.271468e+00	-8.543528e-01
5.679000e-01	-3.272301e+00	-8.500091e-01
5.680000e-01	-3.273045e+00	-8.456439e-01
5.681000e-01	-3.273697e+00	-8.412592e-01
5.682000e-01	-3.274256e+00	-8.368567e-01
5.683000e-01	-3.274720e+00	-8.324384e-01
5.684000e-01	-3.275088e+00	-8.280060e-01
5.685000e-01	-3.275360e+00	-8.235613e-01
5.686000e-01	-3.275533e+00	-8.191058e-01
5.687000e-01	-3.275608e+00	-8.146411e-01
5.688000e-01	-3.275584e+00	-8.101687e-01
5.689000e-01	-3.275462e+00	-8.056900e-01
5.690000e-01	-3.275241e+00	-8.012063e-01
5.691000e-01	-3.274923e+00	-7.967188e-01
5.692000e-01	-3.274507e+00	-7.922285e-01
5.693000e-01	-3.273994e+00	-7.877365e-01
5.694000e-01	-3.273387e+00	-7.832437e-01
5.695000e-01	-3.272686e+00	-7.787508e-01
5.696000e-01	-3.271893e+00	-7.742585e-01
5.697000e-01	-3.271011e+00	-7.697675e-01
5.698000e-01	-3.270041e+00	-7.652782e-01
5.699000e-01	-3.268985e+00	-7.607911e-01
5.700000e-01	-3.267848e+00	-7.563064e-01
5.701000e-01	-3.266630e+00	-7.518243e-01
5.702000e-01	-3.265337e+00	-7.473450e-01
5.703000e-01	-3.263970e+00	-7.428685e-01
5.704000e-01	-3.262534e+00	-7.383947e-01
5.705000e-01	-3.261032e+00	-7.339237e-01
5.706000e-01	-3.259468e+00	-7.294552e-01
5.707000e-01	-3.257846e+00	-7.249890e-01
5.708000e-01	-3.256171e+00	-7.205248e-01
5.709000e-01	-3.254446e+00	-7.160623e-01
5.710000e-01	-3.252677e+00	-7.116012e-01
5.711000e-01	-3.250868e+00	-7.071410e-01
5.712000e-01	-3.249024e+00	-7.026815e-01
5.713000e-01	-3.247150e+00	-6.982221e-01
5.714000e-01	-3.245250e+00	-6.937624e-01
5.715000e-01	-3.243329e+00	-6.893020e-01
5.716000e-01	-3.241393e+00	-6.848406e-01
5.717000e-01	-3.239447e+00	-6.803776e-01
5.718000e-01	-3.237495e+00	-6.759127e-01
5.719000e-01	-3.235543e+00	-6.714456e-01
5.720000e-01	-3.233595e+00	-6.669760e-01
5.721000e-01	-3.231657e+00	-6.625038e-01
5.722000e-01	-3.229732e+00	-6.580290e-01
5.723000e-01	-3.227826e+00	-6.535516e-01
5.724000e-01	-3.225942e+00	-6.490719e-01
5.725000e-01	-3.224085e+00	-6.445903e-01
5.726000e-01	-3.222258e+00	-6.401074e-01
5.727000e-01	-3.220464e+00	-6.356239e-01
5.728000e-01	-3.218707e+00	-6.311408e-01
5.729000e-01	-3.216990e+00	-6.266589e-01
5.730000e-01	-3.215314e+00	-6.221796e-01
5.731000e-01	-3.213682e+00	-6.177043e-01
5.732000e-01	-3.212096e+00	-6.132343e-01
5.733000e-01	-3.210558e+00	-6.087714e-01
5.734000e-01	-3.209068e+00	-6.043173e-01
5.735000e-01	-3.207628e+00	-5.998739e-01
5.736000e-01	-3.206240e+00	-5.954431e-01
5.737000e-01	-3.204902e+00	-5.910268e-01
5.738000e-01	-3.203617e+00	-5.866271e-01
5.739000e-01	-3.202384e+00	-5.822460e-01
5.740000e-01	-3.201204e+00	-5.778855e-01
5.741000e-01	-3.200076e+00	-5.735477e-01
5.742000e-01	-3.199001e+00	-5.692344e-01
5.743000e-01	-3.197979e+00	-5.649475e-01
5.744000e-01	-3.197010e+00	-5.606889e-01
5.745000e-01	-3.196094e+00	-5.564600e-01
5.746000e-01	-3.195231e+00	-5.522625e-01
5.747000e-01	-3.194422e+00	-5.480977e-01
5.748000e-01	-3.193667e+00	-5.439669e-01
5.749000e-01	-3.192965e+00	-5.398710e-01
5.750000e-01	-3.192319e+00	-5.358109e-01
5.751000e-01	-3.191728e+00	-5.317873e-01
5.752000e-01	-3.191194e+00	-5.278009e-01
5.753000e-01	-3.190717e+00	-5.238518e-01
5.754000e-01	-3.190299e+00	-5.199403e-01
5.755000e-01	-3.189940e+00	-5.160663e-01
5.756000e-01	-3.189644e+00	-5.122295e-01
5.757000e-01	-3.189409e+00	-5.084299e-01
5.758000e-01	-3.189240e+00	-5.046668e-01
5.759000e-01	-3.189136e+00	-5.009397e-01
5.760000e-01	-3.189101e+00	-4.972480e-01
5.761000e-01	-3.189135e+00	-4.935909e-01
5.762000e-01	-3.189240e+00	-4.899676e-01
5.763000e-01	-3.189419e+00	-4.863773e-01
5.764000e-01	-3.189672e+00	-4.828192e-01
5.765000e-01	-3.190002e+00	-4.792924e-01
5.766000e-01	-3.190410e+00	-4.757962e-01
5.767000e-01	-3.190898e+00	-4.723299e-01
5.768000e-01	-3.191465e+00	-4.688925e-01
5.769000e-01	-3.192111e+00	-4.654828e-01
5.770000e-01	-3.192836e+00	-4.620996e-01
5.771000e-01	-3.193639e+00	-4.587420e-01
5.772000e-01	-3.194518e+00	-4.554092e-01
5.773000e-01	-3.195473e+00	-4.521003e-01
5.774000e-01	-3.196501e+00	-4.488147e-01
5.775000e-01	-3.197601e+00	-4.455521e-01
5.776000e-01	-3.198770e+00	-4.423123e-01
5.777000e-01	-3.200006e+00	-4.390950e-01
5.778000e-01	-3.201306e+00	-4.359003e-01
5.779000e-01	-3.202668e+00	-4.327286e-01
5.780000e-01	-3.204089e+00	-4.295800e-01
5.781000e-01	-3.205565e+00	-4.264552e-01
5.782000e-01	-3.207094e+00	-4.233547e-01
5.783000e-01	-3.208671e+00	-4.202792e-01
5.784000e-01	-3.210295e+00	-4.172297e-01
5.785000e-01	-3.211961e+00	-4.142070e-01
5.786000e-01	-3.213666e+00	-4.112121e-01
5.787000e-01	-3.215408e+00	-4.082460e-01
5.788000e-01	-3.217182e+00	-4.053098e-01
5.789000e-01	-3.218987e+00	-4.024045e-01
5.790000e-01	-3.220818e+00	-3.995312e-01
5.791000e-01	-3.222674e+00	-3.966908e-01
5.792000e-01	-3.224553e+00	-3.938845e-01
5.793000e-01	-3.226452e+00	-3.911130e-01
5.794000e-01	-3.228368e+00	-3.883772e-01
5.795000e-01	-3.230302e+00	-3.856780e-01
5.796000e-01	-3.232251e+00	-3.830159e-01
5.797000e-01	-3.234215e+00	-3.803916e-01
5.798000e-01	-3.236193e+00	-3.778054e-01
5.799000e-01	-3.238185e+00	-3.752578e-01
5.800000e-01	-3.240190e+00	-3.727490e-01
5.801000e-01	-3.242210e+00	-3.702792e-01
5.802000e-01	-3.244245e+00	-3.678483e-01
5.803000e-01	-3.246295e+00	-3.654564e-01
5.804000e-01	-3.248363e+00	-3.631033e-01
5.805000e-01	-3.250449e+00	-3.607887e-01
5.806000e-01	-3.252555e+00	-3.585125e-01
5.807000e-01	-3.254683e+00	-3.562742e-01
5.808000e-01	-3.256834e+00	-3.540735e-01
5.809000e-01	-3.259011e+00	-3.519101e-01
5.810000e-01	-3.261216e+00	-3.497835e-01
5.811000e-01	-3.263451e+00	-3.476935e-01
5.812000e-01	-3.265718e+00	-3.456396e-01
5.813000e-01	-3.268018e+00	-3.436217e-01
5.814000e-01	-3.270355e+00	-3.416394e-01
5.815000e-01	-3.272729e+00	-3.396926e-01
5.816000e-01	-3.275142e+00	-3.377812e-01
5.817000e-01	-3.277596e+00	-3.359054e-01
5.818000e-01	-3.280092e+00	-3.340652e-01
5.819000e-01	-3.282631e+00	-3.322610e-01
5.820000e-01	-3.285214e+00	-3.304930e-01
5.821000e-01	-3.287841e+00	-3.287620e-01
5.822000e-01	-3.290512e+00	-3.270683e-01
5.823000e-01	-3.293227e+00	-3.254130e-01
5.824000e-01	-3.295986e+00	-3.237967e-01
5.825000e-01	-3.298788e+00	-3.222206e-01
5.826000e-01	-3.301631e+00	-3.206856e-01
5.827000e-01	-3.304514e+00	-3.191929e-01
5.828000e-01	-3.307435e+00	-3.177436e-01
5.829000e-01	-3.310392e+00	-3.163389e-01
5.830000e-01	-3.313382e+00	-3.149800e-01
5.831000e-01	-3.316402e+00	-3.136680e-01
5.832000e-01	-3.319449e+00	-3.124041e-01
5.833000e-01	-3.322518e+00	-3.111893e-01
5.834000e-01	-3.325607e+00	-3.100247e-01
5.835000e-01	-3.328711e+00	-3.089110e-01
5.836000e-01	-3.331824e+00	-3.078492e-01
5.837000e-01	-3.334944e+00	-3.068397e-01
5.838000e-01	-3.338065e+00	-3.058833e-01
5.839000e-01	-3.341183e+00	-3.049801e-01
5.840000e-01	-3.344292e+00	-3.041305e-01
5.841000e-01	-3.347388e+00	-3.033344e-01
5.842000e-01	-3.350466e+00	-3.025919e-01
5.843000e-01	-3.353521e+00	-3.019026e-01
5.844000e-01	-3.356549e+00	-3.012660e-01
5.845000e-01	-3.359546e+00	-3.006817e-01
5.846000e-01	-3.362506e+00	-3.001488e-01
5.847000e-01	-3.365426e+00	-2.996664e-01
5.848000e-01	-3.368302e+00	-2.992335e-01
5.849000e-01	-3.371131e+00	-2.988492e-01
5.850000e-01	-3.373910e+00	-2.985121e-01
5.851000e-01	-3.376636e+00	-2.982210e-01
5.852000e-01	-3.379305e+00	-2.979747e-01
5.853000e-01	-3.381916e+00	-2.977718e-01
5.854000e-01	-3.384467e+00	-2.976109e-01
5.855000e-01	-3.386956e+00	-2.974908e-01
5.856000e-01	-3.389382e+00	-2.974100e-01
5.857000e-01	-3.391744e+00	-2.973674e-01
5.858000e-01	-3.394040e+00	-2.973617e-01
5.859000e-01	-3.396270e+00	-2.973920e-01
5.860000e-01	-3.398434e+00	-2.974572e-01
5.861000e-01	-3.400531e+00	-2.975564e-01
5.862000e-01	-3.402562e+00	-2.976890e-01
5.863000e-01	-3.404526e+00	-2.978543e-01
5.864000e-01	-3.406423e+00	-2.980520e-01
5.865000e-01	-3.408254e+00	-2.982818e-01
5.866000e-01	-3.410019e+00	-2.985435e-01
5.867000e-01	-3.411719e+00	-2.988373e-01
5.868000e-01	-3.413352e+00	-2.991633e-01
5.869000e-01	-3.414921e+00	-2.995219e-01
5.870000e-01	-3.416424e+00	-2.999137e-01
5.871000e-01	-3.417863e+00	-3.003392e-01
5.872000e-01	-3.419236e+00	-3.007992e-01
5.873000e-01	-3.420544e+00	-3.012946e-01
5.874000e-01	-3.421787e+00	-3.018263e-01
5.875000e-01	-3.422963e+00	-3.023953e-01
5.876000e-01	-3.424074e+00	-3.030027e-01
5.877000e-01	-3.425117e+00	-3.036495e-01
5.878000e-01	-3.426093e+00	-3.043368e-01
5.879000e-01	-3.427001e+00	-3.050656e-01
5.880000e-01	-3.427839e+00	-3.058371e-01
5.881000e-01	-3.428607e+00	-3.066520e-01
5.882000e-01	-3.429303e+00	-3.075113e-01
5.883000e-01	-3.429927e+00	-3.084158e-01
5.884000e-01	-3.430478e+00	-3.093660e-01
5.885000e-01	-3.430955e+00	-3.103625e-01
5.886000e-01	-3.431356e+00	-3.114056e-01
5.887000e-01	-3.431681e+00	-3.124956e-01
5.888000e-01	-3.431928e+00	-3.136325e-01
5.889000e-01	-3.432099e+00	-3.148161e-01
5.890000e-01	-3.432191e+00	-3.160461e-01
5.891000e-01	-3.432205e+00	-3.173220e-01
5.892000e-01	-3.432141e+00	-3.186432e-01
5.893000e-01	-3.431999e+00	-3.200088e-01
5.894000e-01	-3.431779e+00	-3.214179e-01
5.895000e-01	-3.431482e+00	-3.228693e-01
5.896000e-01	-3.431109e+00	-3.243617e-01
5.897000e-01	-3.430662e+00	-3.258939e-01
5.898000e-01	-3.430142e+00	-3.274643e-01
5.899000e-01	-3.429550e+00	-3.290713e-01
5.900000e-01	-3.428890e+00	-3.307134e-01
5.901000e-01	-3.428163e+00	-3.323888e-01
5.902000e-01	-3.427373e+00	-3.340961e-01
5.903000e-01	-3.426522e+00	-3.358334e-01
5.904000e-01	-3.425614e+00	-3.375991e-01
5.905000e-01	-3.424652e+00	-3.393918e-01
5.906000e-01	-3.423640e+00	-3.412098e-01
5.907000e-01	-3.422582e+00	-3.430519e-01
5.908000e-01	-3.421482e+00	-3.449166e-01
5.909000e-01	-3.420344e+00	-3.468028e-01
5.910000e-01	-3.419173e+00	-3.487094e-01
5.911000e-01	-3.417972e+00	-3.506356e-01
5.912000e-01	-3.416747e+00	-3.525807e-01
5.913000e-01	-3.415502e+00	-3.545440e-01
5.914000e-01	-3.414240e+00	-3.565252e-01
5.915000e-01	-3.412967e+00	-3.585240e-01
5.916000e-01	-3.411687e+00	-3.605403e-01
5.917000e-01	-3.410403e+00	-3.625743e-01
5.918000e-01	-3.409120e+00	-3.646261e-01
5.919000e-01	-3.407842e+00	-3.666961e-01
5.920000e-01	-3.406572e+00	-3.687848e-01
5.921000e-01	-3.405314e+00	-3.708929e-01
5.922000e-01	-3.404071e+00	-3.730210e-01
5.923000e-01	-3.402846e+00	-3.751698e-01
5.924000e-01	-3.401642e+00	-3.773402e-01
5.925000e-01	-3.400462e+00	-3.795330e-01
5.926000e-01	-3.399307e+00	-3.817491e-01
5.927000e-01	-3.398180e+00	-3.839893e-01
5.928000e-01	-3.397084e+00	-3.862545e-01
5.929000e-01	-3.396019e+00	-3.885453e-01
5.930000e-01	-3.394988e+00	-3.908624e-01
5.931000e-01	-3.393991e+00	-3.932065e-01
5.932000e-01	-3.393030e+00	-3.955780e-01
5.933000e-01	-3.392106e+00	-3.979772e-01
5.934000e-01	-3.391219e+00	-4.004043e-01
5.935000e-01	-3.390371e+00	-4.028594e-01
5.936000e-01	-3.389562e+00	-4.053424e-01
5.937000e-01	-3.388792e+00	-4.078530e-01
5.938000e-01	-3.388063e+00	-4.103906e-01
5.939000e-01	-3.387374e+00	-4.129548e-01
5.940000e-01	-3.386726e+00	-4.155448e-01
5.941000e-01	-3.386120e+00	-4.181595e-01
5.942000e-01	-3.385555e+00	-4.207980e-01
5.943000e-01	-3.385033e+00	-4.234590e-01
5.944000e-01	-3.384553e+00	-4.261411e-01
5.945000e-01	-3.384116e+00	-4.288429e-01
5.946000e-01	-3.383723e+00	-4.315629e-01
5.947000e-01	-3.383374e+00	-4.342994e-01
5.948000e-01	-3.383070e+00	-4.370508e-01
5.949000e-01	-3.382811e+00	-4.398153e-01
5.950000e-01	-3.382597e+00	-4.425912e-01
5.951000e-01	-3.382430e+00	-4.453770e-01
5.952000e-01	-3.382311e+00	-4.481708e-01
5.953000e-01	-3.382239e+00	-4.509711e-01
5.954000e-01	-3.382216e+00	-4.537764e-01
5.955000e-01	-3.382242e+00	-4.565854e-01
5.956000e-01	-3.382318e+00	-4.593965e-01
5.957000e-01	-3.382444e+00	-4.622088e-01
5.958000e-01	-3.382621e+00	-4.650211e-01
5.959000e-01	-3.382849e+00	-4.678327e-01
5.960000e-01	-3.383130e+00	-4.706428e-01
5.961000e-01	-3.383462e+00	-4.734508e-01
5.962000e-01	-3.383846e+00	-4.762564e-01
5.963000e-01	-3.384283e+00	-4.790595e-01
5.964000e-01	-3.384771e+00	-4.818599e-01
5.965000e-01	-3.385311e+00	-4.846580e-01
5.966000e-01	-3.385903e+00	-4.874539e-01
5.967000e-01	-3.386545e+00	-4.902481e-01
5.968000e-01	-3.387238e+00	-4.930413e-01
5.969000e-01	-3.387979e+00	-4.958340e-01
5.970000e-01	-3.388768e+00	-4.986273e-01
5.971000e-01	-3.389604e+00	-5.014218e-01
5.972000e-01	-3.390484e+00	-5.042186e-01
5.973000e-01	-3.391409e+00	-5.070187e-01
5.974000e-01	-3.392375e+00	-5.098231e-01
5.975000e-01	-3.393381e+00	-5.126328e-01
5.976000e-01	-3.394425e+00	-5.154487e-01
5.977000e-01	-3.395504e+00	-5.182719e-01
5.978000e-01	-3.396617e+00	-5.211031e-01
5.979000e-01	-3.397760e+00	-5.239432e-01
5.980000e-01	-3.398933e+00	-5.267928e-01
5.981000e-01	-3.400132e+00	-5.296526e-01
5.982000e-01	-3.401354e+00	-5.325228e-01
5.983000e-01	-3.402597e+00	-5.354039e-01
5.984000e-01	-3.403860e+00	-5.382960e-01
5.985000e-01	-3.405138e+00	-5.411989e-01
5.986000e-01	-3.406431e+00	-5.441126e-01
5.987000e-01	-3.407735e+00	-5.470367e-01
5.988000e-01	-3.409048e+00	-5.499706e-01
5.989000e-01	-3.410368e+00	-5.529138e-01
5.990000e-01	-3.411693e+00	-5.558653e-01
5.991000e-01	-3.413020e+00	-5.588242e-01
5.992000e-01	-3.414349e+00	-5.617895e-01
5.993000e-01	-3.415678e+00	-5.647600e-01
5.994000e-01	-3.417004e+00	-5.677343e-01
5.995000e-01	-3.418326e+00	-5.707111e-01
5.996000e-01	-3.419643e+00	-5.736891e-01
5.997000e-01	-3.420954e+00	-5.766667e-01
5.998000e-01	-3.422257e+00	-5.796425e-01
5.999000e-01	-3.423552e+00	-5.826151e-01
6.000000e-01	-3.424839e+00	-5.855829e-01


