"     ankle"

"Time      "	".JOINT_15.Ax_Ay_Az_Projection_Angles.Z"	".JOINT_14.Ax_Ay_Az_Projection_Angles.Z"
0.000000e+00	0.000000e+00	1.193196e-13
1.000000e-04	0.000000e+00	1.208793e-05
2.000000e-04	0.000000e+00	4.589796e-05
3.000000e-04	-1.124865e-07	9.797264e-05
4.000000e-04	-2.587926e-07	1.650063e-04
5.000000e-04	-4.996971e-07	2.436780e-04
6.000000e-04	-8.686191e-07	3.305730e-04
7.000000e-04	-1.403980e-06	4.222995e-04
8.000000e-04	-2.149452e-06	5.154949e-04
9.000000e-04	-3.155391e-06	6.068331e-04
1.000000e-03	-4.479724e-06	6.930390e-04
1.100000e-03	-6.188719e-06	7.709042e-04
1.200000e-03	-8.357727e-06	8.373016e-04
1.300000e-03	-1.107187e-05	8.892003e-04
1.400000e-03	-1.442668e-05	9.236801e-04
1.500000e-03	-1.852860e-05	9.379449e-04
1.600000e-03	-2.349557e-05	9.293349e-04
1.700000e-03	-2.945726e-05	8.953403e-04
1.800000e-03	-3.655553e-05	8.336104e-04
1.900000e-03	-4.494453e-05	7.419651e-04
2.000000e-03	-5.479066e-05	6.184044e-04
2.100000e-03	-6.627306e-05	4.611121e-04
2.200000e-03	-7.958271e-05	2.684693e-04
2.300000e-03	-9.492342e-05	3.905008e-05
2.400000e-03	-1.125098e-04	-2.283629e-04
2.500000e-03	-1.325683e-04	-5.347864e-04
2.600000e-03	-1.553368e-04	-8.810325e-04
2.700000e-03	-1.810642e-04	-1.267710e-03
2.800000e-03	-2.100073e-04	-1.695219e-03
2.900000e-03	-2.424327e-04	-2.163764e-03
3.000000e-03	-2.786160e-04	-2.673350e-03
3.100000e-03	-3.188407e-04	-3.223793e-03
3.200000e-03	-3.633974e-04	-3.814720e-03
3.300000e-03	-4.125832e-04	-4.445583e-03
3.400000e-03	-4.667004e-04	-5.115660e-03
3.500000e-03	-5.260565e-04	-5.824069e-03
3.600000e-03	-5.909623e-04	-6.569776e-03
3.700000e-03	-6.617351e-04	-7.351594e-03
3.800000e-03	-7.386907e-04	-8.168219e-03
3.900000e-03	-8.221514e-04	-9.018208e-03
4.000000e-03	-9.124400e-04	-9.900011e-03
4.100000e-03	-1.009882e-03	-1.081197e-02
4.200000e-03	-1.114802e-03	-1.175235e-02
4.300000e-03	-1.227529e-03	-1.271930e-02
4.400000e-03	-1.348395e-03	-1.371089e-02
4.500000e-03	-1.477726e-03	-1.472519e-02
4.600000e-03	-1.615847e-03	-1.576017e-02
4.700000e-03	-1.763091e-03	-1.681376e-02
4.800000e-03	-1.919785e-03	-1.788385e-02
4.900000e-03	-2.086261e-03	-1.896831e-02
5.000000e-03	-2.262848e-03	-2.006497e-02
5.100000e-03	-2.449878e-03	-2.117163e-02
5.200000e-03	-2.647682e-03	-2.228611e-02
5.300000e-03	-2.856587e-03	-2.340622e-02
5.400000e-03	-3.076926e-03	-2.452973e-02
5.500000e-03	-3.309023e-03	-2.565450e-02
5.600000e-03	-3.553216e-03	-2.677825e-02
5.700000e-03	-3.809819e-03	-2.789890e-02
5.800000e-03	-4.079170e-03	-2.901418e-02
5.900000e-03	-4.361564e-03	-3.012215e-02
6.000000e-03	-4.657336e-03	-3.122055e-02
6.100000e-03	-4.966801e-03	-3.230726e-02
6.200000e-03	-5.290268e-03	-3.338022e-02
6.300000e-03	-5.628038e-03	-3.443735e-02
6.400000e-03	-5.980408e-03	-3.547664e-02
6.500000e-03	-6.347667e-03	-3.649609e-02
6.600000e-03	-6.730091e-03	-3.749374e-02
6.700000e-03	-7.127945e-03	-3.846770e-02
6.800000e-03	-7.541470e-03	-3.941610e-02
6.900000e-03	-7.970868e-03	-4.033719e-02
7.000000e-03	-8.416294e-03	-4.122931e-02
7.100000e-03	-8.877841e-03	-4.209095e-02
7.200000e-03	-9.355535e-03	-4.292073e-02
7.300000e-03	-9.849319e-03	-4.371743e-02
7.400000e-03	-1.035905e-02	-4.448004e-02
7.500000e-03	-1.088450e-02	-4.520771e-02
7.600000e-03	-1.142534e-02	-4.589980e-02
7.700000e-03	-1.198114e-02	-4.655589e-02
7.800000e-03	-1.255139e-02	-4.717573e-02
7.900000e-03	-1.313545e-02	-4.775931e-02
8.000000e-03	-1.373264e-02	-4.830681e-02
8.100000e-03	-1.434214e-02	-4.881861e-02
8.200000e-03	-1.496309e-02	-4.929526e-02
8.300000e-03	-1.559454e-02	-4.973750e-02
8.400000e-03	-1.623550e-02	-5.014621e-02
8.500000e-03	-1.688491e-02	-5.052241e-02
8.600000e-03	-1.754168e-02	-5.086725e-02
8.700000e-03	-1.820470e-02	-5.118196e-02
8.800000e-03	-1.887285e-02	-5.146786e-02
8.900000e-03	-1.954502e-02	-5.172633e-02
9.000000e-03	-2.022011e-02	-5.195875e-02
9.100000e-03	-2.089706e-02	-5.216652e-02
9.200000e-03	-2.157484e-02	-5.235103e-02
9.300000e-03	-2.225251e-02	-5.251362e-02
9.400000e-03	-2.292917e-02	-5.265558e-02
9.500000e-03	-2.360401e-02	-5.277809e-02
9.600000e-03	-2.427631e-02	-5.288228e-02
9.700000e-03	-2.494547e-02	-5.296912e-02
9.800000e-03	-2.561096e-02	-5.303949e-02
9.900000e-03	-2.627238e-02	-5.309413e-02
1.000000e-02	-2.692944e-02	-5.313361e-02
1.010000e-02	-2.758198e-02	-5.315837e-02
1.020000e-02	-2.822991e-02	-5.316869e-02
1.030000e-02	-2.887329e-02	-5.316473e-02
1.040000e-02	-2.951228e-02	-5.314648e-02
1.050000e-02	-3.014711e-02	-5.311381e-02
1.060000e-02	-3.077813e-02	-5.306644e-02
1.070000e-02	-3.140576e-02	-5.300401e-02
1.080000e-02	-3.203049e-02	-5.292603e-02
1.090000e-02	-3.265290e-02	-5.283192e-02
1.100000e-02	-3.327358e-02	-5.272103e-02
1.110000e-02	-3.389318e-02	-5.259268e-02
1.120000e-02	-3.451237e-02	-5.244611e-02
1.130000e-02	-3.513182e-02	-5.228059e-02
1.140000e-02	-3.575222e-02	-5.209537e-02
1.150000e-02	-3.637421e-02	-5.188972e-02
1.160000e-02	-3.699842e-02	-5.166296e-02
1.170000e-02	-3.762544e-02	-5.141445e-02
1.180000e-02	-3.825581e-02	-5.114363e-02
1.190000e-02	-3.888999e-02	-5.085003e-02
1.200000e-02	-3.952839e-02	-5.053326e-02
1.210000e-02	-4.017134e-02	-5.019305e-02
1.220000e-02	-4.081908e-02	-4.982924e-02
1.230000e-02	-4.147177e-02	-4.944176e-02
1.240000e-02	-4.212948e-02	-4.903069e-02
1.250000e-02	-4.279222e-02	-4.859621e-02
1.260000e-02	-4.345986e-02	-4.813862e-02
1.270000e-02	-4.413224e-02	-4.765833e-02
1.280000e-02	-4.480910e-02	-4.715583e-02
1.290000e-02	-4.549011e-02	-4.663172e-02
1.300000e-02	-4.617489e-02	-4.608667e-02
1.310000e-02	-4.686298e-02	-4.552141e-02
1.320000e-02	-4.755391e-02	-4.493672e-02
1.330000e-02	-4.824715e-02	-4.433343e-02
1.340000e-02	-4.894216e-02	-4.371234e-02
1.350000e-02	-4.963841e-02	-4.307429e-02
1.360000e-02	-5.033535e-02	-4.242007e-02
1.370000e-02	-5.103245e-02	-4.175044e-02
1.380000e-02	-5.172921e-02	-4.106612e-02
1.390000e-02	-5.242519e-02	-4.036773e-02
1.400000e-02	-5.311997e-02	-3.965582e-02
1.410000e-02	-5.381323e-02	-3.893084e-02
1.420000e-02	-5.450467e-02	-3.819313e-02
1.430000e-02	-5.519413e-02	-3.744290e-02
1.440000e-02	-5.588149e-02	-3.668024e-02
1.450000e-02	-5.656673e-02	-3.590511e-02
1.460000e-02	-5.724995e-02	-3.511735e-02
1.470000e-02	-5.793133e-02	-3.431663e-02
1.480000e-02	-5.861113e-02	-3.350254e-02
1.490000e-02	-5.928975e-02	-3.267450e-02
1.500000e-02	-5.996764e-02	-3.183185e-02
1.510000e-02	-6.064537e-02	-3.097382e-02
1.520000e-02	-6.132358e-02	-3.009952e-02
1.530000e-02	-6.200299e-02	-2.920802e-02
1.540000e-02	-6.268440e-02	-2.829832e-02
1.550000e-02	-6.336866e-02	-2.736935e-02
1.560000e-02	-6.405666e-02	-2.642005e-02
1.570000e-02	-6.474937e-02	-2.544933e-02
1.580000e-02	-6.544773e-02	-2.445614e-02
1.590000e-02	-6.615274e-02	-2.343945e-02
1.600000e-02	-6.686540e-02	-2.239829e-02
1.610000e-02	-6.758668e-02	-2.133175e-02
1.620000e-02	-6.831755e-02	-2.023903e-02
1.630000e-02	-6.905896e-02	-1.911944e-02
1.640000e-02	-6.981182e-02	-1.797239e-02
1.650000e-02	-7.057697e-02	-1.679746e-02
1.660000e-02	-7.135521e-02	-1.559437e-02
1.670000e-02	-7.214727e-02	-1.436300e-02
1.680000e-02	-7.295383e-02	-1.310339e-02
1.690000e-02	-7.377537e-02	-1.181592e-02
1.700000e-02	-7.461189e-02	-1.050192e-02
1.710000e-02	-7.546321e-02	-9.163084e-03
1.720000e-02	-7.632910e-02	-7.801195e-03
1.730000e-02	-7.720929e-02	-6.418134e-03
1.740000e-02	-7.810348e-02	-5.015849e-03
1.750000e-02	-7.901138e-02	-3.596327e-03
1.760000e-02	-7.993266e-02	-2.161563e-03
1.770000e-02	-8.086706e-02	-7.135362e-04
1.780000e-02	-8.181429e-02	7.458113e-04
1.790000e-02	-8.277415e-02	2.214610e-03
1.800000e-02	-8.374645e-02	3.691075e-03
1.810000e-02	-8.473110e-02	5.173542e-03
1.820000e-02	-8.572806e-02	6.660457e-03
1.830000e-02	-8.673737e-02	8.150413e-03
1.840000e-02	-8.775917e-02	9.642147e-03
1.850000e-02	-8.879361e-02	1.113444e-02
1.860000e-02	-8.984074e-02	1.262586e-02
1.870000e-02	-9.090033e-02	1.411449e-02
1.880000e-02	-9.197214e-02	1.559836e-02
1.890000e-02	-9.305593e-02	1.707549e-02
1.900000e-02	-9.415146e-02	1.854390e-02
1.910000e-02	-9.525848e-02	2.000158e-02
1.920000e-02	-9.637675e-02	2.144651e-02
1.930000e-02	-9.750603e-02	2.287669e-02
1.940000e-02	-9.864609e-02	2.429008e-02
1.950000e-02	-9.979669e-02	2.568466e-02
1.960000e-02	-1.009576e-01	2.705840e-02
1.970000e-02	-1.021287e-01	2.840930e-02
1.980000e-02	-1.033096e-01	2.973534e-02
1.990000e-02	-1.045003e-01	3.103455e-02
2.000000e-02	-1.057005e-01	3.230496e-02
2.010000e-02	-1.069100e-01	3.354465e-02
2.020000e-02	-1.081288e-01	3.475174e-02
2.030000e-02	-1.093567e-01	3.592436e-02
2.040000e-02	-1.105936e-01	3.706074e-02
2.050000e-02	-1.118393e-01	3.815913e-02
2.060000e-02	-1.130938e-01	3.921787e-02
2.070000e-02	-1.143570e-01	4.023533e-02
2.080000e-02	-1.156290e-01	4.121000e-02
2.090000e-02	-1.169095e-01	4.214046e-02
2.100000e-02	-1.181987e-01	4.302536e-02
2.110000e-02	-1.194965e-01	4.386347e-02
2.120000e-02	-1.208030e-01	4.465366e-02
2.130000e-02	-1.221181e-01	4.539488e-02
2.140000e-02	-1.234420e-01	4.608626e-02
2.150000e-02	-1.247747e-01	4.672699e-02
2.160000e-02	-1.261163e-01	4.731642e-02
2.170000e-02	-1.274668e-01	4.785403e-02
2.180000e-02	-1.288264e-01	4.833943e-02
2.190000e-02	-1.301952e-01	4.877236e-02
2.200000e-02	-1.315732e-01	4.915270e-02
2.210000e-02	-1.329606e-01	4.948048e-02
2.220000e-02	-1.343575e-01	4.975585e-02
2.230000e-02	-1.357641e-01	4.997909e-02
2.240000e-02	-1.371804e-01	5.015066e-02
2.250000e-02	-1.386066e-01	5.027107e-02
2.260000e-02	-1.400429e-01	5.034107e-02
2.270000e-02	-1.414892e-01	5.036144e-02
2.280000e-02	-1.429459e-01	5.033317e-02
2.290000e-02	-1.444129e-01	5.025727e-02
2.300000e-02	-1.458904e-01	5.013504e-02
2.310000e-02	-1.473786e-01	4.996767e-02
2.320000e-02	-1.488775e-01	4.975652e-02
2.330000e-02	-1.503872e-01	4.950306e-02
2.340000e-02	-1.519079e-01	4.920884e-02
2.350000e-02	-1.534397e-01	4.887550e-02
2.360000e-02	-1.549826e-01	4.850475e-02
2.370000e-02	-1.565367e-01	4.809834e-02
2.380000e-02	-1.581022e-01	4.765811e-02
2.390000e-02	-1.596791e-01	4.718593e-02
2.400000e-02	-1.612676e-01	4.668372e-02
2.410000e-02	-1.628677e-01	4.615343e-02
2.420000e-02	-1.644796e-01	4.559703e-02
2.430000e-02	-1.661033e-01	4.501653e-02
2.440000e-02	-1.677389e-01	4.441393e-02
2.450000e-02	-1.693866e-01	4.379126e-02
2.460000e-02	-1.710465e-01	4.315055e-02
2.470000e-02	-1.727187e-01	4.249380e-02
2.480000e-02	-1.744034e-01	4.182304e-02
2.490000e-02	-1.761006e-01	4.114026e-02
2.500000e-02	-1.778106e-01	4.044744e-02
2.510000e-02	-1.795336e-01	3.974654e-02
2.520000e-02	-1.812696e-01	3.903950e-02
2.530000e-02	-1.830189e-01	3.832823e-02
2.540000e-02	-1.847817e-01	3.761459e-02
2.550000e-02	-1.865581e-01	3.690044e-02
2.560000e-02	-1.883485e-01	3.618758e-02
2.570000e-02	-1.901530e-01	3.547774e-02
2.580000e-02	-1.919718e-01	3.477262e-02
2.590000e-02	-1.938052e-01	3.407380e-02
2.600000e-02	-1.956532e-01	3.338275e-02
2.610000e-02	-1.975161e-01	3.270084e-02
2.620000e-02	-1.993939e-01	3.202929e-02
2.630000e-02	-2.012867e-01	3.136918e-02
2.640000e-02	-2.031943e-01	3.072144e-02
2.650000e-02	-2.051169e-01	3.008683e-02
2.660000e-02	-2.070541e-01	2.946596e-02
2.670000e-02	-2.090059e-01	2.885926e-02
2.680000e-02	-2.109719e-01	2.826703e-02
2.690000e-02	-2.129518e-01	2.768938e-02
2.700000e-02	-2.149452e-01	2.712629e-02
2.710000e-02	-2.169518e-01	2.657760e-02
2.720000e-02	-2.189709e-01	2.604301e-02
2.730000e-02	-2.210021e-01	2.552211e-02
2.740000e-02	-2.230447e-01	2.501439e-02
2.750000e-02	-2.250981e-01	2.451925e-02
2.760000e-02	-2.271618e-01	2.403603e-02
2.770000e-02	-2.292351e-01	2.356400e-02
2.780000e-02	-2.313172e-01	2.310241e-02
2.790000e-02	-2.334076e-01	2.265049e-02
2.800000e-02	-2.355057e-01	2.220747e-02
2.810000e-02	-2.376109e-01	2.177259e-02
2.820000e-02	-2.397225e-01	2.134513e-02
2.830000e-02	-2.418400e-01	2.092442e-02
2.840000e-02	-2.439631e-01	2.050984e-02
2.850000e-02	-2.460912e-01	2.010083e-02
2.860000e-02	-2.482241e-01	1.969694e-02
2.870000e-02	-2.503615e-01	1.929777e-02
2.880000e-02	-2.525031e-01	1.890304e-02
2.890000e-02	-2.546489e-01	1.851253e-02
2.900000e-02	-2.567989e-01	1.812614e-02
2.910000e-02	-2.589530e-01	1.774386e-02
2.920000e-02	-2.611115e-01	1.736573e-02
2.930000e-02	-2.632745e-01	1.699190e-02
2.940000e-02	-2.654424e-01	1.662259e-02
2.950000e-02	-2.676154e-01	1.625807e-02
2.960000e-02	-2.697942e-01	1.589864e-02
2.970000e-02	-2.719791e-01	1.554465e-02
2.980000e-02	-2.741706e-01	1.519648e-02
2.990000e-02	-2.763696e-01	1.485449e-02
3.000000e-02	-2.785764e-01	1.451904e-02
3.010000e-02	-2.807920e-01	1.419044e-02
3.020000e-02	-2.830169e-01	1.386899e-02
3.030000e-02	-2.852518e-01	1.355490e-02
3.040000e-02	-2.874976e-01	1.324832e-02
3.050000e-02	-2.897548e-01	1.294929e-02
3.060000e-02	-2.920243e-01	1.265777e-02
3.070000e-02	-2.943067e-01	1.237360e-02
3.080000e-02	-2.966026e-01	1.209649e-02
3.090000e-02	-2.989128e-01	1.182604e-02
3.100000e-02	-3.012377e-01	1.156170e-02
3.110000e-02	-3.035779e-01	1.130279e-02
3.120000e-02	-3.059340e-01	1.104848e-02
3.130000e-02	-3.083064e-01	1.079783e-02
3.140000e-02	-3.106954e-01	1.054974e-02
3.150000e-02	-3.131014e-01	1.030300e-02
3.160000e-02	-3.155248e-01	1.005628e-02
3.170000e-02	-3.179656e-01	9.808145e-03
3.180000e-02	-3.204242e-01	9.557067e-03
3.190000e-02	-3.229007e-01	9.301429e-03
3.200000e-02	-3.253952e-01	9.039554e-03
3.210000e-02	-3.279077e-01	8.769712e-03
3.220000e-02	-3.304383e-01	8.490141e-03
3.230000e-02	-3.329871e-01	8.199063e-03
3.240000e-02	-3.355539e-01	7.894700e-03
3.250000e-02	-3.381389e-01	7.575295e-03
3.260000e-02	-3.407420e-01	7.239127e-03
3.270000e-02	-3.433633e-01	6.884526e-03
3.280000e-02	-3.460026e-01	6.509890e-03
3.290000e-02	-3.486602e-01	6.113701e-03
3.300000e-02	-3.513359e-01	5.694533e-03
3.310000e-02	-3.540300e-01	5.251068e-03
3.320000e-02	-3.567425e-01	4.782101e-03
3.330000e-02	-3.594736e-01	4.286549e-03
3.340000e-02	-3.622235e-01	3.763457e-03
3.350000e-02	-3.649926e-01	3.211999e-03
3.360000e-02	-3.677810e-01	2.631478e-03
3.370000e-02	-3.705892e-01	2.021327e-03
3.380000e-02	-3.734175e-01	1.381102e-03
3.390000e-02	-3.762665e-01	7.104815e-04
3.400000e-02	-3.791367e-01	9.250892e-06
3.410000e-02	-3.820285e-01	-7.227007e-04
3.420000e-02	-3.849427e-01	-1.485394e-03
3.430000e-02	-3.878799e-01	-2.278773e-03
3.440000e-02	-3.908407e-01	-3.102718e-03
3.450000e-02	-3.938258e-01	-3.957057e-03
3.460000e-02	-3.968360e-01	-4.841586e-03
3.470000e-02	-3.998720e-01	-5.756082e-03
3.480000e-02	-4.029346e-01	-6.700315e-03
3.490000e-02	-4.060244e-01	-7.674068e-03
3.500000e-02	-4.091424e-01	-8.677151e-03
3.510000e-02	-4.122891e-01	-9.709412e-03
3.520000e-02	-4.154654e-01	-1.077075e-02
3.530000e-02	-4.186718e-01	-1.186113e-02
3.540000e-02	-4.219092e-01	-1.298058e-02
3.550000e-02	-4.251780e-01	-1.412922e-02
3.560000e-02	-4.284789e-01	-1.530727e-02
3.570000e-02	-4.318125e-01	-1.651500e-02
3.580000e-02	-4.351792e-01	-1.775282e-02
3.590000e-02	-4.385795e-01	-1.902121e-02
3.600000e-02	-4.420138e-01	-2.032074e-02
3.610000e-02	-4.454824e-01	-2.165208e-02
3.620000e-02	-4.489857e-01	-2.301598e-02
3.630000e-02	-4.525238e-01	-2.441327e-02
3.640000e-02	-4.560971e-01	-2.584482e-02
3.650000e-02	-4.597055e-01	-2.731160e-02
3.660000e-02	-4.633492e-01	-2.881459e-02
3.670000e-02	-4.670284e-01	-3.035481e-02
3.680000e-02	-4.707430e-01	-3.193330e-02
3.690000e-02	-4.744929e-01	-3.355111e-02
3.700000e-02	-4.782783e-01	-3.520926e-02
3.710000e-02	-4.820990e-01	-3.690876e-02
3.720000e-02	-4.859549e-01	-3.865058e-02
3.730000e-02	-4.898461e-01	-4.043563e-02
3.740000e-02	-4.937723e-01	-4.226475e-02
3.750000e-02	-4.977336e-01	-4.413871e-02
3.760000e-02	-5.017297e-01	-4.605818e-02
3.770000e-02	-5.057608e-01	-4.802375e-02
3.780000e-02	-5.098267e-01	-5.003588e-02
3.790000e-02	-5.139273e-01	-5.209493e-02
3.800000e-02	-5.180627e-01	-5.420115e-02
3.810000e-02	-5.222328e-01	-5.635466e-02
3.820000e-02	-5.264377e-01	-5.855546e-02
3.830000e-02	-5.306774e-01	-6.080345e-02
3.840000e-02	-5.349521e-01	-6.309840e-02
3.850000e-02	-5.392618e-01	-6.543997e-02
3.860000e-02	-5.436066e-01	-6.782774e-02
3.870000e-02	-5.479867e-01	-7.026118e-02
3.880000e-02	-5.524023e-01	-7.273967e-02
3.890000e-02	-5.568536e-01	-7.526255e-02
3.900000e-02	-5.613408e-01	-7.782907e-02
3.910000e-02	-5.658641e-01	-8.043845e-02
3.920000e-02	-5.704237e-01	-8.308987e-02
3.930000e-02	-5.750198e-01	-8.578252e-02
3.940000e-02	-5.796528e-01	-8.851554e-02
3.950000e-02	-5.843227e-01	-9.128812e-02
3.960000e-02	-5.890299e-01	-9.409945e-02
3.970000e-02	-5.937745e-01	-9.694878e-02
3.980000e-02	-5.985567e-01	-9.983538e-02
3.990000e-02	-6.033767e-01	-1.027586e-01
4.000000e-02	-6.082345e-01	-1.057178e-01
4.010000e-02	-6.131304e-01	-1.087126e-01
4.020000e-02	-6.180642e-01	-1.117424e-01
4.030000e-02	-6.230360e-01	-1.148069e-01
4.040000e-02	-6.280459e-01	-1.179059e-01
4.050000e-02	-6.330937e-01	-1.210391e-01
4.060000e-02	-6.381793e-01	-1.242065e-01
4.070000e-02	-6.433026e-01	-1.274080e-01
4.080000e-02	-6.484634e-01	-1.306438e-01
4.090000e-02	-6.536614e-01	-1.339138e-01
4.100000e-02	-6.588964e-01	-1.372184e-01
4.110000e-02	-6.641679e-01	-1.405577e-01
4.120000e-02	-6.694757e-01	-1.439320e-01
4.130000e-02	-6.748193e-01	-1.473417e-01
4.140000e-02	-6.801983e-01	-1.507869e-01
4.150000e-02	-6.856123e-01	-1.542682e-01
4.160000e-02	-6.910607e-01	-1.577856e-01
4.170000e-02	-6.965429e-01	-1.613396e-01
4.180000e-02	-7.020586e-01	-1.649304e-01
4.190000e-02	-7.076070e-01	-1.685580e-01
4.200000e-02	-7.131877e-01	-1.722226e-01
4.210000e-02	-7.188001e-01	-1.759243e-01
4.220000e-02	-7.244435e-01	-1.796629e-01
4.230000e-02	-7.301174e-01	-1.834383e-01
4.240000e-02	-7.358213e-01	-1.872503e-01
4.250000e-02	-7.415545e-01	-1.910982e-01
4.260000e-02	-7.473164e-01	-1.949818e-01
4.270000e-02	-7.531066e-01	-1.989003e-01
4.280000e-02	-7.589244e-01	-2.028529e-01
4.290000e-02	-7.647693e-01	-2.068388e-01
4.300000e-02	-7.706407e-01	-2.108569e-01
4.310000e-02	-7.765382e-01	-2.149061e-01
4.320000e-02	-7.824613e-01	-2.189851e-01
4.330000e-02	-7.884093e-01	-2.230925e-01
4.340000e-02	-7.943819e-01	-2.272270e-01
4.350000e-02	-8.003785e-01	-2.313868e-01
4.360000e-02	-8.063987e-01	-2.355705e-01
4.370000e-02	-8.124420e-01	-2.397762e-01
4.380000e-02	-8.185079e-01	-2.440023e-01
4.390000e-02	-8.245959e-01	-2.482470e-01
4.400000e-02	-8.307055e-01	-2.525084e-01
4.410000e-02	-8.368362e-01	-2.567846e-01
4.420000e-02	-8.429876e-01	-2.610740e-01
4.430000e-02	-8.491591e-01	-2.653746e-01
4.440000e-02	-8.553501e-01	-2.696846e-01
4.450000e-02	-8.615602e-01	-2.740022e-01
4.460000e-02	-8.677888e-01	-2.783258e-01
4.470000e-02	-8.740352e-01	-2.826536e-01
4.480000e-02	-8.802989e-01	-2.869841e-01
4.490000e-02	-8.865791e-01	-2.913156e-01
4.500000e-02	-8.928754e-01	-2.956467e-01
4.510000e-02	-8.991869e-01	-2.999759e-01
4.520000e-02	-9.055130e-01	-3.043020e-01
4.530000e-02	-9.118528e-01	-3.086236e-01
4.540000e-02	-9.182058e-01	-3.129394e-01
4.550000e-02	-9.245710e-01	-3.172485e-01
4.560000e-02	-9.309477e-01	-3.215496e-01
4.570000e-02	-9.373351e-01	-3.258417e-01
4.580000e-02	-9.437324e-01	-3.301238e-01
4.590000e-02	-9.501386e-01	-3.343949e-01
4.600000e-02	-9.565529e-01	-3.386542e-01
4.610000e-02	-9.629745e-01	-3.429007e-01
4.620000e-02	-9.694024e-01	-3.471334e-01
4.630000e-02	-9.758359e-01	-3.513514e-01
4.640000e-02	-9.822740e-01	-3.555538e-01
4.650000e-02	-9.887159e-01	-3.597397e-01
4.660000e-02	-9.951606e-01	-3.639079e-01
4.670000e-02	-1.001607e+00	-3.680575e-01
4.680000e-02	-1.008056e+00	-3.721873e-01
4.690000e-02	-1.014504e+00	-3.762962e-01
4.700000e-02	-1.020952e+00	-3.803830e-01
4.710000e-02	-1.027399e+00	-3.844462e-01
4.720000e-02	-1.033843e+00	-3.884846e-01
4.730000e-02	-1.040286e+00	-3.924967e-01
4.740000e-02	-1.046724e+00	-3.964810e-01
4.750000e-02	-1.053159e+00	-4.004359e-01
4.760000e-02	-1.059588e+00	-4.043596e-01
4.770000e-02	-1.066012e+00	-4.082504e-01
4.780000e-02	-1.072430e+00	-4.121065e-01
4.790000e-02	-1.078841e+00	-4.159260e-01
4.800000e-02	-1.085245e+00	-4.197070e-01
4.810000e-02	-1.091641e+00	-4.234475e-01
4.820000e-02	-1.098028e+00	-4.271455e-01
4.830000e-02	-1.104406e+00	-4.307991e-01
4.840000e-02	-1.110775e+00	-4.344062e-01
4.850000e-02	-1.117133e+00	-4.379649e-01
4.860000e-02	-1.123481e+00	-4.414734e-01
4.870000e-02	-1.129819e+00	-4.449297e-01
4.880000e-02	-1.136144e+00	-4.483320e-01
4.890000e-02	-1.142458e+00	-4.516785e-01
4.900000e-02	-1.148759e+00	-4.549675e-01
4.910000e-02	-1.155047e+00	-4.581975e-01
4.920000e-02	-1.161323e+00	-4.613670e-01
4.930000e-02	-1.167584e+00	-4.644745e-01
4.940000e-02	-1.173832e+00	-4.675187e-01
4.950000e-02	-1.180065e+00	-4.704986e-01
4.960000e-02	-1.186284e+00	-4.734131e-01
4.970000e-02	-1.192487e+00	-4.762614e-01
4.980000e-02	-1.198675e+00	-4.790429e-01
4.990000e-02	-1.204847e+00	-4.817569e-01
5.000000e-02	-1.211003e+00	-4.844031e-01
5.010000e-02	-1.217142e+00	-4.869813e-01
5.020000e-02	-1.223265e+00	-4.894916e-01
5.030000e-02	-1.229372e+00	-4.919343e-01
5.040000e-02	-1.235461e+00	-4.943097e-01
5.050000e-02	-1.241534e+00	-4.966182e-01
5.060000e-02	-1.247590e+00	-4.988607e-01
5.070000e-02	-1.253629e+00	-5.010378e-01
5.080000e-02	-1.259651e+00	-5.031505e-01
5.090000e-02	-1.265656e+00	-5.051998e-01
5.100000e-02	-1.271644e+00	-5.071869e-01
5.110000e-02	-1.277617e+00	-5.091128e-01
5.120000e-02	-1.283573e+00	-5.109788e-01
5.130000e-02	-1.289512e+00	-5.127859e-01
5.140000e-02	-1.295437e+00	-5.145355e-01
5.150000e-02	-1.301345e+00	-5.162296e-01
5.160000e-02	-1.307236e+00	-5.178711e-01
5.170000e-02	-1.313111e+00	-5.194630e-01
5.180000e-02	-1.318968e+00	-5.210081e-01
5.190000e-02	-1.324806e+00	-5.225093e-01
5.200000e-02	-1.330625e+00	-5.239694e-01
5.210000e-02	-1.336424e+00	-5.253911e-01
5.220000e-02	-1.342203e+00	-5.267771e-01
5.230000e-02	-1.347959e+00	-5.281299e-01
5.240000e-02	-1.353693e+00	-5.294519e-01
5.250000e-02	-1.359404e+00	-5.307456e-01
5.260000e-02	-1.365089e+00	-5.320132e-01
5.270000e-02	-1.370749e+00	-5.332568e-01
5.280000e-02	-1.376381e+00	-5.344785e-01
5.290000e-02	-1.381984e+00	-5.356803e-01
5.300000e-02	-1.387557e+00	-5.368639e-01
5.310000e-02	-1.393099e+00	-5.380311e-01
5.320000e-02	-1.398607e+00	-5.391836e-01
5.330000e-02	-1.404081e+00	-5.403230e-01
5.340000e-02	-1.409518e+00	-5.414508e-01
5.350000e-02	-1.414917e+00	-5.425684e-01
5.360000e-02	-1.420276e+00	-5.436772e-01
5.370000e-02	-1.425593e+00	-5.447788e-01
5.380000e-02	-1.430868e+00	-5.458755e-01
5.390000e-02	-1.436099e+00	-5.469704e-01
5.400000e-02	-1.441284e+00	-5.480663e-01
5.410000e-02	-1.446424e+00	-5.491661e-01
5.420000e-02	-1.451516e+00	-5.502727e-01
5.430000e-02	-1.456560e+00	-5.513889e-01
5.440000e-02	-1.461555e+00	-5.525176e-01
5.450000e-02	-1.466499e+00	-5.536615e-01
5.460000e-02	-1.471393e+00	-5.548237e-01
5.470000e-02	-1.476234e+00	-5.560067e-01
5.480000e-02	-1.481021e+00	-5.572135e-01
5.490000e-02	-1.485755e+00	-5.584466e-01
5.500000e-02	-1.490434e+00	-5.597087e-01
5.510000e-02	-1.495058e+00	-5.610024e-01
5.520000e-02	-1.499625e+00	-5.623302e-01
5.530000e-02	-1.504135e+00	-5.636944e-01
5.540000e-02	-1.508587e+00	-5.650973e-01
5.550000e-02	-1.512980e+00	-5.665412e-01
5.560000e-02	-1.517315e+00	-5.680282e-01
5.570000e-02	-1.521590e+00	-5.695603e-01
5.580000e-02	-1.525805e+00	-5.711393e-01
5.590000e-02	-1.529958e+00	-5.727670e-01
5.600000e-02	-1.534051e+00	-5.744450e-01
5.610000e-02	-1.538081e+00	-5.761749e-01
5.620000e-02	-1.542050e+00	-5.779580e-01
5.630000e-02	-1.545955e+00	-5.797955e-01
5.640000e-02	-1.549798e+00	-5.816887e-01
5.650000e-02	-1.553576e+00	-5.836385e-01
5.660000e-02	-1.557291e+00	-5.856456e-01
5.670000e-02	-1.560941e+00	-5.877110e-01
5.680000e-02	-1.564526e+00	-5.898352e-01
5.690000e-02	-1.568046e+00	-5.920186e-01
5.700000e-02	-1.571500e+00	-5.942617e-01
5.710000e-02	-1.574887e+00	-5.965647e-01
5.720000e-02	-1.578208e+00	-5.989277e-01
5.730000e-02	-1.581462e+00	-6.013508e-01
5.740000e-02	-1.584649e+00	-6.038338e-01
5.750000e-02	-1.587767e+00	-6.063767e-01
5.760000e-02	-1.590818e+00	-6.089791e-01
5.770000e-02	-1.593799e+00	-6.116407e-01
5.780000e-02	-1.596711e+00	-6.143611e-01
5.790000e-02	-1.599554e+00	-6.171397e-01
5.800000e-02	-1.602326e+00	-6.199760e-01
5.810000e-02	-1.605027e+00	-6.228693e-01
5.820000e-02	-1.607658e+00	-6.258189e-01
5.830000e-02	-1.610217e+00	-6.288240e-01
5.840000e-02	-1.612704e+00	-6.318837e-01
5.850000e-02	-1.615119e+00	-6.349973e-01
5.860000e-02	-1.617461e+00	-6.381637e-01
5.870000e-02	-1.619730e+00	-6.413819e-01
5.880000e-02	-1.621926e+00	-6.446509e-01
5.890000e-02	-1.624048e+00	-6.479696e-01
5.900000e-02	-1.626096e+00	-6.513368e-01
5.910000e-02	-1.628070e+00	-6.547515e-01
5.920000e-02	-1.629969e+00	-6.582123e-01
5.930000e-02	-1.631794e+00	-6.617182e-01
5.940000e-02	-1.633543e+00	-6.652677e-01
5.950000e-02	-1.635218e+00	-6.688597e-01
5.960000e-02	-1.636819e+00	-6.724926e-01
5.970000e-02	-1.638344e+00	-6.761651e-01
5.980000e-02	-1.639794e+00	-6.798757e-01
5.990000e-02	-1.641170e+00	-6.836230e-01
6.000000e-02	-1.642470e+00	-6.874054e-01
6.010000e-02	-1.643697e+00	-6.912214e-01
6.020000e-02	-1.644849e+00	-6.950693e-01
6.030000e-02	-1.645927e+00	-6.989474e-01
6.040000e-02	-1.646931e+00	-7.028541e-01
6.050000e-02	-1.647862e+00	-7.067877e-01
6.060000e-02	-1.648720e+00	-7.107463e-01
6.070000e-02	-1.649506e+00	-7.147281e-01
6.080000e-02	-1.650219e+00	-7.187313e-01
6.090000e-02	-1.650860e+00	-7.227541e-01
6.100000e-02	-1.651431e+00	-7.267945e-01
6.110000e-02	-1.651930e+00	-7.308505e-01
6.120000e-02	-1.652360e+00	-7.349203e-01
6.130000e-02	-1.652720e+00	-7.390019e-01
6.140000e-02	-1.653011e+00	-7.430933e-01
6.150000e-02	-1.653234e+00	-7.471927e-01
6.160000e-02	-1.653388e+00	-7.512982e-01
6.170000e-02	-1.653476e+00	-7.554079e-01
6.180000e-02	-1.653497e+00	-7.595202e-01
6.190000e-02	-1.653453e+00	-7.636333e-01
6.200000e-02	-1.653344e+00	-7.677455e-01
6.210000e-02	-1.653170e+00	-7.718555e-01
6.220000e-02	-1.652933e+00	-7.759617e-01
6.230000e-02	-1.652634e+00	-7.800628e-01
6.240000e-02	-1.652273e+00	-7.841575e-01
6.250000e-02	-1.651851e+00	-7.882448e-01
6.260000e-02	-1.651369e+00	-7.923235e-01
6.270000e-02	-1.650828e+00	-7.963926e-01
6.280000e-02	-1.650228e+00	-8.004514e-01
6.290000e-02	-1.649572e+00	-8.044989e-01
6.300000e-02	-1.648859e+00	-8.085344e-01
6.310000e-02	-1.648091e+00	-8.125573e-01
6.320000e-02	-1.647269e+00	-8.165669e-01
6.330000e-02	-1.646393e+00	-8.205626e-01
6.340000e-02	-1.645465e+00	-8.245438e-01
6.350000e-02	-1.644486e+00	-8.285099e-01
6.360000e-02	-1.643456e+00	-8.324604e-01
6.370000e-02	-1.642377e+00	-8.363947e-01
6.380000e-02	-1.641250e+00	-8.403121e-01
6.390000e-02	-1.640075e+00	-8.442121e-01
6.400000e-02	-1.638854e+00	-8.480937e-01
6.410000e-02	-1.637587e+00	-8.519564e-01
6.420000e-02	-1.636276e+00	-8.557992e-01
6.430000e-02	-1.634922e+00	-8.596211e-01
6.440000e-02	-1.633525e+00	-8.634212e-01
6.450000e-02	-1.632086e+00	-8.671981e-01
6.460000e-02	-1.630607e+00	-8.709508e-01
6.470000e-02	-1.629087e+00	-8.746778e-01
6.480000e-02	-1.627529e+00	-8.783776e-01
6.490000e-02	-1.625933e+00	-8.820487e-01
6.500000e-02	-1.624299e+00	-8.856893e-01
6.510000e-02	-1.622629e+00	-8.892976e-01
6.520000e-02	-1.620924e+00	-8.928718e-01
6.530000e-02	-1.619183e+00	-8.964097e-01
6.540000e-02	-1.617409e+00	-8.999094e-01
6.550000e-02	-1.615601e+00	-9.033687e-01
6.560000e-02	-1.613761e+00	-9.067852e-01
6.570000e-02	-1.611889e+00	-9.101568e-01
6.580000e-02	-1.609986e+00	-9.134811e-01
6.590000e-02	-1.608053e+00	-9.167558e-01
6.600000e-02	-1.606090e+00	-9.199784e-01
6.610000e-02	-1.604098e+00	-9.231467e-01
6.620000e-02	-1.602078e+00	-9.262583e-01
6.630000e-02	-1.600030e+00	-9.293107e-01
6.640000e-02	-1.597956e+00	-9.323019e-01
6.650000e-02	-1.595856e+00	-9.352294e-01
6.660000e-02	-1.593730e+00	-9.380913e-01
6.670000e-02	-1.591579e+00	-9.408853e-01
6.680000e-02	-1.589404e+00	-9.436094e-01
6.690000e-02	-1.587205e+00	-9.462618e-01
6.700000e-02	-1.584984e+00	-9.488407e-01
6.710000e-02	-1.582740e+00	-9.513443e-01
6.720000e-02	-1.580475e+00	-9.537710e-01
6.730000e-02	-1.578188e+00	-9.561194e-01
6.740000e-02	-1.575881e+00	-9.583881e-01
6.750000e-02	-1.573554e+00	-9.605758e-01
6.760000e-02	-1.571208e+00	-9.626814e-01
6.770000e-02	-1.568843e+00	-9.647038e-01
6.780000e-02	-1.566460e+00	-9.666422e-01
6.790000e-02	-1.564059e+00	-9.684956e-01
6.800000e-02	-1.561642e+00	-9.702634e-01
6.810000e-02	-1.559207e+00	-9.719448e-01
6.820000e-02	-1.556756e+00	-9.735393e-01
6.830000e-02	-1.554289e+00	-9.750464e-01
6.840000e-02	-1.551807e+00	-9.764655e-01
6.850000e-02	-1.549310e+00	-9.777963e-01
6.860000e-02	-1.546798e+00	-9.790385e-01
6.870000e-02	-1.544272e+00	-9.801919e-01
6.880000e-02	-1.541731e+00	-9.812564e-01
6.890000e-02	-1.539176e+00	-9.822321e-01
6.900000e-02	-1.536608e+00	-9.831196e-01
6.910000e-02	-1.534026e+00	-9.839204e-01
6.920000e-02	-1.531431e+00	-9.846362e-01
6.930000e-02	-1.528823e+00	-9.852688e-01
6.940000e-02	-1.526204e+00	-9.858201e-01
6.950000e-02	-1.523573e+00	-9.862922e-01
6.960000e-02	-1.520931e+00	-9.866875e-01
6.970000e-02	-1.518279e+00	-9.870082e-01
6.980000e-02	-1.515616e+00	-9.872567e-01
6.990000e-02	-1.512944e+00	-9.874356e-01
7.000000e-02	-1.510263e+00	-9.875473e-01
7.010000e-02	-1.507573e+00	-9.875943e-01
7.020000e-02	-1.504875e+00	-9.875791e-01
7.030000e-02	-1.502170e+00	-9.875042e-01
7.040000e-02	-1.499458e+00	-9.873719e-01
7.050000e-02	-1.496740e+00	-9.871846e-01
7.060000e-02	-1.494018e+00	-9.869445e-01
7.070000e-02	-1.491291e+00	-9.866537e-01
7.080000e-02	-1.488560e+00	-9.863142e-01
7.090000e-02	-1.485828e+00	-9.859278e-01
7.100000e-02	-1.483094e+00	-9.854962e-01
7.110000e-02	-1.480359e+00	-9.850209e-01
7.120000e-02	-1.477626e+00	-9.845034e-01
7.130000e-02	-1.474894e+00	-9.839447e-01
7.140000e-02	-1.472166e+00	-9.833462e-01
7.150000e-02	-1.469443e+00	-9.827086e-01
7.160000e-02	-1.466724e+00	-9.820330e-01
7.170000e-02	-1.464014e+00	-9.813199e-01
7.180000e-02	-1.461311e+00	-9.805700e-01
7.190000e-02	-1.458617e+00	-9.797847e-01
7.200000e-02	-1.455934e+00	-9.789666e-01
7.210000e-02	-1.453260e+00	-9.781183e-01
7.220000e-02	-1.450596e+00	-9.772423e-01
7.230000e-02	-1.447943e+00	-9.763412e-01
7.240000e-02	-1.445300e+00	-9.754178e-01
7.250000e-02	-1.442668e+00	-9.744747e-01
7.260000e-02	-1.440047e+00	-9.735146e-01
7.270000e-02	-1.437437e+00	-9.725401e-01
7.280000e-02	-1.434838e+00	-9.715539e-01
7.290000e-02	-1.432249e+00	-9.705588e-01
7.300000e-02	-1.429671e+00	-9.695574e-01
7.310000e-02	-1.427104e+00	-9.685524e-01
7.320000e-02	-1.424547e+00	-9.675464e-01
7.330000e-02	-1.422001e+00	-9.665421e-01
7.340000e-02	-1.419465e+00	-9.655422e-01
7.350000e-02	-1.416939e+00	-9.645491e-01
7.360000e-02	-1.414423e+00	-9.635655e-01
7.370000e-02	-1.411916e+00	-9.625938e-01
7.380000e-02	-1.409419e+00	-9.616366e-01
7.390000e-02	-1.406931e+00	-9.606962e-01
7.400000e-02	-1.404452e+00	-9.597750e-01
7.410000e-02	-1.401981e+00	-9.588753e-01
7.420000e-02	-1.399519e+00	-9.579994e-01
7.430000e-02	-1.397065e+00	-9.571493e-01
7.440000e-02	-1.394619e+00	-9.563273e-01
7.450000e-02	-1.392180e+00	-9.555353e-01
7.460000e-02	-1.389749e+00	-9.547752e-01
7.470000e-02	-1.387325e+00	-9.540490e-01
7.480000e-02	-1.384907e+00	-9.533585e-01
7.490000e-02	-1.382497e+00	-9.527052e-01
7.500000e-02	-1.380092e+00	-9.520910e-01
7.510000e-02	-1.377693e+00	-9.515172e-01
7.520000e-02	-1.375300e+00	-9.509853e-01
7.530000e-02	-1.372912e+00	-9.504966e-01
7.540000e-02	-1.370529e+00	-9.500525e-01
7.550000e-02	-1.368151e+00	-9.496541e-01
7.560000e-02	-1.365776e+00	-9.493025e-01
7.570000e-02	-1.363405e+00	-9.489986e-01
7.580000e-02	-1.361038e+00	-9.487434e-01
7.590000e-02	-1.358672e+00	-9.485377e-01
7.600000e-02	-1.356309e+00	-9.483822e-01
7.610000e-02	-1.353948e+00	-9.482776e-01
7.620000e-02	-1.351587e+00	-9.482244e-01
7.630000e-02	-1.349226e+00	-9.482231e-01
7.640000e-02	-1.346865e+00	-9.482741e-01
7.650000e-02	-1.344502e+00	-9.483777e-01
7.660000e-02	-1.342137e+00	-9.485341e-01
7.670000e-02	-1.339769e+00	-9.487435e-01
7.680000e-02	-1.337398e+00	-9.490060e-01
7.690000e-02	-1.335021e+00	-9.493215e-01
7.700000e-02	-1.332639e+00	-9.496901e-01
7.710000e-02	-1.330250e+00	-9.501114e-01
7.720000e-02	-1.327853e+00	-9.505855e-01
7.730000e-02	-1.325447e+00	-9.511118e-01
7.740000e-02	-1.323032e+00	-9.516901e-01
7.750000e-02	-1.320605e+00	-9.523200e-01
7.760000e-02	-1.318166e+00	-9.530010e-01
7.770000e-02	-1.315714e+00	-9.537324e-01
7.780000e-02	-1.313247e+00	-9.545138e-01
7.790000e-02	-1.310765e+00	-9.553444e-01
7.800000e-02	-1.308265e+00	-9.562235e-01
7.810000e-02	-1.305748e+00	-9.571503e-01
7.820000e-02	-1.303212e+00	-9.581239e-01
7.830000e-02	-1.300655e+00	-9.591434e-01
7.840000e-02	-1.298077e+00	-9.602078e-01
7.850000e-02	-1.295477e+00	-9.613162e-01
7.860000e-02	-1.292852e+00	-9.624673e-01
7.870000e-02	-1.290203e+00	-9.636601e-01
7.880000e-02	-1.287529e+00	-9.648934e-01
7.890000e-02	-1.284827e+00	-9.661660e-01
7.900000e-02	-1.282097e+00	-9.674766e-01
7.910000e-02	-1.279339e+00	-9.688238e-01
7.920000e-02	-1.276551e+00	-9.702064e-01
7.930000e-02	-1.273733e+00	-9.716230e-01
7.940000e-02	-1.270882e+00	-9.730720e-01
7.950000e-02	-1.268000e+00	-9.745521e-01
7.960000e-02	-1.265084e+00	-9.760618e-01
7.970000e-02	-1.262133e+00	-9.775995e-01
7.980000e-02	-1.259148e+00	-9.791638e-01
7.990000e-02	-1.256128e+00	-9.807531e-01
8.000000e-02	-1.253071e+00	-9.823658e-01
8.010000e-02	-1.249977e+00	-9.840004e-01
8.020000e-02	-1.246845e+00	-9.856554e-01
8.030000e-02	-1.243674e+00	-9.873291e-01
8.040000e-02	-1.240465e+00	-9.890199e-01
8.050000e-02	-1.237215e+00	-9.907264e-01
8.060000e-02	-1.233925e+00	-9.924470e-01
8.070000e-02	-1.230593e+00	-9.941800e-01
8.080000e-02	-1.227220e+00	-9.959241e-01
8.090000e-02	-1.223804e+00	-9.976776e-01
8.100000e-02	-1.220345e+00	-9.994392e-01
8.110000e-02	-1.216841e+00	-1.001207e+00
8.120000e-02	-1.213294e+00	-1.002981e+00
8.130000e-02	-1.209700e+00	-1.004758e+00
8.140000e-02	-1.206061e+00	-1.006537e+00
8.150000e-02	-1.202375e+00	-1.008317e+00
8.160000e-02	-1.198642e+00	-1.010098e+00
8.170000e-02	-1.194860e+00	-1.011877e+00
8.180000e-02	-1.191030e+00	-1.013653e+00
8.190000e-02	-1.187150e+00	-1.015425e+00
8.200000e-02	-1.183221e+00	-1.017193e+00
8.210000e-02	-1.179240e+00	-1.018954e+00
8.220000e-02	-1.175207e+00	-1.020709e+00
8.230000e-02	-1.171123e+00	-1.022455e+00
8.240000e-02	-1.166985e+00	-1.024193e+00
8.250000e-02	-1.162794e+00	-1.025921e+00
8.260000e-02	-1.158549e+00	-1.027638e+00
8.270000e-02	-1.154249e+00	-1.029344e+00
8.280000e-02	-1.149894e+00	-1.031038e+00
8.290000e-02	-1.145483e+00	-1.032719e+00
8.300000e-02	-1.141016e+00	-1.034387e+00
8.310000e-02	-1.136491e+00	-1.036040e+00
8.320000e-02	-1.131910e+00	-1.037679e+00
8.330000e-02	-1.127270e+00	-1.039303e+00
8.340000e-02	-1.122573e+00	-1.040911e+00
8.350000e-02	-1.117817e+00	-1.042504e+00
8.360000e-02	-1.113003e+00	-1.044080e+00
8.370000e-02	-1.108130e+00	-1.045640e+00
8.380000e-02	-1.103199e+00	-1.047184e+00
8.390000e-02	-1.098209e+00	-1.048712e+00
8.400000e-02	-1.093160e+00	-1.050223e+00
8.410000e-02	-1.088054e+00	-1.051719e+00
8.420000e-02	-1.082889e+00	-1.053200e+00
8.430000e-02	-1.077666e+00	-1.054665e+00
8.440000e-02	-1.072386e+00	-1.056116e+00
8.450000e-02	-1.067049e+00	-1.057554e+00
8.460000e-02	-1.061655e+00	-1.058978e+00
8.470000e-02	-1.056206e+00	-1.060390e+00
8.480000e-02	-1.050702e+00	-1.061790e+00
8.490000e-02	-1.045143e+00	-1.063180e+00
8.500000e-02	-1.039530e+00	-1.064559e+00
8.510000e-02	-1.033863e+00	-1.065930e+00
8.520000e-02	-1.028145e+00	-1.067293e+00
8.530000e-02	-1.022374e+00	-1.068648e+00
8.540000e-02	-1.016552e+00	-1.069996e+00
8.550000e-02	-1.010680e+00	-1.071339e+00
8.560000e-02	-1.004757e+00	-1.072676e+00
8.570000e-02	-9.987847e-01	-1.074008e+00
8.580000e-02	-9.927635e-01	-1.075335e+00
8.590000e-02	-9.866936e-01	-1.076658e+00
8.600000e-02	-9.805755e-01	-1.077978e+00
8.610000e-02	-9.744094e-01	-1.079293e+00
8.620000e-02	-9.681956e-01	-1.080604e+00
8.630000e-02	-9.619342e-01	-1.081911e+00
8.640000e-02	-9.556252e-01	-1.083213e+00
8.650000e-02	-9.492688e-01	-1.084510e+00
8.660000e-02	-9.428647e-01	-1.085802e+00
8.670000e-02	-9.364129e-01	-1.087087e+00
8.680000e-02	-9.299132e-01	-1.088364e+00
8.690000e-02	-9.233653e-01	-1.089633e+00
8.700000e-02	-9.167692e-01	-1.090893e+00
8.710000e-02	-9.101254e-01	-1.092145e+00
8.720000e-02	-9.034345e-01	-1.093389e+00
8.730000e-02	-8.966973e-01	-1.094626e+00
8.740000e-02	-8.899143e-01	-1.095858e+00
8.750000e-02	-8.830864e-01	-1.097085e+00
8.760000e-02	-8.762143e-01	-1.098308e+00
8.770000e-02	-8.692988e-01	-1.099527e+00
8.780000e-02	-8.623407e-01	-1.100745e+00
8.790000e-02	-8.553408e-01	-1.101962e+00
8.800000e-02	-8.483002e-01	-1.103178e+00
8.810000e-02	-8.412198e-01	-1.104396e+00
8.820000e-02	-8.341006e-01	-1.105615e+00
8.830000e-02	-8.269436e-01	-1.106838e+00
8.840000e-02	-8.197501e-01	-1.108065e+00
8.850000e-02	-8.125210e-01	-1.109297e+00
8.860000e-02	-8.052578e-01	-1.110535e+00
8.870000e-02	-7.979616e-01	-1.111781e+00
8.880000e-02	-7.906337e-01	-1.113036e+00
8.890000e-02	-7.832756e-01	-1.114300e+00
8.900000e-02	-7.758886e-01	-1.115575e+00
8.910000e-02	-7.684742e-01	-1.116862e+00
8.920000e-02	-7.610339e-01	-1.118163e+00
8.930000e-02	-7.535691e-01	-1.119477e+00
8.940000e-02	-7.460816e-01	-1.120807e+00
8.950000e-02	-7.385730e-01	-1.122154e+00
8.960000e-02	-7.310448e-01	-1.123519e+00
8.970000e-02	-7.234987e-01	-1.124902e+00
8.980000e-02	-7.159365e-01	-1.126305e+00
8.990000e-02	-7.083599e-01	-1.127730e+00
9.000000e-02	-7.007707e-01	-1.129177e+00
9.010000e-02	-6.931707e-01	-1.130648e+00
9.020000e-02	-6.855616e-01	-1.132144e+00
9.030000e-02	-6.779453e-01	-1.133665e+00
9.040000e-02	-6.703236e-01	-1.135214e+00
9.050000e-02	-6.626982e-01	-1.136791e+00
9.060000e-02	-6.550712e-01	-1.138397e+00
9.070000e-02	-6.474443e-01	-1.140034e+00
9.080000e-02	-6.398194e-01	-1.141703e+00
9.090000e-02	-6.321985e-01	-1.143405e+00
9.100000e-02	-6.245838e-01	-1.145141e+00
9.110000e-02	-6.169773e-01	-1.146913e+00
9.120000e-02	-6.093811e-01	-1.148723e+00
9.130000e-02	-6.017974e-01	-1.150570e+00
9.140000e-02	-5.942282e-01	-1.152458e+00
9.150000e-02	-5.866756e-01	-1.154386e+00
9.160000e-02	-5.791418e-01	-1.156357e+00
9.170000e-02	-5.716285e-01	-1.158370e+00
9.180000e-02	-5.641380e-01	-1.160429e+00
9.190000e-02	-5.566723e-01	-1.162533e+00
9.200000e-02	-5.492333e-01	-1.164683e+00
9.210000e-02	-5.418230e-01	-1.166881e+00
9.220000e-02	-5.344436e-01	-1.169127e+00
9.230000e-02	-5.270969e-01	-1.171423e+00
9.240000e-02	-5.197847e-01	-1.173769e+00
9.250000e-02	-5.125090e-01	-1.176166e+00
9.260000e-02	-5.052718e-01	-1.178614e+00
9.270000e-02	-4.980749e-01	-1.181115e+00
9.280000e-02	-4.909204e-01	-1.183668e+00
9.290000e-02	-4.838101e-01	-1.186274e+00
9.300000e-02	-4.767460e-01	-1.188933e+00
9.310000e-02	-4.697300e-01	-1.191647e+00
9.320000e-02	-4.627642e-01	-1.194414e+00
9.330000e-02	-4.558504e-01	-1.197236e+00
9.340000e-02	-4.489907e-01	-1.200113e+00
9.350000e-02	-4.421871e-01	-1.203044e+00
9.360000e-02	-4.354417e-01	-1.206029e+00
9.370000e-02	-4.287564e-01	-1.209069e+00
9.380000e-02	-4.221333e-01	-1.212163e+00
9.390000e-02	-4.155746e-01	-1.215311e+00
9.400000e-02	-4.090824e-01	-1.218513e+00
9.410000e-02	-4.026588e-01	-1.221769e+00
9.420000e-02	-3.963059e-01	-1.225079e+00
9.430000e-02	-3.900260e-01	-1.228441e+00
9.440000e-02	-3.838212e-01	-1.231855e+00
9.450000e-02	-3.776938e-01	-1.235322e+00
9.460000e-02	-3.716458e-01	-1.238840e+00
9.470000e-02	-3.656796e-01	-1.242410e+00
9.480000e-02	-3.597973e-01	-1.246029e+00
9.490000e-02	-3.540011e-01	-1.249698e+00
9.500000e-02	-3.482933e-01	-1.253416e+00
9.510000e-02	-3.426759e-01	-1.257182e+00
9.520000e-02	-3.371509e-01	-1.260995e+00
9.530000e-02	-3.317208e-01	-1.264855e+00
9.540000e-02	-3.263875e-01	-1.268760e+00
9.550000e-02	-3.211532e-01	-1.272710e+00
9.560000e-02	-3.160197e-01	-1.276703e+00
9.570000e-02	-3.109891e-01	-1.280739e+00
9.580000e-02	-3.060632e-01	-1.284816e+00
9.590000e-02	-3.012435e-01	-1.288934e+00
9.600000e-02	-2.965316e-01	-1.293092e+00
9.610000e-02	-2.919288e-01	-1.297289e+00
9.620000e-02	-2.874363e-01	-1.301526e+00
9.630000e-02	-2.830550e-01	-1.305801e+00
9.640000e-02	-2.787857e-01	-1.310115e+00
9.650000e-02	-2.746290e-01	-1.314468e+00
9.660000e-02	-2.705851e-01	-1.318861e+00
9.670000e-02	-2.666542e-01	-1.323293e+00
9.680000e-02	-2.628361e-01	-1.327766e+00
9.690000e-02	-2.591305e-01	-1.332281e+00
9.700000e-02	-2.555368e-01	-1.336838e+00
9.710000e-02	-2.520545e-01	-1.341439e+00
9.720000e-02	-2.486825e-01	-1.346086e+00
9.730000e-02	-2.454197e-01	-1.350778e+00
9.740000e-02	-2.422650e-01	-1.355519e+00
9.750000e-02	-2.392171e-01	-1.360308e+00
9.760000e-02	-2.362744e-01	-1.365149e+00
9.770000e-02	-2.334355e-01	-1.370041e+00
9.780000e-02	-2.306987e-01	-1.374986e+00
9.790000e-02	-2.280623e-01	-1.379985e+00
9.800000e-02	-2.255248e-01	-1.385039e+00
9.810000e-02	-2.230843e-01	-1.390148e+00
9.820000e-02	-2.207394e-01	-1.395313e+00
9.830000e-02	-2.184883e-01	-1.400534e+00
9.840000e-02	-2.163294e-01	-1.405810e+00
9.850000e-02	-2.142614e-01	-1.411141e+00
9.860000e-02	-2.122826e-01	-1.416526e+00
9.870000e-02	-2.103919e-01	-1.421963e+00
9.880000e-02	-2.085879e-01	-1.427451e+00
9.890000e-02	-2.068696e-01	-1.432987e+00
9.900000e-02	-2.052358e-01	-1.438570e+00
9.910000e-02	-2.036857e-01	-1.444197e+00
9.920000e-02	-2.022185e-01	-1.449863e+00
9.930000e-02	-2.008334e-01	-1.455567e+00
9.940000e-02	-1.995297e-01	-1.461304e+00
9.950000e-02	-1.983069e-01	-1.467070e+00
9.960000e-02	-1.971645e-01	-1.472860e+00
9.970000e-02	-1.961020e-01	-1.478671e+00
9.980000e-02	-1.951191e-01	-1.484498e+00
9.990000e-02	-1.942152e-01	-1.490335e+00
1.000000e-01	-1.933901e-01	-1.496179e+00
1.001000e-01	-1.926433e-01	-1.502024e+00
1.002000e-01	-1.919743e-01	-1.507866e+00
1.003000e-01	-1.913827e-01	-1.513699e+00
1.004000e-01	-1.908678e-01	-1.519518e+00
1.005000e-01	-1.904291e-01	-1.525320e+00
1.006000e-01	-1.900658e-01	-1.531100e+00
1.007000e-01	-1.897770e-01	-1.536853e+00
1.008000e-01	-1.895617e-01	-1.542574e+00
1.009000e-01	-1.894188e-01	-1.548262e+00
1.010000e-01	-1.893470e-01	-1.553910e+00
1.011000e-01	-1.893450e-01	-1.559517e+00
1.012000e-01	-1.894110e-01	-1.565079e+00
1.013000e-01	-1.895435e-01	-1.570593e+00
1.014000e-01	-1.897406e-01	-1.576056e+00
1.015000e-01	-1.900003e-01	-1.581466e+00
1.016000e-01	-1.903205e-01	-1.586821e+00
1.017000e-01	-1.906991e-01	-1.592119e+00
1.018000e-01	-1.911336e-01	-1.597359e+00
1.019000e-01	-1.916217e-01	-1.602538e+00
1.020000e-01	-1.921608e-01	-1.607655e+00
1.021000e-01	-1.927484e-01	-1.612709e+00
1.022000e-01	-1.933819e-01	-1.617699e+00
1.023000e-01	-1.940587e-01	-1.622624e+00
1.024000e-01	-1.947761e-01	-1.627483e+00
1.025000e-01	-1.955315e-01	-1.632274e+00
1.026000e-01	-1.963225e-01	-1.636997e+00
1.027000e-01	-1.971464e-01	-1.641650e+00
1.028000e-01	-1.980008e-01	-1.646232e+00
1.029000e-01	-1.988834e-01	-1.650743e+00
1.030000e-01	-1.997921e-01	-1.655180e+00
1.031000e-01	-2.007247e-01	-1.659542e+00
1.032000e-01	-2.016792e-01	-1.663827e+00
1.033000e-01	-2.026538e-01	-1.668034e+00
1.034000e-01	-2.036470e-01	-1.672160e+00
1.035000e-01	-2.046572e-01	-1.676203e+00
1.036000e-01	-2.056831e-01	-1.680161e+00
1.037000e-01	-2.067235e-01	-1.684032e+00
1.038000e-01	-2.077776e-01	-1.687812e+00
1.039000e-01	-2.088444e-01	-1.691499e+00
1.040000e-01	-2.099233e-01	-1.695090e+00
1.041000e-01	-2.110139e-01	-1.698582e+00
1.042000e-01	-2.121157e-01	-1.701971e+00
1.043000e-01	-2.132285e-01	-1.705256e+00
1.044000e-01	-2.143522e-01	-1.708433e+00
1.045000e-01	-2.154868e-01	-1.711498e+00
1.046000e-01	-2.166324e-01	-1.714449e+00
1.047000e-01	-2.177890e-01	-1.717283e+00
1.048000e-01	-2.189570e-01	-1.719998e+00
1.049000e-01	-2.201364e-01	-1.722590e+00
1.050000e-01	-2.213277e-01	-1.725058e+00
1.051000e-01	-2.225310e-01	-1.727399e+00
1.052000e-01	-2.237466e-01	-1.729611e+00
1.053000e-01	-2.249747e-01	-1.731693e+00
1.054000e-01	-2.262156e-01	-1.733643e+00
1.055000e-01	-2.274693e-01	-1.735461e+00
1.056000e-01	-2.287360e-01	-1.737146e+00
1.057000e-01	-2.300157e-01	-1.738698e+00
1.058000e-01	-2.313083e-01	-1.740115e+00
1.059000e-01	-2.326137e-01	-1.741400e+00
1.060000e-01	-2.339317e-01	-1.742551e+00
1.061000e-01	-2.352620e-01	-1.743571e+00
1.062000e-01	-2.366043e-01	-1.744460e+00
1.063000e-01	-2.379582e-01	-1.745221e+00
1.064000e-01	-2.393233e-01	-1.745854e+00
1.065000e-01	-2.406990e-01	-1.746361e+00
1.066000e-01	-2.420849e-01	-1.746746e+00
1.067000e-01	-2.434805e-01	-1.747010e+00
1.068000e-01	-2.448851e-01	-1.747155e+00
1.069000e-01	-2.462982e-01	-1.747185e+00
1.070000e-01	-2.477194e-01	-1.747101e+00
1.071000e-01	-2.491482e-01	-1.746908e+00
1.072000e-01	-2.505841e-01	-1.746607e+00
1.073000e-01	-2.520268e-01	-1.746200e+00
1.074000e-01	-2.534760e-01	-1.745692e+00
1.075000e-01	-2.549315e-01	-1.745083e+00
1.076000e-01	-2.563933e-01	-1.744376e+00
1.077000e-01	-2.578614e-01	-1.743575e+00
1.078000e-01	-2.593360e-01	-1.742680e+00
1.079000e-01	-2.608173e-01	-1.741693e+00
1.080000e-01	-2.623057e-01	-1.740618e+00
1.081000e-01	-2.638019e-01	-1.739454e+00
1.082000e-01	-2.653065e-01	-1.738203e+00
1.083000e-01	-2.668203e-01	-1.736867e+00
1.084000e-01	-2.683445e-01	-1.735447e+00
1.085000e-01	-2.698800e-01	-1.733942e+00
1.086000e-01	-2.714281e-01	-1.732356e+00
1.087000e-01	-2.729902e-01	-1.730686e+00
1.088000e-01	-2.745678e-01	-1.728936e+00
1.089000e-01	-2.761624e-01	-1.727103e+00
1.090000e-01	-2.777758e-01	-1.725190e+00
1.091000e-01	-2.794096e-01	-1.723195e+00
1.092000e-01	-2.810657e-01	-1.721121e+00
1.093000e-01	-2.827459e-01	-1.718966e+00
1.094000e-01	-2.844522e-01	-1.716731e+00
1.095000e-01	-2.861864e-01	-1.714416e+00
1.096000e-01	-2.879504e-01	-1.712023e+00
1.097000e-01	-2.897461e-01	-1.709551e+00
1.098000e-01	-2.915754e-01	-1.707002e+00
1.099000e-01	-2.934401e-01	-1.704377e+00
1.100000e-01	-2.953421e-01	-1.701676e+00
1.101000e-01	-2.972829e-01	-1.698902e+00
1.102000e-01	-2.992644e-01	-1.696055e+00
1.103000e-01	-3.012881e-01	-1.693138e+00
1.104000e-01	-3.033555e-01	-1.690153e+00
1.105000e-01	-3.054679e-01	-1.687101e+00
1.106000e-01	-3.076269e-01	-1.683987e+00
1.107000e-01	-3.098335e-01	-1.680811e+00
1.108000e-01	-3.120890e-01	-1.677579e+00
1.109000e-01	-3.143945e-01	-1.674291e+00
1.110000e-01	-3.167511e-01	-1.670952e+00
1.111000e-01	-3.191595e-01	-1.667566e+00
1.112000e-01	-3.216208e-01	-1.664135e+00
1.113000e-01	-3.241358e-01	-1.660664e+00
1.114000e-01	-3.267053e-01	-1.657156e+00
1.115000e-01	-3.293300e-01	-1.653616e+00
1.116000e-01	-3.320108e-01	-1.650046e+00
1.117000e-01	-3.347483e-01	-1.646451e+00
1.118000e-01	-3.375425e-01	-1.642835e+00
1.119000e-01	-3.403923e-01	-1.639207e+00
1.120000e-01	-3.432966e-01	-1.635573e+00
1.121000e-01	-3.462544e-01	-1.631941e+00
1.122000e-01	-3.492644e-01	-1.628318e+00
1.123000e-01	-3.523255e-01	-1.624710e+00
1.124000e-01	-3.554366e-01	-1.621125e+00
1.125000e-01	-3.585966e-01	-1.617570e+00
1.126000e-01	-3.618044e-01	-1.614050e+00
1.127000e-01	-3.650588e-01	-1.610573e+00
1.128000e-01	-3.683587e-01	-1.607146e+00
1.129000e-01	-3.717029e-01	-1.603773e+00
1.130000e-01	-3.750903e-01	-1.600463e+00
1.131000e-01	-3.785198e-01	-1.597220e+00
1.132000e-01	-3.819902e-01	-1.594051e+00
1.133000e-01	-3.855002e-01	-1.590962e+00
1.134000e-01	-3.890489e-01	-1.587958e+00
1.135000e-01	-3.926349e-01	-1.585045e+00
1.136000e-01	-3.962570e-01	-1.582229e+00
1.137000e-01	-3.999142e-01	-1.579514e+00
1.138000e-01	-4.036052e-01	-1.576907e+00
1.139000e-01	-4.073288e-01	-1.574412e+00
1.140000e-01	-4.110838e-01	-1.572035e+00
1.141000e-01	-4.148689e-01	-1.569779e+00
1.142000e-01	-4.186829e-01	-1.567651e+00
1.143000e-01	-4.225247e-01	-1.565654e+00
1.144000e-01	-4.263929e-01	-1.563793e+00
1.145000e-01	-4.302863e-01	-1.562072e+00
1.146000e-01	-4.342038e-01	-1.560495e+00
1.147000e-01	-4.381440e-01	-1.559067e+00
1.148000e-01	-4.421058e-01	-1.557790e+00
1.149000e-01	-4.460880e-01	-1.556670e+00
1.150000e-01	-4.500894e-01	-1.555709e+00
1.151000e-01	-4.541087e-01	-1.554910e+00
1.152000e-01	-4.581448e-01	-1.554277e+00
1.153000e-01	-4.621966e-01	-1.553812e+00
1.154000e-01	-4.662628e-01	-1.553518e+00
1.155000e-01	-4.703425e-01	-1.553398e+00
1.156000e-01	-4.744346e-01	-1.553453e+00
1.157000e-01	-4.785379e-01	-1.553686e+00
1.158000e-01	-4.826514e-01	-1.554098e+00
1.159000e-01	-4.867742e-01	-1.554690e+00
1.160000e-01	-4.909053e-01	-1.555464e+00
1.161000e-01	-4.950439e-01	-1.556421e+00
1.162000e-01	-4.991889e-01	-1.557561e+00
1.163000e-01	-5.033395e-01	-1.558884e+00
1.164000e-01	-5.074950e-01	-1.560391e+00
1.165000e-01	-5.116545e-01	-1.562081e+00
1.166000e-01	-5.158173e-01	-1.563953e+00
1.167000e-01	-5.199827e-01	-1.566008e+00
1.168000e-01	-5.241500e-01	-1.568243e+00
1.169000e-01	-5.283186e-01	-1.570657e+00
1.170000e-01	-5.324879e-01	-1.573249e+00
1.171000e-01	-5.366573e-01	-1.576016e+00
1.172000e-01	-5.408263e-01	-1.578957e+00
1.173000e-01	-5.449943e-01	-1.582069e+00
1.174000e-01	-5.491609e-01	-1.585350e+00
1.175000e-01	-5.533256e-01	-1.588795e+00
1.176000e-01	-5.574879e-01	-1.592403e+00
1.177000e-01	-5.616473e-01	-1.596170e+00
1.178000e-01	-5.658036e-01	-1.600093e+00
1.179000e-01	-5.699562e-01	-1.604167e+00
1.180000e-01	-5.741049e-01	-1.608389e+00
1.181000e-01	-5.782491e-01	-1.612755e+00
1.182000e-01	-5.823885e-01	-1.617261e+00
1.183000e-01	-5.865228e-01	-1.621902e+00
1.184000e-01	-5.906517e-01	-1.626675e+00
1.185000e-01	-5.947746e-01	-1.631574e+00
1.186000e-01	-5.988914e-01	-1.636596e+00
1.187000e-01	-6.030016e-01	-1.641735e+00
1.188000e-01	-6.071049e-01	-1.646987e+00
1.189000e-01	-6.112010e-01	-1.652347e+00
1.190000e-01	-6.152895e-01	-1.657811e+00
1.191000e-01	-6.193700e-01	-1.663374e+00
1.192000e-01	-6.234424e-01	-1.669030e+00
1.193000e-01	-6.275061e-01	-1.674777e+00
1.194000e-01	-6.315610e-01	-1.680607e+00
1.195000e-01	-6.356067e-01	-1.686518e+00
1.196000e-01	-6.396429e-01	-1.692504e+00
1.197000e-01	-6.436693e-01	-1.698560e+00
1.198000e-01	-6.476857e-01	-1.704683e+00
1.199000e-01	-6.516918e-01	-1.710866e+00
1.200000e-01	-6.556873e-01	-1.717105e+00
1.201000e-01	-6.596720e-01	-1.723397e+00
1.202000e-01	-6.636457e-01	-1.729736e+00
1.203000e-01	-6.676083e-01	-1.736117e+00
1.204000e-01	-6.715595e-01	-1.742536e+00
1.205000e-01	-6.754993e-01	-1.748989e+00
1.206000e-01	-6.794275e-01	-1.755471e+00
1.207000e-01	-6.833439e-01	-1.761977e+00
1.208000e-01	-6.872486e-01	-1.768503e+00
1.209000e-01	-6.911414e-01	-1.775044e+00
1.210000e-01	-6.950224e-01	-1.781596e+00
1.211000e-01	-6.988915e-01	-1.788154e+00
1.212000e-01	-7.027487e-01	-1.794715e+00
1.213000e-01	-7.065940e-01	-1.801272e+00
1.214000e-01	-7.104276e-01	-1.807823e+00
1.215000e-01	-7.142494e-01	-1.814362e+00
1.216000e-01	-7.180595e-01	-1.820885e+00
1.217000e-01	-7.218580e-01	-1.827387e+00
1.218000e-01	-7.256450e-01	-1.833865e+00
1.219000e-01	-7.294206e-01	-1.840314e+00
1.220000e-01	-7.331847e-01	-1.846729e+00
1.221000e-01	-7.369376e-01	-1.853106e+00
1.222000e-01	-7.406794e-01	-1.859441e+00
1.223000e-01	-7.444099e-01	-1.865730e+00
1.224000e-01	-7.481295e-01	-1.871968e+00
1.225000e-01	-7.518380e-01	-1.878152e+00
1.226000e-01	-7.555356e-01	-1.884278e+00
1.227000e-01	-7.592222e-01	-1.890340e+00
1.228000e-01	-7.628979e-01	-1.896337e+00
1.229000e-01	-7.665626e-01	-1.902263e+00
1.230000e-01	-7.702164e-01	-1.908116e+00
1.231000e-01	-7.738591e-01	-1.913892e+00
1.232000e-01	-7.774907e-01	-1.919587e+00
1.233000e-01	-7.811111e-01	-1.925198e+00
1.234000e-01	-7.847202e-01	-1.930722e+00
1.235000e-01	-7.883179e-01	-1.936156e+00
1.236000e-01	-7.919039e-01	-1.941498e+00
1.237000e-01	-7.954782e-01	-1.946744e+00
1.238000e-01	-7.990405e-01	-1.951892e+00
1.239000e-01	-8.025908e-01	-1.956940e+00
1.240000e-01	-8.061287e-01	-1.961886e+00
1.241000e-01	-8.096541e-01	-1.966727e+00
1.242000e-01	-8.131668e-01	-1.971461e+00
1.243000e-01	-8.166665e-01	-1.976087e+00
1.244000e-01	-8.201532e-01	-1.980604e+00
1.245000e-01	-8.236265e-01	-1.985010e+00
1.246000e-01	-8.270863e-01	-1.989303e+00
1.247000e-01	-8.305325e-01	-1.993482e+00
1.248000e-01	-8.339649e-01	-1.997547e+00
1.249000e-01	-8.373833e-01	-2.001497e+00
1.250000e-01	-8.407877e-01	-2.005331e+00
1.251000e-01	-8.441779e-01	-2.009048e+00
1.252000e-01	-8.475539e-01	-2.012648e+00
1.253000e-01	-8.509157e-01	-2.016131e+00
1.254000e-01	-8.542632e-01	-2.019496e+00
1.255000e-01	-8.575965e-01	-2.022743e+00
1.256000e-01	-8.609157e-01	-2.025872e+00
1.257000e-01	-8.642207e-01	-2.028884e+00
1.258000e-01	-8.675118e-01	-2.031778e+00
1.259000e-01	-8.707890e-01	-2.034555e+00
1.260000e-01	-8.740526e-01	-2.037215e+00
1.261000e-01	-8.773027e-01	-2.039758e+00
1.262000e-01	-8.805395e-01	-2.042185e+00
1.263000e-01	-8.837632e-01	-2.044496e+00
1.264000e-01	-8.869742e-01	-2.046692e+00
1.265000e-01	-8.901726e-01	-2.048774e+00
1.266000e-01	-8.933588e-01	-2.050742e+00
1.267000e-01	-8.965330e-01	-2.052597e+00
1.268000e-01	-8.996955e-01	-2.054340e+00
1.269000e-01	-9.028466e-01	-2.055972e+00
1.270000e-01	-9.059867e-01	-2.057494e+00
1.271000e-01	-9.091159e-01	-2.058907e+00
1.272000e-01	-9.122346e-01	-2.060212e+00
1.273000e-01	-9.153430e-01	-2.061411e+00
1.274000e-01	-9.184414e-01	-2.062505e+00
1.275000e-01	-9.215301e-01	-2.063496e+00
1.276000e-01	-9.246092e-01	-2.064384e+00
1.277000e-01	-9.276789e-01	-2.065172e+00
1.278000e-01	-9.307395e-01	-2.065861e+00
1.279000e-01	-9.337912e-01	-2.066454e+00
1.280000e-01	-9.368340e-01	-2.066952e+00
1.281000e-01	-9.398680e-01	-2.067358e+00
1.282000e-01	-9.428935e-01	-2.067673e+00
1.283000e-01	-9.459104e-01	-2.067901e+00
1.284000e-01	-9.489189e-01	-2.068044e+00
1.285000e-01	-9.519190e-01	-2.068104e+00
1.286000e-01	-9.549107e-01	-2.068085e+00
1.287000e-01	-9.578941e-01	-2.067989e+00
1.288000e-01	-9.608691e-01	-2.067820e+00
1.289000e-01	-9.638358e-01	-2.067580e+00
1.290000e-01	-9.667942e-01	-2.067273e+00
1.291000e-01	-9.697443e-01	-2.066903e+00
1.292000e-01	-9.726861e-01	-2.066473e+00
1.293000e-01	-9.756196e-01	-2.065987e+00
1.294000e-01	-9.785447e-01	-2.065449e+00
1.295000e-01	-9.814616e-01	-2.064862e+00
1.296000e-01	-9.843703e-01	-2.064231e+00
1.297000e-01	-9.872708e-01	-2.063560e+00
1.298000e-01	-9.901632e-01	-2.062853e+00
1.299000e-01	-9.930475e-01	-2.062114e+00
1.300000e-01	-9.959238e-01	-2.061348e+00
1.301000e-01	-9.987923e-01	-2.060558e+00
1.302000e-01	-1.001653e+00	-2.059750e+00
1.303000e-01	-1.004506e+00	-2.058927e+00
1.304000e-01	-1.007352e+00	-2.058094e+00
1.305000e-01	-1.010191e+00	-2.057256e+00
1.306000e-01	-1.013023e+00	-2.056417e+00
1.307000e-01	-1.015847e+00	-2.055581e+00
1.308000e-01	-1.018666e+00	-2.054753e+00
1.309000e-01	-1.021478e+00	-2.053937e+00
1.310000e-01	-1.024283e+00	-2.053138e+00
1.311000e-01	-1.027083e+00	-2.052359e+00
1.312000e-01	-1.029877e+00	-2.051606e+00
1.313000e-01	-1.032666e+00	-2.050882e+00
1.314000e-01	-1.035449e+00	-2.050191e+00
1.315000e-01	-1.038227e+00	-2.049538e+00
1.316000e-01	-1.041001e+00	-2.048927e+00
1.317000e-01	-1.043769e+00	-2.048361e+00
1.318000e-01	-1.046533e+00	-2.047844e+00
1.319000e-01	-1.049292e+00	-2.047380e+00
1.320000e-01	-1.052047e+00	-2.046974e+00
1.321000e-01	-1.054797e+00	-2.046628e+00
1.322000e-01	-1.057542e+00	-2.046346e+00
1.323000e-01	-1.060282e+00	-2.046132e+00
1.324000e-01	-1.063018e+00	-2.045988e+00
1.325000e-01	-1.065749e+00	-2.045919e+00
1.326000e-01	-1.068474e+00	-2.045927e+00
1.327000e-01	-1.071194e+00	-2.046016e+00
1.328000e-01	-1.073907e+00	-2.046188e+00
1.329000e-01	-1.076615e+00	-2.046447e+00
1.330000e-01	-1.079316e+00	-2.046796e+00
1.331000e-01	-1.082009e+00	-2.047236e+00
1.332000e-01	-1.084695e+00	-2.047771e+00
1.333000e-01	-1.087372e+00	-2.048404e+00
1.334000e-01	-1.090040e+00	-2.049136e+00
1.335000e-01	-1.092699e+00	-2.049970e+00
1.336000e-01	-1.095348e+00	-2.050908e+00
1.337000e-01	-1.097985e+00	-2.051953e+00
1.338000e-01	-1.100611e+00	-2.053106e+00
1.339000e-01	-1.103224e+00	-2.054369e+00
1.340000e-01	-1.105824e+00	-2.055743e+00
1.341000e-01	-1.108410e+00	-2.057232e+00
1.342000e-01	-1.110982e+00	-2.058834e+00
1.343000e-01	-1.113537e+00	-2.060553e+00
1.344000e-01	-1.116076e+00	-2.062389e+00
1.345000e-01	-1.118598e+00	-2.064343e+00
1.346000e-01	-1.121101e+00	-2.066416e+00
1.347000e-01	-1.123586e+00	-2.068609e+00
1.348000e-01	-1.126051e+00	-2.070921e+00
1.349000e-01	-1.128495e+00	-2.073353e+00
1.350000e-01	-1.130919e+00	-2.075905e+00
1.351000e-01	-1.133320e+00	-2.078576e+00
1.352000e-01	-1.135698e+00	-2.081368e+00
1.353000e-01	-1.138053e+00	-2.084278e+00
1.354000e-01	-1.140384e+00	-2.087306e+00
1.355000e-01	-1.142689e+00	-2.090451e+00
1.356000e-01	-1.144969e+00	-2.093711e+00
1.357000e-01	-1.147223e+00	-2.097086e+00
1.358000e-01	-1.149449e+00	-2.100574e+00
1.359000e-01	-1.151648e+00	-2.104172e+00
1.360000e-01	-1.153818e+00	-2.107878e+00
1.361000e-01	-1.155959e+00	-2.111691e+00
1.362000e-01	-1.158070e+00	-2.115608e+00
1.363000e-01	-1.160150e+00	-2.119625e+00
1.364000e-01	-1.162199e+00	-2.123741e+00
1.365000e-01	-1.164216e+00	-2.127951e+00
1.366000e-01	-1.166199e+00	-2.132253e+00
1.367000e-01	-1.168149e+00	-2.136643e+00
1.368000e-01	-1.170065e+00	-2.141117e+00
1.369000e-01	-1.171945e+00	-2.145672e+00
1.370000e-01	-1.173788e+00	-2.150303e+00
1.371000e-01	-1.175595e+00	-2.155007e+00
1.372000e-01	-1.177363e+00	-2.159779e+00
1.373000e-01	-1.179093e+00	-2.164614e+00
1.374000e-01	-1.180782e+00	-2.169509e+00
1.375000e-01	-1.182430e+00	-2.174459e+00
1.376000e-01	-1.184036e+00	-2.179458e+00
1.377000e-01	-1.185598e+00	-2.184503e+00
1.378000e-01	-1.187117e+00	-2.189588e+00
1.379000e-01	-1.188590e+00	-2.194708e+00
1.380000e-01	-1.190016e+00	-2.199858e+00
1.381000e-01	-1.191395e+00	-2.205034e+00
1.382000e-01	-1.192724e+00	-2.210230e+00
1.383000e-01	-1.194004e+00	-2.215441e+00
1.384000e-01	-1.195232e+00	-2.220662e+00
1.385000e-01	-1.196408e+00	-2.225888e+00
1.386000e-01	-1.197531e+00	-2.231114e+00
1.387000e-01	-1.198599e+00	-2.236334e+00
1.388000e-01	-1.199611e+00	-2.241545e+00
1.389000e-01	-1.200567e+00	-2.246739e+00
1.390000e-01	-1.201464e+00	-2.251913e+00
1.391000e-01	-1.202302e+00	-2.257062e+00
1.392000e-01	-1.203081e+00	-2.262179e+00
1.393000e-01	-1.203799e+00	-2.267262e+00
1.394000e-01	-1.204455e+00	-2.272304e+00
1.395000e-01	-1.205048e+00	-2.277300e+00
1.396000e-01	-1.205577e+00	-2.282246e+00
1.397000e-01	-1.206043e+00	-2.287138e+00
1.398000e-01	-1.206443e+00	-2.291970e+00
1.399000e-01	-1.206778e+00	-2.296738e+00
1.400000e-01	-1.207046e+00	-2.301437e+00
1.401000e-01	-1.207248e+00	-2.306063e+00
1.402000e-01	-1.207382e+00	-2.310611e+00
1.403000e-01	-1.207449e+00	-2.315077e+00
1.404000e-01	-1.207447e+00	-2.319458e+00
1.405000e-01	-1.207378e+00	-2.323749e+00
1.406000e-01	-1.207239e+00	-2.327947e+00
1.407000e-01	-1.207032e+00	-2.332049e+00
1.408000e-01	-1.206757e+00	-2.336052e+00
1.409000e-01	-1.206414e+00	-2.339953e+00
1.410000e-01	-1.206004e+00	-2.343750e+00
1.411000e-01	-1.205527e+00	-2.347442e+00
1.412000e-01	-1.204984e+00	-2.351028e+00
1.413000e-01	-1.204377e+00	-2.354506e+00
1.414000e-01	-1.203706e+00	-2.357878e+00
1.415000e-01	-1.202973e+00	-2.361142e+00
1.416000e-01	-1.202179e+00	-2.364300e+00
1.417000e-01	-1.201326e+00	-2.367352e+00
1.418000e-01	-1.200415e+00	-2.370300e+00
1.419000e-01	-1.199449e+00	-2.373145e+00
1.420000e-01	-1.198430e+00	-2.375889e+00
1.421000e-01	-1.197358e+00	-2.378535e+00
1.422000e-01	-1.196236e+00	-2.381084e+00
1.423000e-01	-1.195067e+00	-2.383539e+00
1.424000e-01	-1.193851e+00	-2.385903e+00
1.425000e-01	-1.192591e+00	-2.388178e+00
1.426000e-01	-1.191288e+00	-2.390366e+00
1.427000e-01	-1.189944e+00	-2.392470e+00
1.428000e-01	-1.188561e+00	-2.394493e+00
1.429000e-01	-1.187140e+00	-2.396436e+00
1.430000e-01	-1.185682e+00	-2.398301e+00
1.431000e-01	-1.184187e+00	-2.400089e+00
1.432000e-01	-1.182658e+00	-2.401803e+00
1.433000e-01	-1.181094e+00	-2.403442e+00
1.434000e-01	-1.179497e+00	-2.405008e+00
1.435000e-01	-1.177865e+00	-2.406501e+00
1.436000e-01	-1.176199e+00	-2.407921e+00
1.437000e-01	-1.174500e+00	-2.409266e+00
1.438000e-01	-1.172766e+00	-2.410537e+00
1.439000e-01	-1.170996e+00	-2.411732e+00
1.440000e-01	-1.169191e+00	-2.412849e+00
1.441000e-01	-1.167348e+00	-2.413887e+00
1.442000e-01	-1.165468e+00	-2.414843e+00
1.443000e-01	-1.163548e+00	-2.415715e+00
1.444000e-01	-1.161587e+00	-2.416500e+00
1.445000e-01	-1.159584e+00	-2.417196e+00
1.446000e-01	-1.157537e+00	-2.417800e+00
1.447000e-01	-1.155445e+00	-2.418308e+00
1.448000e-01	-1.153305e+00	-2.418718e+00
1.449000e-01	-1.151117e+00	-2.419027e+00
1.450000e-01	-1.148878e+00	-2.419232e+00
1.451000e-01	-1.146587e+00	-2.419330e+00
1.452000e-01	-1.144242e+00	-2.419319e+00
1.453000e-01	-1.141843e+00	-2.419198e+00
1.454000e-01	-1.139387e+00	-2.418963e+00
1.455000e-01	-1.136874e+00	-2.418614e+00
1.456000e-01	-1.134302e+00	-2.418149e+00
1.457000e-01	-1.131670e+00	-2.417567e+00
1.458000e-01	-1.128978e+00	-2.416869e+00
1.459000e-01	-1.126225e+00	-2.416054e+00
1.460000e-01	-1.123410e+00	-2.415123e+00
1.461000e-01	-1.120533e+00	-2.414077e+00
1.462000e-01	-1.117594e+00	-2.412917e+00
1.463000e-01	-1.114592e+00	-2.411646e+00
1.464000e-01	-1.111528e+00	-2.410265e+00
1.465000e-01	-1.108402e+00	-2.408777e+00
1.466000e-01	-1.105213e+00	-2.407186e+00
1.467000e-01	-1.101963e+00	-2.405495e+00
1.468000e-01	-1.098651e+00	-2.403707e+00
1.469000e-01	-1.095278e+00	-2.401827e+00
1.470000e-01	-1.091845e+00	-2.399859e+00
1.471000e-01	-1.088351e+00	-2.397807e+00
1.472000e-01	-1.084797e+00	-2.395676e+00
1.473000e-01	-1.081183e+00	-2.393470e+00
1.474000e-01	-1.077510e+00	-2.391195e+00
1.475000e-01	-1.073777e+00	-2.388854e+00
1.476000e-01	-1.069985e+00	-2.386451e+00
1.477000e-01	-1.066133e+00	-2.383992e+00
1.478000e-01	-1.062221e+00	-2.381481e+00
1.479000e-01	-1.058248e+00	-2.378921e+00
1.480000e-01	-1.054214e+00	-2.376316e+00
1.481000e-01	-1.050119e+00	-2.373669e+00
1.482000e-01	-1.045960e+00	-2.370984e+00
1.483000e-01	-1.041738e+00	-2.368265e+00
1.484000e-01	-1.037453e+00	-2.365519e+00
1.485000e-01	-1.033106e+00	-2.362752e+00
1.486000e-01	-1.028696e+00	-2.359970e+00
1.487000e-01	-1.024224e+00	-2.357178e+00
1.488000e-01	-1.019692e+00	-2.354385e+00
1.489000e-01	-1.015098e+00	-2.351595e+00
1.490000e-01	-1.010445e+00	-2.348815e+00
1.491000e-01	-1.005732e+00	-2.346053e+00
1.492000e-01	-1.000960e+00	-2.343314e+00
1.493000e-01	-9.961306e-01	-2.340604e+00
1.494000e-01	-9.912438e-01	-2.337931e+00
1.495000e-01	-9.863007e-01	-2.335301e+00
1.496000e-01	-9.813022e-01	-2.332721e+00
1.497000e-01	-9.762495e-01	-2.330196e+00
1.498000e-01	-9.711435e-01	-2.327733e+00
1.499000e-01	-9.659853e-01	-2.325338e+00
1.500000e-01	-9.607763e-01	-2.323019e+00
1.501000e-01	-9.555175e-01	-2.320780e+00
1.502000e-01	-9.502103e-01	-2.318629e+00
1.503000e-01	-9.448561e-01	-2.316570e+00
1.504000e-01	-9.394562e-01	-2.314610e+00
1.505000e-01	-9.340120e-01	-2.312755e+00
1.506000e-01	-9.285249e-01	-2.311009e+00
1.507000e-01	-9.229964e-01	-2.309379e+00
1.508000e-01	-9.174281e-01	-2.307869e+00
1.509000e-01	-9.118213e-01	-2.306485e+00
1.510000e-01	-9.061776e-01	-2.305231e+00
1.511000e-01	-9.004985e-01	-2.304112e+00
1.512000e-01	-8.947854e-01	-2.303132e+00
1.513000e-01	-8.890399e-01	-2.302295e+00
1.514000e-01	-8.832634e-01	-2.301606e+00
1.515000e-01	-8.774574e-01	-2.301068e+00
1.516000e-01	-8.716232e-01	-2.300684e+00
1.517000e-01	-8.657623e-01	-2.300458e+00
1.518000e-01	-8.598759e-01	-2.300392e+00
1.519000e-01	-8.539655e-01	-2.300489e+00
1.520000e-01	-8.480323e-01	-2.300752e+00
1.521000e-01	-8.420776e-01	-2.301182e+00
1.522000e-01	-8.361025e-01	-2.301782e+00
1.523000e-01	-8.301084e-01	-2.302553e+00
1.524000e-01	-8.240962e-01	-2.303496e+00
1.525000e-01	-8.180672e-01	-2.304613e+00
1.526000e-01	-8.120224e-01	-2.305904e+00
1.527000e-01	-8.059629e-01	-2.307370e+00
1.528000e-01	-7.998897e-01	-2.309012e+00
1.529000e-01	-7.938039e-01	-2.310828e+00
1.530000e-01	-7.877065e-01	-2.312819e+00
1.531000e-01	-7.815985e-01	-2.314985e+00
1.532000e-01	-7.754807e-01	-2.317324e+00
1.533000e-01	-7.693543e-01	-2.319837e+00
1.534000e-01	-7.632202e-01	-2.322521e+00
1.535000e-01	-7.570794e-01	-2.325376e+00
1.536000e-01	-7.509329e-01	-2.328399e+00
1.537000e-01	-7.447817e-01	-2.331589e+00
1.538000e-01	-7.386270e-01	-2.334945e+00
1.539000e-01	-7.324697e-01	-2.338463e+00
1.540000e-01	-7.263110e-01	-2.342142e+00
1.541000e-01	-7.201519e-01	-2.345978e+00
1.542000e-01	-7.139937e-01	-2.349970e+00
1.543000e-01	-7.078376e-01	-2.354114e+00
1.544000e-01	-7.016847e-01	-2.358407e+00
1.545000e-01	-6.955363e-01	-2.362846e+00
1.546000e-01	-6.893936e-01	-2.367428e+00
1.547000e-01	-6.832581e-01	-2.372148e+00
1.548000e-01	-6.771310e-01	-2.377004e+00
1.549000e-01	-6.710137e-01	-2.381991e+00
1.550000e-01	-6.649076e-01	-2.387106e+00
1.551000e-01	-6.588140e-01	-2.392344e+00
1.552000e-01	-6.527344e-01	-2.397701e+00
1.553000e-01	-6.466703e-01	-2.403174e+00
1.554000e-01	-6.406230e-01	-2.408756e+00
1.555000e-01	-6.345940e-01	-2.414445e+00
1.556000e-01	-6.285846e-01	-2.420235e+00
1.557000e-01	-6.225964e-01	-2.426121e+00
1.558000e-01	-6.166306e-01	-2.432100e+00
1.559000e-01	-6.106886e-01	-2.438165e+00
1.560000e-01	-6.047719e-01	-2.444312e+00
1.561000e-01	-5.988816e-01	-2.450535e+00
1.562000e-01	-5.930191e-01	-2.456831e+00
1.563000e-01	-5.871856e-01	-2.463193e+00
1.564000e-01	-5.813822e-01	-2.469617e+00
1.565000e-01	-5.756101e-01	-2.476097e+00
1.566000e-01	-5.698703e-01	-2.482627e+00
1.567000e-01	-5.641639e-01	-2.489204e+00
1.568000e-01	-5.584919e-01	-2.495820e+00
1.569000e-01	-5.528551e-01	-2.502472e+00
1.570000e-01	-5.472544e-01	-2.509153e+00
1.571000e-01	-5.416906e-01	-2.515858e+00
1.572000e-01	-5.361644e-01	-2.522583e+00
1.573000e-01	-5.306767e-01	-2.529321e+00
1.574000e-01	-5.252279e-01	-2.536068e+00
1.575000e-01	-5.198187e-01	-2.542818e+00
1.576000e-01	-5.144496e-01	-2.549566e+00
1.577000e-01	-5.091212e-01	-2.556307e+00
1.578000e-01	-5.038339e-01	-2.563037e+00
1.579000e-01	-4.985882e-01	-2.569749e+00
1.580000e-01	-4.933845e-01	-2.576440e+00
1.581000e-01	-4.882232e-01	-2.583104e+00
1.582000e-01	-4.831048e-01	-2.589736e+00
1.583000e-01	-4.780295e-01	-2.596333e+00
1.584000e-01	-4.729978e-01	-2.602890e+00
1.585000e-01	-4.680100e-01	-2.609402e+00
1.586000e-01	-4.630666e-01	-2.615864e+00
1.587000e-01	-4.581679e-01	-2.622274e+00
1.588000e-01	-4.533142e-01	-2.628627e+00
1.589000e-01	-4.485062e-01	-2.634918e+00
1.590000e-01	-4.437441e-01	-2.641145e+00
1.591000e-01	-4.390284e-01	-2.647303e+00
1.592000e-01	-4.343596e-01	-2.653389e+00
1.593000e-01	-4.297383e-01	-2.659400e+00
1.594000e-01	-4.251649e-01	-2.665333e+00
1.595000e-01	-4.206400e-01	-2.671184e+00
1.596000e-01	-4.161643e-01	-2.676951e+00
1.597000e-01	-4.117382e-01	-2.682631e+00
1.598000e-01	-4.073624e-01	-2.688220e+00
1.599000e-01	-4.030376e-01	-2.693718e+00
1.600000e-01	-3.987644e-01	-2.699120e+00
1.601000e-01	-3.945435e-01	-2.704425e+00
1.602000e-01	-3.903756e-01	-2.709631e+00
1.603000e-01	-3.862613e-01	-2.714736e+00
1.604000e-01	-3.822013e-01	-2.719738e+00
1.605000e-01	-3.781963e-01	-2.724635e+00
1.606000e-01	-3.742468e-01	-2.729425e+00
1.607000e-01	-3.703534e-01	-2.734108e+00
1.608000e-01	-3.665166e-01	-2.738681e+00
1.609000e-01	-3.627365e-01	-2.743146e+00
1.610000e-01	-3.590135e-01	-2.747500e+00
1.611000e-01	-3.553476e-01	-2.751744e+00
1.612000e-01	-3.517386e-01	-2.755878e+00
1.613000e-01	-3.481863e-01	-2.759903e+00
1.614000e-01	-3.446903e-01	-2.763818e+00
1.615000e-01	-3.412500e-01	-2.767626e+00
1.616000e-01	-3.378647e-01	-2.771327e+00
1.617000e-01	-3.345335e-01	-2.774924e+00
1.618000e-01	-3.312555e-01	-2.778417e+00
1.619000e-01	-3.280295e-01	-2.781809e+00
1.620000e-01	-3.248543e-01	-2.785102e+00
1.621000e-01	-3.217286e-01	-2.788298e+00
1.622000e-01	-3.186511e-01	-2.791400e+00
1.623000e-01	-3.156202e-01	-2.794410e+00
1.624000e-01	-3.126347e-01	-2.797330e+00
1.625000e-01	-3.096931e-01	-2.800163e+00
1.626000e-01	-3.067940e-01	-2.802911e+00
1.627000e-01	-3.039360e-01	-2.805575e+00
1.628000e-01	-3.011181e-01	-2.808158e+00
1.629000e-01	-2.983389e-01	-2.810661e+00
1.630000e-01	-2.955975e-01	-2.813087e+00
1.631000e-01	-2.928930e-01	-2.815434e+00
1.632000e-01	-2.902247e-01	-2.817706e+00
1.633000e-01	-2.875922e-01	-2.819902e+00
1.634000e-01	-2.849950e-01	-2.822022e+00
1.635000e-01	-2.824330e-01	-2.824066e+00
1.636000e-01	-2.799063e-01	-2.826034e+00
1.637000e-01	-2.774152e-01	-2.827924e+00
1.638000e-01	-2.749602e-01	-2.829736e+00
1.639000e-01	-2.725419e-01	-2.831469e+00
1.640000e-01	-2.701614e-01	-2.833119e+00
1.641000e-01	-2.678196e-01	-2.834686e+00
1.642000e-01	-2.655180e-01	-2.836167e+00
1.643000e-01	-2.632578e-01	-2.837560e+00
1.644000e-01	-2.610408e-01	-2.838861e+00
1.645000e-01	-2.588687e-01	-2.840070e+00
1.646000e-01	-2.567433e-01	-2.841181e+00
1.647000e-01	-2.546665e-01	-2.842194e+00
1.648000e-01	-2.526403e-01	-2.843105e+00
1.649000e-01	-2.506667e-01	-2.843911e+00
1.650000e-01	-2.487479e-01	-2.844611e+00
1.651000e-01	-2.468858e-01	-2.845201e+00
1.652000e-01	-2.450825e-01	-2.845679e+00
1.653000e-01	-2.433400e-01	-2.846045e+00
1.654000e-01	-2.416600e-01	-2.846295e+00
1.655000e-01	-2.400437e-01	-2.846430e+00
1.656000e-01	-2.384914e-01	-2.846453e+00
1.657000e-01	-2.370030e-01	-2.846365e+00
1.658000e-01	-2.355784e-01	-2.846169e+00
1.659000e-01	-2.342174e-01	-2.845868e+00
1.660000e-01	-2.329201e-01	-2.845465e+00
1.661000e-01	-2.316862e-01	-2.844962e+00
1.662000e-01	-2.305157e-01	-2.844364e+00
1.663000e-01	-2.294087e-01	-2.843672e+00
1.664000e-01	-2.283650e-01	-2.842889e+00
1.665000e-01	-2.273847e-01	-2.842019e+00
1.666000e-01	-2.264674e-01	-2.841066e+00
1.667000e-01	-2.256129e-01	-2.840032e+00
1.668000e-01	-2.248206e-01	-2.838922e+00
1.669000e-01	-2.240903e-01	-2.837740e+00
1.670000e-01	-2.234214e-01	-2.836489e+00
1.671000e-01	-2.228133e-01	-2.835174e+00
1.672000e-01	-2.222656e-01	-2.833799e+00
1.673000e-01	-2.217776e-01	-2.832369e+00
1.674000e-01	-2.213487e-01	-2.830887e+00
1.675000e-01	-2.209782e-01	-2.829359e+00
1.676000e-01	-2.206653e-01	-2.827788e+00
1.677000e-01	-2.204094e-01	-2.826181e+00
1.678000e-01	-2.202097e-01	-2.824541e+00
1.679000e-01	-2.200654e-01	-2.822873e+00
1.680000e-01	-2.199756e-01	-2.821183e+00
1.681000e-01	-2.199395e-01	-2.819475e+00
1.682000e-01	-2.199564e-01	-2.817755e+00
1.683000e-01	-2.200253e-01	-2.816028e+00
1.684000e-01	-2.201454e-01	-2.814299e+00
1.685000e-01	-2.203158e-01	-2.812574e+00
1.686000e-01	-2.205357e-01	-2.810857e+00
1.687000e-01	-2.208042e-01	-2.809155e+00
1.688000e-01	-2.211204e-01	-2.807473e+00
1.689000e-01	-2.214835e-01	-2.805817e+00
1.690000e-01	-2.218927e-01	-2.804191e+00
1.691000e-01	-2.223471e-01	-2.802603e+00
1.692000e-01	-2.228458e-01	-2.801056e+00
1.693000e-01	-2.233882e-01	-2.799558e+00
1.694000e-01	-2.239733e-01	-2.798113e+00
1.695000e-01	-2.246004e-01	-2.796728e+00
1.696000e-01	-2.252687e-01	-2.795407e+00
1.697000e-01	-2.259775e-01	-2.794157e+00
1.698000e-01	-2.267260e-01	-2.792982e+00
1.699000e-01	-2.275133e-01	-2.791889e+00
1.700000e-01	-2.283390e-01	-2.790882e+00
1.701000e-01	-2.292020e-01	-2.789967e+00
1.702000e-01	-2.301019e-01	-2.789149e+00
1.703000e-01	-2.310377e-01	-2.788433e+00
1.704000e-01	-2.320090e-01	-2.787823e+00
1.705000e-01	-2.330148e-01	-2.787324e+00
1.706000e-01	-2.340545e-01	-2.786941e+00
1.707000e-01	-2.351274e-01	-2.786678e+00
1.708000e-01	-2.362328e-01	-2.786539e+00
1.709000e-01	-2.373699e-01	-2.786527e+00
1.710000e-01	-2.385380e-01	-2.786647e+00
1.711000e-01	-2.397365e-01	-2.786902e+00
1.712000e-01	-2.409645e-01	-2.787295e+00
1.713000e-01	-2.422214e-01	-2.787828e+00
1.714000e-01	-2.435063e-01	-2.788504e+00
1.715000e-01	-2.448187e-01	-2.789326e+00
1.716000e-01	-2.461576e-01	-2.790295e+00
1.717000e-01	-2.475223e-01	-2.791413e+00
1.718000e-01	-2.489122e-01	-2.792682e+00
1.719000e-01	-2.503264e-01	-2.794102e+00
1.720000e-01	-2.517641e-01	-2.795675e+00
1.721000e-01	-2.532247e-01	-2.797400e+00
1.722000e-01	-2.547073e-01	-2.799279e+00
1.723000e-01	-2.562113e-01	-2.801310e+00
1.724000e-01	-2.577358e-01	-2.803493e+00
1.725000e-01	-2.592802e-01	-2.805828e+00
1.726000e-01	-2.608439e-01	-2.808314e+00
1.727000e-01	-2.624260e-01	-2.810949e+00
1.728000e-01	-2.640261e-01	-2.813732e+00
1.729000e-01	-2.656433e-01	-2.816661e+00
1.730000e-01	-2.672772e-01	-2.819733e+00
1.731000e-01	-2.689271e-01	-2.822947e+00
1.732000e-01	-2.705925e-01	-2.826300e+00
1.733000e-01	-2.722730e-01	-2.829788e+00
1.734000e-01	-2.739679e-01	-2.833410e+00
1.735000e-01	-2.756770e-01	-2.837161e+00
1.736000e-01	-2.773998e-01	-2.841038e+00
1.737000e-01	-2.791360e-01	-2.845038e+00
1.738000e-01	-2.808852e-01	-2.849156e+00
1.739000e-01	-2.826473e-01	-2.853389e+00
1.740000e-01	-2.844221e-01	-2.857733e+00
1.741000e-01	-2.862093e-01	-2.862182e+00
1.742000e-01	-2.880090e-01	-2.866734e+00
1.743000e-01	-2.898209e-01	-2.871382e+00
1.744000e-01	-2.916452e-01	-2.876122e+00
1.745000e-01	-2.934819e-01	-2.880950e+00
1.746000e-01	-2.953310e-01	-2.885860e+00
1.747000e-01	-2.971926e-01	-2.890847e+00
1.748000e-01	-2.990669e-01	-2.895906e+00
1.749000e-01	-3.009542e-01	-2.901032e+00
1.750000e-01	-3.028546e-01	-2.906220e+00
1.751000e-01	-3.047683e-01	-2.911463e+00
1.752000e-01	-3.066958e-01	-2.916757e+00
1.753000e-01	-3.086372e-01	-2.922096e+00
1.754000e-01	-3.105930e-01	-2.927475e+00
1.755000e-01	-3.125634e-01	-2.932887e+00
1.756000e-01	-3.145489e-01	-2.938328e+00
1.757000e-01	-3.165498e-01	-2.943791e+00
1.758000e-01	-3.185664e-01	-2.949270e+00
1.759000e-01	-3.205993e-01	-2.954760e+00
1.760000e-01	-3.226488e-01	-2.960256e+00
1.761000e-01	-3.247153e-01	-2.965751e+00
1.762000e-01	-3.267991e-01	-2.971239e+00
1.763000e-01	-3.289006e-01	-2.976716e+00
1.764000e-01	-3.310203e-01	-2.982174e+00
1.765000e-01	-3.331585e-01	-2.987610e+00
1.766000e-01	-3.353155e-01	-2.993016e+00
1.767000e-01	-3.374917e-01	-2.998387e+00
1.768000e-01	-3.396874e-01	-3.003718e+00
1.769000e-01	-3.419028e-01	-3.009004e+00
1.770000e-01	-3.441384e-01	-3.014239e+00
1.771000e-01	-3.463944e-01	-3.019418e+00
1.772000e-01	-3.486710e-01	-3.024535e+00
1.773000e-01	-3.509685e-01	-3.029587e+00
1.774000e-01	-3.532871e-01	-3.034567e+00
1.775000e-01	-3.556270e-01	-3.039472e+00
1.776000e-01	-3.579886e-01	-3.044296e+00
1.777000e-01	-3.603718e-01	-3.049035e+00
1.778000e-01	-3.627771e-01	-3.053686e+00
1.779000e-01	-3.652045e-01	-3.058244e+00
1.780000e-01	-3.676542e-01	-3.062705e+00
1.781000e-01	-3.701264e-01	-3.067066e+00
1.782000e-01	-3.726213e-01	-3.071323e+00
1.783000e-01	-3.751391e-01	-3.075473e+00
1.784000e-01	-3.776799e-01	-3.079514e+00
1.785000e-01	-3.802440e-01	-3.083442e+00
1.786000e-01	-3.828315e-01	-3.087255e+00
1.787000e-01	-3.854426e-01	-3.090951e+00
1.788000e-01	-3.880775e-01	-3.094527e+00
1.789000e-01	-3.907365e-01	-3.097983e+00
1.790000e-01	-3.934197e-01	-3.101317e+00
1.791000e-01	-3.961274e-01	-3.104527e+00
1.792000e-01	-3.988599e-01	-3.107613e+00
1.793000e-01	-4.016174e-01	-3.110573e+00
1.794000e-01	-4.044001e-01	-3.113408e+00
1.795000e-01	-4.072083e-01	-3.116117e+00
1.796000e-01	-4.100423e-01	-3.118700e+00
1.797000e-01	-4.129024e-01	-3.121157e+00
1.798000e-01	-4.157889e-01	-3.123489e+00
1.799000e-01	-4.187020e-01	-3.125697e+00
1.800000e-01	-4.216420e-01	-3.127781e+00
1.801000e-01	-4.246093e-01	-3.129742e+00
1.802000e-01	-4.276040e-01	-3.131582e+00
1.803000e-01	-4.306266e-01	-3.133303e+00
1.804000e-01	-4.336771e-01	-3.134905e+00
1.805000e-01	-4.367560e-01	-3.136390e+00
1.806000e-01	-4.398634e-01	-3.137761e+00
1.807000e-01	-4.429996e-01	-3.139019e+00
1.808000e-01	-4.461647e-01	-3.140168e+00
1.809000e-01	-4.493589e-01	-3.141208e+00
1.810000e-01	-4.525825e-01	-3.142143e+00
1.811000e-01	-4.558354e-01	-3.142975e+00
1.812000e-01	-4.591179e-01	-3.143706e+00
1.813000e-01	-4.624301e-01	-3.144341e+00
1.814000e-01	-4.657719e-01	-3.144880e+00
1.815000e-01	-4.691433e-01	-3.145328e+00
1.816000e-01	-4.725444e-01	-3.145687e+00
1.817000e-01	-4.759752e-01	-3.145960e+00
1.818000e-01	-4.794354e-01	-3.146150e+00
1.819000e-01	-4.829251e-01	-3.146261e+00
1.820000e-01	-4.864440e-01	-3.146295e+00
1.821000e-01	-4.899920e-01	-3.146257e+00
1.822000e-01	-4.935689e-01	-3.146148e+00
1.823000e-01	-4.971745e-01	-3.145973e+00
1.824000e-01	-5.008084e-01	-3.145734e+00
1.825000e-01	-5.044704e-01	-3.145436e+00
1.826000e-01	-5.081602e-01	-3.145081e+00
1.827000e-01	-5.118775e-01	-3.144673e+00
1.828000e-01	-5.156220e-01	-3.144216e+00
1.829000e-01	-5.193931e-01	-3.143712e+00
1.830000e-01	-5.231907e-01	-3.143165e+00
1.831000e-01	-5.270142e-01	-3.142579e+00
1.832000e-01	-5.308634e-01	-3.141957e+00
1.833000e-01	-5.347377e-01	-3.141302e+00
1.834000e-01	-5.386369e-01	-3.140619e+00
1.835000e-01	-5.425605e-01	-3.139910e+00
1.836000e-01	-5.465080e-01	-3.139179e+00
1.837000e-01	-5.504792e-01	-3.138430e+00
1.838000e-01	-5.544736e-01	-3.137666e+00
1.839000e-01	-5.584908e-01	-3.136891e+00
1.840000e-01	-5.625305e-01	-3.136107e+00
1.841000e-01	-5.665923e-01	-3.135319e+00
1.842000e-01	-5.706758e-01	-3.134529e+00
1.843000e-01	-5.747807e-01	-3.133742e+00
1.844000e-01	-5.789066e-01	-3.132960e+00
1.845000e-01	-5.830532e-01	-3.132187e+00
1.846000e-01	-5.872203e-01	-3.131426e+00
1.847000e-01	-5.914074e-01	-3.130680e+00
1.848000e-01	-5.956142e-01	-3.129952e+00
1.849000e-01	-5.998405e-01	-3.129246e+00
1.850000e-01	-6.040860e-01	-3.128565e+00
1.851000e-01	-6.083503e-01	-3.127910e+00
1.852000e-01	-6.126332e-01	-3.127286e+00
1.853000e-01	-6.169343e-01	-3.126695e+00
1.854000e-01	-6.212533e-01	-3.126140e+00
1.855000e-01	-6.255900e-01	-3.125622e+00
1.856000e-01	-6.299439e-01	-3.125146e+00
1.857000e-01	-6.343148e-01	-3.124713e+00
1.858000e-01	-6.387022e-01	-3.124325e+00
1.859000e-01	-6.431058e-01	-3.123985e+00
1.860000e-01	-6.475252e-01	-3.123695e+00
1.861000e-01	-6.519600e-01	-3.123457e+00
1.862000e-01	-6.564097e-01	-3.123272e+00
1.863000e-01	-6.608738e-01	-3.123143e+00
1.864000e-01	-6.653518e-01	-3.123072e+00
1.865000e-01	-6.698433e-01	-3.123059e+00
1.866000e-01	-6.743476e-01	-3.123106e+00
1.867000e-01	-6.788641e-01	-3.123215e+00
1.868000e-01	-6.833923e-01	-3.123388e+00
1.869000e-01	-6.879315e-01	-3.123625e+00
1.870000e-01	-6.924810e-01	-3.123927e+00
1.871000e-01	-6.970402e-01	-3.124296e+00
1.872000e-01	-7.016082e-01	-3.124732e+00
1.873000e-01	-7.061843e-01	-3.125237e+00
1.874000e-01	-7.107677e-01	-3.125812e+00
1.875000e-01	-7.153577e-01	-3.126456e+00
1.876000e-01	-7.199534e-01	-3.127172e+00
1.877000e-01	-7.245540e-01	-3.127959e+00
1.878000e-01	-7.291586e-01	-3.128818e+00
1.879000e-01	-7.337663e-01	-3.129751e+00
1.880000e-01	-7.383762e-01	-3.130756e+00
1.881000e-01	-7.429876e-01	-3.131836e+00
1.882000e-01	-7.475993e-01	-3.132991e+00
1.883000e-01	-7.522107e-01	-3.134220e+00
1.884000e-01	-7.568207e-01	-3.135525e+00
1.885000e-01	-7.614286e-01	-3.136906e+00
1.886000e-01	-7.660332e-01	-3.138364e+00
1.887000e-01	-7.706339e-01	-3.139898e+00
1.888000e-01	-7.752297e-01	-3.141509e+00
1.889000e-01	-7.798197e-01	-3.143198e+00
1.890000e-01	-7.844031e-01	-3.144965e+00
1.891000e-01	-7.889790e-01	-3.146810e+00
1.892000e-01	-7.935466e-01	-3.148733e+00
1.893000e-01	-7.981051e-01	-3.150735e+00
1.894000e-01	-8.026535e-01	-3.152816e+00
1.895000e-01	-8.071912e-01	-3.154976e+00
1.896000e-01	-8.117172e-01	-3.157216e+00
1.897000e-01	-8.162309e-01	-3.159535e+00
1.898000e-01	-8.207314e-01	-3.161934e+00
1.899000e-01	-8.252180e-01	-3.164412e+00
1.900000e-01	-8.296898e-01	-3.166970e+00
1.901000e-01	-8.341460e-01	-3.169607e+00
1.902000e-01	-8.385860e-01	-3.172324e+00
1.903000e-01	-8.430089e-01	-3.175121e+00
1.904000e-01	-8.474139e-01	-3.177996e+00
1.905000e-01	-8.518002e-01	-3.180950e+00
1.906000e-01	-8.561670e-01	-3.183982e+00
1.907000e-01	-8.605136e-01	-3.187092e+00
1.908000e-01	-8.648389e-01	-3.190279e+00
1.909000e-01	-8.691423e-01	-3.193543e+00
1.910000e-01	-8.734228e-01	-3.196883e+00
1.911000e-01	-8.776796e-01	-3.200297e+00
1.912000e-01	-8.819116e-01	-3.203786e+00
1.913000e-01	-8.861180e-01	-3.207348e+00
1.914000e-01	-8.902979e-01	-3.210981e+00
1.915000e-01	-8.944501e-01	-3.214686e+00
1.916000e-01	-8.985738e-01	-3.218460e+00
1.917000e-01	-9.026678e-01	-3.222302e+00
1.918000e-01	-9.067312e-01	-3.226210e+00
1.919000e-01	-9.107627e-01	-3.230183e+00
1.920000e-01	-9.147614e-01	-3.234220e+00
1.921000e-01	-9.187260e-01	-3.238318e+00
1.922000e-01	-9.226555e-01	-3.242475e+00
1.923000e-01	-9.265486e-01	-3.246690e+00
1.924000e-01	-9.304042e-01	-3.250960e+00
1.925000e-01	-9.342210e-01	-3.255284e+00
1.926000e-01	-9.379980e-01	-3.259659e+00
1.927000e-01	-9.417338e-01	-3.264083e+00
1.928000e-01	-9.454272e-01	-3.268553e+00
1.929000e-01	-9.490771e-01	-3.273068e+00
1.930000e-01	-9.526821e-01	-3.277623e+00
1.931000e-01	-9.562412e-01	-3.282218e+00
1.932000e-01	-9.597531e-01	-3.286849e+00
1.933000e-01	-9.632165e-01	-3.291513e+00
1.934000e-01	-9.666305e-01	-3.296209e+00
1.935000e-01	-9.699937e-01	-3.300931e+00
1.936000e-01	-9.733050e-01	-3.305679e+00
1.937000e-01	-9.765634e-01	-3.310449e+00
1.938000e-01	-9.797678e-01	-3.315238e+00
1.939000e-01	-9.829170e-01	-3.320042e+00
1.940000e-01	-9.860101e-01	-3.324859e+00
1.941000e-01	-9.890460e-01	-3.329686e+00
1.942000e-01	-9.920238e-01	-3.334519e+00
1.943000e-01	-9.949426e-01	-3.339355e+00
1.944000e-01	-9.978013e-01	-3.344190e+00
1.945000e-01	-1.000599e+00	-3.349022e+00
1.946000e-01	-1.003335e+00	-3.353846e+00
1.947000e-01	-1.006009e+00	-3.358660e+00
1.948000e-01	-1.008619e+00	-3.363459e+00
1.949000e-01	-1.011165e+00	-3.368241e+00
1.950000e-01	-1.013647e+00	-3.373001e+00
1.951000e-01	-1.016062e+00	-3.377736e+00
1.952000e-01	-1.018412e+00	-3.382442e+00
1.953000e-01	-1.020694e+00	-3.387116e+00
1.954000e-01	-1.022909e+00	-3.391753e+00
1.955000e-01	-1.025056e+00	-3.396351e+00
1.956000e-01	-1.027133e+00	-3.400905e+00
1.957000e-01	-1.029141e+00	-3.405411e+00
1.958000e-01	-1.031079e+00	-3.409866e+00
1.959000e-01	-1.032947e+00	-3.414266e+00
1.960000e-01	-1.034743e+00	-3.418608e+00
1.961000e-01	-1.036467e+00	-3.422886e+00
1.962000e-01	-1.038119e+00	-3.427098e+00
1.963000e-01	-1.039698e+00	-3.431240e+00
1.964000e-01	-1.041203e+00	-3.435309e+00
1.965000e-01	-1.042634e+00	-3.439300e+00
1.966000e-01	-1.043991e+00	-3.443209e+00
1.967000e-01	-1.045272e+00	-3.447035e+00
1.968000e-01	-1.046477e+00	-3.450772e+00
1.969000e-01	-1.047607e+00	-3.454418e+00
1.970000e-01	-1.048659e+00	-3.457969e+00
1.971000e-01	-1.049634e+00	-3.461422e+00
1.972000e-01	-1.050532e+00	-3.464775e+00
1.973000e-01	-1.051351e+00	-3.468023e+00
1.974000e-01	-1.052091e+00	-3.471165e+00
1.975000e-01	-1.052753e+00	-3.474197e+00
1.976000e-01	-1.053335e+00	-3.477118e+00
1.977000e-01	-1.053837e+00	-3.479925e+00
1.978000e-01	-1.054260e+00	-3.482616e+00
1.979000e-01	-1.054602e+00	-3.485189e+00
1.980000e-01	-1.054864e+00	-3.487644e+00
1.981000e-01	-1.055047e+00	-3.489978e+00
1.982000e-01	-1.055149e+00	-3.492191e+00
1.983000e-01	-1.055172e+00	-3.494283e+00
1.984000e-01	-1.055116e+00	-3.496253e+00
1.985000e-01	-1.054980e+00	-3.498101e+00
1.986000e-01	-1.054767e+00	-3.499827e+00
1.987000e-01	-1.054475e+00	-3.501432e+00
1.988000e-01	-1.054106e+00	-3.502916e+00
1.989000e-01	-1.053661e+00	-3.504280e+00
1.990000e-01	-1.053139e+00	-3.505526e+00
1.991000e-01	-1.052543e+00	-3.506653e+00
1.992000e-01	-1.051871e+00	-3.507664e+00
1.993000e-01	-1.051126e+00	-3.508560e+00
1.994000e-01	-1.050308e+00	-3.509341e+00
1.995000e-01	-1.049418e+00	-3.510010e+00
1.996000e-01	-1.048455e+00	-3.510567e+00
1.997000e-01	-1.047422e+00	-3.511014e+00
1.998000e-01	-1.046317e+00	-3.511353e+00
1.999000e-01	-1.045142e+00	-3.511584e+00
2.000000e-01	-1.043896e+00	-3.511709e+00
2.001000e-01	-1.042581e+00	-3.511727e+00
2.002000e-01	-1.041195e+00	-3.511642e+00
2.003000e-01	-1.039739e+00	-3.511452e+00
2.004000e-01	-1.038212e+00	-3.511159e+00
2.005000e-01	-1.036615e+00	-3.510763e+00
2.006000e-01	-1.034946e+00	-3.510264e+00
2.007000e-01	-1.033207e+00	-3.509667e+00
2.008000e-01	-1.031399e+00	-3.508974e+00
2.009000e-01	-1.029522e+00	-3.508189e+00
2.010000e-01	-1.027578e+00	-3.507315e+00
2.011000e-01	-1.025567e+00	-3.506357e+00
2.012000e-01	-1.023490e+00	-3.505318e+00
2.013000e-01	-1.021349e+00	-3.504203e+00
2.014000e-01	-1.019145e+00	-3.503017e+00
2.015000e-01	-1.016878e+00	-3.501762e+00
2.016000e-01	-1.014549e+00	-3.500446e+00
2.017000e-01	-1.012160e+00	-3.499071e+00
2.018000e-01	-1.009712e+00	-3.497643e+00
2.019000e-01	-1.007205e+00	-3.496167e+00
2.020000e-01	-1.004641e+00	-3.494649e+00
2.021000e-01	-1.002020e+00	-3.493092e+00
2.022000e-01	-9.993448e-01	-3.491503e+00
2.023000e-01	-9.966151e-01	-3.489888e+00
2.024000e-01	-9.938324e-01	-3.488250e+00
2.025000e-01	-9.909977e-01	-3.486596e+00
2.026000e-01	-9.881122e-01	-3.484932e+00
2.027000e-01	-9.851769e-01	-3.483263e+00
2.028000e-01	-9.821929e-01	-3.481595e+00
2.029000e-01	-9.791614e-01	-3.479933e+00
2.030000e-01	-9.760834e-01	-3.478284e+00
2.031000e-01	-9.729603e-01	-3.476652e+00
2.032000e-01	-9.697931e-01	-3.475044e+00
2.033000e-01	-9.665830e-01	-3.473465e+00
2.034000e-01	-9.633313e-01	-3.471921e+00
2.035000e-01	-9.600391e-01	-3.470418e+00
2.036000e-01	-9.567077e-01	-3.468960e+00
2.037000e-01	-9.533384e-01	-3.467555e+00
2.038000e-01	-9.499324e-01	-3.466207e+00
2.039000e-01	-9.464911e-01	-3.464922e+00
2.040000e-01	-9.430157e-01	-3.463704e+00
2.041000e-01	-9.395077e-01	-3.462560e+00
2.042000e-01	-9.359682e-01	-3.461494e+00
2.043000e-01	-9.323988e-01	-3.460512e+00
2.044000e-01	-9.288007e-01	-3.459618e+00
2.045000e-01	-9.251754e-01	-3.458817e+00
2.046000e-01	-9.215242e-01	-3.458114e+00
2.047000e-01	-9.178485e-01	-3.457513e+00
2.048000e-01	-9.141496e-01	-3.457019e+00
2.049000e-01	-9.104291e-01	-3.456635e+00
2.050000e-01	-9.066882e-01	-3.456365e+00
2.051000e-01	-9.029283e-01	-3.456215e+00
2.052000e-01	-8.991508e-01	-3.456186e+00
2.053000e-01	-8.953570e-01	-3.456282e+00
2.054000e-01	-8.915482e-01	-3.456507e+00
2.055000e-01	-8.877258e-01	-3.456863e+00
2.056000e-01	-8.838910e-01	-3.457354e+00
2.057000e-01	-8.800449e-01	-3.457982e+00
2.058000e-01	-8.761890e-01	-3.458748e+00
2.059000e-01	-8.723242e-01	-3.459656e+00
2.060000e-01	-8.684519e-01	-3.460707e+00
2.061000e-01	-8.645730e-01	-3.461902e+00
2.062000e-01	-8.606886e-01	-3.463243e+00
2.063000e-01	-8.567997e-01	-3.464731e+00
2.064000e-01	-8.529073e-01	-3.466367e+00
2.065000e-01	-8.490124e-01	-3.468151e+00
2.066000e-01	-8.451157e-01	-3.470084e+00
2.067000e-01	-8.412183e-01	-3.472166e+00
2.068000e-01	-8.373208e-01	-3.474397e+00
2.069000e-01	-8.334240e-01	-3.476776e+00
2.070000e-01	-8.295286e-01	-3.479303e+00
2.071000e-01	-8.256352e-01	-3.481978e+00
2.072000e-01	-8.217445e-01	-3.484798e+00
2.073000e-01	-8.178571e-01	-3.487763e+00
2.074000e-01	-8.139735e-01	-3.490871e+00
2.075000e-01	-8.100942e-01	-3.494120e+00
2.076000e-01	-8.062196e-01	-3.497509e+00
2.077000e-01	-8.023503e-01	-3.501035e+00
2.078000e-01	-7.984867e-01	-3.504696e+00
2.079000e-01	-7.946291e-01	-3.508490e+00
2.080000e-01	-7.907779e-01	-3.512414e+00
2.081000e-01	-7.869334e-01	-3.516464e+00
2.082000e-01	-7.830961e-01	-3.520638e+00
2.083000e-01	-7.792661e-01	-3.524932e+00
2.084000e-01	-7.754438e-01	-3.529343e+00
2.085000e-01	-7.716294e-01	-3.533868e+00
2.086000e-01	-7.678233e-01	-3.538502e+00
2.087000e-01	-7.640257e-01	-3.543242e+00
2.088000e-01	-7.602368e-01	-3.548084e+00
2.089000e-01	-7.564568e-01	-3.553023e+00
2.090000e-01	-7.526861e-01	-3.558056e+00
2.091000e-01	-7.489247e-01	-3.563178e+00
2.092000e-01	-7.451730e-01	-3.568385e+00
2.093000e-01	-7.414311e-01	-3.573672e+00
2.094000e-01	-7.376993e-01	-3.579034e+00
2.095000e-01	-7.339777e-01	-3.584467e+00
2.096000e-01	-7.302665e-01	-3.589966e+00
2.097000e-01	-7.265659e-01	-3.595527e+00
2.098000e-01	-7.228760e-01	-3.601143e+00
2.099000e-01	-7.191970e-01	-3.606812e+00
2.100000e-01	-7.155291e-01	-3.612527e+00
2.101000e-01	-7.118724e-01	-3.618283e+00
2.102000e-01	-7.082269e-01	-3.624076e+00
2.103000e-01	-7.045928e-01	-3.629901e+00
2.104000e-01	-7.009701e-01	-3.635753e+00
2.105000e-01	-6.973589e-01	-3.641626e+00
2.106000e-01	-6.937593e-01	-3.647517e+00
2.107000e-01	-6.901712e-01	-3.653419e+00
2.108000e-01	-6.865947e-01	-3.659328e+00
2.109000e-01	-6.830297e-01	-3.665239e+00
2.110000e-01	-6.794762e-01	-3.671148e+00
2.111000e-01	-6.759341e-01	-3.677049e+00
2.112000e-01	-6.724033e-01	-3.682938e+00
2.113000e-01	-6.688837e-01	-3.688810e+00
2.114000e-01	-6.653752e-01	-3.694661e+00
2.115000e-01	-6.618776e-01	-3.700485e+00
2.116000e-01	-6.583908e-01	-3.706280e+00
2.117000e-01	-6.549145e-01	-3.712040e+00
2.118000e-01	-6.514485e-01	-3.717761e+00
2.119000e-01	-6.479926e-01	-3.723439e+00
2.120000e-01	-6.445466e-01	-3.729070e+00
2.121000e-01	-6.411103e-01	-3.734651e+00
2.122000e-01	-6.376833e-01	-3.740176e+00
2.123000e-01	-6.342655e-01	-3.745643e+00
2.124000e-01	-6.308565e-01	-3.751048e+00
2.125000e-01	-6.274561e-01	-3.756387e+00
2.126000e-01	-6.240641e-01	-3.761658e+00
2.127000e-01	-6.206801e-01	-3.766856e+00
2.128000e-01	-6.173039e-01	-3.771980e+00
2.129000e-01	-6.139353e-01	-3.777025e+00
2.130000e-01	-6.105740e-01	-3.781990e+00
2.131000e-01	-6.072199e-01	-3.786871e+00
2.132000e-01	-6.038726e-01	-3.791666e+00
2.133000e-01	-6.005321e-01	-3.796373e+00
2.134000e-01	-5.971981e-01	-3.800989e+00
2.135000e-01	-5.938706e-01	-3.805513e+00
2.136000e-01	-5.905492e-01	-3.809941e+00
2.137000e-01	-5.872340e-01	-3.814273e+00
2.138000e-01	-5.839249e-01	-3.818507e+00
2.139000e-01	-5.806217e-01	-3.822641e+00
2.140000e-01	-5.773244e-01	-3.826674e+00
2.141000e-01	-5.740330e-01	-3.830604e+00
2.142000e-01	-5.707475e-01	-3.834430e+00
2.143000e-01	-5.674678e-01	-3.838152e+00
2.144000e-01	-5.641940e-01	-3.841768e+00
2.145000e-01	-5.609260e-01	-3.845277e+00
2.146000e-01	-5.576641e-01	-3.848679e+00
2.147000e-01	-5.544081e-01	-3.851974e+00
2.148000e-01	-5.511583e-01	-3.855160e+00
2.149000e-01	-5.479146e-01	-3.858238e+00
2.150000e-01	-5.446771e-01	-3.861207e+00
2.151000e-01	-5.414460e-01	-3.864067e+00
2.152000e-01	-5.382213e-01	-3.866818e+00
2.153000e-01	-5.350031e-01	-3.869460e+00
2.154000e-01	-5.317915e-01	-3.871994e+00
2.155000e-01	-5.285866e-01	-3.874419e+00
2.156000e-01	-5.253884e-01	-3.876736e+00
2.157000e-01	-5.221971e-01	-3.878946e+00
2.158000e-01	-5.190127e-01	-3.881048e+00
2.159000e-01	-5.158353e-01	-3.883044e+00
2.160000e-01	-5.126648e-01	-3.884934e+00
2.161000e-01	-5.095015e-01	-3.886718e+00
2.162000e-01	-5.063452e-01	-3.888399e+00
2.163000e-01	-5.031960e-01	-3.889975e+00
2.164000e-01	-5.000539e-01	-3.891449e+00
2.165000e-01	-4.969190e-01	-3.892822e+00
2.166000e-01	-4.937911e-01	-3.894093e+00
2.167000e-01	-4.906703e-01	-3.895266e+00
2.168000e-01	-4.875566e-01	-3.896340e+00
2.169000e-01	-4.844498e-01	-3.897317e+00
2.170000e-01	-4.813501e-01	-3.898198e+00
2.171000e-01	-4.782573e-01	-3.898984e+00
2.172000e-01	-4.751714e-01	-3.899678e+00
2.173000e-01	-4.720923e-01	-3.900279e+00
2.174000e-01	-4.690201e-01	-3.900791e+00
2.175000e-01	-4.659546e-01	-3.901213e+00
2.176000e-01	-4.628960e-01	-3.901549e+00
2.177000e-01	-4.598440e-01	-3.901799e+00
2.178000e-01	-4.567988e-01	-3.901966e+00
2.179000e-01	-4.537602e-01	-3.902050e+00
2.180000e-01	-4.507284e-01	-3.902054e+00
2.181000e-01	-4.477034e-01	-3.901980e+00
2.182000e-01	-4.446852e-01	-3.901829e+00
2.183000e-01	-4.416739e-01	-3.901603e+00
2.184000e-01	-4.386695e-01	-3.901304e+00
2.185000e-01	-4.356721e-01	-3.900935e+00
2.186000e-01	-4.326819e-01	-3.900498e+00
2.187000e-01	-4.296990e-01	-3.899994e+00
2.188000e-01	-4.267235e-01	-3.899425e+00
2.189000e-01	-4.237557e-01	-3.898795e+00
2.190000e-01	-4.207957e-01	-3.898105e+00
2.191000e-01	-4.178437e-01	-3.897357e+00
2.192000e-01	-4.149000e-01	-3.896554e+00
2.193000e-01	-4.119648e-01	-3.895699e+00
2.194000e-01	-4.090384e-01	-3.894794e+00
2.195000e-01	-4.061211e-01	-3.893841e+00
2.196000e-01	-4.032131e-01	-3.892843e+00
2.197000e-01	-4.003147e-01	-3.891802e+00
2.198000e-01	-3.974263e-01	-3.890722e+00
2.199000e-01	-3.945482e-01	-3.889605e+00
2.200000e-01	-3.916808e-01	-3.888454e+00
2.201000e-01	-3.888243e-01	-3.887271e+00
2.202000e-01	-3.859790e-01	-3.886060e+00
2.203000e-01	-3.831455e-01	-3.884824e+00
2.204000e-01	-3.803239e-01	-3.883564e+00
2.205000e-01	-3.775147e-01	-3.882286e+00
2.206000e-01	-3.747182e-01	-3.880990e+00
2.207000e-01	-3.719347e-01	-3.879681e+00
2.208000e-01	-3.691646e-01	-3.878362e+00
2.209000e-01	-3.664082e-01	-3.877036e+00
2.210000e-01	-3.636659e-01	-3.875706e+00
2.211000e-01	-3.609380e-01	-3.874374e+00
2.212000e-01	-3.582249e-01	-3.873046e+00
2.213000e-01	-3.555268e-01	-3.871723e+00
2.214000e-01	-3.528442e-01	-3.870410e+00
2.215000e-01	-3.501773e-01	-3.869108e+00
2.216000e-01	-3.475265e-01	-3.867823e+00
2.217000e-01	-3.448921e-01	-3.866557e+00
2.218000e-01	-3.422744e-01	-3.865314e+00
2.219000e-01	-3.396739e-01	-3.864096e+00
2.220000e-01	-3.370908e-01	-3.862909e+00
2.221000e-01	-3.345255e-01	-3.861754e+00
2.222000e-01	-3.319783e-01	-3.860635e+00
2.223000e-01	-3.294497e-01	-3.859557e+00
2.224000e-01	-3.269401e-01	-3.858521e+00
2.225000e-01	-3.244497e-01	-3.857533e+00
2.226000e-01	-3.219791e-01	-3.856594e+00
2.227000e-01	-3.195286e-01	-3.855710e+00
2.228000e-01	-3.170988e-01	-3.854882e+00
2.229000e-01	-3.146900e-01	-3.854115e+00
2.230000e-01	-3.123028e-01	-3.853412e+00
2.231000e-01	-3.099376e-01	-3.852776e+00
2.232000e-01	-3.075951e-01	-3.852210e+00
2.233000e-01	-3.052756e-01	-3.851718e+00
2.234000e-01	-3.029799e-01	-3.851304e+00
2.235000e-01	-3.007085e-01	-3.850969e+00
2.236000e-01	-2.984620e-01	-3.850718e+00
2.237000e-01	-2.962410e-01	-3.850554e+00
2.238000e-01	-2.940462e-01	-3.850478e+00
2.239000e-01	-2.918783e-01	-3.850496e+00
2.240000e-01	-2.897379e-01	-3.850608e+00
2.241000e-01	-2.876257e-01	-3.850819e+00
2.242000e-01	-2.855426e-01	-3.851131e+00
2.243000e-01	-2.834891e-01	-3.851546e+00
2.244000e-01	-2.814661e-01	-3.852066e+00
2.245000e-01	-2.794743e-01	-3.852696e+00
2.246000e-01	-2.775145e-01	-3.853436e+00
2.247000e-01	-2.755873e-01	-3.854289e+00
2.248000e-01	-2.736938e-01	-3.855256e+00
2.249000e-01	-2.718344e-01	-3.856341e+00
2.250000e-01	-2.700102e-01	-3.857544e+00
2.251000e-01	-2.682217e-01	-3.858868e+00
2.252000e-01	-2.664698e-01	-3.860314e+00
2.253000e-01	-2.647553e-01	-3.861883e+00
2.254000e-01	-2.630789e-01	-3.863576e+00
2.255000e-01	-2.614413e-01	-3.865395e+00
2.256000e-01	-2.598432e-01	-3.867341e+00
2.257000e-01	-2.582854e-01	-3.869414e+00
2.258000e-01	-2.567686e-01	-3.871614e+00
2.259000e-01	-2.552934e-01	-3.873943e+00
2.260000e-01	-2.538606e-01	-3.876400e+00
2.261000e-01	-2.524708e-01	-3.878986e+00
2.262000e-01	-2.511245e-01	-3.881699e+00
2.263000e-01	-2.498225e-01	-3.884541e+00
2.264000e-01	-2.485654e-01	-3.887511e+00
2.265000e-01	-2.473536e-01	-3.890607e+00
2.266000e-01	-2.461879e-01	-3.893828e+00
2.267000e-01	-2.450686e-01	-3.897175e+00
2.268000e-01	-2.439965e-01	-3.900645e+00
2.269000e-01	-2.429720e-01	-3.904237e+00
2.270000e-01	-2.419955e-01	-3.907950e+00
2.271000e-01	-2.410677e-01	-3.911781e+00
2.272000e-01	-2.401889e-01	-3.915728e+00
2.273000e-01	-2.393597e-01	-3.919790e+00
2.274000e-01	-2.385805e-01	-3.923964e+00
2.275000e-01	-2.378517e-01	-3.928247e+00
2.276000e-01	-2.371738e-01	-3.932637e+00
2.277000e-01	-2.365472e-01	-3.937130e+00
2.278000e-01	-2.359724e-01	-3.941724e+00
2.279000e-01	-2.354497e-01	-3.946416e+00
2.280000e-01	-2.349795e-01	-3.951201e+00
2.281000e-01	-2.345623e-01	-3.956076e+00
2.282000e-01	-2.341985e-01	-3.961039e+00
2.283000e-01	-2.338883e-01	-3.966084e+00
2.284000e-01	-2.336323e-01	-3.971208e+00
2.285000e-01	-2.334307e-01	-3.976407e+00
2.286000e-01	-2.332839e-01	-3.981676e+00
2.287000e-01	-2.331924e-01	-3.987011e+00
2.288000e-01	-2.331563e-01	-3.992408e+00
2.289000e-01	-2.331761e-01	-3.997862e+00
2.290000e-01	-2.332521e-01	-4.003369e+00
2.291000e-01	-2.333845e-01	-4.008923e+00
2.292000e-01	-2.335737e-01	-4.014519e+00
2.293000e-01	-2.338200e-01	-4.020154e+00
2.294000e-01	-2.341236e-01	-4.025821e+00
2.295000e-01	-2.344847e-01	-4.031516e+00
2.296000e-01	-2.349036e-01	-4.037234e+00
2.297000e-01	-2.353805e-01	-4.042969e+00
2.298000e-01	-2.359155e-01	-4.048717e+00
2.299000e-01	-2.365088e-01	-4.054471e+00
2.300000e-01	-2.371606e-01	-4.060228e+00
2.301000e-01	-2.378709e-01	-4.065981e+00
2.302000e-01	-2.386398e-01	-4.071725e+00
2.303000e-01	-2.394674e-01	-4.077455e+00
2.304000e-01	-2.403537e-01	-4.083167e+00
2.305000e-01	-2.412986e-01	-4.088854e+00
2.306000e-01	-2.423021e-01	-4.094511e+00
2.307000e-01	-2.433642e-01	-4.100134e+00
2.308000e-01	-2.444848e-01	-4.105716e+00
2.309000e-01	-2.456636e-01	-4.111254e+00
2.310000e-01	-2.469006e-01	-4.116743e+00
2.311000e-01	-2.481956e-01	-4.122176e+00
2.312000e-01	-2.495483e-01	-4.127550e+00
2.313000e-01	-2.509584e-01	-4.132860e+00
2.314000e-01	-2.524258e-01	-4.138101e+00
2.315000e-01	-2.539500e-01	-4.143269e+00
2.316000e-01	-2.555309e-01	-4.148359e+00
2.317000e-01	-2.571679e-01	-4.153366e+00
2.318000e-01	-2.588608e-01	-4.158288e+00
2.319000e-01	-2.606091e-01	-4.163119e+00
2.320000e-01	-2.624124e-01	-4.167857e+00
2.321000e-01	-2.642704e-01	-4.172496e+00
2.322000e-01	-2.661825e-01	-4.177035e+00
2.323000e-01	-2.681482e-01	-4.181468e+00
2.324000e-01	-2.701672e-01	-4.185794e+00
2.325000e-01	-2.722390e-01	-4.190008e+00
2.326000e-01	-2.743630e-01	-4.194109e+00
2.327000e-01	-2.765387e-01	-4.198093e+00
2.328000e-01	-2.787658e-01	-4.201958e+00
2.329000e-01	-2.810435e-01	-4.205702e+00
2.330000e-01	-2.833715e-01	-4.209323e+00
2.331000e-01	-2.857491e-01	-4.212818e+00
2.332000e-01	-2.881760e-01	-4.216187e+00
2.333000e-01	-2.906515e-01	-4.219427e+00
2.334000e-01	-2.931753e-01	-4.222538e+00
2.335000e-01	-2.957466e-01	-4.225519e+00
2.336000e-01	-2.983651e-01	-4.228367e+00
2.337000e-01	-3.010302e-01	-4.231085e+00
2.338000e-01	-3.037414e-01	-4.233669e+00
2.339000e-01	-3.064981e-01	-4.236122e+00
2.340000e-01	-3.092998e-01	-4.238442e+00
2.341000e-01	-3.121460e-01	-4.240630e+00
2.342000e-01	-3.150362e-01	-4.242687e+00
2.343000e-01	-3.179698e-01	-4.244613e+00
2.344000e-01	-3.209463e-01	-4.246409e+00
2.345000e-01	-3.239650e-01	-4.248076e+00
2.346000e-01	-3.270256e-01	-4.249616e+00
2.347000e-01	-3.301273e-01	-4.251030e+00
2.348000e-01	-3.332697e-01	-4.252320e+00
2.349000e-01	-3.364521e-01	-4.253488e+00
2.350000e-01	-3.396740e-01	-4.254535e+00
2.351000e-01	-3.429348e-01	-4.255465e+00
2.352000e-01	-3.462338e-01	-4.256280e+00
2.353000e-01	-3.495705e-01	-4.256982e+00
2.354000e-01	-3.529442e-01	-4.257574e+00
2.355000e-01	-3.563543e-01	-4.258059e+00
2.356000e-01	-3.598001e-01	-4.258440e+00
2.357000e-01	-3.632809e-01	-4.258720e+00
2.358000e-01	-3.667962e-01	-4.258903e+00
2.359000e-01	-3.703452e-01	-4.258992e+00
2.360000e-01	-3.739272e-01	-4.258991e+00
2.361000e-01	-3.775416e-01	-4.258904e+00
2.362000e-01	-3.811876e-01	-4.258733e+00
2.363000e-01	-3.848645e-01	-4.258484e+00
2.364000e-01	-3.885717e-01	-4.258160e+00
2.365000e-01	-3.923083e-01	-4.257766e+00
2.366000e-01	-3.960736e-01	-4.257304e+00
2.367000e-01	-3.998670e-01	-4.256780e+00
2.368000e-01	-4.036876e-01	-4.256198e+00
2.369000e-01	-4.075348e-01	-4.255562e+00
2.370000e-01	-4.114078e-01	-4.254877e+00
2.371000e-01	-4.153058e-01	-4.254146e+00
2.372000e-01	-4.192283e-01	-4.253375e+00
2.373000e-01	-4.231743e-01	-4.252567e+00
2.374000e-01	-4.271432e-01	-4.251728e+00
2.375000e-01	-4.311344e-01	-4.250861e+00
2.376000e-01	-4.351469e-01	-4.249971e+00
2.377000e-01	-4.391803e-01	-4.249062e+00
2.378000e-01	-4.432337e-01	-4.248139e+00
2.379000e-01	-4.473065e-01	-4.247206e+00
2.380000e-01	-4.513979e-01	-4.246268e+00
2.381000e-01	-4.555074e-01	-4.245328e+00
2.382000e-01	-4.596343e-01	-4.244392e+00
2.383000e-01	-4.637778e-01	-4.243462e+00
2.384000e-01	-4.679374e-01	-4.242544e+00
2.385000e-01	-4.721124e-01	-4.241642e+00
2.386000e-01	-4.763021e-01	-4.240759e+00
2.387000e-01	-4.805060e-01	-4.239899e+00
2.388000e-01	-4.847235e-01	-4.239067e+00
2.389000e-01	-4.889538e-01	-4.238265e+00
2.390000e-01	-4.931964e-01	-4.237499e+00
2.391000e-01	-4.974508e-01	-4.236770e+00
2.392000e-01	-5.017162e-01	-4.236084e+00
2.393000e-01	-5.059920e-01	-4.235442e+00
2.394000e-01	-5.102778e-01	-4.234849e+00
2.395000e-01	-5.145728e-01	-4.234307e+00
2.396000e-01	-5.188765e-01	-4.233819e+00
2.397000e-01	-5.231883e-01	-4.233389e+00
2.398000e-01	-5.275075e-01	-4.233019e+00
2.399000e-01	-5.318335e-01	-4.232712e+00
2.400000e-01	-5.361658e-01	-4.232469e+00
2.401000e-01	-5.405036e-01	-4.232295e+00
2.402000e-01	-5.448464e-01	-4.232190e+00
2.403000e-01	-5.491936e-01	-4.232157e+00
2.404000e-01	-5.535444e-01	-4.232197e+00
2.405000e-01	-5.578982e-01	-4.232313e+00
2.406000e-01	-5.622544e-01	-4.232506e+00
2.407000e-01	-5.666123e-01	-4.232778e+00
2.408000e-01	-5.709713e-01	-4.233129e+00
2.409000e-01	-5.753306e-01	-4.233562e+00
2.410000e-01	-5.796896e-01	-4.234077e+00
2.411000e-01	-5.840476e-01	-4.234675e+00
2.412000e-01	-5.884038e-01	-4.235356e+00
2.413000e-01	-5.927577e-01	-4.236122e+00
2.414000e-01	-5.971084e-01	-4.236973e+00
2.415000e-01	-6.014553e-01	-4.237909e+00
2.416000e-01	-6.057976e-01	-4.238930e+00
2.417000e-01	-6.101348e-01	-4.240037e+00
2.418000e-01	-6.144659e-01	-4.241229e+00
2.419000e-01	-6.187905e-01	-4.242506e+00
2.420000e-01	-6.231076e-01	-4.243869e+00
2.421000e-01	-6.274167e-01	-4.245315e+00
2.422000e-01	-6.317170e-01	-4.246846e+00
2.423000e-01	-6.360079e-01	-4.248459e+00
2.424000e-01	-6.402886e-01	-4.250156e+00
2.425000e-01	-6.445585e-01	-4.251933e+00
2.426000e-01	-6.488169e-01	-4.253792e+00
2.427000e-01	-6.530631e-01	-4.255730e+00
2.428000e-01	-6.572966e-01	-4.257747e+00
2.429000e-01	-6.615165e-01	-4.259841e+00
2.430000e-01	-6.657224e-01	-4.262011e+00
2.431000e-01	-6.699135e-01	-4.264255e+00
2.432000e-01	-6.740893e-01	-4.266573e+00
2.433000e-01	-6.782491e-01	-4.268963e+00
2.434000e-01	-6.823924e-01	-4.271423e+00
2.435000e-01	-6.865186e-01	-4.273951e+00
2.436000e-01	-6.906270e-01	-4.276546e+00
2.437000e-01	-6.947172e-01	-4.279207e+00
2.438000e-01	-6.987885e-01	-4.281931e+00
2.439000e-01	-7.028404e-01	-4.284717e+00
2.440000e-01	-7.068724e-01	-4.287563e+00
2.441000e-01	-7.108840e-01	-4.290467e+00
2.442000e-01	-7.148745e-01	-4.293428e+00
2.443000e-01	-7.188435e-01	-4.296443e+00
2.444000e-01	-7.227905e-01	-4.299510e+00
2.445000e-01	-7.267149e-01	-4.302628e+00
2.446000e-01	-7.306162e-01	-4.305795e+00
2.447000e-01	-7.344940e-01	-4.309008e+00
2.448000e-01	-7.383477e-01	-4.312267e+00
2.449000e-01	-7.421768e-01	-4.315568e+00
2.450000e-01	-7.459809e-01	-4.318910e+00
2.451000e-01	-7.497593e-01	-4.322291e+00
2.452000e-01	-7.535117e-01	-4.325709e+00
2.453000e-01	-7.572375e-01	-4.329162e+00
2.454000e-01	-7.609362e-01	-4.332648e+00
2.455000e-01	-7.646074e-01	-4.336166e+00
2.456000e-01	-7.682505e-01	-4.339712e+00
2.457000e-01	-7.718650e-01	-4.343286e+00
2.458000e-01	-7.754505e-01	-4.346885e+00
2.459000e-01	-7.790064e-01	-4.350507e+00
2.460000e-01	-7.825323e-01	-4.354151e+00
2.461000e-01	-7.860277e-01	-4.357815e+00
2.462000e-01	-7.894920e-01	-4.361496e+00
2.463000e-01	-7.929248e-01	-4.365193e+00
2.464000e-01	-7.963257e-01	-4.368904e+00
2.465000e-01	-7.996941e-01	-4.372627e+00
2.466000e-01	-8.030295e-01	-4.376361e+00
2.467000e-01	-8.063315e-01	-4.380103e+00
2.468000e-01	-8.095997e-01	-4.383852e+00
2.469000e-01	-8.128335e-01	-4.387606e+00
2.470000e-01	-8.160326e-01	-4.391363e+00
2.471000e-01	-8.191965e-01	-4.395121e+00
2.472000e-01	-8.223248e-01	-4.398879e+00
2.473000e-01	-8.254170e-01	-4.402636e+00
2.474000e-01	-8.284727e-01	-4.406389e+00
2.475000e-01	-8.314916e-01	-4.410136e+00
2.476000e-01	-8.344732e-01	-4.413877e+00
2.477000e-01	-8.374173e-01	-4.417610e+00
2.478000e-01	-8.403233e-01	-4.421333e+00
2.479000e-01	-8.431909e-01	-4.425044e+00
2.480000e-01	-8.460199e-01	-4.428742e+00
2.481000e-01	-8.488098e-01	-4.432426e+00
2.482000e-01	-8.515604e-01	-4.436094e+00
2.483000e-01	-8.542712e-01	-4.439744e+00
2.484000e-01	-8.569421e-01	-4.443376e+00
2.485000e-01	-8.595727e-01	-4.446987e+00
2.486000e-01	-8.621628e-01	-4.450577e+00
2.487000e-01	-8.647120e-01	-4.454144e+00
2.488000e-01	-8.672201e-01	-4.457687e+00
2.489000e-01	-8.696867e-01	-4.461204e+00
2.490000e-01	-8.721117e-01	-4.464694e+00
2.491000e-01	-8.744948e-01	-4.468156e+00
2.492000e-01	-8.768358e-01	-4.471589e+00
2.493000e-01	-8.791343e-01	-4.474991e+00
2.494000e-01	-8.813901e-01	-4.478361e+00
2.495000e-01	-8.836030e-01	-4.481698e+00
2.496000e-01	-8.857728e-01	-4.485001e+00
2.497000e-01	-8.878991e-01	-4.488269e+00
2.498000e-01	-8.899817e-01	-4.491500e+00
2.499000e-01	-8.920205e-01	-4.494693e+00
2.500000e-01	-8.940150e-01	-4.497848e+00
2.501000e-01	-8.959651e-01	-4.500963e+00
2.502000e-01	-8.978705e-01	-4.504036e+00
2.503000e-01	-8.997309e-01	-4.507068e+00
2.504000e-01	-9.015461e-01	-4.510057e+00
2.505000e-01	-9.033158e-01	-4.513002e+00
2.506000e-01	-9.050396e-01	-4.515902e+00
2.507000e-01	-9.067174e-01	-4.518756e+00
2.508000e-01	-9.083489e-01	-4.521563e+00
2.509000e-01	-9.099336e-01	-4.524322e+00
2.510000e-01	-9.114714e-01	-4.527033e+00
2.511000e-01	-9.129620e-01	-4.529694e+00
2.512000e-01	-9.144050e-01	-4.532305e+00
2.513000e-01	-9.158001e-01	-4.534864e+00
2.514000e-01	-9.171470e-01	-4.537372e+00
2.515000e-01	-9.184455e-01	-4.539828e+00
2.516000e-01	-9.196951e-01	-4.542230e+00
2.517000e-01	-9.208957e-01	-4.544579e+00
2.518000e-01	-9.220468e-01	-4.546873e+00
2.519000e-01	-9.231482e-01	-4.549113e+00
2.520000e-01	-9.241996e-01	-4.551297e+00
2.521000e-01	-9.252006e-01	-4.553427e+00
2.522000e-01	-9.261510e-01	-4.555500e+00
2.523000e-01	-9.270505e-01	-4.557517e+00
2.524000e-01	-9.278987e-01	-4.559478e+00
2.525000e-01	-9.286953e-01	-4.561383e+00
2.526000e-01	-9.294402e-01	-4.563231e+00
2.527000e-01	-9.301330e-01	-4.565024e+00
2.528000e-01	-9.307734e-01	-4.566760e+00
2.529000e-01	-9.313611e-01	-4.568441e+00
2.530000e-01	-9.318960e-01	-4.570066e+00
2.531000e-01	-9.323777e-01	-4.571636e+00
2.532000e-01	-9.328060e-01	-4.573151e+00
2.533000e-01	-9.331807e-01	-4.574613e+00
2.534000e-01	-9.335015e-01	-4.576021e+00
2.535000e-01	-9.337681e-01	-4.577377e+00
2.536000e-01	-9.339805e-01	-4.578681e+00
2.537000e-01	-9.341383e-01	-4.579935e+00
2.538000e-01	-9.342413e-01	-4.581139e+00
2.539000e-01	-9.342894e-01	-4.582295e+00
2.540000e-01	-9.342823e-01	-4.583404e+00
2.541000e-01	-9.342198e-01	-4.584468e+00
2.542000e-01	-9.341018e-01	-4.585487e+00
2.543000e-01	-9.339281e-01	-4.586463e+00
2.544000e-01	-9.336984e-01	-4.587399e+00
2.545000e-01	-9.334127e-01	-4.588295e+00
2.546000e-01	-9.330707e-01	-4.589154e+00
2.547000e-01	-9.326722e-01	-4.589978e+00
2.548000e-01	-9.322172e-01	-4.590768e+00
2.549000e-01	-9.317054e-01	-4.591527e+00
2.550000e-01	-9.311367e-01	-4.592256e+00
2.551000e-01	-9.305110e-01	-4.592959e+00
2.552000e-01	-9.298281e-01	-4.593637e+00
2.553000e-01	-9.290878e-01	-4.594292e+00
2.554000e-01	-9.282901e-01	-4.594928e+00
2.555000e-01	-9.274347e-01	-4.595547e+00
2.556000e-01	-9.265216e-01	-4.596151e+00
2.557000e-01	-9.255507e-01	-4.596742e+00
2.558000e-01	-9.245218e-01	-4.597324e+00
2.559000e-01	-9.234349e-01	-4.597899e+00
2.560000e-01	-9.222898e-01	-4.598471e+00
2.561000e-01	-9.210864e-01	-4.599041e+00
2.562000e-01	-9.198247e-01	-4.599613e+00
2.563000e-01	-9.185046e-01	-4.600190e+00
2.564000e-01	-9.171261e-01	-4.600773e+00
2.565000e-01	-9.156890e-01	-4.601367e+00
2.566000e-01	-9.141934e-01	-4.601974e+00
2.567000e-01	-9.126393e-01	-4.602598e+00
2.568000e-01	-9.110267e-01	-4.603239e+00
2.569000e-01	-9.093556e-01	-4.603903e+00
2.570000e-01	-9.076261e-01	-4.604592e+00
2.571000e-01	-9.058382e-01	-4.605307e+00
2.572000e-01	-9.039920e-01	-4.606054e+00
2.573000e-01	-9.020877e-01	-4.606833e+00
2.574000e-01	-9.001254e-01	-4.607649e+00
2.575000e-01	-8.981052e-01	-4.608503e+00
2.576000e-01	-8.960274e-01	-4.609398e+00
2.577000e-01	-8.938921e-01	-4.610338e+00
2.578000e-01	-8.916997e-01	-4.611324e+00
2.579000e-01	-8.894502e-01	-4.612359e+00
2.580000e-01	-8.871442e-01	-4.613446e+00
2.581000e-01	-8.847817e-01	-4.614587e+00
2.582000e-01	-8.823633e-01	-4.615784e+00
2.583000e-01	-8.798892e-01	-4.617040e+00
2.584000e-01	-8.773599e-01	-4.618356e+00
2.585000e-01	-8.747756e-01	-4.619735e+00
2.586000e-01	-8.721370e-01	-4.621178e+00
2.587000e-01	-8.694444e-01	-4.622688e+00
2.588000e-01	-8.666982e-01	-4.624265e+00
2.589000e-01	-8.638991e-01	-4.625912e+00
2.590000e-01	-8.610474e-01	-4.627630e+00
2.591000e-01	-8.581437e-01	-4.629420e+00
2.592000e-01	-8.551886e-01	-4.631283e+00
2.593000e-01	-8.521827e-01	-4.633221e+00
2.594000e-01	-8.491265e-01	-4.635233e+00
2.595000e-01	-8.460207e-01	-4.637322e+00
2.596000e-01	-8.428658e-01	-4.639487e+00
2.597000e-01	-8.396624e-01	-4.641729e+00
2.598000e-01	-8.364114e-01	-4.644048e+00
2.599000e-01	-8.331132e-01	-4.646444e+00
2.600000e-01	-8.297685e-01	-4.648917e+00
2.601000e-01	-8.263781e-01	-4.651467e+00
2.602000e-01	-8.229425e-01	-4.654093e+00
2.603000e-01	-8.194626e-01	-4.656795e+00
2.604000e-01	-8.159390e-01	-4.659572e+00
2.605000e-01	-8.123724e-01	-4.662423e+00
2.606000e-01	-8.087636e-01	-4.665346e+00
2.607000e-01	-8.051132e-01	-4.668342e+00
2.608000e-01	-8.014222e-01	-4.671408e+00
2.609000e-01	-7.976911e-01	-4.674542e+00
2.610000e-01	-7.939207e-01	-4.677743e+00
2.611000e-01	-7.901119e-01	-4.681010e+00
2.612000e-01	-7.862654e-01	-4.684339e+00
2.613000e-01	-7.823820e-01	-4.687729e+00
2.614000e-01	-7.784625e-01	-4.691178e+00
2.615000e-01	-7.745077e-01	-4.694683e+00
2.616000e-01	-7.705184e-01	-4.698241e+00
2.617000e-01	-7.664954e-01	-4.701851e+00
2.618000e-01	-7.624395e-01	-4.705508e+00
2.619000e-01	-7.583517e-01	-4.709210e+00
2.620000e-01	-7.542326e-01	-4.712954e+00
2.621000e-01	-7.500833e-01	-4.716737e+00
2.622000e-01	-7.459045e-01	-4.720555e+00
2.623000e-01	-7.416971e-01	-4.724406e+00
2.624000e-01	-7.374619e-01	-4.728285e+00
2.625000e-01	-7.332000e-01	-4.732190e+00
2.626000e-01	-7.289120e-01	-4.736117e+00
2.627000e-01	-7.245990e-01	-4.740061e+00
2.628000e-01	-7.202618e-01	-4.744020e+00
2.629000e-01	-7.159014e-01	-4.747990e+00
2.630000e-01	-7.115185e-01	-4.751967e+00
2.631000e-01	-7.071142e-01	-4.755947e+00
2.632000e-01	-7.026893e-01	-4.759927e+00
2.633000e-01	-6.982447e-01	-4.763902e+00
2.634000e-01	-6.937814e-01	-4.767869e+00
2.635000e-01	-6.893002e-01	-4.771824e+00
2.636000e-01	-6.848021e-01	-4.775763e+00
2.637000e-01	-6.802880e-01	-4.779683e+00
2.638000e-01	-6.757587e-01	-4.783579e+00
2.639000e-01	-6.712151e-01	-4.787449e+00
2.640000e-01	-6.666582e-01	-4.791287e+00
2.641000e-01	-6.620889e-01	-4.795091e+00
2.642000e-01	-6.575079e-01	-4.798857e+00
2.643000e-01	-6.529163e-01	-4.802581e+00
2.644000e-01	-6.483148e-01	-4.806260e+00
2.645000e-01	-6.437042e-01	-4.809891e+00
2.646000e-01	-6.390856e-01	-4.813470e+00
2.647000e-01	-6.344596e-01	-4.816994e+00
2.648000e-01	-6.298271e-01	-4.820460e+00
2.649000e-01	-6.251889e-01	-4.823864e+00
2.650000e-01	-6.205458e-01	-4.827204e+00
2.651000e-01	-6.158986e-01	-4.830478e+00
2.652000e-01	-6.112481e-01	-4.833681e+00
2.653000e-01	-6.065951e-01	-4.836812e+00
2.654000e-01	-6.019403e-01	-4.839868e+00
2.655000e-01	-5.972846e-01	-4.842847e+00
2.656000e-01	-5.926285e-01	-4.845746e+00
2.657000e-01	-5.879728e-01	-4.848564e+00
2.658000e-01	-5.833182e-01	-4.851299e+00
2.659000e-01	-5.786655e-01	-4.853948e+00
2.660000e-01	-5.740154e-01	-4.856510e+00
2.661000e-01	-5.693684e-01	-4.858984e+00
2.662000e-01	-5.647254e-01	-4.861369e+00
2.663000e-01	-5.600870e-01	-4.863662e+00
2.664000e-01	-5.554538e-01	-4.865864e+00
2.665000e-01	-5.508266e-01	-4.867972e+00
2.666000e-01	-5.462059e-01	-4.869988e+00
2.667000e-01	-5.415924e-01	-4.871909e+00
2.668000e-01	-5.369868e-01	-4.873736e+00
2.669000e-01	-5.323898e-01	-4.875469e+00
2.670000e-01	-5.278018e-01	-4.877107e+00
2.671000e-01	-5.232237e-01	-4.878651e+00
2.672000e-01	-5.186560e-01	-4.880101e+00
2.673000e-01	-5.140993e-01	-4.881457e+00
2.674000e-01	-5.095543e-01	-4.882721e+00
2.675000e-01	-5.050216e-01	-4.883893e+00
2.676000e-01	-5.005019e-01	-4.884973e+00
2.677000e-01	-4.959956e-01	-4.885964e+00
2.678000e-01	-4.915036e-01	-4.886867e+00
2.679000e-01	-4.870263e-01	-4.887682e+00
2.680000e-01	-4.825645e-01	-4.888413e+00
2.681000e-01	-4.781186e-01	-4.889059e+00
2.682000e-01	-4.736894e-01	-4.889624e+00
2.683000e-01	-4.692774e-01	-4.890110e+00
2.684000e-01	-4.648833e-01	-4.890518e+00
2.685000e-01	-4.605075e-01	-4.890851e+00
2.686000e-01	-4.561509e-01	-4.891111e+00
2.687000e-01	-4.518138e-01	-4.891302e+00
2.688000e-01	-4.474969e-01	-4.891425e+00
2.689000e-01	-4.432008e-01	-4.891484e+00
2.690000e-01	-4.389261e-01	-4.891482e+00
2.691000e-01	-4.346733e-01	-4.891421e+00
2.692000e-01	-4.304429e-01	-4.891304e+00
2.693000e-01	-4.262356e-01	-4.891135e+00
2.694000e-01	-4.220519e-01	-4.890918e+00
2.695000e-01	-4.178923e-01	-4.890654e+00
2.696000e-01	-4.137574e-01	-4.890349e+00
2.697000e-01	-4.096477e-01	-4.890004e+00
2.698000e-01	-4.055637e-01	-4.889625e+00
2.699000e-01	-4.015060e-01	-4.889214e+00
2.700000e-01	-3.974750e-01	-4.888775e+00
2.701000e-01	-3.934712e-01	-4.888312e+00
2.702000e-01	-3.894951e-01	-4.887828e+00
2.703000e-01	-3.855471e-01	-4.887327e+00
2.704000e-01	-3.816277e-01	-4.886813e+00
2.705000e-01	-3.777373e-01	-4.886289e+00
2.706000e-01	-3.738764e-01	-4.885760e+00
2.707000e-01	-3.700453e-01	-4.885228e+00
2.708000e-01	-3.662446e-01	-4.884699e+00
2.709000e-01	-3.624745e-01	-4.884174e+00
2.710000e-01	-3.587355e-01	-4.883659e+00
2.711000e-01	-3.550279e-01	-4.883157e+00
2.712000e-01	-3.513521e-01	-4.882671e+00
2.713000e-01	-3.477086e-01	-4.882206e+00
2.714000e-01	-3.440975e-01	-4.881764e+00
2.715000e-01	-3.405194e-01	-4.881349e+00
2.716000e-01	-3.369745e-01	-4.880965e+00
2.717000e-01	-3.334632e-01	-4.880615e+00
2.718000e-01	-3.299859e-01	-4.880302e+00
2.719000e-01	-3.265428e-01	-4.880030e+00
2.720000e-01	-3.231343e-01	-4.879803e+00
2.721000e-01	-3.197608e-01	-4.879623e+00
2.722000e-01	-3.164225e-01	-4.879493e+00
2.723000e-01	-3.131198e-01	-4.879416e+00
2.724000e-01	-3.098531e-01	-4.879396e+00
2.725000e-01	-3.066227e-01	-4.879434e+00
2.726000e-01	-3.034288e-01	-4.879535e+00
2.727000e-01	-3.002719e-01	-4.879700e+00
2.728000e-01	-2.971523e-01	-4.879933e+00
2.729000e-01	-2.940702e-01	-4.880235e+00
2.730000e-01	-2.910260e-01	-4.880609e+00
2.731000e-01	-2.880201e-01	-4.881057e+00
2.732000e-01	-2.850528e-01	-4.881581e+00
2.733000e-01	-2.821243e-01	-4.882184e+00
2.734000e-01	-2.792350e-01	-4.882867e+00
2.735000e-01	-2.763853e-01	-4.883633e+00
2.736000e-01	-2.735754e-01	-4.884482e+00
2.737000e-01	-2.708057e-01	-4.885417e+00
2.738000e-01	-2.680765e-01	-4.886438e+00
2.739000e-01	-2.653880e-01	-4.887548e+00
2.740000e-01	-2.627406e-01	-4.888748e+00
2.741000e-01	-2.601345e-01	-4.890037e+00
2.742000e-01	-2.575701e-01	-4.891419e+00
2.743000e-01	-2.550477e-01	-4.892893e+00
2.744000e-01	-2.525674e-01	-4.894460e+00
2.745000e-01	-2.501296e-01	-4.896120e+00
2.746000e-01	-2.477345e-01	-4.897875e+00
2.747000e-01	-2.453824e-01	-4.899725e+00
2.748000e-01	-2.430736e-01	-4.901669e+00
2.749000e-01	-2.408081e-01	-4.903709e+00
2.750000e-01	-2.385864e-01	-4.905844e+00
2.751000e-01	-2.364085e-01	-4.908073e+00
2.752000e-01	-2.342747e-01	-4.910397e+00
2.753000e-01	-2.321852e-01	-4.912816e+00
2.754000e-01	-2.301401e-01	-4.915329e+00
2.755000e-01	-2.281397e-01	-4.917935e+00
2.756000e-01	-2.261841e-01	-4.920634e+00
2.757000e-01	-2.242733e-01	-4.923425e+00
2.758000e-01	-2.224077e-01	-4.926307e+00
2.759000e-01	-2.205871e-01	-4.929279e+00
2.760000e-01	-2.188119e-01	-4.932340e+00
2.761000e-01	-2.170821e-01	-4.935490e+00
2.762000e-01	-2.153978e-01	-4.938726e+00
2.763000e-01	-2.137591e-01	-4.942047e+00
2.764000e-01	-2.121661e-01	-4.945452e+00
2.765000e-01	-2.106190e-01	-4.948940e+00
2.766000e-01	-2.091178e-01	-4.952509e+00
2.767000e-01	-2.076626e-01	-4.956156e+00
2.768000e-01	-2.062536e-01	-4.959881e+00
2.769000e-01	-2.048908e-01	-4.963682e+00
2.770000e-01	-2.035744e-01	-4.967556e+00
2.771000e-01	-2.023045e-01	-4.971502e+00
2.772000e-01	-2.010811e-01	-4.975518e+00
2.773000e-01	-1.999045e-01	-4.979601e+00
2.774000e-01	-1.987746e-01	-4.983750e+00
2.775000e-01	-1.976918e-01	-4.987962e+00
2.776000e-01	-1.966561e-01	-4.992235e+00
2.777000e-01	-1.956677e-01	-4.996566e+00
2.778000e-01	-1.947267e-01	-5.000954e+00
2.779000e-01	-1.938333e-01	-5.005396e+00
2.780000e-01	-1.929876e-01	-5.009889e+00
2.781000e-01	-1.921898e-01	-5.014431e+00
2.782000e-01	-1.914402e-01	-5.019020e+00
2.783000e-01	-1.907387e-01	-5.023652e+00
2.784000e-01	-1.900857e-01	-5.028326e+00
2.785000e-01	-1.894812e-01	-5.033038e+00
2.786000e-01	-1.889256e-01	-5.037786e+00
2.787000e-01	-1.884188e-01	-5.042567e+00
2.788000e-01	-1.879611e-01	-5.047378e+00
2.789000e-01	-1.875526e-01	-5.052217e+00
2.790000e-01	-1.871936e-01	-5.057081e+00
2.791000e-01	-1.868840e-01	-5.061966e+00
2.792000e-01	-1.866241e-01	-5.066871e+00
2.793000e-01	-1.864140e-01	-5.071791e+00
2.794000e-01	-1.862537e-01	-5.076725e+00
2.795000e-01	-1.861435e-01	-5.081669e+00
2.796000e-01	-1.860834e-01	-5.086621e+00
2.797000e-01	-1.860734e-01	-5.091576e+00
2.798000e-01	-1.861136e-01	-5.096533e+00
2.799000e-01	-1.862042e-01	-5.101489e+00
2.800000e-01	-1.863450e-01	-5.106440e+00
2.801000e-01	-1.865362e-01	-5.111383e+00
2.802000e-01	-1.867778e-01	-5.116316e+00
2.803000e-01	-1.870698e-01	-5.121235e+00
2.804000e-01	-1.874121e-01	-5.126137e+00
2.805000e-01	-1.878048e-01	-5.131019e+00
2.806000e-01	-1.882479e-01	-5.135879e+00
2.807000e-01	-1.887412e-01	-5.140714e+00
2.808000e-01	-1.892848e-01	-5.145519e+00
2.809000e-01	-1.898785e-01	-5.150293e+00
2.810000e-01	-1.905224e-01	-5.155033e+00
2.811000e-01	-1.912163e-01	-5.159734e+00
2.812000e-01	-1.919603e-01	-5.164396e+00
2.813000e-01	-1.927541e-01	-5.169014e+00
2.814000e-01	-1.935978e-01	-5.173586e+00
2.815000e-01	-1.944913e-01	-5.178109e+00
2.816000e-01	-1.954344e-01	-5.182579e+00
2.817000e-01	-1.964271e-01	-5.186996e+00
2.818000e-01	-1.974694e-01	-5.191355e+00
2.819000e-01	-1.985610e-01	-5.195653e+00
2.820000e-01	-1.997021e-01	-5.199889e+00
2.821000e-01	-2.008924e-01	-5.204060e+00
2.822000e-01	-2.021319e-01	-5.208163e+00
2.823000e-01	-2.034205e-01	-5.212195e+00
2.824000e-01	-2.047582e-01	-5.216154e+00
2.825000e-01	-2.061450e-01	-5.220038e+00
2.826000e-01	-2.075806e-01	-5.223844e+00
2.827000e-01	-2.090651e-01	-5.227570e+00
2.828000e-01	-2.105985e-01	-5.231213e+00
2.829000e-01	-2.121806e-01	-5.234772e+00
2.830000e-01	-2.138113e-01	-5.238245e+00
2.831000e-01	-2.154907e-01	-5.241628e+00
2.832000e-01	-2.172187e-01	-5.244921e+00
2.833000e-01	-2.189952e-01	-5.248121e+00
2.834000e-01	-2.208201e-01	-5.251227e+00
2.835000e-01	-2.226933e-01	-5.254236e+00
2.836000e-01	-2.246149e-01	-5.257148e+00
2.837000e-01	-2.265846e-01	-5.259959e+00
2.838000e-01	-2.286023e-01	-5.262670e+00
2.839000e-01	-2.306673e-01	-5.265277e+00
2.840000e-01	-2.327753e-01	-5.267777e+00
2.841000e-01	-2.349219e-01	-5.270165e+00
2.842000e-01	-2.371028e-01	-5.272436e+00
2.843000e-01	-2.393136e-01	-5.274587e+00
2.844000e-01	-2.415501e-01	-5.276614e+00
2.845000e-01	-2.438084e-01	-5.278514e+00
2.846000e-01	-2.460845e-01	-5.280282e+00
2.847000e-01	-2.483746e-01	-5.281915e+00
2.848000e-01	-2.506752e-01	-5.283412e+00
2.849000e-01	-2.529829e-01	-5.284768e+00
2.850000e-01	-2.552947e-01	-5.285983e+00
2.851000e-01	-2.576076e-01	-5.287055e+00
2.852000e-01	-2.599191e-01	-5.287981e+00
2.853000e-01	-2.622268e-01	-5.288761e+00
2.854000e-01	-2.645287e-01	-5.289395e+00
2.855000e-01	-2.668230e-01	-5.289881e+00
2.856000e-01	-2.691082e-01	-5.290221e+00
2.857000e-01	-2.713833e-01	-5.290414e+00
2.858000e-01	-2.736475e-01	-5.290462e+00
2.859000e-01	-2.759002e-01	-5.290367e+00
2.860000e-01	-2.781412e-01	-5.290129e+00
2.861000e-01	-2.803708e-01	-5.289752e+00
2.862000e-01	-2.825893e-01	-5.289237e+00
2.863000e-01	-2.847976e-01	-5.288589e+00
2.864000e-01	-2.869968e-01	-5.287811e+00
2.865000e-01	-2.891883e-01	-5.286905e+00
2.866000e-01	-2.913737e-01	-5.285878e+00
2.867000e-01	-2.935551e-01	-5.284733e+00
2.868000e-01	-2.957346e-01	-5.283476e+00
2.869000e-01	-2.979147e-01	-5.282111e+00
2.870000e-01	-3.000982e-01	-5.280644e+00
2.871000e-01	-3.022879e-01	-5.279082e+00
2.872000e-01	-3.044871e-01	-5.277430e+00
2.873000e-01	-3.066989e-01	-5.275695e+00
2.874000e-01	-3.089269e-01	-5.273883e+00
2.875000e-01	-3.111747e-01	-5.272001e+00
2.876000e-01	-3.134458e-01	-5.270056e+00
2.877000e-01	-3.157442e-01	-5.268056e+00
2.878000e-01	-3.180736e-01	-5.266008e+00
2.879000e-01	-3.204379e-01	-5.263918e+00
2.880000e-01	-3.228409e-01	-5.261794e+00
2.881000e-01	-3.252864e-01	-5.259644e+00
2.882000e-01	-3.277783e-01	-5.257475e+00
2.883000e-01	-3.303201e-01	-5.255295e+00
2.884000e-01	-3.329153e-01	-5.253110e+00
2.885000e-01	-3.355669e-01	-5.250928e+00
2.886000e-01	-3.382778e-01	-5.248755e+00
2.887000e-01	-3.410503e-01	-5.246598e+00
2.888000e-01	-3.438865e-01	-5.244463e+00
2.889000e-01	-3.467880e-01	-5.242355e+00
2.890000e-01	-3.497557e-01	-5.240281e+00
2.891000e-01	-3.527902e-01	-5.238246e+00
2.892000e-01	-3.558916e-01	-5.236253e+00
2.893000e-01	-3.590592e-01	-5.234308e+00
2.894000e-01	-3.622921e-01	-5.232414e+00
2.895000e-01	-3.655886e-01	-5.230574e+00
2.896000e-01	-3.689466e-01	-5.228791e+00
2.897000e-01	-3.723637e-01	-5.227069e+00
2.898000e-01	-3.758367e-01	-5.225408e+00
2.899000e-01	-3.793623e-01	-5.223812e+00
2.900000e-01	-3.829367e-01	-5.222282e+00
2.901000e-01	-3.865559e-01	-5.220818e+00
2.902000e-01	-3.902155e-01	-5.219423e+00
2.903000e-01	-3.939110e-01	-5.218097e+00
2.904000e-01	-3.976379e-01	-5.216841e+00
2.905000e-01	-4.013914e-01	-5.215655e+00
2.906000e-01	-4.051669e-01	-5.214541e+00
2.907000e-01	-4.089599e-01	-5.213498e+00
2.908000e-01	-4.127658e-01	-5.212529e+00
2.909000e-01	-4.165805e-01	-5.211633e+00
2.910000e-01	-4.203999e-01	-5.210813e+00
2.911000e-01	-4.242204e-01	-5.210068e+00
2.912000e-01	-4.280385e-01	-5.209400e+00
2.913000e-01	-4.318514e-01	-5.208811e+00
2.914000e-01	-4.356564e-01	-5.208303e+00
2.915000e-01	-4.394516e-01	-5.207879e+00
2.916000e-01	-4.432354e-01	-5.207539e+00
2.917000e-01	-4.470065e-01	-5.207288e+00
2.918000e-01	-4.507644e-01	-5.207128e+00
2.919000e-01	-4.545089e-01	-5.207062e+00
2.920000e-01	-4.582403e-01	-5.207095e+00
2.921000e-01	-4.619593e-01	-5.207229e+00
2.922000e-01	-4.656672e-01	-5.207469e+00
2.923000e-01	-4.693654e-01	-5.207818e+00
2.924000e-01	-4.730561e-01	-5.208282e+00
2.925000e-01	-4.767412e-01	-5.208864e+00
2.926000e-01	-4.804232e-01	-5.209569e+00
2.927000e-01	-4.841046e-01	-5.210401e+00
2.928000e-01	-4.877883e-01	-5.211365e+00
2.929000e-01	-4.914770e-01	-5.212464e+00
2.930000e-01	-4.951736e-01	-5.213702e+00
2.931000e-01	-4.988807e-01	-5.215085e+00
2.932000e-01	-5.026012e-01	-5.216614e+00
2.933000e-01	-5.063375e-01	-5.218294e+00
2.934000e-01	-5.100919e-01	-5.220127e+00
2.935000e-01	-5.138664e-01	-5.222116e+00
2.936000e-01	-5.176628e-01	-5.224264e+00
2.937000e-01	-5.214825e-01	-5.226571e+00
2.938000e-01	-5.253262e-01	-5.229039e+00
2.939000e-01	-5.291948e-01	-5.231669e+00
2.940000e-01	-5.330882e-01	-5.234461e+00
2.941000e-01	-5.370061e-01	-5.237414e+00
2.942000e-01	-5.409477e-01	-5.240528e+00
2.943000e-01	-5.449117e-01	-5.243802e+00
2.944000e-01	-5.488966e-01	-5.247233e+00
2.945000e-01	-5.529000e-01	-5.250819e+00
2.946000e-01	-5.569196e-01	-5.254557e+00
2.947000e-01	-5.609522e-01	-5.258445e+00
2.948000e-01	-5.649948e-01	-5.262477e+00
2.949000e-01	-5.690436e-01	-5.266650e+00
2.950000e-01	-5.730949e-01	-5.270959e+00
2.951000e-01	-5.771445e-01	-5.275400e+00
2.952000e-01	-5.811884e-01	-5.279968e+00
2.953000e-01	-5.852222e-01	-5.284656e+00
2.954000e-01	-5.892415e-01	-5.289461e+00
2.955000e-01	-5.932421e-01	-5.294375e+00
2.956000e-01	-5.972196e-01	-5.299395e+00
2.957000e-01	-6.011701e-01	-5.304513e+00
2.958000e-01	-6.050895e-01	-5.309724e+00
2.959000e-01	-6.089741e-01	-5.315024e+00
2.960000e-01	-6.128206e-01	-5.320405e+00
2.961000e-01	-6.166258e-01	-5.325864e+00
2.962000e-01	-6.203871e-01	-5.331394e+00
2.963000e-01	-6.241020e-01	-5.336991e+00
2.964000e-01	-6.277688e-01	-5.342651e+00
2.965000e-01	-6.313859e-01	-5.348368e+00
2.966000e-01	-6.349523e-01	-5.354138e+00
2.967000e-01	-6.384675e-01	-5.359958e+00
2.968000e-01	-6.419312e-01	-5.365823e+00
2.969000e-01	-6.453439e-01	-5.371731e+00
2.970000e-01	-6.487063e-01	-5.377677e+00
2.971000e-01	-6.520195e-01	-5.383659e+00
2.972000e-01	-6.552851e-01	-5.389675e+00
2.973000e-01	-6.585048e-01	-5.395720e+00
2.974000e-01	-6.616808e-01	-5.401793e+00
2.975000e-01	-6.648155e-01	-5.407891e+00
2.976000e-01	-6.679115e-01	-5.414012e+00
2.977000e-01	-6.709714e-01	-5.420153e+00
2.978000e-01	-6.739982e-01	-5.426312e+00
2.979000e-01	-6.769946e-01	-5.432487e+00
2.980000e-01	-6.799636e-01	-5.438676e+00
2.981000e-01	-6.829078e-01	-5.444875e+00
2.982000e-01	-6.858299e-01	-5.451082e+00
2.983000e-01	-6.887322e-01	-5.457295e+00
2.984000e-01	-6.916173e-01	-5.463509e+00
2.985000e-01	-6.944872e-01	-5.469722e+00
2.986000e-01	-6.973435e-01	-5.475931e+00
2.987000e-01	-7.001877e-01	-5.482130e+00
2.988000e-01	-7.030206e-01	-5.488317e+00
2.989000e-01	-7.058431e-01	-5.494486e+00
2.990000e-01	-7.086551e-01	-5.500634e+00
2.991000e-01	-7.114566e-01	-5.506755e+00
2.992000e-01	-7.142470e-01	-5.512843e+00
2.993000e-01	-7.170252e-01	-5.518895e+00
2.994000e-01	-7.197898e-01	-5.524903e+00
2.995000e-01	-7.225391e-01	-5.530862e+00
2.996000e-01	-7.252708e-01	-5.536765e+00
2.997000e-01	-7.279827e-01	-5.542608e+00
2.998000e-01	-7.306716e-01	-5.548382e+00
2.999000e-01	-7.333348e-01	-5.554081e+00
3.000000e-01	-7.359692e-01	-5.559700e+00
3.001000e-01	-7.385715e-01	-5.565233e+00
3.002000e-01	-7.411386e-01	-5.570672e+00
3.003000e-01	-7.436668e-01	-5.576012e+00
3.004000e-01	-7.461524e-01	-5.581246e+00
3.005000e-01	-7.485922e-01	-5.586369e+00
3.006000e-01	-7.509827e-01	-5.591374e+00
3.007000e-01	-7.533211e-01	-5.596257e+00
3.008000e-01	-7.556043e-01	-5.601012e+00
3.009000e-01	-7.578298e-01	-5.605635e+00
3.010000e-01	-7.599951e-01	-5.610122e+00
3.011000e-01	-7.620982e-01	-5.614468e+00
3.012000e-01	-7.641373e-01	-5.618670e+00
3.013000e-01	-7.661112e-01	-5.622725e+00
3.014000e-01	-7.680190e-01	-5.626631e+00
3.015000e-01	-7.698602e-01	-5.630386e+00
3.016000e-01	-7.716352e-01	-5.633987e+00
3.017000e-01	-7.733463e-01	-5.637430e+00
3.018000e-01	-7.749966e-01	-5.640710e+00
3.019000e-01	-7.765894e-01	-5.643824e+00
3.020000e-01	-7.781283e-01	-5.646767e+00
3.021000e-01	-7.796174e-01	-5.649538e+00
3.022000e-01	-7.810605e-01	-5.652134e+00
3.023000e-01	-7.824620e-01	-5.654554e+00
3.024000e-01	-7.838264e-01	-5.656797e+00
3.025000e-01	-7.851579e-01	-5.658862e+00
3.026000e-01	-7.864610e-01	-5.660750e+00
3.027000e-01	-7.877401e-01	-5.662461e+00
3.028000e-01	-7.889994e-01	-5.663997e+00
3.029000e-01	-7.902430e-01	-5.665360e+00
3.030000e-01	-7.914748e-01	-5.666551e+00
3.031000e-01	-7.926983e-01	-5.667573e+00
3.032000e-01	-7.939168e-01	-5.668429e+00
3.033000e-01	-7.951330e-01	-5.669123e+00
3.034000e-01	-7.963496e-01	-5.669659e+00
3.035000e-01	-7.975684e-01	-5.670039e+00
3.036000e-01	-7.987910e-01	-5.670270e+00
3.037000e-01	-8.000184e-01	-5.670354e+00
3.038000e-01	-8.012512e-01	-5.670298e+00
3.039000e-01	-8.024893e-01	-5.670105e+00
3.040000e-01	-8.037321e-01	-5.669781e+00
3.041000e-01	-8.049786e-01	-5.669331e+00
3.042000e-01	-8.062272e-01	-5.668761e+00
3.043000e-01	-8.074758e-01	-5.668076e+00
3.044000e-01	-8.087219e-01	-5.667281e+00
3.045000e-01	-8.099625e-01	-5.666382e+00
3.046000e-01	-8.111943e-01	-5.665385e+00
3.047000e-01	-8.124134e-01	-5.664296e+00
3.048000e-01	-8.136161e-01	-5.663120e+00
3.049000e-01	-8.147978e-01	-5.661863e+00
3.050000e-01	-8.159543e-01	-5.660532e+00
3.051000e-01	-8.170809e-01	-5.659132e+00
3.052000e-01	-8.181730e-01	-5.657668e+00
3.053000e-01	-8.192258e-01	-5.656148e+00
3.054000e-01	-8.202348e-01	-5.654578e+00
3.055000e-01	-8.211955e-01	-5.652963e+00
3.056000e-01	-8.221035e-01	-5.651309e+00
3.057000e-01	-8.229550e-01	-5.649624e+00
3.058000e-01	-8.237462e-01	-5.647912e+00
3.059000e-01	-8.244740e-01	-5.646179e+00
3.060000e-01	-8.251355e-01	-5.644432e+00
3.061000e-01	-8.257286e-01	-5.642675e+00
3.062000e-01	-8.262515e-01	-5.640915e+00
3.063000e-01	-8.267032e-01	-5.639156e+00
3.064000e-01	-8.270834e-01	-5.637404e+00
3.065000e-01	-8.273920e-01	-5.635662e+00
3.066000e-01	-8.276301e-01	-5.633935e+00
3.067000e-01	-8.277990e-01	-5.632228e+00
3.068000e-01	-8.279007e-01	-5.630543e+00
3.069000e-01	-8.279379e-01	-5.628886e+00
3.070000e-01	-8.279137e-01	-5.627259e+00
3.071000e-01	-8.278318e-01	-5.625665e+00
3.072000e-01	-8.276960e-01	-5.624108e+00
3.073000e-01	-8.275110e-01	-5.622590e+00
3.074000e-01	-8.272813e-01	-5.621113e+00
3.075000e-01	-8.270119e-01	-5.619680e+00
3.076000e-01	-8.267078e-01	-5.618293e+00
3.077000e-01	-8.263742e-01	-5.616954e+00
3.078000e-01	-8.260161e-01	-5.615666e+00
3.079000e-01	-8.256386e-01	-5.614430e+00
3.080000e-01	-8.252463e-01	-5.613248e+00
3.081000e-01	-8.248442e-01	-5.612123e+00
3.082000e-01	-8.244360e-01	-5.611056e+00
3.083000e-01	-8.240260e-01	-5.610049e+00
3.084000e-01	-8.236174e-01	-5.609104e+00
3.085000e-01	-8.232134e-01	-5.608224e+00
3.086000e-01	-8.228163e-01	-5.607410e+00
3.087000e-01	-8.224279e-01	-5.606665e+00
3.088000e-01	-8.220494e-01	-5.605991e+00
3.089000e-01	-8.216814e-01	-5.605390e+00
3.090000e-01	-8.213240e-01	-5.604866e+00
3.091000e-01	-8.209766e-01	-5.604420e+00
3.092000e-01	-8.206380e-01	-5.604055e+00
3.093000e-01	-8.203066e-01	-5.603774e+00
3.094000e-01	-8.199801e-01	-5.603580e+00
3.095000e-01	-8.196557e-01	-5.603475e+00
3.096000e-01	-8.193304e-01	-5.603462e+00
3.097000e-01	-8.190006e-01	-5.603544e+00
3.098000e-01	-8.186625e-01	-5.603723e+00
3.099000e-01	-8.183119e-01	-5.604002e+00
3.100000e-01	-8.179446e-01	-5.604384e+00
3.101000e-01	-8.175561e-01	-5.604869e+00
3.102000e-01	-8.171421e-01	-5.605462e+00
3.103000e-01	-8.166981e-01	-5.606163e+00
3.104000e-01	-8.162200e-01	-5.606975e+00
3.105000e-01	-8.157036e-01	-5.607898e+00
3.106000e-01	-8.151451e-01	-5.608935e+00
3.107000e-01	-8.145409e-01	-5.610086e+00
3.108000e-01	-8.138880e-01	-5.611352e+00
3.109000e-01	-8.131837e-01	-5.612733e+00
3.110000e-01	-8.124256e-01	-5.614230e+00
3.111000e-01	-8.116120e-01	-5.615842e+00
3.112000e-01	-8.107416e-01	-5.617570e+00
3.113000e-01	-8.098138e-01	-5.619411e+00
3.114000e-01	-8.088284e-01	-5.621366e+00
3.115000e-01	-8.077858e-01	-5.623433e+00
3.116000e-01	-8.066869e-01	-5.625611e+00
3.117000e-01	-8.055331e-01	-5.627898e+00
3.118000e-01	-8.043264e-01	-5.630292e+00
3.119000e-01	-8.030690e-01	-5.632791e+00
3.120000e-01	-8.017639e-01	-5.635393e+00
3.121000e-01	-8.004139e-01	-5.638095e+00
3.122000e-01	-7.990227e-01	-5.640896e+00
3.123000e-01	-7.975937e-01	-5.643792e+00
3.124000e-01	-7.961308e-01	-5.646782e+00
3.125000e-01	-7.946379e-01	-5.649862e+00
3.126000e-01	-7.931188e-01	-5.653030e+00
3.127000e-01	-7.915775e-01	-5.656284e+00
3.128000e-01	-7.900178e-01	-5.659621e+00
3.129000e-01	-7.884431e-01	-5.663039e+00
3.130000e-01	-7.868569e-01	-5.666536e+00
3.131000e-01	-7.852622e-01	-5.670109e+00
3.132000e-01	-7.836616e-01	-5.673757e+00
3.133000e-01	-7.820575e-01	-5.677478e+00
3.134000e-01	-7.804517e-01	-5.681269e+00
3.135000e-01	-7.788455e-01	-5.685130e+00
3.136000e-01	-7.772398e-01	-5.689058e+00
3.137000e-01	-7.756349e-01	-5.693053e+00
3.138000e-01	-7.740306e-01	-5.697113e+00
3.139000e-01	-7.724262e-01	-5.701237e+00
3.140000e-01	-7.708205e-01	-5.705424e+00
3.141000e-01	-7.692117e-01	-5.709673e+00
3.142000e-01	-7.675975e-01	-5.713982e+00
3.143000e-01	-7.659753e-01	-5.718351e+00
3.144000e-01	-7.643421e-01	-5.722779e+00
3.145000e-01	-7.626943e-01	-5.727264e+00
3.146000e-01	-7.610284e-01	-5.731805e+00
3.147000e-01	-7.593403e-01	-5.736401e+00
3.148000e-01	-7.576259e-01	-5.741051e+00
3.149000e-01	-7.558809e-01	-5.745753e+00
3.150000e-01	-7.541011e-01	-5.750504e+00
3.151000e-01	-7.522822e-01	-5.755304e+00
3.152000e-01	-7.504200e-01	-5.760149e+00
3.153000e-01	-7.485105e-01	-5.765039e+00
3.154000e-01	-7.465499e-01	-5.769968e+00
3.155000e-01	-7.445346e-01	-5.774936e+00
3.156000e-01	-7.424614e-01	-5.779938e+00
3.157000e-01	-7.403275e-01	-5.784972e+00
3.158000e-01	-7.381305e-01	-5.790033e+00
3.159000e-01	-7.358685e-01	-5.795118e+00
3.160000e-01	-7.335400e-01	-5.800222e+00
3.161000e-01	-7.311440e-01	-5.805342e+00
3.162000e-01	-7.286801e-01	-5.810473e+00
3.163000e-01	-7.261483e-01	-5.815609e+00
3.164000e-01	-7.235493e-01	-5.820747e+00
3.165000e-01	-7.208842e-01	-5.825881e+00
3.166000e-01	-7.181545e-01	-5.831007e+00
3.167000e-01	-7.153623e-01	-5.836119e+00
3.168000e-01	-7.125101e-01	-5.841212e+00
3.169000e-01	-7.096005e-01	-5.846282e+00
3.170000e-01	-7.066369e-01	-5.851323e+00
3.171000e-01	-7.036226e-01	-5.856330e+00
3.172000e-01	-7.005612e-01	-5.861300e+00
3.173000e-01	-6.974566e-01	-5.866226e+00
3.174000e-01	-6.943126e-01	-5.871105e+00
3.175000e-01	-6.911333e-01	-5.875933e+00
3.176000e-01	-6.879224e-01	-5.880705e+00
3.177000e-01	-6.846839e-01	-5.885417e+00
3.178000e-01	-6.814213e-01	-5.890067e+00
3.179000e-01	-6.781381e-01	-5.894651e+00
3.180000e-01	-6.748376e-01	-5.899166e+00
3.181000e-01	-6.715227e-01	-5.903610e+00
3.182000e-01	-6.681958e-01	-5.907979e+00
3.183000e-01	-6.648592e-01	-5.912272e+00
3.184000e-01	-6.615147e-01	-5.916487e+00
3.185000e-01	-6.581636e-01	-5.920622e+00
3.186000e-01	-6.548068e-01	-5.924675e+00
3.187000e-01	-6.514448e-01	-5.928646e+00
3.188000e-01	-6.480775e-01	-5.932534e+00
3.189000e-01	-6.447046e-01	-5.936337e+00
3.190000e-01	-6.413252e-01	-5.940055e+00
3.191000e-01	-6.379382e-01	-5.943687e+00
3.192000e-01	-6.345418e-01	-5.947233e+00
3.193000e-01	-6.311343e-01	-5.950691e+00
3.194000e-01	-6.277133e-01	-5.954063e+00
3.195000e-01	-6.242766e-01	-5.957346e+00
3.196000e-01	-6.208215e-01	-5.960542e+00
3.197000e-01	-6.173453e-01	-5.963648e+00
3.198000e-01	-6.138452e-01	-5.966665e+00
3.199000e-01	-6.103184e-01	-5.969592e+00
3.200000e-01	-6.067621e-01	-5.972428e+00
3.201000e-01	-6.031738e-01	-5.975172e+00
3.202000e-01	-5.995509e-01	-5.977824e+00
3.203000e-01	-5.958911e-01	-5.980382e+00
3.204000e-01	-5.921925e-01	-5.982846e+00
3.205000e-01	-5.884534e-01	-5.985214e+00
3.206000e-01	-5.846725e-01	-5.987485e+00
3.207000e-01	-5.808487e-01	-5.989657e+00
3.208000e-01	-5.769815e-01	-5.991729e+00
3.209000e-01	-5.730708e-01	-5.993700e+00
3.210000e-01	-5.691169e-01	-5.995569e+00
3.211000e-01	-5.651206e-01	-5.997334e+00
3.212000e-01	-5.610831e-01	-5.998994e+00
3.213000e-01	-5.570061e-01	-6.000548e+00
3.214000e-01	-5.528916e-01	-6.001995e+00
3.215000e-01	-5.487422e-01	-6.003334e+00
3.216000e-01	-5.445606e-01	-6.004564e+00
3.217000e-01	-5.403502e-01	-6.005685e+00
3.218000e-01	-5.361144e-01	-6.006697e+00
3.219000e-01	-5.318570e-01	-6.007600e+00
3.220000e-01	-5.275820e-01	-6.008395e+00
3.221000e-01	-5.232934e-01	-6.009082e+00
3.222000e-01	-5.189956e-01	-6.009663e+00
3.223000e-01	-5.146927e-01	-6.010139e+00
3.224000e-01	-5.103891e-01	-6.010511e+00
3.225000e-01	-5.060889e-01	-6.010784e+00
3.226000e-01	-5.017963e-01	-6.010958e+00
3.227000e-01	-4.975151e-01	-6.011038e+00
3.228000e-01	-4.932490e-01	-6.011026e+00
3.229000e-01	-4.890016e-01	-6.010927e+00
3.230000e-01	-4.847758e-01	-6.010745e+00
3.231000e-01	-4.805746e-01	-6.010484e+00
3.232000e-01	-4.764002e-01	-6.010150e+00
3.233000e-01	-4.722549e-01	-6.009747e+00
3.234000e-01	-4.681401e-01	-6.009280e+00
3.235000e-01	-4.640572e-01	-6.008756e+00
3.236000e-01	-4.600069e-01	-6.008180e+00
3.237000e-01	-4.559896e-01	-6.007557e+00
3.238000e-01	-4.520053e-01	-6.006895e+00
3.239000e-01	-4.480536e-01	-6.006198e+00
3.240000e-01	-4.441337e-01	-6.005473e+00
3.241000e-01	-4.402446e-01	-6.004725e+00
3.242000e-01	-4.363848e-01	-6.003962e+00
3.243000e-01	-4.325528e-01	-6.003187e+00
3.244000e-01	-4.287465e-01	-6.002408e+00
3.245000e-01	-4.249640e-01	-6.001629e+00
3.246000e-01	-4.212031e-01	-6.000856e+00
3.247000e-01	-4.174616e-01	-6.000093e+00
3.248000e-01	-4.137372e-01	-5.999345e+00
3.249000e-01	-4.100276e-01	-5.998618e+00
3.250000e-01	-4.063307e-01	-5.997914e+00
3.251000e-01	-4.026446e-01	-5.997239e+00
3.252000e-01	-3.989672e-01	-5.996594e+00
3.253000e-01	-3.952969e-01	-5.995985e+00
3.254000e-01	-3.916324e-01	-5.995413e+00
3.255000e-01	-3.879725e-01	-5.994883e+00
3.256000e-01	-3.843164e-01	-5.994395e+00
3.257000e-01	-3.806635e-01	-5.993953e+00
3.258000e-01	-3.770139e-01	-5.993558e+00
3.259000e-01	-3.733676e-01	-5.993213e+00
3.260000e-01	-3.697252e-01	-5.992918e+00
3.261000e-01	-3.660878e-01	-5.992677e+00
3.262000e-01	-3.624566e-01	-5.992490e+00
3.263000e-01	-3.588332e-01	-5.992359e+00
3.264000e-01	-3.552195e-01	-5.992285e+00
3.265000e-01	-3.516179e-01	-5.992269e+00
3.266000e-01	-3.480308e-01	-5.992314e+00
3.267000e-01	-3.444609e-01	-5.992419e+00
3.268000e-01	-3.409111e-01	-5.992588e+00
3.269000e-01	-3.373846e-01	-5.992821e+00
3.270000e-01	-3.338844e-01	-5.993120e+00
3.271000e-01	-3.304138e-01	-5.993488e+00
3.272000e-01	-3.269760e-01	-5.993925e+00
3.273000e-01	-3.235742e-01	-5.994434e+00
3.274000e-01	-3.202115e-01	-5.995016e+00
3.275000e-01	-3.168909e-01	-5.995676e+00
3.276000e-01	-3.136151e-01	-5.996413e+00
3.277000e-01	-3.103868e-01	-5.997232e+00
3.278000e-01	-3.072083e-01	-5.998134e+00
3.279000e-01	-3.040817e-01	-5.999123e+00
3.280000e-01	-3.010087e-01	-6.000200e+00
3.281000e-01	-2.979907e-01	-6.001368e+00
3.282000e-01	-2.950289e-01	-6.002629e+00
3.283000e-01	-2.921240e-01	-6.003987e+00
3.284000e-01	-2.892763e-01	-6.005443e+00
3.285000e-01	-2.864858e-01	-6.007000e+00
3.286000e-01	-2.837522e-01	-6.008659e+00
3.287000e-01	-2.810747e-01	-6.010422e+00
3.288000e-01	-2.784524e-01	-6.012291e+00
3.289000e-01	-2.758839e-01	-6.014267e+00
3.290000e-01	-2.733676e-01	-6.016350e+00
3.291000e-01	-2.709016e-01	-6.018542e+00
3.292000e-01	-2.684838e-01	-6.020842e+00
3.293000e-01	-2.661121e-01	-6.023250e+00
3.294000e-01	-2.637839e-01	-6.025766e+00
3.295000e-01	-2.614968e-01	-6.028388e+00
3.296000e-01	-2.592483e-01	-6.031115e+00
3.297000e-01	-2.570359e-01	-6.033945e+00
3.298000e-01	-2.548570e-01	-6.036876e+00
3.299000e-01	-2.527093e-01	-6.039905e+00
3.300000e-01	-2.505904e-01	-6.043029e+00
3.301000e-01	-2.484982e-01	-6.046243e+00
3.302000e-01	-2.464307e-01	-6.049546e+00
3.303000e-01	-2.443863e-01	-6.052931e+00
3.304000e-01	-2.423635e-01	-6.056395e+00
3.305000e-01	-2.403610e-01	-6.059933e+00
3.306000e-01	-2.383780e-01	-6.063541e+00
3.307000e-01	-2.364140e-01	-6.067212e+00
3.308000e-01	-2.344685e-01	-6.070941e+00
3.309000e-01	-2.325418e-01	-6.074724e+00
3.310000e-01	-2.306340e-01	-6.078555e+00
3.311000e-01	-2.287460e-01	-6.082429e+00
3.312000e-01	-2.268787e-01	-6.086340e+00
3.313000e-01	-2.250332e-01	-6.090283e+00
3.314000e-01	-2.232112e-01	-6.094253e+00
3.315000e-01	-2.214143e-01	-6.098245e+00
3.316000e-01	-2.196445e-01	-6.102254e+00
3.317000e-01	-2.179038e-01	-6.106276e+00
3.318000e-01	-2.161944e-01	-6.110307e+00
3.319000e-01	-2.145187e-01	-6.114343e+00
3.320000e-01	-2.128790e-01	-6.118379e+00
3.321000e-01	-2.112776e-01	-6.122414e+00
3.322000e-01	-2.097170e-01	-6.126443e+00
3.323000e-01	-2.081993e-01	-6.130464e+00
3.324000e-01	-2.067269e-01	-6.134475e+00
3.325000e-01	-2.053016e-01	-6.138474e+00
3.326000e-01	-2.039254e-01	-6.142458e+00
3.327000e-01	-2.025999e-01	-6.146426e+00
3.328000e-01	-2.013266e-01	-6.150378e+00
3.329000e-01	-2.001067e-01	-6.154311e+00
3.330000e-01	-1.989411e-01	-6.158225e+00
3.331000e-01	-1.978304e-01	-6.162119e+00
3.332000e-01	-1.967750e-01	-6.165993e+00
3.333000e-01	-1.957750e-01	-6.169846e+00
3.334000e-01	-1.948301e-01	-6.173677e+00
3.335000e-01	-1.939399e-01	-6.177487e+00
3.336000e-01	-1.931035e-01	-6.181274e+00
3.337000e-01	-1.923199e-01	-6.185038e+00
3.338000e-01	-1.915879e-01	-6.188778e+00
3.339000e-01	-1.909058e-01	-6.192494e+00
3.340000e-01	-1.902722e-01	-6.196185e+00
3.341000e-01	-1.896850e-01	-6.199850e+00
3.342000e-01	-1.891423e-01	-6.203487e+00
3.343000e-01	-1.886421e-01	-6.207095e+00
3.344000e-01	-1.881822e-01	-6.210674e+00
3.345000e-01	-1.877605e-01	-6.214220e+00
3.346000e-01	-1.873749e-01	-6.217732e+00
3.347000e-01	-1.870233e-01	-6.221208e+00
3.348000e-01	-1.867036e-01	-6.224646e+00
3.349000e-01	-1.864141e-01	-6.228043e+00
3.350000e-01	-1.861530e-01	-6.231397e+00
3.351000e-01	-1.859187e-01	-6.234705e+00
3.352000e-01	-1.857100e-01	-6.237964e+00
3.353000e-01	-1.855258e-01	-6.241172e+00
3.354000e-01	-1.853651e-01	-6.244325e+00
3.355000e-01	-1.852274e-01	-6.247421e+00
3.356000e-01	-1.851125e-01	-6.250458e+00
3.357000e-01	-1.850201e-01	-6.253433e+00
3.358000e-01	-1.849507e-01	-6.256343e+00
3.359000e-01	-1.849046e-01	-6.259186e+00
3.360000e-01	-1.848827e-01	-6.261960e+00
3.361000e-01	-1.848860e-01	-6.264664e+00
3.362000e-01	-1.849157e-01	-6.267295e+00
3.363000e-01	-1.849735e-01	-6.269853e+00
3.364000e-01	-1.850609e-01	-6.272337e+00
3.365000e-01	-1.851799e-01	-6.274746e+00
3.366000e-01	-1.853324e-01	-6.277080e+00
3.367000e-01	-1.855206e-01	-6.279340e+00
3.368000e-01	-1.857467e-01	-6.281526e+00
3.369000e-01	-1.860129e-01	-6.283638e+00
3.370000e-01	-1.863216e-01	-6.285680e+00
3.371000e-01	-1.866750e-01	-6.287651e+00
3.372000e-01	-1.870752e-01	-6.289555e+00
3.373000e-01	-1.875245e-01	-6.291393e+00
3.374000e-01	-1.880248e-01	-6.293169e+00
3.375000e-01	-1.885781e-01	-6.294885e+00
3.376000e-01	-1.891860e-01	-6.296546e+00
3.377000e-01	-1.898501e-01	-6.298153e+00
3.378000e-01	-1.905718e-01	-6.299711e+00
3.379000e-01	-1.913520e-01	-6.301223e+00
3.380000e-01	-1.921918e-01	-6.302694e+00
3.381000e-01	-1.930918e-01	-6.304127e+00
3.382000e-01	-1.940523e-01	-6.305526e+00
3.383000e-01	-1.950735e-01	-6.306894e+00
3.384000e-01	-1.961554e-01	-6.308236e+00
3.385000e-01	-1.972976e-01	-6.309555e+00
3.386000e-01	-1.984997e-01	-6.310854e+00
3.387000e-01	-1.997609e-01	-6.312137e+00
3.388000e-01	-2.010804e-01	-6.313406e+00
3.389000e-01	-2.024570e-01	-6.314664e+00
3.390000e-01	-2.038895e-01	-6.315914e+00
3.391000e-01	-2.053768e-01	-6.317157e+00
3.392000e-01	-2.069173e-01	-6.318397e+00
3.393000e-01	-2.085096e-01	-6.319633e+00
3.394000e-01	-2.101523e-01	-6.320867e+00
3.395000e-01	-2.118438e-01	-6.322100e+00
3.396000e-01	-2.135828e-01	-6.323333e+00
3.397000e-01	-2.153679e-01	-6.324567e+00
3.398000e-01	-2.171978e-01	-6.325800e+00
3.399000e-01	-2.190713e-01	-6.327034e+00
3.400000e-01	-2.209873e-01	-6.328267e+00
3.401000e-01	-2.229451e-01	-6.329499e+00
3.402000e-01	-2.249439e-01	-6.330730e+00
3.403000e-01	-2.269832e-01	-6.331958e+00
3.404000e-01	-2.290626e-01	-6.333184e+00
3.405000e-01	-2.311821e-01	-6.334405e+00
3.406000e-01	-2.333417e-01	-6.335622e+00
3.407000e-01	-2.355418e-01	-6.336833e+00
3.408000e-01	-2.377829e-01	-6.338038e+00
3.409000e-01	-2.400657e-01	-6.339236e+00
3.410000e-01	-2.423911e-01	-6.340427e+00
3.411000e-01	-2.447603e-01	-6.341611e+00
3.412000e-01	-2.471744e-01	-6.342788e+00
3.413000e-01	-2.496348e-01	-6.343957e+00
3.414000e-01	-2.521431e-01	-6.345119e+00
3.415000e-01	-2.547009e-01	-6.346275e+00
3.416000e-01	-2.573098e-01	-6.347427e+00
3.417000e-01	-2.599716e-01	-6.348574e+00
3.418000e-01	-2.626881e-01	-6.349719e+00
3.419000e-01	-2.654608e-01	-6.350864e+00
3.420000e-01	-2.682916e-01	-6.352010e+00
3.421000e-01	-2.711820e-01	-6.353160e+00
3.422000e-01	-2.741336e-01	-6.354316e+00
3.423000e-01	-2.771477e-01	-6.355480e+00
3.424000e-01	-2.802257e-01	-6.356656e+00
3.425000e-01	-2.833686e-01	-6.357846e+00
3.426000e-01	-2.865774e-01	-6.359054e+00
3.427000e-01	-2.898527e-01	-6.360281e+00
3.428000e-01	-2.931952e-01	-6.361531e+00
3.429000e-01	-2.966050e-01	-6.362808e+00
3.430000e-01	-3.000823e-01	-6.364112e+00
3.431000e-01	-3.036268e-01	-6.365449e+00
3.432000e-01	-3.072382e-01	-6.366819e+00
3.433000e-01	-3.109159e-01	-6.368225e+00
3.434000e-01	-3.146591e-01	-6.369670e+00
3.435000e-01	-3.184665e-01	-6.371154e+00
3.436000e-01	-3.223371e-01	-6.372680e+00
3.437000e-01	-3.262694e-01	-6.374250e+00
3.438000e-01	-3.302618e-01	-6.375863e+00
3.439000e-01	-3.343125e-01	-6.377520e+00
3.440000e-01	-3.384196e-01	-6.379222e+00
3.441000e-01	-3.425812e-01	-6.380969e+00
3.442000e-01	-3.467953e-01	-6.382760e+00
3.443000e-01	-3.510597e-01	-6.384595e+00
3.444000e-01	-3.553723e-01	-6.386472e+00
3.445000e-01	-3.597310e-01	-6.388391e+00
3.446000e-01	-3.641336e-01	-6.390349e+00
3.447000e-01	-3.685782e-01	-6.392345e+00
3.448000e-01	-3.730626e-01	-6.394376e+00
3.449000e-01	-3.775849e-01	-6.396442e+00
3.450000e-01	-3.821434e-01	-6.398538e+00
3.451000e-01	-3.867363e-01	-6.400664e+00
3.452000e-01	-3.913621e-01	-6.402815e+00
3.453000e-01	-3.960194e-01	-6.404991e+00
3.454000e-01	-4.007068e-01	-6.407188e+00
3.455000e-01	-4.054232e-01	-6.409404e+00
3.456000e-01	-4.101677e-01	-6.411636e+00
3.457000e-01	-4.149395e-01	-6.413883e+00
3.458000e-01	-4.197379e-01	-6.416142e+00
3.459000e-01	-4.245625e-01	-6.418411e+00
3.460000e-01	-4.294127e-01	-6.420689e+00
3.461000e-01	-4.342884e-01	-6.422974e+00
3.462000e-01	-4.391895e-01	-6.425266e+00
3.463000e-01	-4.441159e-01	-6.427563e+00
3.464000e-01	-4.490677e-01	-6.429864e+00
3.465000e-01	-4.540448e-01	-6.432170e+00
3.466000e-01	-4.590475e-01	-6.434480e+00
3.467000e-01	-4.640759e-01	-6.436795e+00
3.468000e-01	-4.691301e-01	-6.439114e+00
3.469000e-01	-4.742102e-01	-6.441438e+00
3.470000e-01	-4.793163e-01	-6.443769e+00
3.471000e-01	-4.844482e-01	-6.446108e+00
3.472000e-01	-4.896058e-01	-6.448454e+00
3.473000e-01	-4.947889e-01	-6.450811e+00
3.474000e-01	-4.999973e-01	-6.453178e+00
3.475000e-01	-5.052302e-01	-6.455558e+00
3.476000e-01	-5.104873e-01	-6.457952e+00
3.477000e-01	-5.157675e-01	-6.460361e+00
3.478000e-01	-5.210701e-01	-6.462787e+00
3.479000e-01	-5.263940e-01	-6.465231e+00
3.480000e-01	-5.317377e-01	-6.467694e+00
3.481000e-01	-5.370999e-01	-6.470177e+00
3.482000e-01	-5.424790e-01	-6.472680e+00
3.483000e-01	-5.478731e-01	-6.475205e+00
3.484000e-01	-5.532804e-01	-6.477750e+00
3.485000e-01	-5.586989e-01	-6.480317e+00
3.486000e-01	-5.641263e-01	-6.482905e+00
3.487000e-01	-5.695603e-01	-6.485513e+00
3.487385e-01	-5.716564e-01	-6.486524e+00
3.488000e-01	-5.749987e-01	-6.488141e+00
3.489000e-01	-5.804387e-01	-6.490786e+00
3.490000e-01	-5.858779e-01	-6.493447e+00
3.491000e-01	-5.913139e-01	-6.496123e+00
3.491700e-01	-5.951156e-01	-6.498003e+00
3.492000e-01	-5.967439e-01	-6.498810e+00
3.492600e-01	-5.999981e-01	-6.500427e+00
3.493000e-01	-6.021657e-01	-6.501507e+00
3.493800e-01	-6.064956e-01	-6.503669e+00
3.494000e-01	-6.075768e-01	-6.504210e+00
3.494333e-01	-6.093778e-01	-6.505111e+00
3.495000e-01	-6.129751e-01	-6.506915e+00
3.495850e-01	-6.175518e-01	-6.509214e+00
3.496000e-01	-6.183582e-01	-6.509619e+00
3.496300e-01	-6.199700e-01	-6.510429e+00
3.496650e-01	-6.218483e-01	-6.511374e+00
3.497000e-01	-6.237245e-01	-6.512318e+00
3.498000e-01	-6.290716e-01	-6.515008e+00
3.499000e-01	-6.343981e-01	-6.517684e+00
3.500000e-01	-6.397021e-01	-6.520342e+00
3.501000e-01	-6.449822e-01	-6.522978e+00
3.502000e-01	-6.502368e-01	-6.525588e+00
3.503000e-01	-6.554648e-01	-6.528167e+00
3.504000e-01	-6.606652e-01	-6.530712e+00
3.505000e-01	-6.658368e-01	-6.533219e+00
3.506000e-01	-6.709789e-01	-6.535685e+00
3.507000e-01	-6.760907e-01	-6.538106e+00
3.508000e-01	-6.811718e-01	-6.540480e+00
3.509000e-01	-6.862216e-01	-6.542804e+00
3.510000e-01	-6.912398e-01	-6.545074e+00
3.511000e-01	-6.962261e-01	-6.547291e+00
3.512000e-01	-7.011805e-01	-6.549451e+00
3.513000e-01	-7.061028e-01	-6.551555e+00
3.514000e-01	-7.109931e-01	-6.553600e+00
3.515000e-01	-7.158513e-01	-6.555586e+00
3.516000e-01	-7.206776e-01	-6.557514e+00
3.517000e-01	-7.254720e-01	-6.559383e+00
3.518000e-01	-7.302346e-01	-6.561195e+00
3.519000e-01	-7.349655e-01	-6.562949e+00
3.520000e-01	-7.396645e-01	-6.564646e+00
3.521000e-01	-7.443318e-01	-6.566289e+00
3.522000e-01	-7.489671e-01	-6.567879e+00
3.523000e-01	-7.535703e-01	-6.569417e+00
3.524000e-01	-7.581410e-01	-6.570905e+00
3.525000e-01	-7.626788e-01	-6.572346e+00
3.526000e-01	-7.671832e-01	-6.573741e+00
3.527000e-01	-7.716534e-01	-6.575093e+00
3.528000e-01	-7.760887e-01	-6.576403e+00
3.529000e-01	-7.804882e-01	-6.577673e+00
3.530000e-01	-7.848508e-01	-6.578906e+00
3.531000e-01	-7.891754e-01	-6.580103e+00
3.532000e-01	-7.934605e-01	-6.581266e+00
3.533000e-01	-7.977047e-01	-6.582396e+00
3.534000e-01	-8.019065e-01	-6.583496e+00
3.535000e-01	-8.060641e-01	-6.584567e+00
3.536000e-01	-8.101759e-01	-6.585609e+00
3.537000e-01	-8.142400e-01	-6.586624e+00
3.538000e-01	-8.182543e-01	-6.587613e+00
3.539000e-01	-8.222170e-01	-6.588576e+00
3.540000e-01	-8.261259e-01	-6.589514e+00
3.541000e-01	-8.299792e-01	-6.590427e+00
3.542000e-01	-8.337747e-01	-6.591316e+00
3.543000e-01	-8.375100e-01	-6.592180e+00
3.544000e-01	-8.411833e-01	-6.593021e+00
3.545000e-01	-8.447925e-01	-6.593837e+00
3.546000e-01	-8.483357e-01	-6.594630e+00
3.547000e-01	-8.518110e-01	-6.595398e+00
3.548000e-01	-8.552166e-01	-6.596143e+00
3.549000e-01	-8.585507e-01	-6.596865e+00
3.550000e-01	-8.618118e-01	-6.597564e+00
3.550901e-01	-8.646857e-01	-6.598174e+00
3.551000e-01	-8.649985e-01	-6.598240e+00
3.552000e-01	-8.681093e-01	-6.598894e+00
3.553000e-01	-8.711429e-01	-6.599527e+00
3.554000e-01	-8.740982e-01	-6.600141e+00
3.555000e-01	-8.769743e-01	-6.600736e+00
3.556000e-01	-8.797703e-01	-6.601313e+00
3.557000e-01	-8.824856e-01	-6.601876e+00
3.558000e-01	-8.851196e-01	-6.602426e+00
3.558260e-01	-8.857908e-01	-6.602567e+00
3.558609e-01	-8.866843e-01	-6.602756e+00
3.558919e-01	-8.874673e-01	-6.602922e+00
3.559000e-01	-8.876721e-01	-6.602965e+00
3.559281e-01	-8.883736e-01	-6.603115e+00
3.559541e-01	-8.890198e-01	-6.603254e+00
3.559890e-01	-8.898748e-01	-6.603438e+00
3.560000e-01	-8.901427e-01	-6.603497e+00
3.560384e-01	-8.910700e-01	-6.603699e+00
3.560740e-01	-8.919184e-01	-6.603886e+00
3.561000e-01	-8.925314e-01	-6.604022e+00
3.561259e-01	-8.931361e-01	-6.604158e+00
3.561578e-01	-8.938743e-01	-6.604325e+00
3.561901e-01	-8.946145e-01	-6.604495e+00
3.562000e-01	-8.948382e-01	-6.604546e+00
3.562278e-01	-8.954652e-01	-6.604692e+00
3.562537e-01	-8.960439e-01	-6.604828e+00
3.562879e-01	-8.967974e-01	-6.605007e+00
3.563000e-01	-8.970634e-01	-6.605071e+00
3.563301e-01	-8.977182e-01	-6.605230e+00
3.563585e-01	-8.983264e-01	-6.605380e+00
3.563862e-01	-8.989151e-01	-6.605527e+00
3.564000e-01	-8.992071e-01	-6.605601e+00
3.564268e-01	-8.997679e-01	-6.605744e+00
3.564519e-01	-9.002872e-01	-6.605878e+00
3.564799e-01	-9.008626e-01	-6.606029e+00
3.565000e-01	-9.012697e-01	-6.606138e+00
3.566000e-01	-9.032518e-01	-6.606688e+00
3.567000e-01	-9.051536e-01	-6.607253e+00
3.568000e-01	-9.069759e-01	-6.607839e+00
3.569000e-01	-9.087190e-01	-6.608449e+00
3.570000e-01	-9.103835e-01	-6.609088e+00
3.571000e-01	-9.119700e-01	-6.609759e+00
3.572000e-01	-9.134789e-01	-6.610468e+00
3.573000e-01	-9.149101e-01	-6.611217e+00
3.574000e-01	-9.162617e-01	-6.612009e+00
3.575000e-01	-9.175312e-01	-6.612845e+00
3.576000e-01	-9.187165e-01	-6.613728e+00
3.577000e-01	-9.198154e-01	-6.614660e+00
3.578000e-01	-9.208258e-01	-6.615640e+00
3.579000e-01	-9.217459e-01	-6.616672e+00
3.580000e-01	-9.225738e-01	-6.617757e+00
3.580651e-01	-9.230624e-01	-6.618492e+00
3.581000e-01	-9.233082e-01	-6.618896e+00
3.582000e-01	-9.239474e-01	-6.620091e+00
3.583000e-01	-9.244902e-01	-6.621342e+00
3.584000e-01	-9.249351e-01	-6.622651e+00
3.585000e-01	-9.252812e-01	-6.624019e+00
3.586000e-01	-9.255274e-01	-6.625446e+00
3.587000e-01	-9.256731e-01	-6.626932e+00
3.588000e-01	-9.257177e-01	-6.628479e+00
3.589000e-01	-9.256609e-01	-6.630086e+00
3.590000e-01	-9.255023e-01	-6.631754e+00
3.591000e-01	-9.252421e-01	-6.633483e+00
3.592000e-01	-9.248805e-01	-6.635273e+00
3.593000e-01	-9.244177e-01	-6.637124e+00
3.594000e-01	-9.238545e-01	-6.639036e+00
3.594735e-01	-9.233771e-01	-6.640479e+00
3.595000e-01	-9.231915e-01	-6.641008e+00
3.596000e-01	-9.224296e-01	-6.643042e+00
3.597000e-01	-9.215698e-01	-6.645136e+00
3.598000e-01	-9.206135e-01	-6.647291e+00
3.599000e-01	-9.195619e-01	-6.649506e+00
3.600000e-01	-9.184164e-01	-6.651781e+00
3.601000e-01	-9.171788e-01	-6.654116e+00
3.602000e-01	-9.158506e-01	-6.656511e+00
3.603000e-01	-9.144337e-01	-6.658966e+00
3.604000e-01	-9.129301e-01	-6.661482e+00
3.605000e-01	-9.113415e-01	-6.664057e+00
3.606000e-01	-9.096702e-01	-6.666692e+00
3.606752e-01	-9.083599e-01	-6.668714e+00
3.607000e-01	-9.079183e-01	-6.669388e+00
3.607273e-01	-9.074262e-01	-6.670135e+00
3.607758e-01	-9.065385e-01	-6.671471e+00
3.608000e-01	-9.060879e-01	-6.672144e+00
3.608287e-01	-9.055489e-01	-6.672945e+00
3.608762e-01	-9.046414e-01	-6.674285e+00
3.609000e-01	-9.041813e-01	-6.674960e+00
3.609333e-01	-9.035292e-01	-6.675912e+00
3.609778e-01	-9.026472e-01	-6.677192e+00
3.610000e-01	-9.022008e-01	-6.677837e+00
3.610333e-01	-9.015246e-01	-6.678809e+00
3.610667e-01	-9.008406e-01	-6.679788e+00
3.611000e-01	-9.001487e-01	-6.680774e+00
3.611333e-01	-8.994492e-01	-6.681766e+00
3.611667e-01	-8.987421e-01	-6.682765e+00
3.612000e-01	-8.980274e-01	-6.683771e+00
3.612333e-01	-8.973054e-01	-6.684784e+00
3.612667e-01	-8.965759e-01	-6.685803e+00
3.613000e-01	-8.958393e-01	-6.686829e+00
3.613333e-01	-8.950954e-01	-6.687862e+00
3.614000e-01	-8.935866e-01	-6.689948e+00
3.615000e-01	-8.912718e-01	-6.693127e+00
3.616000e-01	-8.888971e-01	-6.696366e+00
3.617000e-01	-8.864650e-01	-6.699666e+00
3.618000e-01	-8.839776e-01	-6.703026e+00
3.618690e-01	-8.822294e-01	-6.705380e+00
3.619000e-01	-8.814372e-01	-6.706445e+00
3.619467e-01	-8.802346e-01	-6.708061e+00
3.619733e-01	-8.795421e-01	-6.708990e+00
3.620000e-01	-8.788460e-01	-6.709924e+00
3.620356e-01	-8.779130e-01	-6.711175e+00
3.620678e-01	-8.770620e-01	-6.712315e+00
3.621000e-01	-8.762062e-01	-6.713461e+00
3.621380e-01	-8.751905e-01	-6.714821e+00
3.621690e-01	-8.743572e-01	-6.715935e+00
3.622000e-01	-8.735196e-01	-6.717056e+00
3.622374e-01	-8.725042e-01	-6.718414e+00
3.622687e-01	-8.716484e-01	-6.719558e+00
3.623000e-01	-8.707883e-01	-6.720708e+00
3.623379e-01	-8.697411e-01	-6.722107e+00
3.623690e-01	-8.688796e-01	-6.723258e+00
3.624000e-01	-8.680140e-01	-6.724415e+00
3.624380e-01	-8.669496e-01	-6.725837e+00
3.624690e-01	-8.660760e-01	-6.727004e+00
3.625000e-01	-8.651985e-01	-6.728176e+00
3.626000e-01	-8.623433e-01	-6.731989e+00
3.627000e-01	-8.594498e-01	-6.735853e+00
3.628000e-01	-8.565194e-01	-6.739764e+00
3.629000e-01	-8.535532e-01	-6.743720e+00
3.630000e-01	-8.505522e-01	-6.747718e+00
3.631000e-01	-8.475173e-01	-6.751754e+00
3.632000e-01	-8.444494e-01	-6.755825e+00
3.633000e-01	-8.413490e-01	-6.759926e+00
3.634000e-01	-8.382168e-01	-6.764054e+00
3.635000e-01	-8.350533e-01	-6.768203e+00
3.636000e-01	-8.318588e-01	-6.772368e+00
3.637000e-01	-8.286337e-01	-6.776545e+00
3.638000e-01	-8.253783e-01	-6.780727e+00
3.639000e-01	-8.220929e-01	-6.784910e+00
3.640000e-01	-8.187777e-01	-6.789087e+00
3.641000e-01	-8.154330e-01	-6.793253e+00
3.642000e-01	-8.120589e-01	-6.797401e+00
3.643000e-01	-8.086559e-01	-6.801527e+00
3.644000e-01	-8.052242e-01	-6.805623e+00
3.645000e-01	-8.017642e-01	-6.809685e+00
3.646000e-01	-7.982762e-01	-6.813706e+00
3.647000e-01	-7.947613e-01	-6.817680e+00
3.648000e-01	-7.912208e-01	-6.821601e+00
3.649000e-01	-7.876563e-01	-6.825460e+00
3.650000e-01	-7.840696e-01	-6.829253e+00
3.651000e-01	-7.804626e-01	-6.832972e+00
3.652000e-01	-7.768369e-01	-6.836611e+00
3.653000e-01	-7.731948e-01	-6.840164e+00
3.654000e-01	-7.695383e-01	-6.843628e+00
3.655000e-01	-7.658694e-01	-6.846996e+00
3.656000e-01	-7.621905e-01	-6.850264e+00
3.657000e-01	-7.585038e-01	-6.853429e+00
3.658000e-01	-7.548117e-01	-6.856487e+00
3.659000e-01	-7.511164e-01	-6.859436e+00
3.660000e-01	-7.474204e-01	-6.862272e+00
3.661000e-01	-7.437259e-01	-6.864995e+00
3.662000e-01	-7.400352e-01	-6.867602e+00
3.663000e-01	-7.363506e-01	-6.870092e+00
3.664000e-01	-7.326742e-01	-6.872466e+00
3.665000e-01	-7.290081e-01	-6.874722e+00
3.666000e-01	-7.253542e-01	-6.876862e+00
3.667000e-01	-7.217142e-01	-6.878885e+00
3.668000e-01	-7.180899e-01	-6.880794e+00
3.669000e-01	-7.144826e-01	-6.882590e+00
3.670000e-01	-7.108937e-01	-6.884273e+00
3.671000e-01	-7.073241e-01	-6.885847e+00
3.672000e-01	-7.037747e-01	-6.887314e+00
3.673000e-01	-7.002461e-01	-6.888675e+00
3.674000e-01	-6.967386e-01	-6.889935e+00
3.675000e-01	-6.932523e-01	-6.891095e+00
3.676000e-01	-6.897871e-01	-6.892159e+00
3.677000e-01	-6.863427e-01	-6.893129e+00
3.678000e-01	-6.829183e-01	-6.894010e+00
3.679000e-01	-6.795133e-01	-6.894804e+00
3.680000e-01	-6.761264e-01	-6.895514e+00
3.681000e-01	-6.727565e-01	-6.896144e+00
3.682000e-01	-6.694021e-01	-6.896697e+00
3.683000e-01	-6.660616e-01	-6.897176e+00
3.684000e-01	-6.627334e-01	-6.897584e+00
3.685000e-01	-6.594156e-01	-6.897924e+00
3.686000e-01	-6.561064e-01	-6.898200e+00
3.687000e-01	-6.528040e-01	-6.898413e+00
3.688000e-01	-6.495066e-01	-6.898566e+00
3.689000e-01	-6.462125e-01	-6.898661e+00
3.690000e-01	-6.429198e-01	-6.898700e+00
3.691000e-01	-6.396273e-01	-6.898685e+00
3.692000e-01	-6.363334e-01	-6.898618e+00
3.693000e-01	-6.330370e-01	-6.898500e+00
3.694000e-01	-6.297370e-01	-6.898332e+00
3.695000e-01	-6.264327e-01	-6.898115e+00
3.696000e-01	-6.231236e-01	-6.897850e+00
3.697000e-01	-6.198094e-01	-6.897537e+00
3.698000e-01	-6.164899e-01	-6.897178e+00
3.699000e-01	-6.131655e-01	-6.896773e+00
3.700000e-01	-6.098364e-01	-6.896323e+00
3.701000e-01	-6.065035e-01	-6.895827e+00
3.702000e-01	-6.031677e-01	-6.895288e+00
3.703000e-01	-5.998300e-01	-6.894705e+00
3.704000e-01	-5.964918e-01	-6.894080e+00
3.705000e-01	-5.931545e-01	-6.893413e+00
3.706000e-01	-5.898198e-01	-6.892707e+00
3.707000e-01	-5.864894e-01	-6.891962e+00
3.708000e-01	-5.831651e-01	-6.891181e+00
3.709000e-01	-5.798489e-01	-6.890366e+00
3.710000e-01	-5.765427e-01	-6.889518e+00
3.711000e-01	-5.732483e-01	-6.888642e+00
3.712000e-01	-5.699678e-01	-6.887740e+00
3.713000e-01	-5.667029e-01	-6.886815e+00
3.714000e-01	-5.634554e-01	-6.885871e+00
3.715000e-01	-5.602269e-01	-6.884913e+00
3.716000e-01	-5.570189e-01	-6.883944e+00
3.717000e-01	-5.538329e-01	-6.882970e+00
3.718000e-01	-5.506698e-01	-6.881995e+00
3.719000e-01	-5.475307e-01	-6.881025e+00
3.720000e-01	-5.444164e-01	-6.880065e+00
3.721000e-01	-5.413273e-01	-6.879120e+00
3.722000e-01	-5.382638e-01	-6.878196e+00
3.723000e-01	-5.352260e-01	-6.877300e+00
3.724000e-01	-5.322137e-01	-6.876435e+00
3.725000e-01	-5.292265e-01	-6.875610e+00
3.726000e-01	-5.262641e-01	-6.874828e+00
3.727000e-01	-5.233256e-01	-6.874095e+00
3.728000e-01	-5.204101e-01	-6.873418e+00
3.729000e-01	-5.175167e-01	-6.872800e+00
3.730000e-01	-5.146441e-01	-6.872248e+00
3.731000e-01	-5.117911e-01	-6.871765e+00
3.732000e-01	-5.089564e-01	-6.871356e+00
3.733000e-01	-5.061386e-01	-6.871024e+00
3.734000e-01	-5.033363e-01	-6.870774e+00
3.735000e-01	-5.005482e-01	-6.870609e+00
3.736000e-01	-4.977730e-01	-6.870530e+00
3.737000e-01	-4.950094e-01	-6.870542e+00
3.738000e-01	-4.922563e-01	-6.870644e+00
3.739000e-01	-4.895128e-01	-6.870840e+00
3.740000e-01	-4.867780e-01	-6.871129e+00
3.741000e-01	-4.840513e-01	-6.871514e+00
3.742000e-01	-4.813322e-01	-6.871993e+00
3.743000e-01	-4.786204e-01	-6.872567e+00
3.744000e-01	-4.759161e-01	-6.873236e+00
3.745000e-01	-4.732194e-01	-6.873999e+00
3.746000e-01	-4.705309e-01	-6.874855e+00
3.747000e-01	-4.678512e-01	-6.875802e+00
3.748000e-01	-4.651814e-01	-6.876840e+00
3.749000e-01	-4.625227e-01	-6.877968e+00
3.750000e-01	-4.598766e-01	-6.879183e+00
3.751000e-01	-4.572448e-01	-6.880484e+00
3.752000e-01	-4.546293e-01	-6.881869e+00
3.753000e-01	-4.520320e-01	-6.883338e+00
3.754000e-01	-4.494553e-01	-6.884889e+00
3.755000e-01	-4.469017e-01	-6.886519e+00
3.756000e-01	-4.443737e-01	-6.888229e+00
3.757000e-01	-4.418739e-01	-6.890017e+00
3.758000e-01	-4.394051e-01	-6.891882e+00
3.759000e-01	-4.369701e-01	-6.893823e+00
3.760000e-01	-4.345716e-01	-6.895841e+00
3.761000e-01	-4.322125e-01	-6.897934e+00
3.762000e-01	-4.298955e-01	-6.900103e+00
3.763000e-01	-4.276233e-01	-6.902348e+00
3.764000e-01	-4.253986e-01	-6.904669e+00
3.765000e-01	-4.232238e-01	-6.907068e+00
3.766000e-01	-4.211013e-01	-6.909543e+00
3.767000e-01	-4.190333e-01	-6.912097e+00
3.768000e-01	-4.170220e-01	-6.914731e+00
3.769000e-01	-4.150692e-01	-6.917444e+00
3.770000e-01	-4.131767e-01	-6.920239e+00
3.771000e-01	-4.113460e-01	-6.923116e+00
3.772000e-01	-4.095784e-01	-6.926076e+00
3.773000e-01	-4.078752e-01	-6.929120e+00
3.774000e-01	-4.062374e-01	-6.932248e+00
3.775000e-01	-4.046657e-01	-6.935462e+00
3.776000e-01	-4.031608e-01	-6.938761e+00
3.777000e-01	-4.017234e-01	-6.942145e+00
3.778000e-01	-4.003536e-01	-6.945614e+00
3.779000e-01	-3.990519e-01	-6.949168e+00
3.780000e-01	-3.978183e-01	-6.952805e+00
3.781000e-01	-3.966530e-01	-6.956525e+00
3.782000e-01	-3.955560e-01	-6.960325e+00
3.783000e-01	-3.945273e-01	-6.964203e+00
3.784000e-01	-3.935669e-01	-6.968158e+00
3.785000e-01	-3.926748e-01	-6.972186e+00
3.786000e-01	-3.918512e-01	-6.976283e+00
3.787000e-01	-3.910960e-01	-6.980447e+00
3.788000e-01	-3.904094e-01	-6.984673e+00
3.789000e-01	-3.897918e-01	-6.988957e+00
3.790000e-01	-3.892435e-01	-6.993294e+00
3.791000e-01	-3.887650e-01	-6.997680e+00
3.792000e-01	-3.883570e-01	-7.002108e+00
3.793000e-01	-3.880202e-01	-7.006575e+00
3.794000e-01	-3.877556e-01	-7.011073e+00
3.795000e-01	-3.875643e-01	-7.015599e+00
3.796000e-01	-3.874475e-01	-7.020145e+00
3.797000e-01	-3.874066e-01	-7.024706e+00
3.798000e-01	-3.874431e-01	-7.029276e+00
3.799000e-01	-3.875588e-01	-7.033851e+00
3.800000e-01	-3.877555e-01	-7.038423e+00
3.801000e-01	-3.880349e-01	-7.042989e+00
3.802000e-01	-3.883992e-01	-7.047542e+00
3.803000e-01	-3.888504e-01	-7.052078e+00
3.804000e-01	-3.893908e-01	-7.056592e+00
3.805000e-01	-3.900223e-01	-7.061080e+00
3.806000e-01	-3.907473e-01	-7.065538e+00
3.807000e-01	-3.915680e-01	-7.069961e+00
3.808000e-01	-3.924865e-01	-7.074347e+00
3.809000e-01	-3.935048e-01	-7.078692e+00
3.810000e-01	-3.946252e-01	-7.082994e+00
3.811000e-01	-3.958493e-01	-7.087250e+00
3.812000e-01	-3.971792e-01	-7.091459e+00
3.813000e-01	-3.986165e-01	-7.095618e+00
3.814000e-01	-4.001626e-01	-7.099726e+00
3.815000e-01	-4.018190e-01	-7.103782e+00
3.816000e-01	-4.035867e-01	-7.107785e+00
3.817000e-01	-4.054669e-01	-7.111734e+00
3.818000e-01	-4.074602e-01	-7.115629e+00
3.819000e-01	-4.095673e-01	-7.119469e+00
3.820000e-01	-4.117884e-01	-7.123254e+00
3.821000e-01	-4.141237e-01	-7.126984e+00
3.822000e-01	-4.165731e-01	-7.130658e+00
3.823000e-01	-4.191364e-01	-7.134276e+00
3.824000e-01	-4.218131e-01	-7.137837e+00
3.825000e-01	-4.246024e-01	-7.141342e+00
3.826000e-01	-4.275036e-01	-7.144789e+00
3.827000e-01	-4.305157e-01	-7.148178e+00
3.828000e-01	-4.336374e-01	-7.151508e+00
3.829000e-01	-4.368676e-01	-7.154778e+00
3.830000e-01	-4.402047e-01	-7.157987e+00
3.831000e-01	-4.436474e-01	-7.161133e+00
3.832000e-01	-4.471940e-01	-7.164214e+00
3.833000e-01	-4.508429e-01	-7.167229e+00
3.834000e-01	-4.545925e-01	-7.170175e+00
3.835000e-01	-4.584411e-01	-7.173051e+00
3.836000e-01	-4.623870e-01	-7.175853e+00
3.837000e-01	-4.664286e-01	-7.178579e+00
3.838000e-01	-4.705642e-01	-7.181227e+00
3.839000e-01	-4.747924e-01	-7.183793e+00
3.840000e-01	-4.791115e-01	-7.186274e+00
3.841000e-01	-4.835201e-01	-7.188668e+00
3.842000e-01	-4.880168e-01	-7.190971e+00
3.843000e-01	-4.926001e-01	-7.193180e+00
3.844000e-01	-4.972687e-01	-7.195293e+00
3.845000e-01	-5.020211e-01	-7.197305e+00
3.846000e-01	-5.068558e-01	-7.199213e+00
3.847000e-01	-5.117717e-01	-7.201016e+00
3.848000e-01	-5.167675e-01	-7.202709e+00
3.849000e-01	-5.218421e-01	-7.204291e+00
3.850000e-01	-5.269944e-01	-7.205760e+00
3.851000e-01	-5.322234e-01	-7.207114e+00
3.852000e-01	-5.375281e-01	-7.208352e+00
3.852577e-01	-5.406243e-01	-7.209014e+00
3.853000e-01	-5.429077e-01	-7.209473e+00
3.853403e-01	-5.450961e-01	-7.209892e+00
3.853701e-01	-5.467254e-01	-7.210190e+00
3.854000e-01	-5.483611e-01	-7.210477e+00
3.854333e-01	-5.501952e-01	-7.210785e+00
3.854583e-01	-5.515761e-01	-7.211008e+00
3.855000e-01	-5.538877e-01	-7.211364e+00
3.855262e-01	-5.553464e-01	-7.211577e+00
3.855524e-01	-5.568102e-01	-7.211782e+00
3.855811e-01	-5.584246e-01	-7.211998e+00
3.856000e-01	-5.594864e-01	-7.212134e+00
3.856261e-01	-5.609574e-01	-7.212316e+00
3.856599e-01	-5.628735e-01	-7.212540e+00
3.856866e-01	-5.643941e-01	-7.212709e+00
3.857000e-01	-5.651563e-01	-7.212790e+00
3.857265e-01	-5.666683e-01	-7.212944e+00
3.857593e-01	-5.685529e-01	-7.213125e+00
3.857864e-01	-5.701142e-01	-7.213265e+00
3.858000e-01	-5.708967e-01	-7.213332e+00
3.858329e-01	-5.728011e-01	-7.213486e+00
3.858714e-01	-5.750398e-01	-7.213651e+00
3.859000e-01	-5.767065e-01	-7.213762e+00
3.859373e-01	-5.788904e-01	-7.213895e+00
3.859714e-01	-5.808982e-01	-7.214003e+00
3.860000e-01	-5.825847e-01	-7.214085e+00
3.861000e-01	-5.885302e-01	-7.214301e+00
3.862000e-01	-5.945417e-01	-7.214415e+00
3.863000e-01	-6.006181e-01	-7.214431e+00
3.864000e-01	-6.067578e-01	-7.214353e+00
3.865000e-01	-6.129595e-01	-7.214185e+00
3.866000e-01	-6.192213e-01	-7.213932e+00
3.867000e-01	-6.255417e-01	-7.213599e+00
3.868000e-01	-6.319185e-01	-7.213191e+00
3.869000e-01	-6.383499e-01	-7.212713e+00
3.870000e-01	-6.448337e-01	-7.212170e+00
3.871000e-01	-6.513675e-01	-7.211569e+00
3.872000e-01	-6.579488e-01	-7.210914e+00
3.873000e-01	-6.645754e-01	-7.210210e+00
3.874000e-01	-6.712443e-01	-7.209463e+00
3.875000e-01	-6.779529e-01	-7.208677e+00
3.876000e-01	-6.846983e-01	-7.207859e+00
3.877000e-01	-6.914777e-01	-7.207012e+00
3.878000e-01	-6.982880e-01	-7.206141e+00
3.879000e-01	-7.051263e-01	-7.205250e+00
3.880000e-01	-7.119896e-01	-7.204344e+00
3.881000e-01	-7.188749e-01	-7.203426e+00
3.882000e-01	-7.257790e-01	-7.202500e+00
3.883000e-01	-7.326990e-01	-7.201570e+00
3.884000e-01	-7.396319e-01	-7.200639e+00
3.885000e-01	-7.465749e-01	-7.199709e+00
3.886000e-01	-7.535249e-01	-7.198784e+00
3.887000e-01	-7.604794e-01	-7.197867e+00
3.888000e-01	-7.674356e-01	-7.196959e+00
3.889000e-01	-7.743910e-01	-7.196064e+00
3.890000e-01	-7.813433e-01	-7.195183e+00
3.891000e-01	-7.882900e-01	-7.194319e+00
3.892000e-01	-7.952291e-01	-7.193475e+00
3.892716e-01	-8.001927e-01	-7.192884e+00
3.893000e-01	-8.021586e-01	-7.192653e+00
3.894000e-01	-8.090760e-01	-7.191854e+00
3.895000e-01	-8.159791e-01	-7.191082e+00
3.896000e-01	-8.228651e-01	-7.190337e+00
3.897000e-01	-8.297317e-01	-7.189621e+00
3.898000e-01	-8.365766e-01	-7.188937e+00
3.899000e-01	-8.433973e-01	-7.188287e+00
3.900000e-01	-8.501916e-01	-7.187672e+00
3.901000e-01	-8.569574e-01	-7.187097e+00
3.902000e-01	-8.636923e-01	-7.186562e+00
3.903000e-01	-8.703944e-01	-7.186072e+00
3.904000e-01	-8.770615e-01	-7.185628e+00
3.905000e-01	-8.836916e-01	-7.185235e+00
3.906000e-01	-8.902827e-01	-7.184896e+00
3.907000e-01	-8.968329e-01	-7.184614e+00
3.908000e-01	-9.033403e-01	-7.184394e+00
3.909000e-01	-9.098031e-01	-7.184240e+00
3.910000e-01	-9.162196e-01	-7.184155e+00
3.911000e-01	-9.225880e-01	-7.184144e+00
3.912000e-01	-9.289068e-01	-7.184211e+00
3.913000e-01	-9.351745e-01	-7.184362e+00
3.914000e-01	-9.413896e-01	-7.184600e+00
3.915000e-01	-9.475507e-01	-7.184931e+00
3.916000e-01	-9.536567e-01	-7.185359e+00
3.917000e-01	-9.597064e-01	-7.185888e+00
3.918000e-01	-9.656987e-01	-7.186523e+00
3.919000e-01	-9.716327e-01	-7.187268e+00
3.920000e-01	-9.775073e-01	-7.188127e+00
3.921000e-01	-9.833216e-01	-7.189103e+00
3.922000e-01	-9.890747e-01	-7.190200e+00
3.923000e-01	-9.947656e-01	-7.191420e+00
3.924000e-01	-1.000394e+00	-7.192765e+00
3.925000e-01	-1.005958e+00	-7.194236e+00
3.926000e-01	-1.011458e+00	-7.195836e+00
3.926424e-01	-1.013773e+00	-7.196554e+00
3.926808e-01	-1.015855e+00	-7.197223e+00
3.927000e-01	-1.016893e+00	-7.197565e+00
3.927475e-01	-1.019452e+00	-7.198432e+00
3.927825e-01	-1.021328e+00	-7.199089e+00
3.928000e-01	-1.022263e+00	-7.199423e+00
3.928250e-01	-1.023597e+00	-7.199909e+00
3.928750e-01	-1.026248e+00	-7.200903e+00
3.929000e-01	-1.027567e+00	-7.201412e+00
3.929262e-01	-1.028945e+00	-7.201954e+00
3.929754e-01	-1.031523e+00	-7.202996e+00
3.930000e-01	-1.032806e+00	-7.203529e+00
3.930286e-01	-1.034292e+00	-7.204159e+00
3.930762e-01	-1.036754e+00	-7.205230e+00
3.931000e-01	-1.037979e+00	-7.205776e+00
3.931333e-01	-1.039688e+00	-7.206553e+00
3.931778e-01	-1.041957e+00	-7.207612e+00
3.932000e-01	-1.043086e+00	-7.208150e+00
3.932347e-01	-1.044844e+00	-7.209005e+00
3.932674e-01	-1.046489e+00	-7.209821e+00
3.933000e-01	-1.048127e+00	-7.210651e+00
3.933333e-01	-1.049793e+00	-7.211512e+00
3.933667e-01	-1.051451e+00	-7.212387e+00
3.934000e-01	-1.053103e+00	-7.213276e+00
3.935000e-01	-1.058013e+00	-7.216023e+00
3.936000e-01	-1.062858e+00	-7.218890e+00
3.937000e-01	-1.067638e+00	-7.221873e+00
3.938000e-01	-1.072354e+00	-7.224970e+00
3.939000e-01	-1.077004e+00	-7.228176e+00
3.940000e-01	-1.081591e+00	-7.231487e+00
3.941000e-01	-1.086113e+00	-7.234900e+00
3.942000e-01	-1.090570e+00	-7.238409e+00
3.943000e-01	-1.094963e+00	-7.242010e+00
3.944000e-01	-1.099291e+00	-7.245698e+00
3.945000e-01	-1.103553e+00	-7.249468e+00
3.946000e-01	-1.107749e+00	-7.253313e+00
3.947000e-01	-1.111878e+00	-7.257229e+00
3.948000e-01	-1.115939e+00	-7.261209e+00
3.949000e-01	-1.119930e+00	-7.265248e+00
3.950000e-01	-1.123851e+00	-7.269341e+00
3.951000e-01	-1.127700e+00	-7.273480e+00
3.952000e-01	-1.131474e+00	-7.277661e+00
3.953000e-01	-1.135174e+00	-7.281877e+00
3.954000e-01	-1.138796e+00	-7.286122e+00
3.955000e-01	-1.142338e+00	-7.290391e+00
3.956000e-01	-1.145798e+00	-7.294678e+00
3.957000e-01	-1.149175e+00	-7.298978e+00
3.958000e-01	-1.152466e+00	-7.303285e+00
3.959000e-01	-1.155669e+00	-7.307595e+00
3.960000e-01	-1.158782e+00	-7.311901e+00
3.961000e-01	-1.161802e+00	-7.316200e+00
3.962000e-01	-1.164729e+00	-7.320487e+00
3.963000e-01	-1.167558e+00	-7.324757e+00
3.964000e-01	-1.170290e+00	-7.329007e+00
3.965000e-01	-1.172922e+00	-7.333232e+00
3.966000e-01	-1.175453e+00	-7.337428e+00
3.967000e-01	-1.177881e+00	-7.341592e+00
3.968000e-01	-1.180206e+00	-7.345721e+00
3.969000e-01	-1.182426e+00	-7.349811e+00
3.970000e-01	-1.184541e+00	-7.353859e+00
3.971000e-01	-1.186550e+00	-7.357862e+00
3.972000e-01	-1.188453e+00	-7.361817e+00
3.973000e-01	-1.190249e+00	-7.365721e+00
3.974000e-01	-1.191939e+00	-7.369572e+00
3.975000e-01	-1.193524e+00	-7.373366e+00
3.976000e-01	-1.195002e+00	-7.377101e+00
3.977000e-01	-1.196376e+00	-7.380775e+00
3.978000e-01	-1.197646e+00	-7.384384e+00
3.979000e-01	-1.198813e+00	-7.387927e+00
3.980000e-01	-1.199877e+00	-7.391400e+00
3.981000e-01	-1.200841e+00	-7.394801e+00
3.982000e-01	-1.201705e+00	-7.398128e+00
3.983000e-01	-1.202471e+00	-7.401377e+00
3.984000e-01	-1.203139e+00	-7.404547e+00
3.985000e-01	-1.203712e+00	-7.407635e+00
3.986000e-01	-1.204190e+00	-7.410638e+00
3.987000e-01	-1.204575e+00	-7.413554e+00
3.988000e-01	-1.204868e+00	-7.416380e+00
3.989000e-01	-1.205070e+00	-7.419115e+00
3.990000e-01	-1.205182e+00	-7.421756e+00
3.991000e-01	-1.205205e+00	-7.424300e+00
3.992000e-01	-1.205140e+00	-7.426746e+00
3.993000e-01	-1.204987e+00	-7.429091e+00
3.994000e-01	-1.204748e+00	-7.431335e+00
3.995000e-01	-1.204421e+00	-7.433475e+00
3.996000e-01	-1.204008e+00	-7.435509e+00
3.997000e-01	-1.203509e+00	-7.437437e+00
3.998000e-01	-1.202923e+00	-7.439258e+00
3.999000e-01	-1.202250e+00	-7.440971e+00
4.000000e-01	-1.201489e+00	-7.442575e+00
4.001000e-01	-1.200640e+00	-7.444070e+00
4.002000e-01	-1.199703e+00	-7.445456e+00
4.003000e-01	-1.198676e+00	-7.446734e+00
4.004000e-01	-1.197559e+00	-7.447904e+00
4.005000e-01	-1.196351e+00	-7.448967e+00
4.006000e-01	-1.195050e+00	-7.449924e+00
4.007000e-01	-1.193656e+00	-7.450777e+00
4.008000e-01	-1.192169e+00	-7.451528e+00
4.009000e-01	-1.190586e+00	-7.452178e+00
4.010000e-01	-1.188907e+00	-7.452731e+00
4.011000e-01	-1.187131e+00	-7.453188e+00
4.012000e-01	-1.185258e+00	-7.453553e+00
4.013000e-01	-1.183287e+00	-7.453829e+00
4.014000e-01	-1.181217e+00	-7.454019e+00
4.015000e-01	-1.179048e+00	-7.454126e+00
4.016000e-01	-1.176781e+00	-7.454156e+00
4.017000e-01	-1.174414e+00	-7.454110e+00
4.018000e-01	-1.171949e+00	-7.453994e+00
4.019000e-01	-1.169385e+00	-7.453812e+00
4.020000e-01	-1.166723e+00	-7.453568e+00
4.021000e-01	-1.163965e+00	-7.453267e+00
4.022000e-01	-1.161111e+00	-7.452911e+00
4.023000e-01	-1.158162e+00	-7.452507e+00
4.024000e-01	-1.155120e+00	-7.452059e+00
4.025000e-01	-1.151986e+00	-7.451570e+00
4.026000e-01	-1.148762e+00	-7.451046e+00
4.027000e-01	-1.145451e+00	-7.450491e+00
4.028000e-01	-1.142053e+00	-7.449908e+00
4.029000e-01	-1.138572e+00	-7.449302e+00
4.030000e-01	-1.135009e+00	-7.448678e+00
4.031000e-01	-1.131367e+00	-7.448038e+00
4.032000e-01	-1.127649e+00	-7.447388e+00
4.033000e-01	-1.123856e+00	-7.446731e+00
4.034000e-01	-1.119991e+00	-7.446070e+00
4.035000e-01	-1.116056e+00	-7.445410e+00
4.036000e-01	-1.112055e+00	-7.444753e+00
4.037000e-01	-1.107988e+00	-7.444103e+00
4.038000e-01	-1.103860e+00	-7.443464e+00
4.039000e-01	-1.099670e+00	-7.442838e+00
4.040000e-01	-1.095423e+00	-7.442228e+00
4.041000e-01	-1.091119e+00	-7.441639e+00
4.042000e-01	-1.086760e+00	-7.441071e+00
4.043000e-01	-1.082349e+00	-7.440530e+00
4.044000e-01	-1.077886e+00	-7.440016e+00
4.045000e-01	-1.073373e+00	-7.439533e+00
4.046000e-01	-1.068811e+00	-7.439085e+00
4.047000e-01	-1.064202e+00	-7.438672e+00
4.048000e-01	-1.059545e+00	-7.438299e+00
4.049000e-01	-1.054843e+00	-7.437967e+00
4.050000e-01	-1.050095e+00	-7.437680e+00
4.051000e-01	-1.045303e+00	-7.437439e+00
4.052000e-01	-1.040466e+00	-7.437248e+00
4.053000e-01	-1.035586e+00	-7.437109e+00
4.054000e-01	-1.030662e+00	-7.437025e+00
4.055000e-01	-1.025694e+00	-7.436998e+00
4.056000e-01	-1.020684e+00	-7.437030e+00
4.057000e-01	-1.015631e+00	-7.437125e+00
4.058000e-01	-1.010535e+00	-7.437284e+00
4.059000e-01	-1.005397e+00	-7.437510e+00
4.060000e-01	-1.000217e+00	-7.437805e+00
4.061000e-01	-9.949960e-01	-7.438172e+00
4.062000e-01	-9.897339e-01	-7.438613e+00
4.063000e-01	-9.844317e-01	-7.439129e+00
4.064000e-01	-9.790899e-01	-7.439723e+00
4.065000e-01	-9.737096e-01	-7.440397e+00
4.066000e-01	-9.682917e-01	-7.441153e+00
4.067000e-01	-9.628374e-01	-7.441992e+00
4.068000e-01	-9.573482e-01	-7.442915e+00
4.069000e-01	-9.518254e-01	-7.443924e+00
4.070000e-01	-9.462708e-01	-7.445020e+00
4.071000e-01	-9.406861e-01	-7.446205e+00
4.072000e-01	-9.350735e-01	-7.447478e+00
4.073000e-01	-9.294349e-01	-7.448840e+00
4.074000e-01	-9.237726e-01	-7.450292e+00
4.075000e-01	-9.180891e-01	-7.451833e+00
4.076000e-01	-9.123868e-01	-7.453465e+00
4.077000e-01	-9.066682e-01	-7.455186e+00
4.078000e-01	-9.009361e-01	-7.456995e+00
4.079000e-01	-8.951931e-01	-7.458893e+00
4.080000e-01	-8.894420e-01	-7.460878e+00
4.081000e-01	-8.836856e-01	-7.462950e+00
4.082000e-01	-8.779265e-01	-7.465106e+00
4.083000e-01	-8.721675e-01	-7.467345e+00
4.084000e-01	-8.664114e-01	-7.469666e+00
4.085000e-01	-8.606607e-01	-7.472067e+00
4.086000e-01	-8.549179e-01	-7.474545e+00
4.087000e-01	-8.491855e-01	-7.477099e+00
4.088000e-01	-8.434659e-01	-7.479726e+00
4.089000e-01	-8.377611e-01	-7.482424e+00
4.090000e-01	-8.320733e-01	-7.485190e+00
4.091000e-01	-8.264043e-01	-7.488022e+00
4.092000e-01	-8.207560e-01	-7.490916e+00
4.093000e-01	-8.151297e-01	-7.493871e+00
4.094000e-01	-8.095271e-01	-7.496883e+00
4.095000e-01	-8.039494e-01	-7.499950e+00
4.096000e-01	-7.983975e-01	-7.503067e+00
4.097000e-01	-7.928726e-01	-7.506234e+00
4.098000e-01	-7.873753e-01	-7.509446e+00
4.099000e-01	-7.819064e-01	-7.512701e+00
4.100000e-01	-7.764663e-01	-7.515995e+00
4.101000e-01	-7.710555e-01	-7.519326e+00
4.102000e-01	-7.656744e-01	-7.522692e+00
4.103000e-01	-7.603232e-01	-7.526088e+00
4.104000e-01	-7.550021e-01	-7.529512e+00
4.105000e-01	-7.497112e-01	-7.532962e+00
4.106000e-01	-7.444507e-01	-7.536434e+00
4.107000e-01	-7.392208e-01	-7.539926e+00
4.108000e-01	-7.340215e-01	-7.543434e+00
4.109000e-01	-7.288530e-01	-7.546957e+00
4.110000e-01	-7.237157e-01	-7.550492e+00
4.111000e-01	-7.186098e-01	-7.554035e+00
4.112000e-01	-7.135356e-01	-7.557584e+00
4.113000e-01	-7.084937e-01	-7.561137e+00
4.114000e-01	-7.034847e-01	-7.564690e+00
4.115000e-01	-6.985094e-01	-7.568242e+00
4.116000e-01	-6.935684e-01	-7.571789e+00
4.117000e-01	-6.886629e-01	-7.575328e+00
4.118000e-01	-6.837939e-01	-7.578858e+00
4.119000e-01	-6.789626e-01	-7.582376e+00
4.120000e-01	-6.741703e-01	-7.585879e+00
4.121000e-01	-6.694187e-01	-7.589364e+00
4.122000e-01	-6.647097e-01	-7.592828e+00
4.123000e-01	-6.600459e-01	-7.596266e+00
4.124000e-01	-6.554299e-01	-7.599675e+00
4.125000e-01	-6.508644e-01	-7.603050e+00
4.126000e-01	-6.463519e-01	-7.606388e+00
4.127000e-01	-6.418952e-01	-7.609684e+00
4.128000e-01	-6.374969e-01	-7.612935e+00
4.129000e-01	-6.331596e-01	-7.616138e+00
4.130000e-01	-6.288857e-01	-7.619290e+00
4.131000e-01	-6.246779e-01	-7.622388e+00
4.132000e-01	-6.205383e-01	-7.625429e+00
4.133000e-01	-6.164695e-01	-7.628410e+00
4.134000e-01	-6.124735e-01	-7.631329e+00
4.135000e-01	-6.085525e-01	-7.634185e+00
4.136000e-01	-6.047086e-01	-7.636974e+00
4.137000e-01	-6.009433e-01	-7.639695e+00
4.138000e-01	-5.972586e-01	-7.642347e+00
4.139000e-01	-5.936557e-01	-7.644928e+00
4.140000e-01	-5.901360e-01	-7.647438e+00
4.141000e-01	-5.867006e-01	-7.649875e+00
4.142000e-01	-5.833506e-01	-7.652239e+00
4.143000e-01	-5.800865e-01	-7.654529e+00
4.144000e-01	-5.769091e-01	-7.656746e+00
4.145000e-01	-5.738186e-01	-7.658889e+00
4.146000e-01	-5.708154e-01	-7.660959e+00
4.147000e-01	-5.678994e-01	-7.662956e+00
4.148000e-01	-5.650706e-01	-7.664881e+00
4.149000e-01	-5.623288e-01	-7.666736e+00
4.150000e-01	-5.596734e-01	-7.668520e+00
4.151000e-01	-5.571042e-01	-7.670236e+00
4.152000e-01	-5.546203e-01	-7.671885e+00
4.153000e-01	-5.522213e-01	-7.673469e+00
4.154000e-01	-5.499062e-01	-7.674990e+00
4.155000e-01	-5.476742e-01	-7.676450e+00
4.156000e-01	-5.455245e-01	-7.677851e+00
4.157000e-01	-5.434562e-01	-7.679196e+00
4.158000e-01	-5.414684e-01	-7.680487e+00
4.159000e-01	-5.395601e-01	-7.681727e+00
4.160000e-01	-5.377306e-01	-7.682918e+00
4.161000e-01	-5.359790e-01	-7.684064e+00
4.162000e-01	-5.343046e-01	-7.685168e+00
4.163000e-01	-5.327068e-01	-7.686231e+00
4.164000e-01	-5.311850e-01	-7.687258e+00
4.165000e-01	-5.297388e-01	-7.688251e+00
4.166000e-01	-5.283680e-01	-7.689212e+00
4.167000e-01	-5.270723e-01	-7.690145e+00
4.168000e-01	-5.258520e-01	-7.691052e+00
4.169000e-01	-5.247071e-01	-7.691935e+00
4.170000e-01	-5.236380e-01	-7.692796e+00
4.171000e-01	-5.226452e-01	-7.693638e+00
4.172000e-01	-5.217294e-01	-7.694463e+00
4.173000e-01	-5.208915e-01	-7.695271e+00
4.174000e-01	-5.201322e-01	-7.696066e+00
4.175000e-01	-5.194527e-01	-7.696847e+00
4.176000e-01	-5.188541e-01	-7.697616e+00
4.177000e-01	-5.183376e-01	-7.698375e+00
4.178000e-01	-5.179046e-01	-7.699124e+00
4.179000e-01	-5.175564e-01	-7.699865e+00
4.180000e-01	-5.172941e-01	-7.700596e+00
4.181000e-01	-5.171194e-01	-7.701320e+00
4.182000e-01	-5.170332e-01	-7.702037e+00
4.183000e-01	-5.170369e-01	-7.702748e+00
4.184000e-01	-5.171316e-01	-7.703452e+00
4.185000e-01	-5.173184e-01	-7.704150e+00
4.186000e-01	-5.175980e-01	-7.704843e+00
4.187000e-01	-5.179713e-01	-7.705532e+00
4.188000e-01	-5.184388e-01	-7.706216e+00
4.189000e-01	-5.190009e-01	-7.706897e+00
4.190000e-01	-5.196578e-01	-7.707575e+00
4.191000e-01	-5.204095e-01	-7.708252e+00
4.192000e-01	-5.212556e-01	-7.708928e+00
4.193000e-01	-5.221958e-01	-7.709604e+00
4.194000e-01	-5.232292e-01	-7.710283e+00
4.195000e-01	-5.243551e-01	-7.710964e+00
4.196000e-01	-5.255724e-01	-7.711650e+00
4.197000e-01	-5.268796e-01	-7.712343e+00
4.198000e-01	-5.282752e-01	-7.713043e+00
4.199000e-01	-5.297576e-01	-7.713754e+00
4.200000e-01	-5.313249e-01	-7.714477e+00
4.201000e-01	-5.329749e-01	-7.715213e+00
4.202000e-01	-5.347057e-01	-7.715966e+00
4.203000e-01	-5.365148e-01	-7.716737e+00
4.204000e-01	-5.384000e-01	-7.717529e+00
4.205000e-01	-5.403588e-01	-7.718342e+00
4.206000e-01	-5.423886e-01	-7.719181e+00
4.207000e-01	-5.444871e-01	-7.720046e+00
4.208000e-01	-5.466518e-01	-7.720940e+00
4.209000e-01	-5.488802e-01	-7.721864e+00
4.210000e-01	-5.511698e-01	-7.722820e+00
4.211000e-01	-5.535184e-01	-7.723810e+00
4.212000e-01	-5.559237e-01	-7.724835e+00
4.213000e-01	-5.583836e-01	-7.725896e+00
4.214000e-01	-5.608960e-01	-7.726995e+00
4.215000e-01	-5.634591e-01	-7.728131e+00
4.216000e-01	-5.660711e-01	-7.729306e+00
4.217000e-01	-5.687304e-01	-7.730519e+00
4.218000e-01	-5.714356e-01	-7.731771e+00
4.219000e-01	-5.741853e-01	-7.733062e+00
4.220000e-01	-5.769785e-01	-7.734391e+00
4.221000e-01	-5.798141e-01	-7.735758e+00
4.222000e-01	-5.826913e-01	-7.737162e+00
4.223000e-01	-5.856094e-01	-7.738601e+00
4.224000e-01	-5.885677e-01	-7.740075e+00
4.225000e-01	-5.915658e-01	-7.741582e+00
4.226000e-01	-5.946032e-01	-7.743120e+00
4.227000e-01	-5.976795e-01	-7.744689e+00
4.228000e-01	-6.007945e-01	-7.746285e+00
4.229000e-01	-6.039479e-01	-7.747908e+00
4.230000e-01	-6.071395e-01	-7.749555e+00
4.231000e-01	-6.103689e-01	-7.751225e+00
4.232000e-01	-6.136358e-01	-7.752916e+00
4.233000e-01	-6.169399e-01	-7.754625e+00
4.234000e-01	-6.202808e-01	-7.756351e+00
4.235000e-01	-6.236579e-01	-7.758092e+00
4.236000e-01	-6.270706e-01	-7.759847e+00
4.237000e-01	-6.305183e-01	-7.761613e+00
4.238000e-01	-6.340000e-01	-7.763390e+00
4.239000e-01	-6.375147e-01	-7.765175e+00
4.240000e-01	-6.410613e-01	-7.766969e+00
4.241000e-01	-6.446385e-01	-7.768769e+00
4.242000e-01	-6.482448e-01	-7.770574e+00
4.243000e-01	-6.518786e-01	-7.772385e+00
4.244000e-01	-6.555382e-01	-7.774200e+00
4.245000e-01	-6.592216e-01	-7.776019e+00
4.246000e-01	-6.629269e-01	-7.777842e+00
4.247000e-01	-6.666519e-01	-7.779668e+00
4.248000e-01	-6.703943e-01	-7.781497e+00
4.249000e-01	-6.741518e-01	-7.783329e+00
4.250000e-01	-6.779219e-01	-7.785165e+00
4.251000e-01	-6.817021e-01	-7.787005e+00
4.252000e-01	-6.854899e-01	-7.788848e+00
4.253000e-01	-6.892828e-01	-7.790695e+00
4.254000e-01	-6.930781e-01	-7.792546e+00
4.255000e-01	-6.968735e-01	-7.794401e+00
4.256000e-01	-7.006663e-01	-7.796260e+00
4.257000e-01	-7.044544e-01	-7.798125e+00
4.258000e-01	-7.082353e-01	-7.799994e+00
4.259000e-01	-7.120064e-01	-7.801867e+00
4.260000e-01	-7.157659e-01	-7.803745e+00
4.261000e-01	-7.195120e-01	-7.805626e+00
4.262000e-01	-7.232428e-01	-7.807512e+00
4.263000e-01	-7.269565e-01	-7.809401e+00
4.264000e-01	-7.306517e-01	-7.811292e+00
4.265000e-01	-7.343272e-01	-7.813185e+00
4.266000e-01	-7.379817e-01	-7.815079e+00
4.267000e-01	-7.416144e-01	-7.816973e+00
4.268000e-01	-7.452245e-01	-7.818866e+00
4.269000e-01	-7.488116e-01	-7.820756e+00
4.270000e-01	-7.523753e-01	-7.822643e+00
4.271000e-01	-7.559153e-01	-7.824524e+00
4.272000e-01	-7.594316e-01	-7.826398e+00
4.273000e-01	-7.629243e-01	-7.828265e+00
4.274000e-01	-7.663937e-01	-7.830121e+00
4.275000e-01	-7.698401e-01	-7.831966e+00
4.276000e-01	-7.732639e-01	-7.833799e+00
4.277000e-01	-7.766657e-01	-7.835616e+00
4.278000e-01	-7.800461e-01	-7.837419e+00
4.279000e-01	-7.834057e-01	-7.839204e+00
4.280000e-01	-7.867451e-01	-7.840970e+00
4.281000e-01	-7.900650e-01	-7.842718e+00
4.282000e-01	-7.933659e-01	-7.844444e+00
4.283000e-01	-7.966485e-01	-7.846150e+00
4.284000e-01	-7.999133e-01	-7.847833e+00
4.285000e-01	-8.031607e-01	-7.849495e+00
4.286000e-01	-8.063912e-01	-7.851133e+00
4.287000e-01	-8.096049e-01	-7.852748e+00
4.288000e-01	-8.128020e-01	-7.854341e+00
4.289000e-01	-8.159827e-01	-7.855911e+00
4.290000e-01	-8.191468e-01	-7.857458e+00
4.291000e-01	-8.222941e-01	-7.858984e+00
4.292000e-01	-8.254245e-01	-7.860490e+00
4.293000e-01	-8.285374e-01	-7.861975e+00
4.294000e-01	-8.316323e-01	-7.863441e+00
4.295000e-01	-8.347085e-01	-7.864890e+00
4.296000e-01	-8.377655e-01	-7.866322e+00
4.297000e-01	-8.408023e-01	-7.867738e+00
4.298000e-01	-8.438180e-01	-7.869142e+00
4.299000e-01	-8.468117e-01	-7.870533e+00
4.300000e-01	-8.497824e-01	-7.871913e+00
4.301000e-01	-8.527291e-01	-7.873284e+00
4.302000e-01	-8.556507e-01	-7.874647e+00
4.303000e-01	-8.585463e-01	-7.876004e+00
4.304000e-01	-8.614148e-01	-7.877356e+00
4.305000e-01	-8.642552e-01	-7.878704e+00
4.306000e-01	-8.670667e-01	-7.880049e+00
4.307000e-01	-8.698484e-01	-7.881394e+00
4.308000e-01	-8.725996e-01	-7.882737e+00
4.309000e-01	-8.753196e-01	-7.884082e+00
4.310000e-01	-8.780079e-01	-7.885427e+00
4.311000e-01	-8.806642e-01	-7.886774e+00
4.312000e-01	-8.832880e-01	-7.888123e+00
4.313000e-01	-8.858792e-01	-7.889475e+00
4.314000e-01	-8.884379e-01	-7.890829e+00
4.315000e-01	-8.909641e-01	-7.892186e+00
4.316000e-01	-8.934581e-01	-7.893545e+00
4.317000e-01	-8.959204e-01	-7.894907e+00
4.318000e-01	-8.983513e-01	-7.896270e+00
4.319000e-01	-9.007517e-01	-7.897635e+00
4.320000e-01	-9.031223e-01	-7.899002e+00
4.321000e-01	-9.054640e-01	-7.900369e+00
4.322000e-01	-9.077777e-01	-7.901737e+00
4.323000e-01	-9.100641e-01	-7.903104e+00
4.324000e-01	-9.123228e-01	-7.904468e+00
4.325000e-01	-9.145534e-01	-7.905827e+00
4.326000e-01	-9.167556e-01	-7.907180e+00
4.327000e-01	-9.189289e-01	-7.908525e+00
4.328000e-01	-9.210731e-01	-7.909859e+00
4.329000e-01	-9.231879e-01	-7.911181e+00
4.330000e-01	-9.252730e-01	-7.912490e+00
4.331000e-01	-9.273282e-01	-7.913785e+00
4.332000e-01	-9.293532e-01	-7.915064e+00
4.333000e-01	-9.313479e-01	-7.916328e+00
4.334000e-01	-9.333120e-01	-7.917575e+00
4.335000e-01	-9.352454e-01	-7.918805e+00
4.336000e-01	-9.371479e-01	-7.920020e+00
4.337000e-01	-9.390195e-01	-7.921219e+00
4.338000e-01	-9.408601e-01	-7.922403e+00
4.339000e-01	-9.426695e-01	-7.923574e+00
4.340000e-01	-9.444477e-01	-7.924732e+00
4.341000e-01	-9.461947e-01	-7.925881e+00
4.342000e-01	-9.479106e-01	-7.927021e+00
4.343000e-01	-9.495953e-01	-7.928155e+00
4.344000e-01	-9.512491e-01	-7.929285e+00
4.345000e-01	-9.528720e-01	-7.930414e+00
4.346000e-01	-9.544642e-01	-7.931545e+00
4.347000e-01	-9.560261e-01	-7.932681e+00
4.348000e-01	-9.575578e-01	-7.933825e+00
4.349000e-01	-9.590598e-01	-7.934980e+00
4.350000e-01	-9.605325e-01	-7.936149e+00
4.351000e-01	-9.619764e-01	-7.937335e+00
4.352000e-01	-9.633920e-01	-7.938541e+00
4.353000e-01	-9.647800e-01	-7.939770e+00
4.354000e-01	-9.661410e-01	-7.941025e+00
4.355000e-01	-9.674758e-01	-7.942310e+00
4.356000e-01	-9.687852e-01	-7.943625e+00
4.357000e-01	-9.700701e-01	-7.944974e+00
4.358000e-01	-9.713313e-01	-7.946359e+00
4.359000e-01	-9.725699e-01	-7.947781e+00
4.360000e-01	-9.737867e-01	-7.949243e+00
4.361000e-01	-9.749828e-01	-7.950745e+00
4.362000e-01	-9.761592e-01	-7.952288e+00
4.363000e-01	-9.773169e-01	-7.953874e+00
4.364000e-01	-9.784567e-01	-7.955502e+00
4.365000e-01	-9.795796e-01	-7.957173e+00
4.366000e-01	-9.806863e-01	-7.958886e+00
4.367000e-01	-9.817775e-01	-7.960641e+00
4.368000e-01	-9.828539e-01	-7.962436e+00
4.369000e-01	-9.839158e-01	-7.964271e+00
4.370000e-01	-9.849636e-01	-7.966143e+00
4.371000e-01	-9.859975e-01	-7.968052e+00
4.372000e-01	-9.870176e-01	-7.969994e+00
4.373000e-01	-9.880237e-01	-7.971968e+00
4.374000e-01	-9.890156e-01	-7.973971e+00
4.375000e-01	-9.899929e-01	-7.976001e+00
4.376000e-01	-9.909551e-01	-7.978055e+00
4.377000e-01	-9.919013e-01	-7.980131e+00
4.378000e-01	-9.928308e-01	-7.982225e+00
4.379000e-01	-9.937427e-01	-7.984334e+00
4.380000e-01	-9.946358e-01	-7.986457e+00
4.381000e-01	-9.955090e-01	-7.988590e+00
4.382000e-01	-9.963610e-01	-7.990732e+00
4.383000e-01	-9.971905e-01	-7.992878e+00
4.384000e-01	-9.979960e-01	-7.995029e+00
4.385000e-01	-9.987763e-01	-7.997180e+00
4.386000e-01	-9.995298e-01	-7.999331e+00
4.387000e-01	-1.000255e+00	-8.001480e+00
4.388000e-01	-1.000951e+00	-8.003625e+00
4.389000e-01	-1.001616e+00	-8.005766e+00
4.390000e-01	-1.002248e+00	-8.007901e+00
4.391000e-01	-1.002848e+00	-8.010030e+00
4.392000e-01	-1.003412e+00	-8.012153e+00
4.393000e-01	-1.003942e+00	-8.014268e+00
4.394000e-01	-1.004434e+00	-8.016377e+00
4.395000e-01	-1.004890e+00	-8.018478e+00
4.396000e-01	-1.005308e+00	-8.020573e+00
4.397000e-01	-1.005688e+00	-8.022662e+00
4.398000e-01	-1.006029e+00	-8.024746e+00
4.399000e-01	-1.006332e+00	-8.026825e+00
4.400000e-01	-1.006596e+00	-8.028899e+00
4.401000e-01	-1.006822e+00	-8.030970e+00
4.402000e-01	-1.007010e+00	-8.033038e+00
4.403000e-01	-1.007160e+00	-8.035105e+00
4.404000e-01	-1.007273e+00	-8.037170e+00
4.405000e-01	-1.007350e+00	-8.039234e+00
4.406000e-01	-1.007391e+00	-8.041297e+00
4.407000e-01	-1.007397e+00	-8.043361e+00
4.408000e-01	-1.007370e+00	-8.045424e+00
4.409000e-01	-1.007310e+00	-8.047488e+00
4.410000e-01	-1.007218e+00	-8.049552e+00
4.411000e-01	-1.007096e+00	-8.051615e+00
4.412000e-01	-1.006944e+00	-8.053677e+00
4.413000e-01	-1.006764e+00	-8.055738e+00
4.414000e-01	-1.006557e+00	-8.057796e+00
4.415000e-01	-1.006323e+00	-8.059850e+00
4.416000e-01	-1.006064e+00	-8.061899e+00
4.417000e-01	-1.005781e+00	-8.063942e+00
4.418000e-01	-1.005473e+00	-8.065977e+00
4.419000e-01	-1.005143e+00	-8.068002e+00
4.420000e-01	-1.004790e+00	-8.070016e+00
4.421000e-01	-1.004414e+00	-8.072017e+00
4.422000e-01	-1.004017e+00	-8.074003e+00
4.423000e-01	-1.003599e+00	-8.075971e+00
4.424000e-01	-1.003159e+00	-8.077921e+00
4.425000e-01	-1.002697e+00	-8.079849e+00
4.426000e-01	-1.002213e+00	-8.081755e+00
4.427000e-01	-1.001707e+00	-8.083637e+00
4.428000e-01	-1.001179e+00	-8.085492e+00
4.429000e-01	-1.000627e+00	-8.087321e+00
4.430000e-01	-1.000051e+00	-8.089120e+00
4.431000e-01	-9.994516e-01	-8.090890e+00
4.432000e-01	-9.988265e-01	-8.092629e+00
4.433000e-01	-9.981754e-01	-8.094338e+00
4.434000e-01	-9.974974e-01	-8.096015e+00
4.435000e-01	-9.967919e-01	-8.097660e+00
4.436000e-01	-9.960578e-01	-8.099274e+00
4.437000e-01	-9.952944e-01	-8.100856e+00
4.438000e-01	-9.945010e-01	-8.102409e+00
4.439000e-01	-9.936768e-01	-8.103932e+00
4.440000e-01	-9.928213e-01	-8.105427e+00
4.441000e-01	-9.919338e-01	-8.106895e+00
4.442000e-01	-9.910139e-01	-8.108338e+00
4.443000e-01	-9.900613e-01	-8.109758e+00
4.444000e-01	-9.890759e-01	-8.111156e+00
4.445000e-01	-9.880574e-01	-8.112536e+00
4.446000e-01	-9.870060e-01	-8.113898e+00
4.447000e-01	-9.859218e-01	-8.115246e+00
4.448000e-01	-9.848051e-01	-8.116582e+00
4.449000e-01	-9.836565e-01	-8.117908e+00
4.450000e-01	-9.824765e-01	-8.119227e+00
4.451000e-01	-9.812657e-01	-8.120542e+00
4.452000e-01	-9.800252e-01	-8.121854e+00
4.453000e-01	-9.787557e-01	-8.123167e+00
4.454000e-01	-9.774583e-01	-8.124482e+00
4.455000e-01	-9.761341e-01	-8.125802e+00
4.456000e-01	-9.747844e-01	-8.127129e+00
4.457000e-01	-9.734103e-01	-8.128464e+00
4.458000e-01	-9.720132e-01	-8.129810e+00
4.459000e-01	-9.705942e-01	-8.131168e+00
4.460000e-01	-9.691548e-01	-8.132538e+00
4.461000e-01	-9.676961e-01	-8.133923e+00
4.462000e-01	-9.662195e-01	-8.135324e+00
4.463000e-01	-9.647262e-01	-8.136740e+00
4.464000e-01	-9.632171e-01	-8.138173e+00
4.465000e-01	-9.616935e-01	-8.139623e+00
4.466000e-01	-9.601562e-01	-8.141090e+00
4.467000e-01	-9.586061e-01	-8.142574e+00
4.468000e-01	-9.570438e-01	-8.144075e+00
4.469000e-01	-9.554701e-01	-8.145592e+00
4.470000e-01	-9.538853e-01	-8.147126e+00
4.471000e-01	-9.522897e-01	-8.148676e+00
4.472000e-01	-9.506836e-01	-8.150241e+00
4.473000e-01	-9.490669e-01	-8.151821e+00
4.474000e-01	-9.474396e-01	-8.153414e+00
4.475000e-01	-9.458014e-01	-8.155021e+00
4.476000e-01	-9.441520e-01	-8.156640e+00
4.477000e-01	-9.424908e-01	-8.158272e+00
4.478000e-01	-9.408174e-01	-8.159914e+00
4.479000e-01	-9.391309e-01	-8.161567e+00
4.480000e-01	-9.374312e-01	-8.163229e+00
4.481000e-01	-9.357177e-01	-8.164898e+00
4.482000e-01	-9.339903e-01	-8.166574e+00
4.483000e-01	-9.322485e-01	-8.168253e+00
4.484000e-01	-9.304919e-01	-8.169934e+00
4.485000e-01	-9.287202e-01	-8.171617e+00
4.486000e-01	-9.269330e-01	-8.173300e+00
4.487000e-01	-9.251299e-01	-8.174982e+00
4.488000e-01	-9.233105e-01	-8.176661e+00
4.489000e-01	-9.214746e-01	-8.178337e+00
4.490000e-01	-9.196219e-01	-8.180010e+00
4.491000e-01	-9.177520e-01	-8.181679e+00
4.492000e-01	-9.158649e-01	-8.183344e+00
4.493000e-01	-9.139603e-01	-8.185004e+00
4.494000e-01	-9.120382e-01	-8.186661e+00
4.495000e-01	-9.100985e-01	-8.188314e+00
4.496000e-01	-9.081412e-01	-8.189964e+00
4.497000e-01	-9.061664e-01	-8.191611e+00
4.498000e-01	-9.041741e-01	-8.193257e+00
4.499000e-01	-9.021645e-01	-8.194903e+00
4.500000e-01	-9.001378e-01	-8.196549e+00
4.501000e-01	-8.980942e-01	-8.198197e+00
4.502000e-01	-8.960339e-01	-8.199848e+00
4.503000e-01	-8.939572e-01	-8.201503e+00
4.504000e-01	-8.918643e-01	-8.203164e+00
4.505000e-01	-8.897556e-01	-8.204831e+00
4.506000e-01	-8.876314e-01	-8.206507e+00
4.507000e-01	-8.854918e-01	-8.208192e+00
4.508000e-01	-8.833373e-01	-8.209888e+00
4.509000e-01	-8.811680e-01	-8.211595e+00
4.510000e-01	-8.789842e-01	-8.213315e+00
4.511000e-01	-8.767861e-01	-8.215047e+00
4.512000e-01	-8.745739e-01	-8.216793e+00
4.513000e-01	-8.723479e-01	-8.218553e+00
4.514000e-01	-8.701081e-01	-8.220326e+00
4.515000e-01	-8.678548e-01	-8.222113e+00
4.516000e-01	-8.655881e-01	-8.223912e+00
4.517000e-01	-8.633080e-01	-8.225723e+00
4.518000e-01	-8.610148e-01	-8.227545e+00
4.519000e-01	-8.587085e-01	-8.229376e+00
4.520000e-01	-8.563892e-01	-8.231214e+00
4.521000e-01	-8.540570e-01	-8.233058e+00
4.522000e-01	-8.517119e-01	-8.234905e+00
4.523000e-01	-8.493541e-01	-8.236753e+00
4.524000e-01	-8.469837e-01	-8.238598e+00
4.525000e-01	-8.446007e-01	-8.240438e+00
4.526000e-01	-8.422053e-01	-8.242271e+00
4.527000e-01	-8.397975e-01	-8.244092e+00
4.528000e-01	-8.373775e-01	-8.245899e+00
4.529000e-01	-8.349455e-01	-8.247688e+00
4.530000e-01	-8.325017e-01	-8.249457e+00
4.531000e-01	-8.300462e-01	-8.251202e+00
4.532000e-01	-8.275792e-01	-8.252919e+00
4.533000e-01	-8.251011e-01	-8.254607e+00
4.534000e-01	-8.226122e-01	-8.256262e+00
4.535000e-01	-8.201127e-01	-8.257883e+00
4.536000e-01	-8.176030e-01	-8.259465e+00
4.537000e-01	-8.150835e-01	-8.261009e+00
4.538000e-01	-8.125547e-01	-8.262511e+00
4.539000e-01	-8.100171e-01	-8.263971e+00
4.540000e-01	-8.074710e-01	-8.265387e+00
4.541000e-01	-8.049172e-01	-8.266759e+00
4.542000e-01	-8.023561e-01	-8.268086e+00
4.543000e-01	-7.997884e-01	-8.269369e+00
4.544000e-01	-7.972146e-01	-8.270608e+00
4.545000e-01	-7.946356e-01	-8.271804e+00
4.546000e-01	-7.920519e-01	-8.272957e+00
4.547000e-01	-7.894643e-01	-8.274069e+00
4.548000e-01	-7.868736e-01	-8.275143e+00
4.549000e-01	-7.842806e-01	-8.276179e+00
4.550000e-01	-7.816859e-01	-8.277180e+00
4.551000e-01	-7.790905e-01	-8.278149e+00
4.552000e-01	-7.764951e-01	-8.279088e+00
4.553000e-01	-7.739006e-01	-8.280000e+00
4.554000e-01	-7.713077e-01	-8.280888e+00
4.555000e-01	-7.687173e-01	-8.281755e+00
4.556000e-01	-7.661303e-01	-8.282603e+00
4.557000e-01	-7.635474e-01	-8.283437e+00
4.558000e-01	-7.609696e-01	-8.284259e+00
4.559000e-01	-7.583976e-01	-8.285072e+00
4.560000e-01	-7.558321e-01	-8.285878e+00
4.561000e-01	-7.532739e-01	-8.286681e+00
4.562000e-01	-7.507240e-01	-8.287484e+00
4.563000e-01	-7.481830e-01	-8.288287e+00
4.564000e-01	-7.456516e-01	-8.289095e+00
4.565000e-01	-7.431304e-01	-8.289907e+00
4.566000e-01	-7.406202e-01	-8.290728e+00
4.567000e-01	-7.381214e-01	-8.291557e+00
4.568000e-01	-7.356349e-01	-8.292397e+00
4.569000e-01	-7.331611e-01	-8.293248e+00
4.570000e-01	-7.307005e-01	-8.294112e+00
4.571000e-01	-7.282538e-01	-8.294989e+00
4.572000e-01	-7.258216e-01	-8.295879e+00
4.573000e-01	-7.234042e-01	-8.296784e+00
4.574000e-01	-7.210023e-01	-8.297704e+00
4.575000e-01	-7.186164e-01	-8.298638e+00
4.576000e-01	-7.162469e-01	-8.299588e+00
4.577000e-01	-7.138944e-01	-8.300552e+00
4.578000e-01	-7.115594e-01	-8.301532e+00
4.579000e-01	-7.092424e-01	-8.302527e+00
4.580000e-01	-7.069439e-01	-8.303538e+00
4.581000e-01	-7.046644e-01	-8.304565e+00
4.582000e-01	-7.024044e-01	-8.305607e+00
4.583000e-01	-7.001645e-01	-8.306667e+00
4.584000e-01	-6.979451e-01	-8.307743e+00
4.585000e-01	-6.957469e-01	-8.308838e+00
4.586000e-01	-6.935703e-01	-8.309951e+00
4.587000e-01	-6.914159e-01	-8.311084e+00
4.588000e-01	-6.892843e-01	-8.312238e+00
4.589000e-01	-6.871761e-01	-8.313415e+00
4.590000e-01	-6.850918e-01	-8.314615e+00
4.591000e-01	-6.830321e-01	-8.315842e+00
4.592000e-01	-6.809976e-01	-8.317096e+00
4.593000e-01	-6.789888e-01	-8.318381e+00
4.594000e-01	-6.770063e-01	-8.319697e+00
4.595000e-01	-6.750500e-01	-8.321047e+00
4.596000e-01	-6.731196e-01	-8.322431e+00
4.597000e-01	-6.712150e-01	-8.323852e+00
4.598000e-01	-6.693358e-01	-8.325311e+00
4.599000e-01	-6.674818e-01	-8.326809e+00
4.600000e-01	-6.656527e-01	-8.328348e+00
4.601000e-01	-6.638485e-01	-8.329930e+00
4.602000e-01	-6.620688e-01	-8.331555e+00
4.603000e-01	-6.603135e-01	-8.333225e+00
4.604000e-01	-6.585826e-01	-8.334941e+00
4.605000e-01	-6.568759e-01	-8.336705e+00
4.606000e-01	-6.551935e-01	-8.338517e+00
4.607000e-01	-6.535355e-01	-8.340378e+00
4.608000e-01	-6.519020e-01	-8.342288e+00
4.609000e-01	-6.502933e-01	-8.344250e+00
4.610000e-01	-6.487097e-01	-8.346261e+00
4.611000e-01	-6.471516e-01	-8.348324e+00
4.612000e-01	-6.456195e-01	-8.350437e+00
4.613000e-01	-6.441139e-01	-8.352600e+00
4.614000e-01	-6.426355e-01	-8.354813e+00
4.615000e-01	-6.411851e-01	-8.357074e+00
4.616000e-01	-6.397634e-01	-8.359384e+00
4.617000e-01	-6.383714e-01	-8.361741e+00
4.618000e-01	-6.370100e-01	-8.364142e+00
4.619000e-01	-6.356801e-01	-8.366588e+00
4.620000e-01	-6.343830e-01	-8.369076e+00
4.621000e-01	-6.331195e-01	-8.371603e+00
4.622000e-01	-6.318910e-01	-8.374169e+00
4.623000e-01	-6.306985e-01	-8.376770e+00
4.624000e-01	-6.295432e-01	-8.379405e+00
4.625000e-01	-6.284262e-01	-8.382071e+00
4.626000e-01	-6.273488e-01	-8.384765e+00
4.627000e-01	-6.263120e-01	-8.387484e+00
4.628000e-01	-6.253169e-01	-8.390227e+00
4.629000e-01	-6.243647e-01	-8.392990e+00
4.630000e-01	-6.234562e-01	-8.395771e+00
4.631000e-01	-6.225925e-01	-8.398567e+00
4.632000e-01	-6.217744e-01	-8.401374e+00
4.633000e-01	-6.210028e-01	-8.404192e+00
4.634000e-01	-6.202783e-01	-8.407016e+00
4.635000e-01	-6.196015e-01	-8.409844e+00
4.636000e-01	-6.189730e-01	-8.412674e+00
4.637000e-01	-6.183932e-01	-8.415503e+00
4.638000e-01	-6.178624e-01	-8.418328e+00
4.639000e-01	-6.173808e-01	-8.421148e+00
4.640000e-01	-6.169483e-01	-8.423960e+00
4.641000e-01	-6.165651e-01	-8.426761e+00
4.642000e-01	-6.162309e-01	-8.429549e+00
4.643000e-01	-6.159454e-01	-8.432323e+00
4.644000e-01	-6.157083e-01	-8.435078e+00
4.645000e-01	-6.155190e-01	-8.437815e+00
4.646000e-01	-6.153771e-01	-8.440530e+00
4.647000e-01	-6.152818e-01	-8.443221e+00
4.648000e-01	-6.152325e-01	-8.445886e+00
4.649000e-01	-6.152284e-01	-8.448523e+00
4.650000e-01	-6.152686e-01	-8.451130e+00
4.651000e-01	-6.153522e-01	-8.453705e+00
4.652000e-01	-6.154784e-01	-8.456245e+00
4.653000e-01	-6.156463e-01	-8.458749e+00
4.654000e-01	-6.158550e-01	-8.461214e+00
4.655000e-01	-6.161036e-01	-8.463638e+00
4.656000e-01	-6.163913e-01	-8.466019e+00
4.657000e-01	-6.167173e-01	-8.468355e+00
4.658000e-01	-6.170807e-01	-8.470644e+00
4.659000e-01	-6.174810e-01	-8.472883e+00
4.660000e-01	-6.179174e-01	-8.475072e+00
4.661000e-01	-6.183895e-01	-8.477207e+00
4.662000e-01	-6.188967e-01	-8.479287e+00
4.663000e-01	-6.194387e-01	-8.481310e+00
4.664000e-01	-6.200151e-01	-8.483274e+00
4.665000e-01	-6.206258e-01	-8.485177e+00
4.666000e-01	-6.212706e-01	-8.487018e+00
4.667000e-01	-6.219495e-01	-8.488796e+00
4.668000e-01	-6.226625e-01	-8.490509e+00
4.669000e-01	-6.234097e-01	-8.492155e+00
4.670000e-01	-6.241914e-01	-8.493735e+00
4.671000e-01	-6.250078e-01	-8.495247e+00
4.672000e-01	-6.258591e-01	-8.496690e+00
4.673000e-01	-6.267458e-01	-8.498064e+00
4.674000e-01	-6.276683e-01	-8.499369e+00
4.675000e-01	-6.286269e-01	-8.500606e+00
4.676000e-01	-6.296220e-01	-8.501773e+00
4.677000e-01	-6.306542e-01	-8.502872e+00
4.678000e-01	-6.317238e-01	-8.503904e+00
4.679000e-01	-6.328312e-01	-8.504870e+00
4.680000e-01	-6.339769e-01	-8.505771e+00
4.681000e-01	-6.351610e-01	-8.506608e+00
4.682000e-01	-6.363840e-01	-8.507383e+00
4.683000e-01	-6.376460e-01	-8.508099e+00
4.684000e-01	-6.389473e-01	-8.508758e+00
4.685000e-01	-6.402878e-01	-8.509361e+00
4.686000e-01	-6.416678e-01	-8.509912e+00
4.687000e-01	-6.430870e-01	-8.510413e+00
4.688000e-01	-6.445455e-01	-8.510868e+00
4.689000e-01	-6.460429e-01	-8.511280e+00
4.690000e-01	-6.475790e-01	-8.511652e+00
4.691000e-01	-6.491534e-01	-8.511987e+00
4.692000e-01	-6.507657e-01	-8.512289e+00
4.693000e-01	-6.524153e-01	-8.512562e+00
4.694000e-01	-6.541018e-01	-8.512810e+00
4.695000e-01	-6.558243e-01	-8.513036e+00
4.695349e-01	-6.564347e-01	-8.513110e+00
4.695600e-01	-6.568745e-01	-8.513163e+00
4.695910e-01	-6.574227e-01	-8.513226e+00
4.696000e-01	-6.575824e-01	-8.513244e+00
4.696277e-01	-6.580750e-01	-8.513299e+00
4.696565e-01	-6.585909e-01	-8.513355e+00
4.696855e-01	-6.591130e-01	-8.513410e+00
4.697000e-01	-6.593751e-01	-8.513437e+00
4.697325e-01	-6.599659e-01	-8.513498e+00
4.697661e-01	-6.605796e-01	-8.513560e+00
4.698000e-01	-6.612019e-01	-8.513621e+00
4.698256e-01	-6.616750e-01	-8.513667e+00
4.698508e-01	-6.621433e-01	-8.513711e+00
4.698769e-01	-6.626292e-01	-8.513757e+00
4.699000e-01	-6.630619e-01	-8.513797e+00
4.699269e-01	-6.635683e-01	-8.513844e+00
4.699559e-01	-6.641167e-01	-8.513894e+00
4.699930e-01	-6.648215e-01	-8.513958e+00
4.700000e-01	-6.649546e-01	-8.513970e+00
4.700261e-01	-6.654541e-01	-8.514015e+00
4.700536e-01	-6.659824e-01	-8.514062e+00
4.700822e-01	-6.665341e-01	-8.514112e+00
4.701000e-01	-6.668795e-01	-8.514142e+00
4.701323e-01	-6.675075e-01	-8.514198e+00
4.701574e-01	-6.679982e-01	-8.514242e+00
4.701891e-01	-6.686208e-01	-8.514297e+00
4.702000e-01	-6.688363e-01	-8.514316e+00
4.702366e-01	-6.695598e-01	-8.514381e+00
4.702623e-01	-6.700704e-01	-8.514427e+00
4.702874e-01	-6.705725e-01	-8.514473e+00
4.703000e-01	-6.708243e-01	-8.514495e+00
4.704000e-01	-6.728430e-01	-8.514682e+00
4.705000e-01	-6.748922e-01	-8.514879e+00
4.706000e-01	-6.769712e-01	-8.515090e+00
4.707000e-01	-6.790797e-01	-8.515316e+00
4.708000e-01	-6.812174e-01	-8.515562e+00
4.709000e-01	-6.833838e-01	-8.515828e+00
4.710000e-01	-6.855787e-01	-8.516119e+00
4.711000e-01	-6.878017e-01	-8.516436e+00
4.712000e-01	-6.900528e-01	-8.516783e+00
4.713000e-01	-6.923316e-01	-8.517162e+00
4.714000e-01	-6.946381e-01	-8.517576e+00
4.715000e-01	-6.969723e-01	-8.518027e+00
4.716000e-01	-6.993339e-01	-8.518519e+00
4.717000e-01	-7.017231e-01	-8.519054e+00
4.718000e-01	-7.041400e-01	-8.519634e+00
4.719000e-01	-7.065845e-01	-8.520262e+00
4.720000e-01	-7.090569e-01	-8.520941e+00
4.721000e-01	-7.115574e-01	-8.521673e+00
4.722000e-01	-7.140860e-01	-8.522461e+00
4.722315e-01	-7.148888e-01	-8.522722e+00
4.722579e-01	-7.155636e-01	-8.522944e+00
4.722847e-01	-7.162501e-01	-8.523175e+00
4.723000e-01	-7.166431e-01	-8.523308e+00
4.723263e-01	-7.173205e-01	-8.523541e+00
4.723547e-01	-7.180533e-01	-8.523796e+00
4.723803e-01	-7.187180e-01	-8.524032e+00
4.724000e-01	-7.192289e-01	-8.524215e+00
4.724267e-01	-7.199252e-01	-8.524468e+00
4.724522e-01	-7.205910e-01	-8.524714e+00
4.724788e-01	-7.212867e-01	-8.524974e+00
4.725000e-01	-7.218438e-01	-8.525185e+00
4.725286e-01	-7.225963e-01	-8.525474e+00
4.725553e-01	-7.233012e-01	-8.525748e+00
4.725845e-01	-7.240754e-01	-8.526054e+00
4.726000e-01	-7.244881e-01	-8.526219e+00
4.726270e-01	-7.252079e-01	-8.526510e+00
4.726559e-01	-7.259796e-01	-8.526826e+00
4.726864e-01	-7.267963e-01	-8.527166e+00
4.727000e-01	-7.271623e-01	-8.527320e+00
4.727258e-01	-7.278559e-01	-8.527614e+00
4.727515e-01	-7.285506e-01	-8.527913e+00
4.727770e-01	-7.292414e-01	-8.528213e+00
4.728000e-01	-7.298666e-01	-8.528489e+00
4.728325e-01	-7.307530e-01	-8.528884e+00
4.728693e-01	-7.317592e-01	-8.529340e+00
4.729000e-01	-7.326015e-01	-8.529727e+00
4.729278e-01	-7.333680e-01	-8.530084e+00
4.729573e-01	-7.341824e-01	-8.530469e+00
4.730000e-01	-7.353673e-01	-8.531036e+00
4.731000e-01	-7.381643e-01	-8.532418e+00
4.731253e-01	-7.388770e-01	-8.532779e+00
4.731963e-01	-7.408879e-01	-8.533818e+00
4.732000e-01	-7.409928e-01	-8.533873e+00
4.733000e-01	-7.438530e-01	-8.535402e+00
4.734000e-01	-7.467444e-01	-8.537005e+00
4.735000e-01	-7.496667e-01	-8.538681e+00
4.736000e-01	-7.526192e-01	-8.540430e+00
4.737000e-01	-7.556015e-01	-8.542252e+00
4.738000e-01	-7.586131e-01	-8.544146e+00
4.739000e-01	-7.616533e-01	-8.546110e+00
4.740000e-01	-7.647215e-01	-8.548143e+00
4.741000e-01	-7.678170e-01	-8.550245e+00
4.742000e-01	-7.709392e-01	-8.552413e+00
4.743000e-01	-7.740872e-01	-8.554646e+00
4.744000e-01	-7.772604e-01	-8.556943e+00
4.745000e-01	-7.804578e-01	-8.559300e+00
4.746000e-01	-7.836788e-01	-8.561716e+00
4.747000e-01	-7.869224e-01	-8.564190e+00
4.748000e-01	-7.901878e-01	-8.566718e+00
4.749000e-01	-7.934742e-01	-8.569298e+00
4.750000e-01	-7.967806e-01	-8.571928e+00
4.751000e-01	-8.001062e-01	-8.574605e+00
4.752000e-01	-8.034501e-01	-8.577326e+00
4.753000e-01	-8.068114e-01	-8.580089e+00
4.754000e-01	-8.101893e-01	-8.582890e+00
4.755000e-01	-8.135828e-01	-8.585728e+00
4.756000e-01	-8.169911e-01	-8.588598e+00
4.757000e-01	-8.204133e-01	-8.591499e+00
4.758000e-01	-8.238485e-01	-8.594426e+00
4.759000e-01	-8.272960e-01	-8.597378e+00
4.760000e-01	-8.307549e-01	-8.600350e+00
4.761000e-01	-8.342244e-01	-8.603340e+00
4.762000e-01	-8.377038e-01	-8.606346e+00
4.763000e-01	-8.411921e-01	-8.609363e+00
4.764000e-01	-8.446887e-01	-8.612388e+00
4.765000e-01	-8.481928e-01	-8.615420e+00
4.766000e-01	-8.517038e-01	-8.618454e+00
4.767000e-01	-8.552208e-01	-8.621487e+00
4.768000e-01	-8.587432e-01	-8.624518e+00
4.769000e-01	-8.622703e-01	-8.627542e+00
4.770000e-01	-8.658015e-01	-8.630556e+00
4.771000e-01	-8.693361e-01	-8.633559e+00
4.772000e-01	-8.728734e-01	-8.636546e+00
4.773000e-01	-8.764129e-01	-8.639516e+00
4.774000e-01	-8.799538e-01	-8.642465e+00
4.775000e-01	-8.834956e-01	-8.645391e+00
4.776000e-01	-8.870376e-01	-8.648290e+00
4.777000e-01	-8.905793e-01	-8.651161e+00
4.778000e-01	-8.941199e-01	-8.654001e+00
4.779000e-01	-8.976590e-01	-8.656807e+00
4.780000e-01	-9.011957e-01	-8.659577e+00
4.781000e-01	-9.047295e-01	-8.662308e+00
4.782000e-01	-9.082597e-01	-8.664998e+00
4.783000e-01	-9.117855e-01	-8.667645e+00
4.784000e-01	-9.153063e-01	-8.670246e+00
4.785000e-01	-9.188213e-01	-8.672800e+00
4.786000e-01	-9.223295e-01	-8.675303e+00
4.787000e-01	-9.258301e-01	-8.677755e+00
4.788000e-01	-9.293222e-01	-8.680153e+00
4.789000e-01	-9.328047e-01	-8.682495e+00
4.790000e-01	-9.362766e-01	-8.684780e+00
4.791000e-01	-9.397367e-01	-8.687005e+00
4.792000e-01	-9.431839e-01	-8.689169e+00
4.793000e-01	-9.466169e-01	-8.691270e+00
4.794000e-01	-9.500343e-01	-8.693306e+00
4.795000e-01	-9.534347e-01	-8.695277e+00
4.796000e-01	-9.568168e-01	-8.697181e+00
4.797000e-01	-9.601791e-01	-8.699017e+00
4.798000e-01	-9.635199e-01	-8.700784e+00
4.799000e-01	-9.668378e-01	-8.702480e+00
4.800000e-01	-9.701311e-01	-8.704105e+00
4.801000e-01	-9.733981e-01	-8.705659e+00
4.802000e-01	-9.766374e-01	-8.707141e+00
4.803000e-01	-9.798470e-01	-8.708551e+00
4.804000e-01	-9.830255e-01	-8.709888e+00
4.805000e-01	-9.861711e-01	-8.711154e+00
4.806000e-01	-9.892822e-01	-8.712347e+00
4.807000e-01	-9.923572e-01	-8.713469e+00
4.808000e-01	-9.953945e-01	-8.714520e+00
4.809000e-01	-9.983925e-01	-8.715501e+00
4.810000e-01	-1.001350e+00	-8.716414e+00
4.811000e-01	-1.004265e+00	-8.717259e+00
4.812000e-01	-1.007136e+00	-8.718038e+00
4.813000e-01	-1.009963e+00	-8.718753e+00
4.814000e-01	-1.012743e+00	-8.719406e+00
4.815000e-01	-1.015475e+00	-8.719999e+00
4.816000e-01	-1.018159e+00	-8.720534e+00
4.817000e-01	-1.020794e+00	-8.721013e+00
4.818000e-01	-1.023378e+00	-8.721440e+00
4.818630e-01	-1.024980e+00	-8.721684e+00
4.819000e-01	-1.025910e+00	-8.721817e+00
4.819702e-01	-1.027655e+00	-8.722054e+00
4.820000e-01	-1.028390e+00	-8.722147e+00
4.820597e-01	-1.029844e+00	-8.722323e+00
4.821000e-01	-1.030816e+00	-8.722433e+00
4.821732e-01	-1.032558e+00	-8.722617e+00
4.822000e-01	-1.033189e+00	-8.722679e+00
4.822536e-01	-1.034438e+00	-8.722795e+00
4.823000e-01	-1.035507e+00	-8.722887e+00
4.823760e-01	-1.037232e+00	-8.723023e+00
4.824000e-01	-1.037769e+00	-8.723061e+00
4.824479e-01	-1.038834e+00	-8.723134e+00
4.825000e-01	-1.039976e+00	-8.723205e+00
4.826000e-01	-1.042127e+00	-8.723322e+00
4.827000e-01	-1.044221e+00	-8.723416e+00
4.828000e-01	-1.046258e+00	-8.723490e+00
4.829000e-01	-1.048237e+00	-8.723548e+00
4.830000e-01	-1.050157e+00	-8.723594e+00
4.831000e-01	-1.052020e+00	-8.723631e+00
4.832000e-01	-1.053823e+00	-8.723663e+00
4.833000e-01	-1.055567e+00	-8.723693e+00
4.834000e-01	-1.057251e+00	-8.723726e+00
4.835000e-01	-1.058875e+00	-8.723764e+00
4.836000e-01	-1.060439e+00	-8.723812e+00
4.837000e-01	-1.061941e+00	-8.723871e+00
4.838000e-01	-1.063381e+00	-8.723947e+00
4.839000e-01	-1.064759e+00	-8.724040e+00
4.839699e-01	-1.065686e+00	-8.724118e+00
4.840000e-01	-1.066075e+00	-8.724155e+00
4.841000e-01	-1.067326e+00	-8.724295e+00
4.841860e-01	-1.068352e+00	-8.724437e+00
4.842000e-01	-1.068514e+00	-8.724462e+00
4.842430e-01	-1.069005e+00	-8.724543e+00
4.843000e-01	-1.069637e+00	-8.724660e+00
4.844000e-01	-1.070694e+00	-8.724889e+00
4.845000e-01	-1.071686e+00	-8.725154e+00
4.846000e-01	-1.072610e+00	-8.725455e+00
4.847000e-01	-1.073467e+00	-8.725796e+00
4.847694e-01	-1.074021e+00	-8.726056e+00
4.848000e-01	-1.074255e+00	-8.726177e+00
4.848255e-01	-1.074446e+00	-8.726281e+00
4.848558e-01	-1.074665e+00	-8.726408e+00
4.848838e-01	-1.074863e+00	-8.726530e+00
4.849000e-01	-1.074974e+00	-8.726602e+00
4.849330e-01	-1.075196e+00	-8.726751e+00
4.849601e-01	-1.075373e+00	-8.726878e+00
4.849900e-01	-1.075562e+00	-8.727022e+00
4.850000e-01	-1.075623e+00	-8.727071e+00
4.850321e-01	-1.075817e+00	-8.727231e+00
4.850663e-01	-1.076015e+00	-8.727407e+00
4.851000e-01	-1.076202e+00	-8.727586e+00
4.851382e-01	-1.076404e+00	-8.727795e+00
4.851648e-01	-1.076538e+00	-8.727945e+00
4.852000e-01	-1.076709e+00	-8.728149e+00
4.852295e-01	-1.076844e+00	-8.728324e+00
4.852604e-01	-1.076980e+00	-8.728513e+00
4.852868e-01	-1.077090e+00	-8.728677e+00
4.853000e-01	-1.077143e+00	-8.728761e+00
4.853324e-01	-1.077268e+00	-8.728970e+00
4.853666e-01	-1.077392e+00	-8.729197e+00
4.854000e-01	-1.077504e+00	-8.729424e+00
4.854367e-01	-1.077619e+00	-8.729680e+00
4.854704e-01	-1.077714e+00	-8.729921e+00
4.855000e-01	-1.077792e+00	-8.730138e+00
4.855413e-01	-1.077889e+00	-8.730448e+00
4.856000e-01	-1.078005e+00	-8.730905e+00
4.857000e-01	-1.078143e+00	-8.731726e+00
4.858000e-01	-1.078205e+00	-8.732602e+00
4.859000e-01	-1.078190e+00	-8.733534e+00
4.860000e-01	-1.078099e+00	-8.734523e+00
4.861000e-01	-1.077930e+00	-8.735569e+00
4.862000e-01	-1.077683e+00	-8.736673e+00
4.863000e-01	-1.077359e+00	-8.737837e+00
4.863999e-01	-1.076956e+00	-8.739058e+00
4.864000e-01	-1.076955e+00	-8.739060e+00
4.865000e-01	-1.076473e+00	-8.740343e+00
4.866000e-01	-1.075912e+00	-8.741687e+00
4.867000e-01	-1.075272e+00	-8.743093e+00
4.868000e-01	-1.074553e+00	-8.744560e+00
4.869000e-01	-1.073754e+00	-8.746089e+00
4.870000e-01	-1.072877e+00	-8.747680e+00
4.871000e-01	-1.071920e+00	-8.749334e+00
4.872000e-01	-1.070885e+00	-8.751051e+00
4.873000e-01	-1.069771e+00	-8.752830e+00
4.874000e-01	-1.068579e+00	-8.754672e+00
4.875000e-01	-1.067309e+00	-8.756577e+00
4.876000e-01	-1.065962e+00	-8.758544e+00
4.877000e-01	-1.064537e+00	-8.760572e+00
4.878000e-01	-1.063035e+00	-8.762662e+00
4.879000e-01	-1.061457e+00	-8.764812e+00
4.880000e-01	-1.059803e+00	-8.767023e+00
4.881000e-01	-1.058073e+00	-8.769292e+00
4.882000e-01	-1.056268e+00	-8.771619e+00
4.883000e-01	-1.054389e+00	-8.774003e+00
4.884000e-01	-1.052435e+00	-8.776441e+00
4.885000e-01	-1.050408e+00	-8.778933e+00
4.886000e-01	-1.048308e+00	-8.781477e+00
4.887000e-01	-1.046134e+00	-8.784071e+00
4.888000e-01	-1.043888e+00	-8.786713e+00
4.889000e-01	-1.041571e+00	-8.789400e+00
4.890000e-01	-1.039182e+00	-8.792130e+00
4.891000e-01	-1.036721e+00	-8.794901e+00
4.892000e-01	-1.034190e+00	-8.797710e+00
4.893000e-01	-1.031589e+00	-8.800554e+00
4.894000e-01	-1.028917e+00	-8.803430e+00
4.895000e-01	-1.026177e+00	-8.806335e+00
4.896000e-01	-1.023366e+00	-8.809266e+00
4.897000e-01	-1.020488e+00	-8.812219e+00
4.898000e-01	-1.017540e+00	-8.815192e+00
4.899000e-01	-1.014525e+00	-8.818180e+00
4.900000e-01	-1.011442e+00	-8.821180e+00
4.901000e-01	-1.008292e+00	-8.824190e+00
4.902000e-01	-1.005076e+00	-8.827205e+00
4.903000e-01	-1.001793e+00	-8.830221e+00
4.904000e-01	-9.984448e-01	-8.833235e+00
4.905000e-01	-9.950317e-01	-8.836245e+00
4.906000e-01	-9.915545e-01	-8.839245e+00
4.907000e-01	-9.880138e-01	-8.842233e+00
4.908000e-01	-9.844103e-01	-8.845206e+00
4.909000e-01	-9.807449e-01	-8.848160e+00
4.910000e-01	-9.770186e-01	-8.851092e+00
4.911000e-01	-9.732322e-01	-8.853999e+00
4.912000e-01	-9.693869e-01	-8.856878e+00
4.913000e-01	-9.654838e-01	-8.859727e+00
4.914000e-01	-9.615240e-01	-8.862542e+00
4.915000e-01	-9.575089e-01	-8.865321e+00
4.916000e-01	-9.534397e-01	-8.868062e+00
4.917000e-01	-9.493180e-01	-8.870762e+00
4.918000e-01	-9.451451e-01	-8.873420e+00
4.919000e-01	-9.409226e-01	-8.876034e+00
4.920000e-01	-9.366522e-01	-8.878601e+00
4.921000e-01	-9.323355e-01	-8.881120e+00
4.922000e-01	-9.279742e-01	-8.883590e+00
4.923000e-01	-9.235703e-01	-8.886009e+00
4.924000e-01	-9.191254e-01	-8.888377e+00
4.925000e-01	-9.146415e-01	-8.890691e+00
4.926000e-01	-9.101205e-01	-8.892952e+00
4.927000e-01	-9.055644e-01	-8.895159e+00
4.928000e-01	-9.009752e-01	-8.897310e+00
4.929000e-01	-8.963548e-01	-8.899406e+00
4.930000e-01	-8.917054e-01	-8.901446e+00
4.931000e-01	-8.870289e-01	-8.903429e+00
4.932000e-01	-8.823275e-01	-8.905356e+00
4.933000e-01	-8.776032e-01	-8.907227e+00
4.934000e-01	-8.728580e-01	-8.909040e+00
4.935000e-01	-8.680941e-01	-8.910798e+00
4.936000e-01	-8.633135e-01	-8.912499e+00
4.937000e-01	-8.585182e-01	-8.914144e+00
4.938000e-01	-8.537104e-01	-8.915732e+00
4.939000e-01	-8.488920e-01	-8.917266e+00
4.940000e-01	-8.440651e-01	-8.918744e+00
4.941000e-01	-8.392318e-01	-8.920168e+00
4.942000e-01	-8.343940e-01	-8.921538e+00
4.943000e-01	-8.295538e-01	-8.922854e+00
4.944000e-01	-8.247132e-01	-8.924117e+00
4.945000e-01	-8.198741e-01	-8.925328e+00
4.946000e-01	-8.150387e-01	-8.926488e+00
4.947000e-01	-8.102088e-01	-8.927598e+00
4.948000e-01	-8.053866e-01	-8.928657e+00
4.949000e-01	-8.005739e-01	-8.929669e+00
4.950000e-01	-7.957730e-01	-8.930632e+00
4.951000e-01	-7.909857e-01	-8.931550e+00
4.952000e-01	-7.862141e-01	-8.932422e+00
4.953000e-01	-7.814603e-01	-8.933251e+00
4.954000e-01	-7.767263e-01	-8.934037e+00
4.955000e-01	-7.720143e-01	-8.934783e+00
4.956000e-01	-7.673263e-01	-8.935490e+00
4.957000e-01	-7.626645e-01	-8.936159e+00
4.958000e-01	-7.580310e-01	-8.936793e+00
4.959000e-01	-7.534280e-01	-8.937394e+00
4.960000e-01	-7.488576e-01	-8.937964e+00
4.961000e-01	-7.443221e-01	-8.938505e+00
4.962000e-01	-7.398237e-01	-8.939020e+00
4.963000e-01	-7.353647e-01	-8.939510e+00
4.964000e-01	-7.309472e-01	-8.939980e+00
4.965000e-01	-7.265735e-01	-8.940432e+00
4.966000e-01	-7.222458e-01	-8.940868e+00
4.967000e-01	-7.179664e-01	-8.941291e+00
4.968000e-01	-7.137376e-01	-8.941705e+00
4.969000e-01	-7.095615e-01	-8.942113e+00
4.970000e-01	-7.054404e-01	-8.942518e+00
4.971000e-01	-7.013764e-01	-8.942924e+00
4.972000e-01	-6.973717e-01	-8.943333e+00
4.973000e-01	-6.934285e-01	-8.943750e+00
4.974000e-01	-6.895488e-01	-8.944177e+00
4.975000e-01	-6.857346e-01	-8.944619e+00
4.976000e-01	-6.819879e-01	-8.945078e+00
4.977000e-01	-6.783107e-01	-8.945558e+00
4.978000e-01	-6.747048e-01	-8.946062e+00
4.979000e-01	-6.711718e-01	-8.946594e+00
4.980000e-01	-6.677136e-01	-8.947158e+00
4.981000e-01	-6.643318e-01	-8.947755e+00
4.982000e-01	-6.610279e-01	-8.948389e+00
4.983000e-01	-6.578033e-01	-8.949064e+00
4.984000e-01	-6.546592e-01	-8.949781e+00
4.985000e-01	-6.515964e-01	-8.950543e+00
4.986000e-01	-6.486157e-01	-8.951352e+00
4.987000e-01	-6.457174e-01	-8.952210e+00
4.988000e-01	-6.429022e-01	-8.953117e+00
4.988539e-01	-6.414187e-01	-8.953628e+00
4.988798e-01	-6.407143e-01	-8.953879e+00
4.989000e-01	-6.401704e-01	-8.954077e+00
4.989264e-01	-6.394630e-01	-8.954339e+00
4.989528e-01	-6.387607e-01	-8.954605e+00
4.989795e-01	-6.380584e-01	-8.954877e+00
4.990000e-01	-6.375225e-01	-8.955089e+00
4.990267e-01	-6.368303e-01	-8.955368e+00
4.990555e-01	-6.360904e-01	-8.955673e+00
4.990812e-01	-6.354332e-01	-8.955951e+00
4.991000e-01	-6.349588e-01	-8.956155e+00
4.991259e-01	-6.343078e-01	-8.956440e+00
4.991513e-01	-6.336764e-01	-8.956723e+00
4.991775e-01	-6.330300e-01	-8.957019e+00
4.992000e-01	-6.324798e-01	-8.957275e+00
4.992288e-01	-6.317819e-01	-8.957608e+00
4.992578e-01	-6.310850e-01	-8.957949e+00
4.992862e-01	-6.304100e-01	-8.958287e+00
4.993000e-01	-6.300855e-01	-8.958452e+00
4.993252e-01	-6.294948e-01	-8.958758e+00
4.993505e-01	-6.289096e-01	-8.959067e+00
4.993769e-01	-6.283014e-01	-8.959395e+00
4.994000e-01	-6.277762e-01	-8.959684e+00
4.994251e-01	-6.272100e-01	-8.960003e+00
4.994524e-01	-6.266009e-01	-8.960352e+00
4.994809e-01	-6.259702e-01	-8.960723e+00
4.995000e-01	-6.255519e-01	-8.960973e+00
4.995266e-01	-6.249738e-01	-8.961326e+00
4.995519e-01	-6.244319e-01	-8.961664e+00
4.995776e-01	-6.238850e-01	-8.962013e+00
4.996000e-01	-6.234127e-01	-8.962320e+00
4.996255e-01	-6.228804e-01	-8.962672e+00
4.997000e-01	-6.213586e-01	-8.963723e+00
4.998000e-01	-6.193894e-01	-8.965184e+00
4.999000e-01	-6.175051e-01	-8.966702e+00
5.000000e-01	-6.157055e-01	-8.968277e+00
5.001000e-01	-6.139903e-01	-8.969909e+00
5.002000e-01	-6.123594e-01	-8.971598e+00
5.003000e-01	-6.108123e-01	-8.973344e+00
5.004000e-01	-6.093489e-01	-8.975145e+00
5.005000e-01	-6.079686e-01	-8.977002e+00
5.006000e-01	-6.066712e-01	-8.978914e+00
5.007000e-01	-6.054562e-01	-8.980880e+00
5.008000e-01	-6.043231e-01	-8.982899e+00
5.009000e-01	-6.032715e-01	-8.984971e+00
5.010000e-01	-6.023009e-01	-8.987095e+00
5.011000e-01	-6.014106e-01	-8.989270e+00
5.012000e-01	-6.006003e-01	-8.991495e+00
5.013000e-01	-5.998692e-01	-8.993769e+00
5.014000e-01	-5.992167e-01	-8.996090e+00
5.015000e-01	-5.986423e-01	-8.998459e+00
5.016000e-01	-5.981454e-01	-9.000873e+00
5.017000e-01	-5.977251e-01	-9.003332e+00
5.018000e-01	-5.973809e-01	-9.005835e+00
5.019000e-01	-5.971120e-01	-9.008379e+00
5.020000e-01	-5.969176e-01	-9.010964e+00
5.021000e-01	-5.967971e-01	-9.013588e+00
5.022000e-01	-5.967495e-01	-9.016251e+00
5.023000e-01	-5.967741e-01	-9.018949e+00
5.024000e-01	-5.968701e-01	-9.021683e+00
5.025000e-01	-5.970366e-01	-9.024450e+00
5.026000e-01	-5.972726e-01	-9.027248e+00
5.027000e-01	-5.975772e-01	-9.030076e+00
5.028000e-01	-5.979495e-01	-9.032932e+00
5.029000e-01	-5.983884e-01	-9.035814e+00
5.030000e-01	-5.988930e-01	-9.038720e+00
5.031000e-01	-5.994621e-01	-9.041648e+00
5.032000e-01	-6.000947e-01	-9.044596e+00
5.033000e-01	-6.007896e-01	-9.047562e+00
5.034000e-01	-6.015457e-01	-9.050543e+00
5.035000e-01	-6.023618e-01	-9.053537e+00
5.036000e-01	-6.032366e-01	-9.056541e+00
5.037000e-01	-6.041687e-01	-9.059554e+00
5.038000e-01	-6.051569e-01	-9.062571e+00
5.039000e-01	-6.061998e-01	-9.065591e+00
5.040000e-01	-6.072959e-01	-9.068611e+00
5.041000e-01	-6.084437e-01	-9.071627e+00
5.042000e-01	-6.096417e-01	-9.074637e+00
5.043000e-01	-6.108883e-01	-9.077637e+00
5.044000e-01	-6.121819e-01	-9.080625e+00
5.045000e-01	-6.135208e-01	-9.083597e+00
5.046000e-01	-6.149033e-01	-9.086549e+00
5.047000e-01	-6.163277e-01	-9.089478e+00
5.048000e-01	-6.177923e-01	-9.092382e+00
5.049000e-01	-6.192952e-01	-9.095255e+00
5.050000e-01	-6.208347e-01	-9.098096e+00
5.051000e-01	-6.224089e-01	-9.100900e+00
5.052000e-01	-6.240162e-01	-9.103664e+00
5.053000e-01	-6.256546e-01	-9.106385e+00
5.054000e-01	-6.273224e-01	-9.109060e+00
5.055000e-01	-6.290178e-01	-9.111685e+00
5.056000e-01	-6.307392e-01	-9.114257e+00
5.057000e-01	-6.324847e-01	-9.116773e+00
5.058000e-01	-6.342527e-01	-9.119231e+00
5.059000e-01	-6.360416e-01	-9.121627e+00
5.060000e-01	-6.378497e-01	-9.123960e+00
5.061000e-01	-6.396755e-01	-9.126227e+00
5.062000e-01	-6.415176e-01	-9.128426e+00
5.063000e-01	-6.433743e-01	-9.130555e+00
5.064000e-01	-6.452444e-01	-9.132613e+00
5.065000e-01	-6.471266e-01	-9.134598e+00
5.066000e-01	-6.490194e-01	-9.136509e+00
5.067000e-01	-6.509218e-01	-9.138345e+00
5.068000e-01	-6.528326e-01	-9.140106e+00
5.069000e-01	-6.547506e-01	-9.141791e+00
5.070000e-01	-6.566748e-01	-9.143400e+00
5.071000e-01	-6.586042e-01	-9.144934e+00
5.072000e-01	-6.605379e-01	-9.146392e+00
5.073000e-01	-6.624749e-01	-9.147776e+00
5.074000e-01	-6.644144e-01	-9.149086e+00
5.075000e-01	-6.663556e-01	-9.150323e+00
5.076000e-01	-6.682976e-01	-9.151489e+00
5.077000e-01	-6.702397e-01	-9.152584e+00
5.078000e-01	-6.721812e-01	-9.153612e+00
5.079000e-01	-6.741214e-01	-9.154572e+00
5.080000e-01	-6.760594e-01	-9.155468e+00
5.081000e-01	-6.779947e-01	-9.156301e+00
5.082000e-01	-6.799266e-01	-9.157074e+00
5.083000e-01	-6.818542e-01	-9.157789e+00
5.084000e-01	-6.837770e-01	-9.158447e+00
5.085000e-01	-6.856942e-01	-9.159053e+00
5.086000e-01	-6.876051e-01	-9.159606e+00
5.087000e-01	-6.895089e-01	-9.160112e+00
5.088000e-01	-6.914050e-01	-9.160571e+00
5.089000e-01	-6.932925e-01	-9.160986e+00
5.090000e-01	-6.951708e-01	-9.161360e+00
5.091000e-01	-6.970389e-01	-9.161694e+00
5.092000e-01	-6.988960e-01	-9.161993e+00
5.093000e-01	-7.007414e-01	-9.162257e+00
5.094000e-01	-7.025742e-01	-9.162490e+00
5.095000e-01	-7.043935e-01	-9.162693e+00
5.096000e-01	-7.061986e-01	-9.162870e+00
5.097000e-01	-7.079885e-01	-9.163021e+00
5.098000e-01	-7.097624e-01	-9.163150e+00
5.099000e-01	-7.115195e-01	-9.163258e+00
5.100000e-01	-7.132589e-01	-9.163348e+00
5.101000e-01	-7.149798e-01	-9.163422e+00
5.102000e-01	-7.166814e-01	-9.163481e+00
5.103000e-01	-7.183629e-01	-9.163529e+00
5.104000e-01	-7.200237e-01	-9.163567e+00
5.105000e-01	-7.216629e-01	-9.163597e+00
5.106000e-01	-7.232799e-01	-9.163622e+00
5.107000e-01	-7.248742e-01	-9.163643e+00
5.108000e-01	-7.264451e-01	-9.163663e+00
5.109000e-01	-7.279922e-01	-9.163684e+00
5.110000e-01	-7.295150e-01	-9.163708e+00
5.111000e-01	-7.310132e-01	-9.163737e+00
5.112000e-01	-7.324864e-01	-9.163774e+00
5.113000e-01	-7.339344e-01	-9.163821e+00
5.114000e-01	-7.353571e-01	-9.163880e+00
5.115000e-01	-7.367544e-01	-9.163954e+00
5.116000e-01	-7.381262e-01	-9.164046e+00
5.117000e-01	-7.394727e-01	-9.164156e+00
5.118000e-01	-7.407939e-01	-9.164290e+00
5.119000e-01	-7.420902e-01	-9.164447e+00
5.120000e-01	-7.433617e-01	-9.164632e+00
5.121000e-01	-7.446090e-01	-9.164847e+00
5.122000e-01	-7.458323e-01	-9.165094e+00
5.123000e-01	-7.470323e-01	-9.165375e+00
5.124000e-01	-7.482094e-01	-9.165694e+00
5.125000e-01	-7.493643e-01	-9.166052e+00
5.126000e-01	-7.504977e-01	-9.166452e+00
5.126294e-01	-7.508264e-01	-9.166578e+00
5.126714e-01	-7.512947e-01	-9.166764e+00
5.127000e-01	-7.516105e-01	-9.166896e+00
5.127252e-01	-7.518875e-01	-9.167014e+00
5.127521e-01	-7.521830e-01	-9.167145e+00
5.127791e-01	-7.524764e-01	-9.167279e+00
5.128000e-01	-7.527036e-01	-9.167385e+00
5.128250e-01	-7.529742e-01	-9.167515e+00
5.128506e-01	-7.532497e-01	-9.167651e+00
5.128758e-01	-7.535196e-01	-9.167788e+00
5.129000e-01	-7.537779e-01	-9.167922e+00
5.129266e-01	-7.540608e-01	-9.168073e+00
5.129531e-01	-7.543406e-01	-9.168227e+00
5.129808e-01	-7.546329e-01	-9.168392e+00
5.130000e-01	-7.548343e-01	-9.168508e+00
5.130262e-01	-7.551078e-01	-9.168670e+00
5.130611e-01	-7.554712e-01	-9.168891e+00
5.130886e-01	-7.557560e-01	-9.169070e+00
5.131000e-01	-7.558738e-01	-9.169145e+00
5.131254e-01	-7.561351e-01	-9.169315e+00
5.131523e-01	-7.564116e-01	-9.169499e+00
5.131825e-01	-7.567199e-01	-9.169710e+00
5.132000e-01	-7.568975e-01	-9.169834e+00
5.132253e-01	-7.571546e-01	-9.170018e+00
5.132511e-01	-7.574147e-01	-9.170207e+00
5.132762e-01	-7.576680e-01	-9.170396e+00
5.133000e-01	-7.579064e-01	-9.170577e+00
5.133258e-01	-7.581648e-01	-9.170778e+00
5.133526e-01	-7.584316e-01	-9.170990e+00
5.133782e-01	-7.586856e-01	-9.171196e+00
5.134000e-01	-7.589016e-01	-9.171375e+00
5.134286e-01	-7.591842e-01	-9.171613e+00
5.134573e-01	-7.594660e-01	-9.171857e+00
5.135000e-01	-7.598840e-01	-9.172228e+00
5.136000e-01	-7.608547e-01	-9.173138e+00
5.137000e-01	-7.618148e-01	-9.174106e+00
5.138000e-01	-7.627654e-01	-9.175131e+00
5.139000e-01	-7.637073e-01	-9.176215e+00
5.140000e-01	-7.646418e-01	-9.177358e+00
5.141000e-01	-7.655697e-01	-9.178560e+00
5.142000e-01	-7.664921e-01	-9.179821e+00
5.143000e-01	-7.674099e-01	-9.181141e+00
5.144000e-01	-7.683241e-01	-9.182519e+00
5.145000e-01	-7.692357e-01	-9.183956e+00
5.146000e-01	-7.701455e-01	-9.185450e+00
5.147000e-01	-7.710545e-01	-9.187001e+00
5.148000e-01	-7.719635e-01	-9.188608e+00
5.149000e-01	-7.728735e-01	-9.190270e+00
5.150000e-01	-7.737854e-01	-9.191987e+00
5.151000e-01	-7.747000e-01	-9.193758e+00
5.152000e-01	-7.756182e-01	-9.195580e+00
5.153000e-01	-7.765409e-01	-9.197454e+00
5.154000e-01	-7.774691e-01	-9.199378e+00
5.155000e-01	-7.784036e-01	-9.201350e+00
5.156000e-01	-7.793453e-01	-9.203370e+00
5.157000e-01	-7.802952e-01	-9.205436e+00
5.158000e-01	-7.812543e-01	-9.207547e+00
5.159000e-01	-7.822235e-01	-9.209701e+00
5.160000e-01	-7.832039e-01	-9.211898e+00
5.161000e-01	-7.841965e-01	-9.214135e+00
5.162000e-01	-7.852018e-01	-9.216411e+00
5.163000e-01	-7.862207e-01	-9.218725e+00
5.164000e-01	-7.872540e-01	-9.221074e+00
5.165000e-01	-7.883023e-01	-9.223457e+00
5.166000e-01	-7.893665e-01	-9.225871e+00
5.167000e-01	-7.904474e-01	-9.228316e+00
5.168000e-01	-7.915457e-01	-9.230789e+00
5.169000e-01	-7.926625e-01	-9.233289e+00
5.170000e-01	-7.937985e-01	-9.235813e+00
5.171000e-01	-7.949546e-01	-9.238362e+00
5.172000e-01	-7.961318e-01	-9.240933e+00
5.173000e-01	-7.973310e-01	-9.243524e+00
5.174000e-01	-7.985532e-01	-9.246134e+00
5.175000e-01	-7.997995e-01	-9.248762e+00
5.176000e-01	-8.010707e-01	-9.251407e+00
5.177000e-01	-8.023681e-01	-9.254067e+00
5.178000e-01	-8.036927e-01	-9.256741e+00
5.179000e-01	-8.050455e-01	-9.259428e+00
5.180000e-01	-8.064278e-01	-9.262127e+00
5.181000e-01	-8.078405e-01	-9.264837e+00
5.182000e-01	-8.092849e-01	-9.267557e+00
5.183000e-01	-8.107620e-01	-9.270287e+00
5.184000e-01	-8.122730e-01	-9.273025e+00
5.185000e-01	-8.138190e-01	-9.275771e+00
5.186000e-01	-8.154012e-01	-9.278523e+00
5.187000e-01	-8.170207e-01	-9.281282e+00
5.188000e-01	-8.186784e-01	-9.284047e+00
5.189000e-01	-8.203756e-01	-9.286816e+00
5.190000e-01	-8.221132e-01	-9.289589e+00
5.191000e-01	-8.238921e-01	-9.292367e+00
5.192000e-01	-8.257134e-01	-9.295147e+00
5.193000e-01	-8.275780e-01	-9.297930e+00
5.194000e-01	-8.294866e-01	-9.300714e+00
5.195000e-01	-8.314401e-01	-9.303500e+00
5.196000e-01	-8.334392e-01	-9.306286e+00
5.197000e-01	-8.354845e-01	-9.309072e+00
5.198000e-01	-8.375765e-01	-9.311857e+00
5.199000e-01	-8.397158e-01	-9.314640e+00
5.200000e-01	-8.419027e-01	-9.317421e+00
5.201000e-01	-8.441374e-01	-9.320199e+00
5.202000e-01	-8.464202e-01	-9.322972e+00
5.203000e-01	-8.487511e-01	-9.325740e+00
5.204000e-01	-8.511299e-01	-9.328501e+00
5.205000e-01	-8.535566e-01	-9.331254e+00
5.206000e-01	-8.560307e-01	-9.333999e+00
5.207000e-01	-8.585519e-01	-9.336733e+00
5.208000e-01	-8.611196e-01	-9.339455e+00
5.209000e-01	-8.637330e-01	-9.342164e+00
5.210000e-01	-8.663914e-01	-9.344858e+00
5.211000e-01	-8.690938e-01	-9.347535e+00
5.212000e-01	-8.718392e-01	-9.350194e+00
5.213000e-01	-8.746264e-01	-9.352833e+00
5.214000e-01	-8.774543e-01	-9.355450e+00
5.215000e-01	-8.803214e-01	-9.358043e+00
5.216000e-01	-8.832263e-01	-9.360610e+00
5.217000e-01	-8.861675e-01	-9.363150e+00
5.218000e-01	-8.891434e-01	-9.365661e+00
5.219000e-01	-8.921524e-01	-9.368141e+00
5.220000e-01	-8.951927e-01	-9.370588e+00
5.221000e-01	-8.982627e-01	-9.373000e+00
5.222000e-01	-9.013605e-01	-9.375376e+00
5.223000e-01	-9.044844e-01	-9.377715e+00
5.224000e-01	-9.076325e-01	-9.380014e+00
5.225000e-01	-9.108029e-01	-9.382273e+00
5.226000e-01	-9.139938e-01	-9.384490e+00
5.227000e-01	-9.172033e-01	-9.386664e+00
5.228000e-01	-9.204297e-01	-9.388794e+00
5.229000e-01	-9.236710e-01	-9.390879e+00
5.230000e-01	-9.269255e-01	-9.392918e+00
5.231000e-01	-9.301913e-01	-9.394911e+00
5.232000e-01	-9.334666e-01	-9.396857e+00
5.233000e-01	-9.367497e-01	-9.398756e+00
5.234000e-01	-9.400388e-01	-9.400608e+00
5.235000e-01	-9.433322e-01	-9.402412e+00
5.236000e-01	-9.466282e-01	-9.404168e+00
5.237000e-01	-9.499251e-01	-9.405877e+00
5.238000e-01	-9.532212e-01	-9.407539e+00
5.239000e-01	-9.565150e-01	-9.409154e+00
5.240000e-01	-9.598046e-01	-9.410722e+00
5.241000e-01	-9.630886e-01	-9.412243e+00
5.242000e-01	-9.663652e-01	-9.413720e+00
5.243000e-01	-9.696328e-01	-9.415151e+00
5.244000e-01	-9.728897e-01	-9.416537e+00
5.245000e-01	-9.761343e-01	-9.417879e+00
5.246000e-01	-9.793649e-01	-9.419179e+00
5.247000e-01	-9.825798e-01	-9.420435e+00
5.248000e-01	-9.857771e-01	-9.421649e+00
5.249000e-01	-9.889552e-01	-9.422822e+00
5.250000e-01	-9.921122e-01	-9.423955e+00
5.251000e-01	-9.952462e-01	-9.425047e+00
5.252000e-01	-9.983553e-01	-9.426100e+00
5.253000e-01	-1.001438e+00	-9.427113e+00
5.254000e-01	-1.004491e+00	-9.428089e+00
5.255000e-01	-1.007513e+00	-9.429027e+00
5.256000e-01	-1.010503e+00	-9.429927e+00
5.257000e-01	-1.013457e+00	-9.430791e+00
5.258000e-01	-1.016374e+00	-9.431619e+00
5.259000e-01	-1.019250e+00	-9.432411e+00
5.260000e-01	-1.022085e+00	-9.433168e+00
5.261000e-01	-1.024876e+00	-9.433891e+00
5.262000e-01	-1.027620e+00	-9.434579e+00
5.263000e-01	-1.030315e+00	-9.435235e+00
5.264000e-01	-1.032958e+00	-9.435858e+00
5.265000e-01	-1.035547e+00	-9.436449e+00
5.266000e-01	-1.038080e+00	-9.437009e+00
5.267000e-01	-1.040553e+00	-9.437539e+00
5.268000e-01	-1.042966e+00	-9.438040e+00
5.269000e-01	-1.045315e+00	-9.438512e+00
5.270000e-01	-1.047597e+00	-9.438957e+00
5.271000e-01	-1.049811e+00	-9.439376e+00
5.272000e-01	-1.051955e+00	-9.439770e+00
5.273000e-01	-1.054026e+00	-9.440141e+00
5.274000e-01	-1.056021e+00	-9.440490e+00
5.275000e-01	-1.057939e+00	-9.440819e+00
5.276000e-01	-1.059778e+00	-9.441130e+00
5.277000e-01	-1.061536e+00	-9.441425e+00
5.278000e-01	-1.063210e+00	-9.441705e+00
5.279000e-01	-1.064800e+00	-9.441973e+00
5.280000e-01	-1.066303e+00	-9.442230e+00
5.281000e-01	-1.067718e+00	-9.442480e+00
5.282000e-01	-1.069043e+00	-9.442723e+00
5.283000e-01	-1.070278e+00	-9.442963e+00
5.284000e-01	-1.071420e+00	-9.443202e+00
5.285000e-01	-1.072470e+00	-9.443441e+00
5.286000e-01	-1.073425e+00	-9.443685e+00
5.287000e-01	-1.074285e+00	-9.443935e+00
5.288000e-01	-1.075049e+00	-9.444193e+00
5.289000e-01	-1.075716e+00	-9.444464e+00
5.290000e-01	-1.076286e+00	-9.444748e+00
5.291000e-01	-1.076757e+00	-9.445049e+00
5.291632e-01	-1.077004e+00	-9.445250e+00
5.292000e-01	-1.077130e+00	-9.445370e+00
5.293000e-01	-1.077404e+00	-9.445713e+00
5.293345e-01	-1.077476e+00	-9.445837e+00
5.293636e-01	-1.077527e+00	-9.445944e+00
5.294000e-01	-1.077579e+00	-9.446081e+00
5.294561e-01	-1.077633e+00	-9.446299e+00
5.294832e-01	-1.077648e+00	-9.446407e+00
5.295000e-01	-1.077653e+00	-9.446475e+00
5.295254e-01	-1.077656e+00	-9.446580e+00
5.295517e-01	-1.077653e+00	-9.446691e+00
5.295789e-01	-1.077642e+00	-9.446807e+00
5.296000e-01	-1.077628e+00	-9.446900e+00
5.297000e-01	-1.077502e+00	-9.447356e+00
5.298000e-01	-1.077276e+00	-9.447846e+00
5.299000e-01	-1.076949e+00	-9.448372e+00
5.300000e-01	-1.076522e+00	-9.448936e+00
5.301000e-01	-1.075993e+00	-9.449541e+00
5.302000e-01	-1.075364e+00	-9.450187e+00
5.303000e-01	-1.074634e+00	-9.450877e+00
5.304000e-01	-1.073803e+00	-9.451611e+00
5.305000e-01	-1.072871e+00	-9.452392e+00
5.306000e-01	-1.071838e+00	-9.453220e+00
5.307000e-01	-1.070705e+00	-9.454096e+00
5.308000e-01	-1.069470e+00	-9.455021e+00
5.309000e-01	-1.068136e+00	-9.455995e+00
5.310000e-01	-1.066701e+00	-9.457020e+00
5.311000e-01	-1.065166e+00	-9.458095e+00
5.312000e-01	-1.063531e+00	-9.459221e+00
5.313000e-01	-1.061796e+00	-9.460398e+00
5.314000e-01	-1.059962e+00	-9.461626e+00
5.315000e-01	-1.058029e+00	-9.462904e+00
5.316000e-01	-1.055998e+00	-9.464233e+00
5.317000e-01	-1.053868e+00	-9.465611e+00
5.318000e-01	-1.051641e+00	-9.467039e+00
5.319000e-01	-1.049317e+00	-9.468516e+00
5.320000e-01	-1.046896e+00	-9.470041e+00
5.321000e-01	-1.044380e+00	-9.471614e+00
5.322000e-01	-1.041770e+00	-9.473233e+00
5.323000e-01	-1.039065e+00	-9.474899e+00
5.324000e-01	-1.036268e+00	-9.476610e+00
5.325000e-01	-1.033378e+00	-9.478365e+00
5.326000e-01	-1.030398e+00	-9.480164e+00
5.327000e-01	-1.027329e+00	-9.482006e+00
5.328000e-01	-1.024172e+00	-9.483889e+00
5.329000e-01	-1.020928e+00	-9.485813e+00
5.330000e-01	-1.017599e+00	-9.487777e+00
5.331000e-01	-1.014186e+00	-9.489779e+00
5.332000e-01	-1.010692e+00	-9.491820e+00
5.333000e-01	-1.007118e+00	-9.493898e+00
5.334000e-01	-1.003466e+00	-9.496012e+00
5.335000e-01	-9.997375e-01	-9.498161e+00
5.336000e-01	-9.959351e-01	-9.500344e+00
5.337000e-01	-9.920607e-01	-9.502560e+00
5.338000e-01	-9.881166e-01	-9.504808e+00
5.339000e-01	-9.841048e-01	-9.507088e+00
5.340000e-01	-9.800277e-01	-9.509397e+00
5.341000e-01	-9.758874e-01	-9.511734e+00
5.342000e-01	-9.716858e-01	-9.514098e+00
5.342478e-01	-9.696574e-01	-9.515236e+00
5.343000e-01	-9.674248e-01	-9.516486e+00
5.344000e-01	-9.631064e-01	-9.518897e+00
5.345000e-01	-9.587327e-01	-9.521328e+00
5.346000e-01	-9.543057e-01	-9.523777e+00
5.347000e-01	-9.498274e-01	-9.526242e+00
5.348000e-01	-9.453001e-01	-9.528721e+00
5.349000e-01	-9.407257e-01	-9.531212e+00
5.350000e-01	-9.361066e-01	-9.533713e+00
5.351000e-01	-9.314448e-01	-9.536221e+00
5.352000e-01	-9.267427e-01	-9.538734e+00
5.353000e-01	-9.220025e-01	-9.541251e+00
5.354000e-01	-9.172264e-01	-9.543769e+00
5.355000e-01	-9.124167e-01	-9.546285e+00
5.356000e-01	-9.075757e-01	-9.548799e+00
5.357000e-01	-9.027058e-01	-9.551308e+00
5.358000e-01	-8.978093e-01	-9.553810e+00
5.359000e-01	-8.928886e-01	-9.556303e+00
5.360000e-01	-8.879461e-01	-9.558786e+00
5.361000e-01	-8.829841e-01	-9.561256e+00
5.362000e-01	-8.780050e-01	-9.563712e+00
5.363000e-01	-8.730113e-01	-9.566153e+00
5.364000e-01	-8.680053e-01	-9.568577e+00
5.365000e-01	-8.629894e-01	-9.570982e+00
5.366000e-01	-8.579661e-01	-9.573367e+00
5.367000e-01	-8.529377e-01	-9.575731e+00
5.368000e-01	-8.479067e-01	-9.578073e+00
5.369000e-01	-8.428754e-01	-9.580391e+00
5.370000e-01	-8.378462e-01	-9.582685e+00
5.371000e-01	-8.328215e-01	-9.584953e+00
5.372000e-01	-8.278037e-01	-9.587195e+00
5.373000e-01	-8.227950e-01	-9.589410e+00
5.374000e-01	-8.177977e-01	-9.591598e+00
5.375000e-01	-8.128142e-01	-9.593757e+00
5.376000e-01	-8.078468e-01	-9.595888e+00
5.377000e-01	-8.028976e-01	-9.597989e+00
5.378000e-01	-7.979689e-01	-9.600061e+00
5.379000e-01	-7.930628e-01	-9.602104e+00
5.380000e-01	-7.881816e-01	-9.604117e+00
5.381000e-01	-7.833272e-01	-9.606101e+00
5.382000e-01	-7.785018e-01	-9.608054e+00
5.383000e-01	-7.737074e-01	-9.609978e+00
5.384000e-01	-7.689460e-01	-9.611873e+00
5.385000e-01	-7.642195e-01	-9.613738e+00
5.386000e-01	-7.595298e-01	-9.615574e+00
5.387000e-01	-7.548788e-01	-9.617381e+00
5.388000e-01	-7.502684e-01	-9.619160e+00
5.389000e-01	-7.457001e-01	-9.620911e+00
5.390000e-01	-7.411759e-01	-9.622635e+00
5.391000e-01	-7.366972e-01	-9.624332e+00
5.392000e-01	-7.322658e-01	-9.626002e+00
5.393000e-01	-7.278832e-01	-9.627647e+00
5.394000e-01	-7.235510e-01	-9.629266e+00
5.394999e-01	-7.192745e-01	-9.630860e+00
5.395000e-01	-7.192705e-01	-9.630861e+00
5.396000e-01	-7.150434e-01	-9.632433e+00
5.397000e-01	-7.108708e-01	-9.633981e+00
5.398000e-01	-7.067543e-01	-9.635507e+00
5.399000e-01	-7.026951e-01	-9.637012e+00
5.400000e-01	-6.986946e-01	-9.638497e+00
5.401000e-01	-6.947538e-01	-9.639962e+00
5.402000e-01	-6.908742e-01	-9.641409e+00
5.403000e-01	-6.870567e-01	-9.642838e+00
5.404000e-01	-6.833026e-01	-9.644251e+00
5.405000e-01	-6.796131e-01	-9.645649e+00
5.406000e-01	-6.759890e-01	-9.647032e+00
5.407000e-01	-6.724317e-01	-9.648403e+00
5.408000e-01	-6.689419e-01	-9.649761e+00
5.409000e-01	-6.655208e-01	-9.651110e+00
5.410000e-01	-6.621694e-01	-9.652449e+00
5.411000e-01	-6.588885e-01	-9.653780e+00
5.412000e-01	-6.556791e-01	-9.655106e+00
5.413000e-01	-6.525420e-01	-9.656426e+00
5.414000e-01	-6.494782e-01	-9.657742e+00
5.415000e-01	-6.464884e-01	-9.659057e+00
5.416000e-01	-6.435735e-01	-9.660370e+00
5.417000e-01	-6.407342e-01	-9.661685e+00
5.418000e-01	-6.379712e-01	-9.663002e+00
5.419000e-01	-6.352852e-01	-9.664323e+00
5.420000e-01	-6.326766e-01	-9.665649e+00
5.421000e-01	-6.301460e-01	-9.666981e+00
5.422000e-01	-6.276937e-01	-9.668320e+00
5.423000e-01	-6.253200e-01	-9.669668e+00
5.424000e-01	-6.230253e-01	-9.671026e+00
5.425000e-01	-6.208097e-01	-9.672394e+00
5.426000e-01	-6.186735e-01	-9.673774e+00
5.427000e-01	-6.166167e-01	-9.675167e+00
5.428000e-01	-6.146395e-01	-9.676574e+00
5.429000e-01	-6.127419e-01	-9.677996e+00
5.430000e-01	-6.109238e-01	-9.679433e+00
5.431000e-01	-6.091851e-01	-9.680887e+00
5.432000e-01	-6.075258e-01	-9.682358e+00
5.433000e-01	-6.059456e-01	-9.683848e+00
5.434000e-01	-6.044444e-01	-9.685356e+00
5.435000e-01	-6.030217e-01	-9.686884e+00
5.436000e-01	-6.016773e-01	-9.688433e+00
5.437000e-01	-6.004107e-01	-9.690002e+00
5.438000e-01	-5.992216e-01	-9.691593e+00
5.439000e-01	-5.981094e-01	-9.693206e+00
5.440000e-01	-5.970736e-01	-9.694841e+00
5.441000e-01	-5.961135e-01	-9.696499e+00
5.442000e-01	-5.952286e-01	-9.698181e+00
5.443000e-01	-5.944182e-01	-9.699885e+00
5.444000e-01	-5.936814e-01	-9.701614e+00
5.445000e-01	-5.930176e-01	-9.703366e+00
5.446000e-01	-5.924259e-01	-9.705142e+00
5.447000e-01	-5.919054e-01	-9.706942e+00
5.448000e-01	-5.914552e-01	-9.708766e+00
5.449000e-01	-5.910744e-01	-9.710614e+00
5.450000e-01	-5.907620e-01	-9.712485e+00
5.451000e-01	-5.905168e-01	-9.714379e+00
5.452000e-01	-5.903380e-01	-9.716297e+00
5.453000e-01	-5.902243e-01	-9.718237e+00
5.454000e-01	-5.901746e-01	-9.720199e+00
5.455000e-01	-5.901877e-01	-9.722182e+00
5.456000e-01	-5.902625e-01	-9.724187e+00
5.457000e-01	-5.903977e-01	-9.726211e+00
5.458000e-01	-5.905920e-01	-9.728255e+00
5.459000e-01	-5.908442e-01	-9.730317e+00
5.460000e-01	-5.911530e-01	-9.732397e+00
5.461000e-01	-5.915169e-01	-9.734493e+00
5.462000e-01	-5.919348e-01	-9.736605e+00
5.463000e-01	-5.924051e-01	-9.738731e+00
5.464000e-01	-5.929265e-01	-9.740870e+00
5.465000e-01	-5.934977e-01	-9.743021e+00
5.466000e-01	-5.941172e-01	-9.745182e+00
5.467000e-01	-5.947836e-01	-9.747353e+00
5.468000e-01	-5.954955e-01	-9.749531e+00
5.469000e-01	-5.962514e-01	-9.751714e+00
5.470000e-01	-5.970499e-01	-9.753903e+00
5.471000e-01	-5.978896e-01	-9.756094e+00
5.472000e-01	-5.987691e-01	-9.758287e+00
5.473000e-01	-5.996868e-01	-9.760479e+00
5.474000e-01	-6.006415e-01	-9.762668e+00
5.475000e-01	-6.016316e-01	-9.764854e+00
5.476000e-01	-6.026558e-01	-9.767035e+00
5.477000e-01	-6.037127e-01	-9.769208e+00
5.478000e-01	-6.048008e-01	-9.771371e+00
5.479000e-01	-6.059189e-01	-9.773524e+00
5.480000e-01	-6.070655e-01	-9.775664e+00
5.481000e-01	-6.082394e-01	-9.777789e+00
5.482000e-01	-6.094391e-01	-9.779898e+00
5.483000e-01	-6.106635e-01	-9.781989e+00
5.484000e-01	-6.119112e-01	-9.784061e+00
5.485000e-01	-6.131811e-01	-9.786111e+00
5.486000e-01	-6.144718e-01	-9.788137e+00
5.487000e-01	-6.157822e-01	-9.790140e+00
5.488000e-01	-6.171111e-01	-9.792116e+00
5.489000e-01	-6.184575e-01	-9.794064e+00
5.490000e-01	-6.198201e-01	-9.795983e+00
5.491000e-01	-6.211980e-01	-9.797872e+00
5.492000e-01	-6.225900e-01	-9.799729e+00
5.493000e-01	-6.239953e-01	-9.801553e+00
5.494000e-01	-6.254128e-01	-9.803343e+00
5.495000e-01	-6.268415e-01	-9.805098e+00
5.496000e-01	-6.282807e-01	-9.806816e+00
5.497000e-01	-6.297295e-01	-9.808497e+00
5.498000e-01	-6.311870e-01	-9.810140e+00
5.499000e-01	-6.326525e-01	-9.811744e+00
5.500000e-01	-6.341251e-01	-9.813310e+00
5.501000e-01	-6.356044e-01	-9.814835e+00
5.502000e-01	-6.370895e-01	-9.816319e+00
5.503000e-01	-6.385798e-01	-9.817763e+00
5.504000e-01	-6.400748e-01	-9.819166e+00
5.505000e-01	-6.415740e-01	-9.820528e+00
5.506000e-01	-6.430767e-01	-9.821849e+00
5.507000e-01	-6.445827e-01	-9.823128e+00
5.508000e-01	-6.460914e-01	-9.824367e+00
5.509000e-01	-6.476025e-01	-9.825564e+00
5.510000e-01	-6.491156e-01	-9.826721e+00
5.511000e-01	-6.506304e-01	-9.827838e+00
5.512000e-01	-6.521467e-01	-9.828915e+00
5.513000e-01	-6.536642e-01	-9.829953e+00
5.514000e-01	-6.551828e-01	-9.830952e+00
5.515000e-01	-6.567022e-01	-9.831914e+00
5.516000e-01	-6.582224e-01	-9.832839e+00
5.517000e-01	-6.597433e-01	-9.833728e+00
5.518000e-01	-6.612648e-01	-9.834581e+00
5.519000e-01	-6.627869e-01	-9.835401e+00
5.520000e-01	-6.643096e-01	-9.836188e+00
5.521000e-01	-6.658329e-01	-9.836943e+00
5.522000e-01	-6.673570e-01	-9.837667e+00
5.523000e-01	-6.688819e-01	-9.838362e+00
5.524000e-01	-6.704077e-01	-9.839029e+00
5.525000e-01	-6.719347e-01	-9.839670e+00
5.526000e-01	-6.734629e-01	-9.840286e+00
5.527000e-01	-6.749927e-01	-9.840878e+00
5.528000e-01	-6.765242e-01	-9.841448e+00
5.529000e-01	-6.780576e-01	-9.841997e+00
5.530000e-01	-6.795934e-01	-9.842528e+00
5.531000e-01	-6.811316e-01	-9.843041e+00
5.532000e-01	-6.826727e-01	-9.843538e+00
5.533000e-01	-6.842170e-01	-9.844022e+00
5.534000e-01	-6.857649e-01	-9.844493e+00
5.535000e-01	-6.873166e-01	-9.844954e+00
5.536000e-01	-6.888726e-01	-9.845406e+00
5.537000e-01	-6.904332e-01	-9.845851e+00
5.538000e-01	-6.919988e-01	-9.846291e+00
5.539000e-01	-6.935699e-01	-9.846728e+00
5.539634e-01	-6.945688e-01	-9.847004e+00
5.540000e-01	-6.951469e-01	-9.847163e+00
5.540996e-01	-6.967236e-01	-9.847597e+00
5.541000e-01	-6.967302e-01	-9.847599e+00
5.541283e-01	-6.971797e-01	-9.847722e+00
5.541535e-01	-6.975801e-01	-9.847832e+00
5.541909e-01	-6.981746e-01	-9.847996e+00
5.542000e-01	-6.983202e-01	-9.848036e+00
5.543000e-01	-6.999173e-01	-9.848478e+00
5.543363e-01	-7.004984e-01	-9.848639e+00
5.543626e-01	-7.009215e-01	-9.848757e+00
5.544000e-01	-7.015220e-01	-9.848925e+00
5.545000e-01	-7.031348e-01	-9.849380e+00
5.546000e-01	-7.047560e-01	-9.849844e+00
5.547000e-01	-7.063862e-01	-9.850320e+00
5.548000e-01	-7.080257e-01	-9.850809e+00
5.549000e-01	-7.096751e-01	-9.851313e+00
5.550000e-01	-7.113348e-01	-9.851834e+00
5.551000e-01	-7.130052e-01	-9.852374e+00
5.552000e-01	-7.146867e-01	-9.852934e+00
5.553000e-01	-7.163799e-01	-9.853516e+00
5.554000e-01	-7.180851e-01	-9.854122e+00
5.555000e-01	-7.198027e-01	-9.854754e+00
5.555501e-01	-7.206686e-01	-9.855081e+00
5.556000e-01	-7.215332e-01	-9.855413e+00
5.557000e-01	-7.232771e-01	-9.856101e+00
5.558000e-01	-7.250346e-01	-9.856820e+00
5.559000e-01	-7.268062e-01	-9.857571e+00
5.560000e-01	-7.285924e-01	-9.858357e+00
5.561000e-01	-7.303934e-01	-9.859178e+00
5.562000e-01	-7.322096e-01	-9.860035e+00
5.563000e-01	-7.340415e-01	-9.860932e+00
5.564000e-01	-7.358893e-01	-9.861868e+00
5.564270e-01	-7.363904e-01	-9.862127e+00
5.564531e-01	-7.368767e-01	-9.862381e+00
5.564853e-01	-7.374787e-01	-9.862699e+00
5.565000e-01	-7.377533e-01	-9.862845e+00
5.565421e-01	-7.385423e-01	-9.863269e+00
5.565928e-01	-7.394990e-01	-9.863791e+00
5.566000e-01	-7.396340e-01	-9.863865e+00
5.566263e-01	-7.401319e-01	-9.864141e+00
5.566523e-01	-7.406242e-01	-9.864416e+00
5.566790e-01	-7.411320e-01	-9.864702e+00
5.567000e-01	-7.415317e-01	-9.864929e+00
5.567674e-01	-7.428201e-01	-9.865671e+00
5.567947e-01	-7.433442e-01	-9.865977e+00
5.568000e-01	-7.434465e-01	-9.866038e+00
5.568364e-01	-7.441471e-01	-9.866452e+00
5.568626e-01	-7.446538e-01	-9.866755e+00
5.568883e-01	-7.451526e-01	-9.867055e+00
5.569000e-01	-7.453789e-01	-9.867192e+00
5.569901e-01	-7.471357e-01	-9.868273e+00
5.570000e-01	-7.473290e-01	-9.868394e+00
5.571000e-01	-7.492972e-01	-9.869644e+00
5.572000e-01	-7.512837e-01	-9.870943e+00
5.573000e-01	-7.532886e-01	-9.872292e+00
5.574000e-01	-7.553123e-01	-9.873692e+00
5.575000e-01	-7.573548e-01	-9.875143e+00
5.576000e-01	-7.594165e-01	-9.876645e+00
5.577000e-01	-7.614974e-01	-9.878200e+00
5.578000e-01	-7.635976e-01	-9.879808e+00
5.579000e-01	-7.657174e-01	-9.881468e+00
5.580000e-01	-7.678568e-01	-9.883182e+00
5.581000e-01	-7.700159e-01	-9.884949e+00
5.582000e-01	-7.721948e-01	-9.886769e+00
5.583000e-01	-7.743934e-01	-9.888643e+00
5.584000e-01	-7.766119e-01	-9.890569e+00
5.585000e-01	-7.788503e-01	-9.892548e+00
5.586000e-01	-7.811085e-01	-9.894580e+00
5.587000e-01	-7.833865e-01	-9.896663e+00
5.588000e-01	-7.856843e-01	-9.898797e+00
5.589000e-01	-7.880017e-01	-9.900982e+00
5.590000e-01	-7.903388e-01	-9.903216e+00
5.591000e-01	-7.926952e-01	-9.905499e+00
5.592000e-01	-7.950711e-01	-9.907830e+00
5.593000e-01	-7.974660e-01	-9.910207e+00
5.594000e-01	-7.998800e-01	-9.912630e+00
5.595000e-01	-8.023127e-01	-9.915096e+00
5.596000e-01	-8.047639e-01	-9.917606e+00
5.597000e-01	-8.072334e-01	-9.920156e+00
5.598000e-01	-8.097209e-01	-9.922747e+00
5.599000e-01	-8.122261e-01	-9.925375e+00
5.600000e-01	-8.147486e-01	-9.928040e+00
5.601000e-01	-8.172881e-01	-9.930739e+00
5.602000e-01	-8.198443e-01	-9.933471e+00
5.603000e-01	-8.224167e-01	-9.936234e+00
5.604000e-01	-8.250050e-01	-9.939026e+00
5.605000e-01	-8.276086e-01	-9.941844e+00
5.606000e-01	-8.302271e-01	-9.944688e+00
5.607000e-01	-8.328599e-01	-9.947554e+00
5.608000e-01	-8.355067e-01	-9.950441e+00
5.609000e-01	-8.381668e-01	-9.953347e+00
5.610000e-01	-8.408397e-01	-9.956269e+00
5.611000e-01	-8.435248e-01	-9.959205e+00
5.612000e-01	-8.462214e-01	-9.962153e+00
5.613000e-01	-8.489290e-01	-9.965110e+00
5.614000e-01	-8.516469e-01	-9.968075e+00
5.615000e-01	-8.543744e-01	-9.971045e+00
5.616000e-01	-8.571109e-01	-9.974019e+00
5.617000e-01	-8.598555e-01	-9.976992e+00
5.618000e-01	-8.626076e-01	-9.979965e+00
5.619000e-01	-8.653665e-01	-9.982934e+00
5.620000e-01	-8.681312e-01	-9.985896e+00
5.621000e-01	-8.709012e-01	-9.988851e+00
5.622000e-01	-8.736754e-01	-9.991796e+00
5.623000e-01	-8.764532e-01	-9.994728e+00
5.624000e-01	-8.792336e-01	-9.997646e+00
5.625000e-01	-8.820159e-01	-1.000055e+01
5.626000e-01	-8.847991e-01	-1.000343e+01
5.627000e-01	-8.875823e-01	-1.000629e+01
5.628000e-01	-8.903647e-01	-1.000914e+01
5.629000e-01	-8.931453e-01	-1.001195e+01
5.630000e-01	-8.959233e-01	-1.001474e+01
5.631000e-01	-8.986976e-01	-1.001751e+01
5.632000e-01	-9.014674e-01	-1.002024e+01
5.633000e-01	-9.042317e-01	-1.002294e+01
5.634000e-01	-9.069895e-01	-1.002562e+01
5.635000e-01	-9.097398e-01	-1.002825e+01
5.636000e-01	-9.124818e-01	-1.003085e+01
5.637000e-01	-9.152144e-01	-1.003342e+01
5.638000e-01	-9.179366e-01	-1.003594e+01
5.639000e-01	-9.206474e-01	-1.003843e+01
5.640000e-01	-9.233459e-01	-1.004088e+01
5.641000e-01	-9.260311e-01	-1.004328e+01
5.642000e-01	-9.287019e-01	-1.004564e+01
5.643000e-01	-9.313574e-01	-1.004796e+01
5.644000e-01	-9.339966e-01	-1.005023e+01
5.645000e-01	-9.366185e-01	-1.005245e+01
5.646000e-01	-9.392222e-01	-1.005463e+01
5.647000e-01	-9.418066e-01	-1.005676e+01
5.648000e-01	-9.443707e-01	-1.005884e+01
5.649000e-01	-9.469136e-01	-1.006087e+01
5.650000e-01	-9.494344e-01	-1.006285e+01
5.651000e-01	-9.519320e-01	-1.006478e+01
5.652000e-01	-9.544056e-01	-1.006666e+01
5.653000e-01	-9.568541e-01	-1.006849e+01
5.654000e-01	-9.592766e-01	-1.007027e+01
5.655000e-01	-9.616722e-01	-1.007199e+01
5.656000e-01	-9.640400e-01	-1.007366e+01
5.657000e-01	-9.663791e-01	-1.007528e+01
5.658000e-01	-9.686886e-01	-1.007684e+01
5.659000e-01	-9.709675e-01	-1.007836e+01
5.660000e-01	-9.732151e-01	-1.007982e+01
5.661000e-01	-9.754304e-01	-1.008122e+01
5.662000e-01	-9.776126e-01	-1.008258e+01
5.663000e-01	-9.797608e-01	-1.008388e+01
5.664000e-01	-9.818743e-01	-1.008513e+01
5.665000e-01	-9.839522e-01	-1.008633e+01
5.666000e-01	-9.859937e-01	-1.008747e+01
5.667000e-01	-9.879981e-01	-1.008857e+01
5.668000e-01	-9.899646e-01	-1.008961e+01
5.669000e-01	-9.918925e-01	-1.009061e+01
5.670000e-01	-9.937810e-01	-1.009155e+01
5.671000e-01	-9.956296e-01	-1.009245e+01
5.672000e-01	-9.974374e-01	-1.009330e+01
5.673000e-01	-9.992039e-01	-1.009411e+01
5.674000e-01	-1.000928e+00	-1.009487e+01
5.675000e-01	-1.002610e+00	-1.009558e+01
5.676000e-01	-1.004249e+00	-1.009625e+01
5.677000e-01	-1.005844e+00	-1.009688e+01
5.678000e-01	-1.007395e+00	-1.009747e+01
5.679000e-01	-1.008901e+00	-1.009802e+01
5.680000e-01	-1.010362e+00	-1.009853e+01
5.681000e-01	-1.011778e+00	-1.009901e+01
5.682000e-01	-1.013147e+00	-1.009945e+01
5.683000e-01	-1.014469e+00	-1.009986e+01
5.684000e-01	-1.015745e+00	-1.010024e+01
5.684976e-01	-1.016945e+00	-1.010058e+01
5.685000e-01	-1.016974e+00	-1.010059e+01
5.686000e-01	-1.018155e+00	-1.010091e+01
5.686400e-01	-1.018613e+00	-1.010103e+01
5.687000e-01	-1.019288e+00	-1.010120e+01
5.687340e-01	-1.019662e+00	-1.010130e+01
5.688000e-01	-1.020373e+00	-1.010147e+01
5.688255e-01	-1.020642e+00	-1.010154e+01
5.689000e-01	-1.021409e+00	-1.010173e+01
5.690000e-01	-1.022397e+00	-1.010196e+01
5.691000e-01	-1.023336e+00	-1.010217e+01
5.692000e-01	-1.024225e+00	-1.010237e+01
5.693000e-01	-1.025066e+00	-1.010256e+01
5.693512e-01	-1.025477e+00	-1.010265e+01
5.694000e-01	-1.025857e+00	-1.010273e+01
5.695000e-01	-1.026598e+00	-1.010290e+01
5.695345e-01	-1.026843e+00	-1.010296e+01
5.695736e-01	-1.027112e+00	-1.010302e+01
5.696000e-01	-1.027290e+00	-1.010306e+01
5.696679e-01	-1.027731e+00	-1.010317e+01
5.697000e-01	-1.027932e+00	-1.010322e+01
5.698000e-01	-1.028523e+00	-1.010337e+01
5.698260e-01	-1.028669e+00	-1.010341e+01
5.698989e-01	-1.029059e+00	-1.010353e+01
5.699000e-01	-1.029065e+00	-1.010353e+01
5.699386e-01	-1.029260e+00	-1.010359e+01
5.699690e-01	-1.029409e+00	-1.010364e+01
5.700000e-01	-1.029556e+00	-1.010369e+01
5.701000e-01	-1.029996e+00	-1.010385e+01
5.701927e-01	-1.030360e+00	-1.010400e+01
5.702000e-01	-1.030387e+00	-1.010402e+01
5.702256e-01	-1.030478e+00	-1.010406e+01
5.702987e-01	-1.030723e+00	-1.010419e+01
5.703000e-01	-1.030726e+00	-1.010419e+01
5.703797e-01	-1.030961e+00	-1.010434e+01
5.704000e-01	-1.031016e+00	-1.010438e+01
5.705000e-01	-1.031255e+00	-1.010458e+01
5.706000e-01	-1.031443e+00	-1.010480e+01
5.707000e-01	-1.031580e+00	-1.010504e+01
5.707945e-01	-1.031664e+00	-1.010528e+01
5.708000e-01	-1.031668e+00	-1.010529e+01
5.708594e-01	-1.031695e+00	-1.010545e+01
5.709000e-01	-1.031704e+00	-1.010557e+01
5.709373e-01	-1.031705e+00	-1.010568e+01
5.710000e-01	-1.031690e+00	-1.010587e+01
5.710492e-01	-1.031665e+00	-1.010602e+01
5.710798e-01	-1.031643e+00	-1.010612e+01
5.711000e-01	-1.031626e+00	-1.010619e+01
5.711792e-01	-1.031539e+00	-1.010647e+01
5.712000e-01	-1.031511e+00	-1.010655e+01
5.712356e-01	-1.031458e+00	-1.010668e+01
5.713000e-01	-1.031346e+00	-1.010693e+01
5.713758e-01	-1.031188e+00	-1.010724e+01
5.714000e-01	-1.031131e+00	-1.010735e+01
5.714511e-01	-1.031002e+00	-1.010757e+01
5.714856e-01	-1.030907e+00	-1.010773e+01
5.715000e-01	-1.030866e+00	-1.010780e+01
5.715499e-01	-1.030715e+00	-1.010803e+01
5.716000e-01	-1.030550e+00	-1.010828e+01
5.717000e-01	-1.030185e+00	-1.010880e+01
5.718000e-01	-1.029769e+00	-1.010936e+01
5.719000e-01	-1.029304e+00	-1.010997e+01
5.720000e-01	-1.028789e+00	-1.011061e+01
5.721000e-01	-1.028225e+00	-1.011130e+01
5.722000e-01	-1.027611e+00	-1.011203e+01
5.723000e-01	-1.026948e+00	-1.011281e+01
5.724000e-01	-1.026236e+00	-1.011364e+01
5.725000e-01	-1.025475e+00	-1.011452e+01
5.726000e-01	-1.024665e+00	-1.011545e+01
5.726626e-01	-1.024132e+00	-1.011606e+01
5.727000e-01	-1.023806e+00	-1.011643e+01
5.728000e-01	-1.022898e+00	-1.011747e+01
5.729000e-01	-1.021942e+00	-1.011856e+01
5.730000e-01	-1.020938e+00	-1.011970e+01
5.731000e-01	-1.019885e+00	-1.012090e+01
5.732000e-01	-1.018785e+00	-1.012216e+01
5.733000e-01	-1.017636e+00	-1.012348e+01
5.733999e-01	-1.016441e+00	-1.012485e+01
5.734000e-01	-1.016440e+00	-1.012485e+01
5.735000e-01	-1.015196e+00	-1.012628e+01
5.736000e-01	-1.013905e+00	-1.012778e+01
5.737000e-01	-1.012566e+00	-1.012933e+01
5.738000e-01	-1.011180e+00	-1.013094e+01
5.739000e-01	-1.009748e+00	-1.013261e+01
5.740000e-01	-1.008268e+00	-1.013435e+01
5.741000e-01	-1.006742e+00	-1.013614e+01
5.742000e-01	-1.005169e+00	-1.013799e+01
5.743000e-01	-1.003549e+00	-1.013991e+01
5.744000e-01	-1.001883e+00	-1.014188e+01
5.745000e-01	-1.000171e+00	-1.014391e+01
5.746000e-01	-9.984136e-01	-1.014600e+01
5.747000e-01	-9.966099e-01	-1.014815e+01
5.748000e-01	-9.947606e-01	-1.015035e+01
5.749000e-01	-9.928656e-01	-1.015261e+01
5.750000e-01	-9.909254e-01	-1.015493e+01
5.751000e-01	-9.889399e-01	-1.015730e+01
5.752000e-01	-9.869093e-01	-1.015972e+01
5.753000e-01	-9.848339e-01	-1.016219e+01
5.754000e-01	-9.827137e-01	-1.016471e+01
5.755000e-01	-9.805490e-01	-1.016729e+01
5.756000e-01	-9.783400e-01	-1.016990e+01
5.757000e-01	-9.760868e-01	-1.017257e+01
5.758000e-01	-9.737896e-01	-1.017527e+01
5.759000e-01	-9.714486e-01	-1.017802e+01
5.760000e-01	-9.690641e-01	-1.018081e+01
5.761000e-01	-9.666363e-01	-1.018363e+01
5.762000e-01	-9.641653e-01	-1.018649e+01
5.763000e-01	-9.616515e-01	-1.018938e+01
5.764000e-01	-9.590950e-01	-1.019230e+01
5.765000e-01	-9.564961e-01	-1.019525e+01
5.766000e-01	-9.538552e-01	-1.019822e+01
5.767000e-01	-9.511724e-01	-1.020121e+01
5.768000e-01	-9.484480e-01	-1.020423e+01
5.769000e-01	-9.456824e-01	-1.020726e+01
5.770000e-01	-9.428759e-01	-1.021030e+01
5.771000e-01	-9.400288e-01	-1.021336e+01
5.772000e-01	-9.371414e-01	-1.021642e+01
5.773000e-01	-9.342142e-01	-1.021949e+01
5.774000e-01	-9.312474e-01	-1.022256e+01
5.775000e-01	-9.282414e-01	-1.022563e+01
5.776000e-01	-9.251967e-01	-1.022870e+01
5.777000e-01	-9.221137e-01	-1.023176e+01
5.778000e-01	-9.189928e-01	-1.023482e+01
5.779000e-01	-9.158344e-01	-1.023786e+01
5.780000e-01	-9.126391e-01	-1.024088e+01
5.781000e-01	-9.094072e-01	-1.024389e+01
5.782000e-01	-9.061394e-01	-1.024688e+01
5.783000e-01	-9.028360e-01	-1.024984e+01
5.784000e-01	-8.994977e-01	-1.025278e+01
5.785000e-01	-8.961250e-01	-1.025569e+01
5.786000e-01	-8.927185e-01	-1.025857e+01
5.787000e-01	-8.892787e-01	-1.026141e+01
5.788000e-01	-8.858063e-01	-1.026422e+01
5.789000e-01	-8.823019e-01	-1.026699e+01
5.790000e-01	-8.787661e-01	-1.026971e+01
5.791000e-01	-8.751995e-01	-1.027240e+01
5.792000e-01	-8.716030e-01	-1.027504e+01
5.793000e-01	-8.679771e-01	-1.027763e+01
5.794000e-01	-8.643227e-01	-1.028017e+01
5.795000e-01	-8.606404e-01	-1.028267e+01
5.796000e-01	-8.569309e-01	-1.028511e+01
5.797000e-01	-8.531952e-01	-1.028749e+01
5.798000e-01	-8.494340e-01	-1.028982e+01
5.799000e-01	-8.456481e-01	-1.029210e+01
5.800000e-01	-8.418383e-01	-1.029431e+01
5.801000e-01	-8.380056e-01	-1.029647e+01
5.802000e-01	-8.341508e-01	-1.029857e+01
5.803000e-01	-8.302749e-01	-1.030061e+01
5.804000e-01	-8.263788e-01	-1.030258e+01
5.805000e-01	-8.224635e-01	-1.030450e+01
5.806000e-01	-8.185298e-01	-1.030635e+01
5.807000e-01	-8.145790e-01	-1.030814e+01
5.808000e-01	-8.106119e-01	-1.030987e+01
5.809000e-01	-8.066297e-01	-1.031154e+01
5.810000e-01	-8.026334e-01	-1.031314e+01
5.811000e-01	-7.986242e-01	-1.031469e+01
5.812000e-01	-7.946031e-01	-1.031617e+01
5.813000e-01	-7.905714e-01	-1.031759e+01
5.814000e-01	-7.865302e-01	-1.031895e+01
5.815000e-01	-7.824808e-01	-1.032026e+01
5.816000e-01	-7.784244e-01	-1.032150e+01
5.817000e-01	-7.743622e-01	-1.032269e+01
5.818000e-01	-7.702956e-01	-1.032382e+01
5.819000e-01	-7.662258e-01	-1.032490e+01
5.820000e-01	-7.621543e-01	-1.032592e+01
5.821000e-01	-7.580824e-01	-1.032689e+01
5.822000e-01	-7.540115e-01	-1.032781e+01
5.823000e-01	-7.499430e-01	-1.032868e+01
5.824000e-01	-7.458785e-01	-1.032950e+01
5.825000e-01	-7.418194e-01	-1.033028e+01
5.826000e-01	-7.377673e-01	-1.033102e+01
5.827000e-01	-7.337236e-01	-1.033171e+01
5.828000e-01	-7.296900e-01	-1.033237e+01
5.829000e-01	-7.256681e-01	-1.033299e+01
5.830000e-01	-7.216594e-01	-1.033357e+01
5.831000e-01	-7.176657e-01	-1.033412e+01
5.832000e-01	-7.136887e-01	-1.033464e+01
5.833000e-01	-7.097300e-01	-1.033513e+01
5.834000e-01	-7.057913e-01	-1.033560e+01
5.835000e-01	-7.018744e-01	-1.033604e+01
5.836000e-01	-6.979811e-01	-1.033646e+01
5.837000e-01	-6.941132e-01	-1.033687e+01
5.838000e-01	-6.902724e-01	-1.033726e+01
5.839000e-01	-6.864606e-01	-1.033764e+01
5.840000e-01	-6.826795e-01	-1.033801e+01
5.841000e-01	-6.789310e-01	-1.033837e+01
5.842000e-01	-6.752168e-01	-1.033872e+01
5.843000e-01	-6.715388e-01	-1.033907e+01
5.844000e-01	-6.678988e-01	-1.033943e+01
5.845000e-01	-6.642985e-01	-1.033978e+01
5.846000e-01	-6.607398e-01	-1.034014e+01
5.847000e-01	-6.572245e-01	-1.034051e+01
5.848000e-01	-6.537544e-01	-1.034089e+01
5.849000e-01	-6.503312e-01	-1.034128e+01
5.850000e-01	-6.469568e-01	-1.034169e+01
5.851000e-01	-6.436328e-01	-1.034212e+01
5.852000e-01	-6.403610e-01	-1.034256e+01
5.853000e-01	-6.371432e-01	-1.034303e+01
5.854000e-01	-6.339810e-01	-1.034352e+01
5.855000e-01	-6.308761e-01	-1.034404e+01
5.856000e-01	-6.278301e-01	-1.034459e+01
5.857000e-01	-6.248447e-01	-1.034517e+01
5.858000e-01	-6.219215e-01	-1.034578e+01
5.859000e-01	-6.190619e-01	-1.034643e+01
5.860000e-01	-6.162676e-01	-1.034711e+01
5.861000e-01	-6.135400e-01	-1.034784e+01
5.862000e-01	-6.108806e-01	-1.034860e+01
5.862356e-01	-6.099518e-01	-1.034888e+01
5.863000e-01	-6.082907e-01	-1.034941e+01
5.864000e-01	-6.057717e-01	-1.035026e+01
5.864455e-01	-6.046487e-01	-1.035066e+01
5.864716e-01	-6.040131e-01	-1.035090e+01
5.865000e-01	-6.033250e-01	-1.035116e+01
5.865313e-01	-6.025744e-01	-1.035145e+01
5.865592e-01	-6.019116e-01	-1.035171e+01
5.865874e-01	-6.012475e-01	-1.035198e+01
5.866000e-01	-6.009518e-01	-1.035210e+01
5.866331e-01	-6.001835e-01	-1.035242e+01
5.866593e-01	-5.995793e-01	-1.035268e+01
5.866849e-01	-5.989948e-01	-1.035294e+01
5.867000e-01	-5.986533e-01	-1.035309e+01
5.867251e-01	-5.980885e-01	-1.035334e+01
5.867501e-01	-5.975293e-01	-1.035360e+01
5.867754e-01	-5.969694e-01	-1.035387e+01
5.868000e-01	-5.964306e-01	-1.035413e+01
5.868257e-01	-5.958714e-01	-1.035440e+01
5.868509e-01	-5.953288e-01	-1.035468e+01
5.868764e-01	-5.947848e-01	-1.035496e+01
5.869000e-01	-5.942850e-01	-1.035522e+01
5.869250e-01	-5.937604e-01	-1.035550e+01
5.869500e-01	-5.932403e-01	-1.035578e+01
5.869752e-01	-5.927229e-01	-1.035607e+01
5.870000e-01	-5.922174e-01	-1.035636e+01
5.870256e-01	-5.917001e-01	-1.035666e+01
5.870513e-01	-5.911875e-01	-1.035697e+01
5.870769e-01	-5.906802e-01	-1.035728e+01
5.871000e-01	-5.902288e-01	-1.035756e+01
5.871259e-01	-5.897268e-01	-1.035787e+01
5.871509e-01	-5.892473e-01	-1.035818e+01
5.871777e-01	-5.887395e-01	-1.035852e+01
5.872000e-01	-5.883203e-01	-1.035880e+01
5.872270e-01	-5.878181e-01	-1.035915e+01
5.873000e-01	-5.864927e-01	-1.036010e+01
5.874000e-01	-5.847468e-01	-1.036146e+01
5.874375e-01	-5.841129e-01	-1.036198e+01
5.874650e-01	-5.836569e-01	-1.036237e+01
5.875000e-01	-5.830833e-01	-1.036287e+01
5.876000e-01	-5.815031e-01	-1.036434e+01
5.877000e-01	-5.800068e-01	-1.036586e+01
5.878000e-01	-5.785949e-01	-1.036744e+01
5.879000e-01	-5.772680e-01	-1.036907e+01
5.880000e-01	-5.760264e-01	-1.037076e+01
5.881000e-01	-5.748707e-01	-1.037250e+01
5.882000e-01	-5.738011e-01	-1.037430e+01
5.883000e-01	-5.728179e-01	-1.037616e+01
5.884000e-01	-5.719214e-01	-1.037806e+01
5.885000e-01	-5.711115e-01	-1.038003e+01
5.886000e-01	-5.703884e-01	-1.038204e+01
5.887000e-01	-5.697522e-01	-1.038411e+01
5.888000e-01	-5.692026e-01	-1.038623e+01
5.889000e-01	-5.687397e-01	-1.038840e+01
5.890000e-01	-5.683632e-01	-1.039061e+01
5.891000e-01	-5.680728e-01	-1.039288e+01
5.892000e-01	-5.678683e-01	-1.039519e+01
5.893000e-01	-5.677493e-01	-1.039754e+01
5.894000e-01	-5.677153e-01	-1.039994e+01
5.895000e-01	-5.677658e-01	-1.040238e+01
5.896000e-01	-5.679002e-01	-1.040486e+01
5.897000e-01	-5.681180e-01	-1.040738e+01
5.898000e-01	-5.684185e-01	-1.040993e+01
5.899000e-01	-5.688009e-01	-1.041252e+01
5.900000e-01	-5.692645e-01	-1.041514e+01
5.901000e-01	-5.698084e-01	-1.041779e+01
5.902000e-01	-5.704318e-01	-1.042047e+01
5.903000e-01	-5.711336e-01	-1.042317e+01
5.904000e-01	-5.719129e-01	-1.042590e+01
5.905000e-01	-5.727688e-01	-1.042865e+01
5.906000e-01	-5.737000e-01	-1.043142e+01
5.907000e-01	-5.747054e-01	-1.043420e+01
5.908000e-01	-5.757840e-01	-1.043700e+01
5.909000e-01	-5.769344e-01	-1.043981e+01
5.910000e-01	-5.781555e-01	-1.044263e+01
5.911000e-01	-5.794459e-01	-1.044545e+01
5.912000e-01	-5.808044e-01	-1.044829e+01
5.913000e-01	-5.822295e-01	-1.045112e+01
5.914000e-01	-5.837199e-01	-1.045395e+01
5.915000e-01	-5.852742e-01	-1.045678e+01
5.916000e-01	-5.868910e-01	-1.045961e+01
5.917000e-01	-5.885686e-01	-1.046243e+01
5.918000e-01	-5.903058e-01	-1.046523e+01
5.919000e-01	-5.921008e-01	-1.046803e+01
5.920000e-01	-5.939522e-01	-1.047081e+01
5.921000e-01	-5.958585e-01	-1.047358e+01
5.922000e-01	-5.978179e-01	-1.047632e+01
5.923000e-01	-5.998290e-01	-1.047905e+01
5.924000e-01	-6.018901e-01	-1.048175e+01
5.925000e-01	-6.039995e-01	-1.048443e+01
5.926000e-01	-6.061557e-01	-1.048708e+01
5.927000e-01	-6.083570e-01	-1.048970e+01
5.928000e-01	-6.106016e-01	-1.049228e+01
5.929000e-01	-6.128880e-01	-1.049484e+01
5.930000e-01	-6.152144e-01	-1.049736e+01
5.931000e-01	-6.175791e-01	-1.049984e+01
5.932000e-01	-6.199806e-01	-1.050229e+01
5.933000e-01	-6.224170e-01	-1.050469e+01
5.934000e-01	-6.248866e-01	-1.050706e+01
5.935000e-01	-6.273878e-01	-1.050938e+01
5.936000e-01	-6.299189e-01	-1.051166e+01
5.937000e-01	-6.324782e-01	-1.051389e+01
5.938000e-01	-6.350640e-01	-1.051607e+01
5.939000e-01	-6.376745e-01	-1.051821e+01
5.940000e-01	-6.403082e-01	-1.052029e+01
5.941000e-01	-6.429633e-01	-1.052233e+01
5.942000e-01	-6.456382e-01	-1.052432e+01
5.943000e-01	-6.483311e-01	-1.052625e+01
5.944000e-01	-6.510405e-01	-1.052813e+01
5.945000e-01	-6.537648e-01	-1.052996e+01
5.946000e-01	-6.565021e-01	-1.053174e+01
5.946999e-01	-6.592477e-01	-1.053346e+01
5.947000e-01	-6.592511e-01	-1.053346e+01
5.948000e-01	-6.620099e-01	-1.053513e+01
5.949000e-01	-6.647771e-01	-1.053674e+01
5.950000e-01	-6.675511e-01	-1.053830e+01
5.951000e-01	-6.703303e-01	-1.053980e+01
5.952000e-01	-6.731131e-01	-1.054124e+01
5.953000e-01	-6.758980e-01	-1.054264e+01
5.954000e-01	-6.786836e-01	-1.054397e+01
5.955000e-01	-6.814682e-01	-1.054526e+01
5.956000e-01	-6.842505e-01	-1.054649e+01
5.957000e-01	-6.870290e-01	-1.054766e+01
5.958000e-01	-6.898022e-01	-1.054878e+01
5.959000e-01	-6.925687e-01	-1.054985e+01
5.960000e-01	-6.953272e-01	-1.055087e+01
5.961000e-01	-6.980764e-01	-1.055184e+01
5.962000e-01	-7.008148e-01	-1.055276e+01
5.963000e-01	-7.035412e-01	-1.055362e+01
5.964000e-01	-7.062542e-01	-1.055444e+01
5.965000e-01	-7.089528e-01	-1.055522e+01
5.966000e-01	-7.116356e-01	-1.055595e+01
5.967000e-01	-7.143014e-01	-1.055663e+01
5.968000e-01	-7.169492e-01	-1.055727e+01
5.968637e-01	-7.186258e-01	-1.055766e+01
5.969000e-01	-7.195778e-01	-1.055787e+01
5.969598e-01	-7.211411e-01	-1.055821e+01
5.970000e-01	-7.221862e-01	-1.055843e+01
5.971000e-01	-7.247732e-01	-1.055895e+01
5.972000e-01	-7.273380e-01	-1.055944e+01
5.972575e-01	-7.288019e-01	-1.055970e+01
5.973000e-01	-7.298796e-01	-1.055989e+01
5.973648e-01	-7.315137e-01	-1.056017e+01
5.974000e-01	-7.323970e-01	-1.056031e+01
5.974397e-01	-7.333907e-01	-1.056047e+01
5.974659e-01	-7.340435e-01	-1.056057e+01
5.974931e-01	-7.347177e-01	-1.056067e+01
5.975000e-01	-7.348895e-01	-1.056070e+01
5.975253e-01	-7.355171e-01	-1.056079e+01
5.975518e-01	-7.361698e-01	-1.056089e+01
5.975780e-01	-7.368152e-01	-1.056098e+01
5.976000e-01	-7.373561e-01	-1.056106e+01
5.976266e-01	-7.380077e-01	-1.056115e+01
5.976538e-01	-7.386711e-01	-1.056124e+01
5.976820e-01	-7.393582e-01	-1.056133e+01
5.977000e-01	-7.397962e-01	-1.056139e+01
5.977263e-01	-7.404337e-01	-1.056147e+01
5.977516e-01	-7.410443e-01	-1.056155e+01
5.977770e-01	-7.416570e-01	-1.056163e+01
5.978000e-01	-7.422089e-01	-1.056170e+01
5.978361e-01	-7.430741e-01	-1.056180e+01
5.979000e-01	-7.445937e-01	-1.056198e+01
5.980000e-01	-7.469499e-01	-1.056225e+01
5.981000e-01	-7.492770e-01	-1.056250e+01
5.981446e-01	-7.503059e-01	-1.056260e+01
5.982000e-01	-7.515744e-01	-1.056273e+01
5.982585e-01	-7.529034e-01	-1.056286e+01
5.983000e-01	-7.538417e-01	-1.056295e+01
5.983679e-01	-7.553639e-01	-1.056309e+01
5.984000e-01	-7.560785e-01	-1.056315e+01
5.984883e-01	-7.580271e-01	-1.056333e+01
5.985000e-01	-7.582844e-01	-1.056335e+01
5.985756e-01	-7.599304e-01	-1.056350e+01
5.986000e-01	-7.604592e-01	-1.056354e+01
5.986517e-01	-7.615712e-01	-1.056364e+01
5.986868e-01	-7.623211e-01	-1.056370e+01
5.987000e-01	-7.626027e-01	-1.056373e+01
5.987823e-01	-7.643426e-01	-1.056388e+01
5.988000e-01	-7.647147e-01	-1.056391e+01
5.988538e-01	-7.658385e-01	-1.056402e+01
5.989000e-01	-7.667951e-01	-1.056410e+01
5.989839e-01	-7.685154e-01	-1.056426e+01
5.990000e-01	-7.688439e-01	-1.056429e+01
5.990782e-01	-7.704239e-01	-1.056444e+01
5.991000e-01	-7.708611e-01	-1.056449e+01
5.991550e-01	-7.719579e-01	-1.056460e+01
5.991939e-01	-7.727270e-01	-1.056468e+01
5.992000e-01	-7.728469e-01	-1.056469e+01
5.993000e-01	-7.748014e-01	-1.056490e+01
5.993602e-01	-7.759630e-01	-1.056504e+01
5.994000e-01	-7.767248e-01	-1.056513e+01
5.995000e-01	-7.786174e-01	-1.056537e+01
5.996000e-01	-7.804796e-01	-1.056563e+01
5.997000e-01	-7.823119e-01	-1.056591e+01
5.998000e-01	-7.841147e-01	-1.056621e+01
5.998910e-01	-7.857302e-01	-1.056650e+01
5.999000e-01	-7.858886e-01	-1.056653e+01
6.000000e-01	-7.876342e-01	-1.056688e+01


