"     ankle"

"Time      "	".JOINT_15.Ax_Ay_Az_Projection_Angles.Z"	".JOINT_14.Ax_Ay_Az_Projection_Angles.Z"
0.000000e+00	0.000000e+00	1.193196e-13
1.000000e-04	0.000000e+00	1.247323e-05
2.000000e-04	0.000000e+00	4.857241e-05
3.000000e-04	0.000000e+00	1.064322e-04
4.000000e-04	-8.203981e-08	1.842737e-04
5.000000e-04	-1.703703e-07	2.803996e-04
6.000000e-04	-3.250811e-07	3.929889e-04
7.000000e-04	-5.654568e-07	5.201419e-04
8.000000e-04	-9.158318e-07	6.599697e-04
9.000000e-04	-1.405877e-06	8.105721e-04
1.000000e-03	-2.069605e-06	9.700549e-04
1.100000e-03	-2.946610e-06	1.136540e-03
1.200000e-03	-4.082312e-06	1.308175e-03
1.300000e-03	-5.528420e-06	1.483144e-03
1.400000e-03	-7.343342e-06	1.659681e-03
1.500000e-03	-9.592542e-06	1.836072e-03
1.600000e-03	-1.234886e-05	2.010675e-03
1.700000e-03	-1.569270e-05	2.181921e-03
1.800000e-03	-1.971222e-05	2.348328e-03
1.900000e-03	-2.450357e-05	2.508503e-03
2.000000e-03	-3.017082e-05	2.661154e-03
2.100000e-03	-3.682561e-05	2.805097e-03
2.200000e-03	-4.458750e-05	2.939255e-03
2.300000e-03	-5.358390e-05	3.062665e-03
2.400000e-03	-6.394874e-05	3.174486e-03
2.500000e-03	-7.582322e-05	3.273996e-03
2.600000e-03	-8.935512e-05	3.360591e-03
2.700000e-03	-1.046989e-04	3.433789e-03
2.800000e-03	-1.220128e-04	3.493232e-03
2.900000e-03	-1.414611e-04	3.538676e-03
3.000000e-03	-1.632124e-04	3.569996e-03
3.100000e-03	-1.874394e-04	3.587175e-03
3.200000e-03	-2.143178e-04	3.590304e-03
3.300000e-03	-2.440265e-04	3.579577e-03
3.400000e-03	-2.767466e-04	3.555285e-03
3.500000e-03	-3.126597e-04	3.517805e-03
3.600000e-03	-3.519515e-04	3.467603e-03
3.700000e-03	-3.948085e-04	3.405224e-03
3.800000e-03	-4.414142e-04	3.331271e-03
3.900000e-03	-4.919543e-04	3.246412e-03
4.000000e-03	-5.466150e-04	3.151369e-03
4.100000e-03	-6.055826e-04	3.046915e-03
4.200000e-03	-6.690437e-04	2.933861e-03
4.300000e-03	-7.371857e-04	2.813056e-03
4.400000e-03	-8.101940e-04	2.685364e-03
4.500000e-03	-8.882578e-04	2.551686e-03
4.600000e-03	-9.715611e-04	2.412913e-03
4.700000e-03	-1.060298e-03	2.269985e-03
4.800000e-03	-1.154651e-03	2.123791e-03
4.900000e-03	-1.254821e-03	1.975303e-03
5.000000e-03	-1.360992e-03	1.825394e-03
5.100000e-03	-1.473370e-03	1.675035e-03
5.200000e-03	-1.592135e-03	1.525055e-03
5.300000e-03	-1.717504e-03	1.376436e-03
5.400000e-03	-1.849676e-03	1.230048e-03
5.500000e-03	-1.988861e-03	1.086791e-03
5.600000e-03	-2.135265e-03	9.475291e-04
5.700000e-03	-2.289114e-03	8.131733e-04
5.800000e-03	-2.450613e-03	6.845442e-04
5.900000e-03	-2.619997e-03	5.625512e-04
6.000000e-03	-2.797468e-03	4.479587e-04
6.100000e-03	-2.983272e-03	3.416935e-04
6.200000e-03	-3.177644e-03	2.446189e-04
6.300000e-03	-3.380790e-03	1.574932e-04
6.400000e-03	-3.592960e-03	8.123251e-05
6.500000e-03	-3.814391e-03	1.669816e-05
6.600000e-03	-4.045289e-03	-3.534373e-05
6.700000e-03	-4.285891e-03	-7.401178e-05
6.800000e-03	-4.536421e-03	-9.845561e-05
6.900000e-03	-4.797096e-03	-1.078268e-04
7.000000e-03	-5.068128e-03	-1.012777e-04
7.100000e-03	-5.349719e-03	-7.796456e-05
7.200000e-03	-5.642061e-03	-3.704763e-05
7.300000e-03	-5.945336e-03	2.230598e-05
7.400000e-03	-6.259711e-03	1.009188e-04
7.500000e-03	-6.585340e-03	1.995995e-04
7.600000e-03	-6.922358e-03	3.191372e-04
7.700000e-03	-7.270878e-03	4.602899e-04
7.800000e-03	-7.630984e-03	6.237713e-04
7.900000e-03	-8.002723e-03	8.102388e-04
8.000000e-03	-8.386104e-03	1.020282e-03
8.100000e-03	-8.781092e-03	1.254410e-03
8.200000e-03	-9.187605e-03	1.513046e-03
8.300000e-03	-9.605509e-03	1.796514e-03
8.400000e-03	-1.003462e-02	2.105038e-03
8.500000e-03	-1.047471e-02	2.438730e-03
8.600000e-03	-1.092548e-02	2.797593e-03
8.700000e-03	-1.138660e-02	3.181517e-03
8.800000e-03	-1.185769e-02	3.590276e-03
8.900000e-03	-1.233831e-02	4.023537e-03
9.000000e-03	-1.282801e-02	4.480859e-03
9.100000e-03	-1.332628e-02	4.961700e-03
9.200000e-03	-1.383258e-02	5.465421e-03
9.300000e-03	-1.434638e-02	5.991304e-03
9.400000e-03	-1.486709e-02	6.538555e-03
9.500000e-03	-1.539415e-02	7.106314e-03
9.600000e-03	-1.592698e-02	7.693672e-03
9.700000e-03	-1.646501e-02	8.299679e-03
9.800000e-03	-1.700768e-02	8.923363e-03
9.900000e-03	-1.755446e-02	9.563739e-03
1.000000e-02	-1.810484e-02	1.021983e-02
1.010000e-02	-1.865835e-02	1.089067e-02
1.020000e-02	-1.921457e-02	1.157532e-02
1.030000e-02	-1.977311e-02	1.227290e-02
1.040000e-02	-2.033364e-02	1.298257e-02
1.050000e-02	-2.089589e-02	1.370356e-02
1.060000e-02	-2.145963e-02	1.443519e-02
1.070000e-02	-2.202470e-02	1.517683e-02
1.080000e-02	-2.259101e-02	1.592797e-02
1.090000e-02	-2.315852e-02	1.668818e-02
1.100000e-02	-2.372725e-02	1.745715e-02
1.110000e-02	-2.429727e-02	1.823465e-02
1.120000e-02	-2.486871e-02	1.902057e-02
1.130000e-02	-2.544175e-02	1.981487e-02
1.140000e-02	-2.601661e-02	2.061763e-02
1.150000e-02	-2.659355e-02	2.142903e-02
1.160000e-02	-2.717287e-02	2.224931e-02
1.170000e-02	-2.775488e-02	2.307880e-02
1.180000e-02	-2.833992e-02	2.391790e-02
1.190000e-02	-2.892834e-02	2.476708e-02
1.200000e-02	-2.952048e-02	2.562683e-02
1.210000e-02	-3.011670e-02	2.649773e-02
1.220000e-02	-3.071732e-02	2.738031e-02
1.230000e-02	-3.132267e-02	2.827520e-02
1.240000e-02	-3.193301e-02	2.918294e-02
1.250000e-02	-3.254861e-02	3.010415e-02
1.260000e-02	-3.316970e-02	3.103940e-02
1.270000e-02	-3.379645e-02	3.198922e-02
1.280000e-02	-3.442899e-02	3.295413e-02
1.290000e-02	-3.506739e-02	3.393457e-02
1.300000e-02	-3.571167e-02	3.493092e-02
1.310000e-02	-3.636181e-02	3.594353e-02
1.320000e-02	-3.701769e-02	3.697263e-02
1.330000e-02	-3.767909e-02	3.801826e-02
1.340000e-02	-3.834570e-02	3.908035e-02
1.350000e-02	-3.901717e-02	4.015878e-02
1.360000e-02	-3.969313e-02	4.125338e-02
1.370000e-02	-4.037317e-02	4.236395e-02
1.380000e-02	-4.105687e-02	4.349023e-02
1.390000e-02	-4.174379e-02	4.463195e-02
1.400000e-02	-4.243350e-02	4.578882e-02
1.410000e-02	-4.312556e-02	4.696055e-02
1.420000e-02	-4.381954e-02	4.814683e-02
1.430000e-02	-4.451504e-02	4.934738e-02
1.440000e-02	-4.521170e-02	5.056193e-02
1.450000e-02	-4.590918e-02	5.179025e-02
1.460000e-02	-4.660718e-02	5.303212e-02
1.470000e-02	-4.730546e-02	5.428739e-02
1.480000e-02	-4.800383e-02	5.555595e-02
1.490000e-02	-4.870217e-02	5.683774e-02
1.500000e-02	-4.940039e-02	5.813276e-02
1.510000e-02	-5.009850e-02	5.944109e-02
1.520000e-02	-5.079651e-02	6.076275e-02
1.530000e-02	-5.149421e-02	6.209735e-02
1.540000e-02	-5.219139e-02	6.344445e-02
1.550000e-02	-5.288786e-02	6.480356e-02
1.560000e-02	-5.358346e-02	6.617422e-02
1.570000e-02	-5.427803e-02	6.755593e-02
1.580000e-02	-5.497146e-02	6.894819e-02
1.590000e-02	-5.566361e-02	7.035049e-02
1.600000e-02	-5.635442e-02	7.176234e-02
1.610000e-02	-5.704379e-02	7.318322e-02
1.620000e-02	-5.773167e-02	7.461262e-02
1.630000e-02	-5.841802e-02	7.605005e-02
1.640000e-02	-5.910280e-02	7.749501e-02
1.650000e-02	-5.978599e-02	7.894701e-02
1.660000e-02	-6.046759e-02	8.040558e-02
1.670000e-02	-6.114760e-02	8.187026e-02
1.680000e-02	-6.182601e-02	8.334059e-02
1.690000e-02	-6.250285e-02	8.481615e-02
1.700000e-02	-6.317812e-02	8.629649e-02
1.710000e-02	-6.385185e-02	8.778122e-02
1.720000e-02	-6.452405e-02	8.926993e-02
1.730000e-02	-6.519473e-02	9.076224e-02
1.740000e-02	-6.586391e-02	9.225777e-02
1.750000e-02	-6.653159e-02	9.375615e-02
1.760000e-02	-6.719777e-02	9.525703e-02
1.770000e-02	-6.786246e-02	9.676005e-02
1.780000e-02	-6.852565e-02	9.826485e-02
1.790000e-02	-6.918732e-02	9.977111e-02
1.800000e-02	-6.984744e-02	1.012785e-01
1.810000e-02	-7.050600e-02	1.027866e-01
1.820000e-02	-7.116296e-02	1.042951e-01
1.830000e-02	-7.181828e-02	1.058036e-01
1.840000e-02	-7.247192e-02	1.073118e-01
1.850000e-02	-7.312384e-02	1.088193e-01
1.860000e-02	-7.377399e-02	1.103257e-01
1.870000e-02	-7.442233e-02	1.118306e-01
1.880000e-02	-7.506881e-02	1.133335e-01
1.890000e-02	-7.571340e-02	1.148341e-01
1.900000e-02	-7.635606e-02	1.163320e-01
1.910000e-02	-7.699676e-02	1.178265e-01
1.920000e-02	-7.763551e-02	1.193174e-01
1.930000e-02	-7.827228e-02	1.208041e-01
1.940000e-02	-7.890709e-02	1.222860e-01
1.950000e-02	-7.953996e-02	1.237628e-01
1.960000e-02	-8.017095e-02	1.252338e-01
1.970000e-02	-8.080011e-02	1.266985e-01
1.980000e-02	-8.142754e-02	1.281565e-01
1.990000e-02	-8.205332e-02	1.296072e-01
2.000000e-02	-8.267760e-02	1.310500e-01
2.010000e-02	-8.330053e-02	1.324846e-01
2.020000e-02	-8.392228e-02	1.339102e-01
2.030000e-02	-8.454305e-02	1.353265e-01
2.040000e-02	-8.516307e-02	1.367329e-01
2.050000e-02	-8.578258e-02	1.381291e-01
2.060000e-02	-8.640186e-02	1.395145e-01
2.070000e-02	-8.702118e-02	1.408887e-01
2.080000e-02	-8.764087e-02	1.422514e-01
2.090000e-02	-8.826127e-02	1.436021e-01
2.100000e-02	-8.888271e-02	1.449407e-01
2.110000e-02	-8.950556e-02	1.462667e-01
2.120000e-02	-9.013023e-02	1.475800e-01
2.130000e-02	-9.075708e-02	1.488803e-01
2.140000e-02	-9.138649e-02	1.501675e-01
2.150000e-02	-9.201887e-02	1.514415e-01
2.160000e-02	-9.265462e-02	1.527023e-01
2.170000e-02	-9.329415e-02	1.539497e-01
2.180000e-02	-9.393785e-02	1.551839e-01
2.190000e-02	-9.458612e-02	1.564049e-01
2.200000e-02	-9.523936e-02	1.576129e-01
2.210000e-02	-9.589794e-02	1.588079e-01
2.220000e-02	-9.656224e-02	1.599903e-01
2.230000e-02	-9.723261e-02	1.611602e-01
2.240000e-02	-9.790940e-02	1.623180e-01
2.250000e-02	-9.859293e-02	1.634640e-01
2.260000e-02	-9.928350e-02	1.645986e-01
2.270000e-02	-9.998142e-02	1.657221e-01
2.280000e-02	-1.006870e-01	1.668350e-01
2.290000e-02	-1.014004e-01	1.679378e-01
2.300000e-02	-1.021219e-01	1.690310e-01
2.310000e-02	-1.028517e-01	1.701150e-01
2.320000e-02	-1.035900e-01	1.711903e-01
2.330000e-02	-1.043371e-01	1.722576e-01
2.340000e-02	-1.050930e-01	1.733173e-01
2.350000e-02	-1.058579e-01	1.743701e-01
2.360000e-02	-1.066320e-01	1.754164e-01
2.370000e-02	-1.074154e-01	1.764569e-01
2.380000e-02	-1.082081e-01	1.774921e-01
2.390000e-02	-1.090104e-01	1.785226e-01
2.400000e-02	-1.098223e-01	1.795490e-01
2.410000e-02	-1.106439e-01	1.805718e-01
2.420000e-02	-1.114753e-01	1.815916e-01
2.430000e-02	-1.123166e-01	1.826090e-01
2.440000e-02	-1.131678e-01	1.836243e-01
2.450000e-02	-1.140290e-01	1.846380e-01
2.460000e-02	-1.149002e-01	1.856505e-01
2.470000e-02	-1.157814e-01	1.866620e-01
2.480000e-02	-1.166726e-01	1.876728e-01
2.490000e-02	-1.175736e-01	1.886830e-01
2.500000e-02	-1.184844e-01	1.896927e-01
2.510000e-02	-1.194049e-01	1.907019e-01
2.520000e-02	-1.203350e-01	1.917106e-01
2.530000e-02	-1.212744e-01	1.927185e-01
2.540000e-02	-1.222229e-01	1.937254e-01
2.550000e-02	-1.231804e-01	1.947312e-01
2.560000e-02	-1.241466e-01	1.957354e-01
2.570000e-02	-1.251212e-01	1.967376e-01
2.580000e-02	-1.261040e-01	1.977376e-01
2.590000e-02	-1.270946e-01	1.987348e-01
2.600000e-02	-1.280927e-01	1.997288e-01
2.610000e-02	-1.290981e-01	2.007192e-01
2.620000e-02	-1.301105e-01	2.017055e-01
2.630000e-02	-1.311295e-01	2.026874e-01
2.640000e-02	-1.321548e-01	2.036644e-01
2.650000e-02	-1.331863e-01	2.046363e-01
2.660000e-02	-1.342235e-01	2.056027e-01
2.670000e-02	-1.352662e-01	2.065635e-01
2.680000e-02	-1.363143e-01	2.075185e-01
2.690000e-02	-1.373674e-01	2.084676e-01
2.700000e-02	-1.384255e-01	2.094110e-01
2.710000e-02	-1.394883e-01	2.103487e-01
2.720000e-02	-1.405558e-01	2.112809e-01
2.730000e-02	-1.416278e-01	2.122079e-01
2.740000e-02	-1.427042e-01	2.131302e-01
2.750000e-02	-1.437851e-01	2.140481e-01
2.760000e-02	-1.448703e-01	2.149623e-01
2.770000e-02	-1.459600e-01	2.158734e-01
2.780000e-02	-1.470541e-01	2.167821e-01
2.790000e-02	-1.481527e-01	2.176891e-01
2.800000e-02	-1.492560e-01	2.185953e-01
2.810000e-02	-1.503639e-01	2.195015e-01
2.820000e-02	-1.514766e-01	2.204086e-01
2.830000e-02	-1.525942e-01	2.213175e-01
2.840000e-02	-1.537170e-01	2.222291e-01
2.850000e-02	-1.548449e-01	2.231442e-01
2.860000e-02	-1.559782e-01	2.240638e-01
2.870000e-02	-1.571171e-01	2.249887e-01
2.880000e-02	-1.582616e-01	2.259196e-01
2.890000e-02	-1.594118e-01	2.268572e-01
2.900000e-02	-1.605681e-01	2.278022e-01
2.910000e-02	-1.617303e-01	2.287552e-01
2.920000e-02	-1.628988e-01	2.297166e-01
2.930000e-02	-1.640735e-01	2.306867e-01
2.940000e-02	-1.652545e-01	2.316659e-01
2.950000e-02	-1.664420e-01	2.326544e-01
2.960000e-02	-1.676360e-01	2.336521e-01
2.970000e-02	-1.688365e-01	2.346589e-01
2.980000e-02	-1.700435e-01	2.356748e-01
2.990000e-02	-1.712571e-01	2.366995e-01
3.000000e-02	-1.724773e-01	2.377326e-01
3.010000e-02	-1.737040e-01	2.387736e-01
3.020000e-02	-1.749373e-01	2.398219e-01
3.030000e-02	-1.761772e-01	2.408770e-01
3.040000e-02	-1.774236e-01	2.419381e-01
3.050000e-02	-1.786765e-01	2.430043e-01
3.060000e-02	-1.799360e-01	2.440750e-01
3.070000e-02	-1.812019e-01	2.451491e-01
3.080000e-02	-1.824744e-01	2.462258e-01
3.090000e-02	-1.837534e-01	2.473041e-01
3.100000e-02	-1.850390e-01	2.483832e-01
3.110000e-02	-1.863312e-01	2.494620e-01
3.120000e-02	-1.876300e-01	2.505397e-01
3.130000e-02	-1.889357e-01	2.516153e-01
3.140000e-02	-1.902482e-01	2.526880e-01
3.150000e-02	-1.915677e-01	2.537569e-01
3.160000e-02	-1.928944e-01	2.548213e-01
3.170000e-02	-1.942285e-01	2.558804e-01
3.180000e-02	-1.955701e-01	2.569335e-01
3.190000e-02	-1.969194e-01	2.579801e-01
3.200000e-02	-1.982768e-01	2.590195e-01
3.210000e-02	-1.996425e-01	2.600514e-01
3.220000e-02	-2.010168e-01	2.610751e-01
3.230000e-02	-2.024000e-01	2.620905e-01
3.240000e-02	-2.037924e-01	2.630970e-01
3.250000e-02	-2.051943e-01	2.640946e-01
3.260000e-02	-2.066062e-01	2.650829e-01
3.270000e-02	-2.080283e-01	2.660618e-01
3.280000e-02	-2.094610e-01	2.670310e-01
3.290000e-02	-2.109047e-01	2.679905e-01
3.300000e-02	-2.123597e-01	2.689401e-01
3.310000e-02	-2.138264e-01	2.698797e-01
3.320000e-02	-2.153051e-01	2.708091e-01
3.330000e-02	-2.167961e-01	2.717282e-01
3.340000e-02	-2.182997e-01	2.726367e-01
3.350000e-02	-2.198163e-01	2.735345e-01
3.360000e-02	-2.213462e-01	2.744213e-01
3.370000e-02	-2.228895e-01	2.752968e-01
3.380000e-02	-2.244465e-01	2.761607e-01
3.390000e-02	-2.260175e-01	2.770124e-01
3.400000e-02	-2.276027e-01	2.778516e-01
3.410000e-02	-2.292021e-01	2.786777e-01
3.420000e-02	-2.308160e-01	2.794900e-01
3.430000e-02	-2.324445e-01	2.802879e-01
3.440000e-02	-2.340877e-01	2.810707e-01
3.450000e-02	-2.357457e-01	2.818375e-01
3.460000e-02	-2.374186e-01	2.825874e-01
3.470000e-02	-2.391064e-01	2.833197e-01
3.480000e-02	-2.408092e-01	2.840332e-01
3.490000e-02	-2.425270e-01	2.847271e-01
3.500000e-02	-2.442598e-01	2.854003e-01
3.510000e-02	-2.460076e-01	2.860517e-01
3.520000e-02	-2.477705e-01	2.866803e-01
3.530000e-02	-2.495485e-01	2.872851e-01
3.540000e-02	-2.513417e-01	2.878650e-01
3.550000e-02	-2.531499e-01	2.884190e-01
3.560000e-02	-2.549733e-01	2.889462e-01
3.570000e-02	-2.568120e-01	2.894455e-01
3.580000e-02	-2.586659e-01	2.899162e-01
3.590000e-02	-2.605351e-01	2.903573e-01
3.600000e-02	-2.624197e-01	2.907681e-01
3.610000e-02	-2.643198e-01	2.911480e-01
3.620000e-02	-2.662355e-01	2.914963e-01
3.630000e-02	-2.681669e-01	2.918126e-01
3.640000e-02	-2.701141e-01	2.920964e-01
3.650000e-02	-2.720774e-01	2.923474e-01
3.660000e-02	-2.740567e-01	2.925654e-01
3.670000e-02	-2.760524e-01	2.927502e-01
3.680000e-02	-2.780646e-01	2.929019e-01
3.690000e-02	-2.800935e-01	2.930203e-01
3.700000e-02	-2.821392e-01	2.931058e-01
3.710000e-02	-2.842020e-01	2.931585e-01
3.720000e-02	-2.862820e-01	2.931787e-01
3.730000e-02	-2.883794e-01	2.931668e-01
3.740000e-02	-2.904944e-01	2.931232e-01
3.750000e-02	-2.926272e-01	2.930483e-01
3.760000e-02	-2.947779e-01	2.929427e-01
3.770000e-02	-2.969466e-01	2.928070e-01
3.780000e-02	-2.991336e-01	2.926416e-01
3.790000e-02	-3.013388e-01	2.924472e-01
3.800000e-02	-3.035625e-01	2.922243e-01
3.810000e-02	-3.058046e-01	2.919735e-01
3.820000e-02	-3.080653e-01	2.916954e-01
3.830000e-02	-3.103444e-01	2.913905e-01
3.840000e-02	-3.126422e-01	2.910592e-01
3.850000e-02	-3.149584e-01	2.907021e-01
3.860000e-02	-3.172931e-01	2.903195e-01
3.870000e-02	-3.196463e-01	2.899119e-01
3.880000e-02	-3.220178e-01	2.894794e-01
3.890000e-02	-3.244075e-01	2.890224e-01
3.900000e-02	-3.268153e-01	2.885411e-01
3.910000e-02	-3.292411e-01	2.880355e-01
3.920000e-02	-3.316847e-01	2.875058e-01
3.930000e-02	-3.341460e-01	2.869520e-01
3.940000e-02	-3.366248e-01	2.863740e-01
3.950000e-02	-3.391209e-01	2.857718e-01
3.960000e-02	-3.416342e-01	2.851453e-01
3.970000e-02	-3.441645e-01	2.844943e-01
3.980000e-02	-3.467117e-01	2.838186e-01
3.990000e-02	-3.492755e-01	2.831181e-01
4.000000e-02	-3.518559e-01	2.823925e-01
4.010000e-02	-3.544528e-01	2.816416e-01
4.020000e-02	-3.570659e-01	2.808652e-01
4.030000e-02	-3.596952e-01	2.800631e-01
4.040000e-02	-3.623407e-01	2.792351e-01
4.050000e-02	-3.650023e-01	2.783810e-01
4.060000e-02	-3.676798e-01	2.775007e-01
4.070000e-02	-3.703735e-01	2.765941e-01
4.080000e-02	-3.730831e-01	2.756611e-01
4.090000e-02	-3.758088e-01	2.747017e-01
4.100000e-02	-3.785506e-01	2.737160e-01
4.110000e-02	-3.813085e-01	2.727039e-01
4.120000e-02	-3.840827e-01	2.716657e-01
4.130000e-02	-3.868732e-01	2.706015e-01
4.140000e-02	-3.896802e-01	2.695115e-01
4.150000e-02	-3.925037e-01	2.683961e-01
4.160000e-02	-3.953440e-01	2.672555e-01
4.170000e-02	-3.982010e-01	2.660902e-01
4.180000e-02	-4.010750e-01	2.649004e-01
4.190000e-02	-4.039661e-01	2.636867e-01
4.200000e-02	-4.068745e-01	2.624494e-01
4.210000e-02	-4.098001e-01	2.611892e-01
4.220000e-02	-4.127433e-01	2.599063e-01
4.230000e-02	-4.157039e-01	2.586013e-01
4.240000e-02	-4.186822e-01	2.572747e-01
4.250000e-02	-4.216783e-01	2.559269e-01
4.260000e-02	-4.246920e-01	2.545584e-01
4.270000e-02	-4.277236e-01	2.531695e-01
4.280000e-02	-4.307729e-01	2.517607e-01
4.290000e-02	-4.338400e-01	2.503322e-01
4.300000e-02	-4.369248e-01	2.488843e-01
4.310000e-02	-4.400272e-01	2.474173e-01
4.320000e-02	-4.431473e-01	2.459313e-01
4.330000e-02	-4.462848e-01	2.444265e-01
4.340000e-02	-4.494396e-01	2.429028e-01
4.350000e-02	-4.526117e-01	2.413602e-01
4.360000e-02	-4.558007e-01	2.397988e-01
4.370000e-02	-4.590066e-01	2.382182e-01
4.380000e-02	-4.622292e-01	2.366183e-01
4.390000e-02	-4.654682e-01	2.349989e-01
4.400000e-02	-4.687234e-01	2.333597e-01
4.410000e-02	-4.719947e-01	2.317002e-01
4.420000e-02	-4.752817e-01	2.300201e-01
4.430000e-02	-4.785844e-01	2.283190e-01
4.440000e-02	-4.819024e-01	2.265964e-01
4.450000e-02	-4.852357e-01	2.248517e-01
4.460000e-02	-4.885839e-01	2.230846e-01
4.470000e-02	-4.919469e-01	2.212944e-01
4.480000e-02	-4.953246e-01	2.194808e-01
4.490000e-02	-4.987168e-01	2.176433e-01
4.500000e-02	-5.021233e-01	2.157813e-01
4.510000e-02	-5.055441e-01	2.138945e-01
4.520000e-02	-5.089790e-01	2.119824e-01
4.530000e-02	-5.124279e-01	2.100448e-01
4.540000e-02	-5.158909e-01	2.080814e-01
4.550000e-02	-5.193678e-01	2.060918e-01
4.560000e-02	-5.228586e-01	2.040759e-01
4.570000e-02	-5.263633e-01	2.020337e-01
4.580000e-02	-5.298819e-01	1.999650e-01
4.590000e-02	-5.334145e-01	1.978699e-01
4.600000e-02	-5.369609e-01	1.957484e-01
4.610000e-02	-5.405213e-01	1.936007e-01
4.620000e-02	-5.440957e-01	1.914271e-01
4.630000e-02	-5.476841e-01	1.892278e-01
4.640000e-02	-5.512864e-01	1.870031e-01
4.650000e-02	-5.549028e-01	1.847535e-01
4.660000e-02	-5.585333e-01	1.824795e-01
4.670000e-02	-5.621778e-01	1.801814e-01
4.680000e-02	-5.658362e-01	1.778599e-01
4.690000e-02	-5.695086e-01	1.755155e-01
4.700000e-02	-5.731950e-01	1.731489e-01
4.710000e-02	-5.768951e-01	1.707607e-01
4.720000e-02	-5.806089e-01	1.683515e-01
4.730000e-02	-5.843362e-01	1.659219e-01
4.740000e-02	-5.880770e-01	1.634727e-01
4.750000e-02	-5.918309e-01	1.610045e-01
4.760000e-02	-5.955978e-01	1.585179e-01
4.770000e-02	-5.993774e-01	1.560136e-01
4.780000e-02	-6.031695e-01	1.534921e-01
4.790000e-02	-6.069737e-01	1.509541e-01
4.800000e-02	-6.107898e-01	1.484001e-01
4.810000e-02	-6.146173e-01	1.458306e-01
4.820000e-02	-6.184559e-01	1.432462e-01
4.830000e-02	-6.223052e-01	1.406474e-01
4.840000e-02	-6.261649e-01	1.380345e-01
4.850000e-02	-6.300344e-01	1.354080e-01
4.860000e-02	-6.339135e-01	1.327682e-01
4.870000e-02	-6.378016e-01	1.301157e-01
4.880000e-02	-6.416984e-01	1.274506e-01
4.890000e-02	-6.456035e-01	1.247733e-01
4.900000e-02	-6.495163e-01	1.220843e-01
4.910000e-02	-6.534366e-01	1.193836e-01
4.920000e-02	-6.573639e-01	1.166717e-01
4.930000e-02	-6.612979e-01	1.139489e-01
4.940000e-02	-6.652382e-01	1.112155e-01
4.950000e-02	-6.691845e-01	1.084718e-01
4.960000e-02	-6.731364e-01	1.057181e-01
4.970000e-02	-6.770937e-01	1.029549e-01
4.980000e-02	-6.810561e-01	1.001826e-01
4.990000e-02	-6.850232e-01	9.740155e-02
5.000000e-02	-6.889950e-01	9.461231e-02
5.010000e-02	-6.929711e-01	9.181536e-02
5.020000e-02	-6.969515e-01	8.901127e-02
5.030000e-02	-7.009360e-01	8.620065e-02
5.040000e-02	-7.049244e-01	8.338413e-02
5.050000e-02	-7.089166e-01	8.056240e-02
5.060000e-02	-7.129126e-01	7.773619e-02
5.070000e-02	-7.169123e-01	7.490627e-02
5.080000e-02	-7.209157e-01	7.207344e-02
5.090000e-02	-7.249226e-01	6.923856e-02
5.100000e-02	-7.289331e-01	6.640249e-02
5.110000e-02	-7.329471e-01	6.356613e-02
5.120000e-02	-7.369645e-01	6.073041e-02
5.130000e-02	-7.409855e-01	5.789624e-02
5.140000e-02	-7.450098e-01	5.506459e-02
5.150000e-02	-7.490376e-01	5.223638e-02
5.160000e-02	-7.530686e-01	4.941258e-02
5.170000e-02	-7.571029e-01	4.659410e-02
5.180000e-02	-7.611403e-01	4.378186e-02
5.190000e-02	-7.651808e-01	4.097676e-02
5.200000e-02	-7.692242e-01	3.817966e-02
5.210000e-02	-7.732704e-01	3.539137e-02
5.220000e-02	-7.773193e-01	3.261268e-02
5.230000e-02	-7.813706e-01	2.984432e-02
5.240000e-02	-7.854242e-01	2.708698e-02
5.250000e-02	-7.894798e-01	2.434129e-02
5.260000e-02	-7.935373e-01	2.160783e-02
5.270000e-02	-7.975963e-01	1.888710e-02
5.280000e-02	-8.016566e-01	1.617956e-02
5.290000e-02	-8.057179e-01	1.348560e-02
5.300000e-02	-8.097800e-01	1.080555e-02
5.310000e-02	-8.138425e-01	8.139657e-03
5.320000e-02	-8.179053e-01	5.488148e-03
5.330000e-02	-8.219679e-01	2.851163e-03
5.340000e-02	-8.260301e-01	2.287998e-04
5.350000e-02	-8.300917e-01	-2.378898e-03
5.360000e-02	-8.341523e-01	-4.971933e-03
5.370000e-02	-8.382118e-01	-7.550343e-03
5.380000e-02	-8.422698e-01	-1.011421e-02
5.390000e-02	-8.463263e-01	-1.266365e-02
5.400000e-02	-8.503809e-01	-1.519879e-02
5.410000e-02	-8.544335e-01	-1.771979e-02
5.420000e-02	-8.584841e-01	-2.022683e-02
5.430000e-02	-8.625324e-01	-2.272009e-02
5.440000e-02	-8.665785e-01	-2.519974e-02
5.450000e-02	-8.706222e-01	-2.766596e-02
5.460000e-02	-8.746635e-01	-3.011894e-02
5.470000e-02	-8.787025e-01	-3.255883e-02
5.480000e-02	-8.827391e-01	-3.498580e-02
5.490000e-02	-8.867735e-01	-3.739997e-02
5.500000e-02	-8.908058e-01	-3.980148e-02
5.510000e-02	-8.948360e-01	-4.219041e-02
5.520000e-02	-8.988643e-01	-4.456684e-02
5.530000e-02	-9.028908e-01	-4.693084e-02
5.540000e-02	-9.069157e-01	-4.928242e-02
5.550000e-02	-9.109391e-01	-5.162161e-02
5.560000e-02	-9.149614e-01	-5.394839e-02
5.570000e-02	-9.189826e-01	-5.626273e-02
5.580000e-02	-9.230029e-01	-5.856459e-02
5.590000e-02	-9.270226e-01	-6.085392e-02
5.600000e-02	-9.310418e-01	-6.313063e-02
5.610000e-02	-9.350606e-01	-6.539466e-02
5.620000e-02	-9.390794e-01	-6.764593e-02
5.630000e-02	-9.430982e-01	-6.988436e-02
5.640000e-02	-9.471171e-01	-7.210988e-02
5.650000e-02	-9.511362e-01	-7.432241e-02
5.660000e-02	-9.551557e-01	-7.652191e-02
5.670000e-02	-9.591756e-01	-7.870833e-02
5.680000e-02	-9.631959e-01	-8.088164e-02
5.690000e-02	-9.672167e-01	-8.304185e-02
5.700000e-02	-9.712380e-01	-8.518898e-02
5.710000e-02	-9.752597e-01	-8.732307e-02
5.720000e-02	-9.792817e-01	-8.944420e-02
5.730000e-02	-9.833040e-01	-9.155245e-02
5.740000e-02	-9.873265e-01	-9.364797e-02
5.750000e-02	-9.913491e-01	-9.573089e-02
5.760000e-02	-9.953716e-01	-9.780140e-02
5.770000e-02	-9.993938e-01	-9.985970e-02
5.780000e-02	-1.003416e+00	-1.019060e-01
5.790000e-02	-1.007437e+00	-1.039406e-01
5.800000e-02	-1.011457e+00	-1.059637e-01
5.810000e-02	-1.015477e+00	-1.079756e-01
5.820000e-02	-1.019496e+00	-1.099766e-01
5.830000e-02	-1.023513e+00	-1.119669e-01
5.840000e-02	-1.027529e+00	-1.139469e-01
5.850000e-02	-1.031543e+00	-1.159169e-01
5.860000e-02	-1.035555e+00	-1.178771e-01
5.870000e-02	-1.039565e+00	-1.198277e-01
5.880000e-02	-1.043574e+00	-1.217691e-01
5.890000e-02	-1.047580e+00	-1.237014e-01
5.900000e-02	-1.051584e+00	-1.256249e-01
5.910000e-02	-1.055586e+00	-1.275397e-01
5.920000e-02	-1.059586e+00	-1.294459e-01
5.930000e-02	-1.063583e+00	-1.313436e-01
5.940000e-02	-1.067579e+00	-1.332329e-01
5.950000e-02	-1.071571e+00	-1.351138e-01
5.960000e-02	-1.075562e+00	-1.369862e-01
5.970000e-02	-1.079551e+00	-1.388501e-01
5.980000e-02	-1.083537e+00	-1.407054e-01
5.990000e-02	-1.087522e+00	-1.425518e-01
6.000000e-02	-1.091505e+00	-1.443891e-01
6.010000e-02	-1.095486e+00	-1.462172e-01
6.020000e-02	-1.099465e+00	-1.480356e-01
6.030000e-02	-1.103443e+00	-1.498441e-01
6.040000e-02	-1.107420e+00	-1.516423e-01
6.050000e-02	-1.111395e+00	-1.534298e-01
6.060000e-02	-1.115370e+00	-1.552062e-01
6.070000e-02	-1.119343e+00	-1.569709e-01
6.080000e-02	-1.123315e+00	-1.587235e-01
6.090000e-02	-1.127287e+00	-1.604636e-01
6.100000e-02	-1.131258e+00	-1.621906e-01
6.110000e-02	-1.135228e+00	-1.639041e-01
6.120000e-02	-1.139198e+00	-1.656035e-01
6.130000e-02	-1.143167e+00	-1.672883e-01
6.140000e-02	-1.147135e+00	-1.689580e-01
6.150000e-02	-1.151102e+00	-1.706121e-01
6.160000e-02	-1.155069e+00	-1.722503e-01
6.170000e-02	-1.159034e+00	-1.738719e-01
6.180000e-02	-1.162999e+00	-1.754767e-01
6.190000e-02	-1.166962e+00	-1.770642e-01
6.200000e-02	-1.170924e+00	-1.786340e-01
6.210000e-02	-1.174884e+00	-1.801858e-01
6.220000e-02	-1.178842e+00	-1.817192e-01
6.230000e-02	-1.182799e+00	-1.832341e-01
6.240000e-02	-1.186753e+00	-1.847300e-01
6.250000e-02	-1.190705e+00	-1.862068e-01
6.260000e-02	-1.194654e+00	-1.876643e-01
6.270000e-02	-1.198600e+00	-1.891022e-01
6.280000e-02	-1.202542e+00	-1.905205e-01
6.290000e-02	-1.206482e+00	-1.919189e-01
6.300000e-02	-1.210417e+00	-1.932975e-01
6.310000e-02	-1.214348e+00	-1.946559e-01
6.320000e-02	-1.218276e+00	-1.959943e-01
6.330000e-02	-1.222199e+00	-1.973124e-01
6.340000e-02	-1.226117e+00	-1.986103e-01
6.350000e-02	-1.230031e+00	-1.998878e-01
6.360000e-02	-1.233939e+00	-2.011448e-01
6.370000e-02	-1.237843e+00	-2.023813e-01
6.380000e-02	-1.241742e+00	-2.035973e-01
6.390000e-02	-1.245635e+00	-2.047926e-01
6.400000e-02	-1.249523e+00	-2.059671e-01
6.410000e-02	-1.253406e+00	-2.071208e-01
6.420000e-02	-1.257284e+00	-2.082535e-01
6.430000e-02	-1.261157e+00	-2.093651e-01
6.440000e-02	-1.265024e+00	-2.104554e-01
6.450000e-02	-1.268887e+00	-2.115244e-01
6.460000e-02	-1.272744e+00	-2.125718e-01
6.470000e-02	-1.276596e+00	-2.135974e-01
6.480000e-02	-1.280444e+00	-2.146011e-01
6.490000e-02	-1.284287e+00	-2.155827e-01
6.500000e-02	-1.288125e+00	-2.165420e-01
6.510000e-02	-1.291959e+00	-2.174788e-01
6.520000e-02	-1.295789e+00	-2.183928e-01
6.530000e-02	-1.299614e+00	-2.192839e-01
6.540000e-02	-1.303435e+00	-2.201518e-01
6.550000e-02	-1.307252e+00	-2.209964e-01
6.560000e-02	-1.311066e+00	-2.218175e-01
6.570000e-02	-1.314875e+00	-2.226149e-01
6.580000e-02	-1.318681e+00	-2.233885e-01
6.590000e-02	-1.322482e+00	-2.241381e-01
6.600000e-02	-1.326281e+00	-2.248636e-01
6.610000e-02	-1.330075e+00	-2.255650e-01
6.620000e-02	-1.333866e+00	-2.262421e-01
6.630000e-02	-1.337652e+00	-2.268949e-01
6.640000e-02	-1.341435e+00	-2.275234e-01
6.650000e-02	-1.345214e+00	-2.281277e-01
6.660000e-02	-1.348989e+00	-2.287077e-01
6.670000e-02	-1.352759e+00	-2.292636e-01
6.680000e-02	-1.356525e+00	-2.297955e-01
6.690000e-02	-1.360287e+00	-2.303034e-01
6.700000e-02	-1.364044e+00	-2.307877e-01
6.710000e-02	-1.367796e+00	-2.312485e-01
6.720000e-02	-1.371542e+00	-2.316859e-01
6.730000e-02	-1.375284e+00	-2.321003e-01
6.740000e-02	-1.379019e+00	-2.324919e-01
6.750000e-02	-1.382748e+00	-2.328621e-01
6.760000e-02	-1.386470e+00	-2.332134e-01
6.770000e-02	-1.390183e+00	-2.335484e-01
6.780000e-02	-1.393886e+00	-2.338698e-01
6.790000e-02	-1.397577e+00	-2.341801e-01
6.800000e-02	-1.401257e+00	-2.344819e-01
6.810000e-02	-1.404922e+00	-2.347777e-01
6.820000e-02	-1.408573e+00	-2.350700e-01
6.830000e-02	-1.412207e+00	-2.353613e-01
6.840000e-02	-1.415824e+00	-2.356540e-01
6.850000e-02	-1.419424e+00	-2.359505e-01
6.860000e-02	-1.423003e+00	-2.362531e-01
6.870000e-02	-1.426563e+00	-2.365642e-01
6.880000e-02	-1.430100e+00	-2.368859e-01
6.890000e-02	-1.433615e+00	-2.372204e-01
6.900000e-02	-1.437107e+00	-2.375698e-01
6.910000e-02	-1.440574e+00	-2.379362e-01
6.920000e-02	-1.444015e+00	-2.383214e-01
6.930000e-02	-1.447429e+00	-2.387274e-01
6.940000e-02	-1.450816e+00	-2.391559e-01
6.950000e-02	-1.454174e+00	-2.396086e-01
6.960000e-02	-1.457502e+00	-2.400871e-01
6.970000e-02	-1.460799e+00	-2.405928e-01
6.980000e-02	-1.464064e+00	-2.411271e-01
6.990000e-02	-1.467296e+00	-2.416914e-01
7.000000e-02	-1.470493e+00	-2.422870e-01
7.010000e-02	-1.473655e+00	-2.429151e-01
7.020000e-02	-1.476781e+00	-2.435767e-01
7.030000e-02	-1.479869e+00	-2.442730e-01
7.040000e-02	-1.482919e+00	-2.450050e-01
7.050000e-02	-1.485929e+00	-2.457735e-01
7.060000e-02	-1.488898e+00	-2.465794e-01
7.070000e-02	-1.491826e+00	-2.474236e-01
7.080000e-02	-1.494711e+00	-2.483066e-01
7.090000e-02	-1.497553e+00	-2.492291e-01
7.100000e-02	-1.500350e+00	-2.501918e-01
7.110000e-02	-1.503101e+00	-2.511950e-01
7.120000e-02	-1.505805e+00	-2.522392e-01
7.130000e-02	-1.508461e+00	-2.533247e-01
7.140000e-02	-1.511069e+00	-2.544518e-01
7.150000e-02	-1.513627e+00	-2.556207e-01
7.160000e-02	-1.516134e+00	-2.568314e-01
7.170000e-02	-1.518589e+00	-2.580839e-01
7.180000e-02	-1.520992e+00	-2.593782e-01
7.190000e-02	-1.523341e+00	-2.607141e-01
7.200000e-02	-1.525636e+00	-2.620913e-01
7.210000e-02	-1.527875e+00	-2.635095e-01
7.220000e-02	-1.530058e+00	-2.649683e-01
7.230000e-02	-1.532184e+00	-2.664670e-01
7.240000e-02	-1.534252e+00	-2.680051e-01
7.250000e-02	-1.536261e+00	-2.695819e-01
7.260000e-02	-1.538211e+00	-2.711964e-01
7.270000e-02	-1.540101e+00	-2.728478e-01
7.280000e-02	-1.541929e+00	-2.745351e-01
7.290000e-02	-1.543696e+00	-2.762574e-01
7.300000e-02	-1.545400e+00	-2.780135e-01
7.310000e-02	-1.547042e+00	-2.798025e-01
7.320000e-02	-1.548621e+00	-2.816234e-01
7.330000e-02	-1.550136e+00	-2.834750e-01
7.340000e-02	-1.551587e+00	-2.853565e-01
7.350000e-02	-1.552974e+00	-2.872668e-01
7.360000e-02	-1.554296e+00	-2.892051e-01
7.370000e-02	-1.555555e+00	-2.911706e-01
7.380000e-02	-1.556749e+00	-2.931625e-01
7.390000e-02	-1.557878e+00	-2.951801e-01
7.400000e-02	-1.558944e+00	-2.972228e-01
7.410000e-02	-1.559946e+00	-2.992900e-01
7.420000e-02	-1.560885e+00	-3.013813e-01
7.430000e-02	-1.561761e+00	-3.034964e-01
7.440000e-02	-1.562574e+00	-3.056347e-01
7.450000e-02	-1.563326e+00	-3.077962e-01
7.460000e-02	-1.564016e+00	-3.099805e-01
7.470000e-02	-1.564646e+00	-3.121875e-01
7.480000e-02	-1.565216e+00	-3.144170e-01
7.490000e-02	-1.565727e+00	-3.166689e-01
7.500000e-02	-1.566179e+00	-3.189429e-01
7.510000e-02	-1.566574e+00	-3.212390e-01
7.520000e-02	-1.566912e+00	-3.235570e-01
7.530000e-02	-1.567194e+00	-3.258966e-01
7.540000e-02	-1.567421e+00	-3.282576e-01
7.550000e-02	-1.567594e+00	-3.306395e-01
7.560000e-02	-1.567712e+00	-3.330421e-01
7.570000e-02	-1.567778e+00	-3.354648e-01
7.580000e-02	-1.567792e+00	-3.379070e-01
7.590000e-02	-1.567755e+00	-3.403680e-01
7.600000e-02	-1.567666e+00	-3.428469e-01
7.610000e-02	-1.567528e+00	-3.453429e-01
7.620000e-02	-1.567340e+00	-3.478548e-01
7.630000e-02	-1.567103e+00	-3.503815e-01
7.640000e-02	-1.566817e+00	-3.529217e-01
7.650000e-02	-1.566483e+00	-3.554739e-01
7.660000e-02	-1.566102e+00	-3.580366e-01
7.670000e-02	-1.565674e+00	-3.606081e-01
7.680000e-02	-1.565199e+00	-3.631867e-01
7.690000e-02	-1.564678e+00	-3.657706e-01
7.700000e-02	-1.564111e+00	-3.683576e-01
7.710000e-02	-1.563498e+00	-3.709459e-01
7.720000e-02	-1.562841e+00	-3.735332e-01
7.730000e-02	-1.562138e+00	-3.761175e-01
7.740000e-02	-1.561391e+00	-3.786967e-01
7.750000e-02	-1.560600e+00	-3.812686e-01
7.760000e-02	-1.559766e+00	-3.838311e-01
7.770000e-02	-1.558888e+00	-3.863819e-01
7.780000e-02	-1.557968e+00	-3.889190e-01
7.790000e-02	-1.557006e+00	-3.914403e-01
7.800000e-02	-1.556001e+00	-3.939438e-01
7.810000e-02	-1.554956e+00	-3.964274e-01
7.820000e-02	-1.553871e+00	-3.988893e-01
7.830000e-02	-1.552746e+00	-4.013277e-01
7.840000e-02	-1.551582e+00	-4.037409e-01
7.850000e-02	-1.550379e+00	-4.061273e-01
7.860000e-02	-1.549140e+00	-4.084855e-01
7.870000e-02	-1.547864e+00	-4.108140e-01
7.880000e-02	-1.546552e+00	-4.131117e-01
7.890000e-02	-1.545206e+00	-4.153775e-01
7.900000e-02	-1.543826e+00	-4.176102e-01
7.910000e-02	-1.542414e+00	-4.198091e-01
7.920000e-02	-1.540971e+00	-4.219732e-01
7.930000e-02	-1.539497e+00	-4.241018e-01
7.940000e-02	-1.537995e+00	-4.261944e-01
7.950000e-02	-1.536464e+00	-4.282504e-01
7.960000e-02	-1.534907e+00	-4.302693e-01
7.970000e-02	-1.533324e+00	-4.322507e-01
7.980000e-02	-1.531716e+00	-4.341943e-01
7.990000e-02	-1.530085e+00	-4.360996e-01
8.000000e-02	-1.528432e+00	-4.379664e-01
8.010000e-02	-1.526757e+00	-4.397942e-01
8.020000e-02	-1.525063e+00	-4.415828e-01
8.030000e-02	-1.523349e+00	-4.433318e-01
8.040000e-02	-1.521617e+00	-4.450407e-01
8.050000e-02	-1.519868e+00	-4.467092e-01
8.060000e-02	-1.518103e+00	-4.483366e-01
8.070000e-02	-1.516323e+00	-4.499224e-01
8.080000e-02	-1.514527e+00	-4.514659e-01
8.090000e-02	-1.512718e+00	-4.529664e-01
8.100000e-02	-1.510896e+00	-4.544230e-01
8.110000e-02	-1.509061e+00	-4.558348e-01
8.120000e-02	-1.507213e+00	-4.572008e-01
8.130000e-02	-1.505354e+00	-4.585200e-01
8.140000e-02	-1.503484e+00	-4.597914e-01
8.150000e-02	-1.501603e+00	-4.610142e-01
8.160000e-02	-1.499710e+00	-4.621873e-01
8.170000e-02	-1.497806e+00	-4.633098e-01
8.180000e-02	-1.495892e+00	-4.643811e-01
8.190000e-02	-1.493965e+00	-4.654003e-01
8.200000e-02	-1.492028e+00	-4.663671e-01
8.210000e-02	-1.490078e+00	-4.672808e-01
8.220000e-02	-1.488116e+00	-4.681413e-01
8.230000e-02	-1.486140e+00	-4.689483e-01
8.240000e-02	-1.484151e+00	-4.697018e-01
8.250000e-02	-1.482147e+00	-4.704020e-01
8.260000e-02	-1.480129e+00	-4.710490e-01
8.270000e-02	-1.478094e+00	-4.716432e-01
8.280000e-02	-1.476042e+00	-4.721852e-01
8.290000e-02	-1.473972e+00	-4.726755e-01
8.300000e-02	-1.471884e+00	-4.731148e-01
8.310000e-02	-1.469777e+00	-4.735039e-01
8.320000e-02	-1.467650e+00	-4.738436e-01
8.330000e-02	-1.465502e+00	-4.741347e-01
8.340000e-02	-1.463332e+00	-4.743780e-01
8.350000e-02	-1.461140e+00	-4.745745e-01
8.360000e-02	-1.458926e+00	-4.747249e-01
8.370000e-02	-1.456688e+00	-4.748301e-01
8.380000e-02	-1.454428e+00	-4.748906e-01
8.390000e-02	-1.452143e+00	-4.749071e-01
8.400000e-02	-1.449835e+00	-4.748801e-01
8.410000e-02	-1.447504e+00	-4.748099e-01
8.420000e-02	-1.445148e+00	-4.746968e-01
8.430000e-02	-1.442769e+00	-4.745407e-01
8.440000e-02	-1.440368e+00	-4.743417e-01
8.450000e-02	-1.437943e+00	-4.740994e-01
8.460000e-02	-1.435496e+00	-4.738135e-01
8.470000e-02	-1.433028e+00	-4.734833e-01
8.480000e-02	-1.430539e+00	-4.731081e-01
8.490000e-02	-1.428030e+00	-4.726869e-01
8.500000e-02	-1.425501e+00	-4.722187e-01
8.510000e-02	-1.422954e+00	-4.717022e-01
8.520000e-02	-1.420389e+00	-4.711362e-01
8.530000e-02	-1.417807e+00	-4.705193e-01
8.540000e-02	-1.415209e+00	-4.698497e-01
8.550000e-02	-1.412596e+00	-4.691261e-01
8.560000e-02	-1.409969e+00	-4.683467e-01
8.570000e-02	-1.407328e+00	-4.675099e-01
8.580000e-02	-1.404674e+00	-4.666139e-01
8.590000e-02	-1.402009e+00	-4.656573e-01
8.600000e-02	-1.399331e+00	-4.646382e-01
8.610000e-02	-1.396643e+00	-4.635552e-01
8.620000e-02	-1.393943e+00	-4.624069e-01
8.630000e-02	-1.391234e+00	-4.611918e-01
8.640000e-02	-1.388514e+00	-4.599088e-01
8.650000e-02	-1.385784e+00	-4.585566e-01
8.660000e-02	-1.383044e+00	-4.571345e-01
8.670000e-02	-1.380294e+00	-4.556415e-01
8.680000e-02	-1.377533e+00	-4.540770e-01
8.690000e-02	-1.374762e+00	-4.524406e-01
8.700000e-02	-1.371980e+00	-4.507320e-01
8.710000e-02	-1.369186e+00	-4.489511e-01
8.720000e-02	-1.366380e+00	-4.470979e-01
8.730000e-02	-1.363561e+00	-4.451726e-01
8.740000e-02	-1.360729e+00	-4.431756e-01
8.750000e-02	-1.357884e+00	-4.411074e-01
8.760000e-02	-1.355023e+00	-4.389686e-01
8.770000e-02	-1.352147e+00	-4.367601e-01
8.780000e-02	-1.349255e+00	-4.344827e-01
8.790000e-02	-1.346347e+00	-4.321373e-01
8.800000e-02	-1.343421e+00	-4.297249e-01
8.810000e-02	-1.340477e+00	-4.272466e-01
8.820000e-02	-1.337515e+00	-4.247034e-01
8.830000e-02	-1.334533e+00	-4.220966e-01
8.840000e-02	-1.331533e+00	-4.194270e-01
8.850000e-02	-1.328512e+00	-4.166959e-01
8.860000e-02	-1.325472e+00	-4.139042e-01
8.870000e-02	-1.322412e+00	-4.110545e-01
8.880000e-02	-1.319334e+00	-4.081503e-01
8.890000e-02	-1.316239e+00	-4.051951e-01
8.900000e-02	-1.313128e+00	-4.021919e-01
8.910000e-02	-1.310002e+00	-3.991437e-01
8.920000e-02	-1.306863e+00	-3.960533e-01
8.930000e-02	-1.303712e+00	-3.929234e-01
8.940000e-02	-1.300551e+00	-3.897566e-01
8.950000e-02	-1.297381e+00	-3.865555e-01
8.960000e-02	-1.294204e+00	-3.833225e-01
8.970000e-02	-1.291022e+00	-3.800600e-01
8.980000e-02	-1.287835e+00	-3.767706e-01
8.990000e-02	-1.284646e+00	-3.734566e-01
9.000000e-02	-1.281456e+00	-3.701202e-01
9.010000e-02	-1.278267e+00	-3.667639e-01
9.020000e-02	-1.275079e+00	-3.633922e-01
9.030000e-02	-1.271892e+00	-3.600103e-01
9.040000e-02	-1.268707e+00	-3.566234e-01
9.050000e-02	-1.265525e+00	-3.532367e-01
9.060000e-02	-1.262344e+00	-3.498553e-01
9.070000e-02	-1.259166e+00	-3.464845e-01
9.080000e-02	-1.255991e+00	-3.431295e-01
9.090000e-02	-1.252818e+00	-3.397954e-01
9.100000e-02	-1.249648e+00	-3.364873e-01
9.110000e-02	-1.246481e+00	-3.332102e-01
9.120000e-02	-1.243317e+00	-3.299690e-01
9.130000e-02	-1.240157e+00	-3.267687e-01
9.140000e-02	-1.237000e+00	-3.236140e-01
9.150000e-02	-1.233846e+00	-3.205096e-01
9.160000e-02	-1.230696e+00	-3.174599e-01
9.170000e-02	-1.227549e+00	-3.144694e-01
9.180000e-02	-1.224407e+00	-3.115424e-01
9.190000e-02	-1.221268e+00	-3.086830e-01
9.200000e-02	-1.218134e+00	-3.058951e-01
9.210000e-02	-1.215003e+00	-3.031825e-01
9.220000e-02	-1.211878e+00	-3.005488e-01
9.230000e-02	-1.208757e+00	-2.979975e-01
9.240000e-02	-1.205640e+00	-2.955317e-01
9.250000e-02	-1.202529e+00	-2.931544e-01
9.260000e-02	-1.199423e+00	-2.908686e-01
9.270000e-02	-1.196322e+00	-2.886768e-01
9.280000e-02	-1.193227e+00	-2.865813e-01
9.290000e-02	-1.190138e+00	-2.845845e-01
9.300000e-02	-1.187055e+00	-2.826882e-01
9.310000e-02	-1.183977e+00	-2.808942e-01
9.320000e-02	-1.180906e+00	-2.792040e-01
9.330000e-02	-1.177842e+00	-2.776190e-01
9.340000e-02	-1.174784e+00	-2.761400e-01
9.350000e-02	-1.171732e+00	-2.747682e-01
9.360000e-02	-1.168687e+00	-2.735040e-01
9.370000e-02	-1.165649e+00	-2.723479e-01
9.380000e-02	-1.162618e+00	-2.713002e-01
9.390000e-02	-1.159593e+00	-2.703608e-01
9.400000e-02	-1.156575e+00	-2.695296e-01
9.410000e-02	-1.153563e+00	-2.688061e-01
9.420000e-02	-1.150558e+00	-2.681898e-01
9.430000e-02	-1.147559e+00	-2.676799e-01
9.440000e-02	-1.144566e+00	-2.672755e-01
9.450000e-02	-1.141579e+00	-2.669754e-01
9.460000e-02	-1.138598e+00	-2.667785e-01
9.470000e-02	-1.135621e+00	-2.666831e-01
9.480000e-02	-1.132650e+00	-2.666876e-01
9.490000e-02	-1.129683e+00	-2.667905e-01
9.500000e-02	-1.126720e+00	-2.669897e-01
9.510000e-02	-1.123761e+00	-2.672832e-01
9.520000e-02	-1.120806e+00	-2.676688e-01
9.530000e-02	-1.117853e+00	-2.681443e-01
9.540000e-02	-1.114902e+00	-2.687072e-01
9.550000e-02	-1.111953e+00	-2.693552e-01
9.560000e-02	-1.109006e+00	-2.700855e-01
9.570000e-02	-1.106059e+00	-2.708956e-01
9.580000e-02	-1.103113e+00	-2.717824e-01
9.590000e-02	-1.100167e+00	-2.727433e-01
9.600000e-02	-1.097220e+00	-2.737752e-01
9.610000e-02	-1.094272e+00	-2.748751e-01
9.620000e-02	-1.091322e+00	-2.760400e-01
9.630000e-02	-1.088371e+00	-2.772670e-01
9.640000e-02	-1.085417e+00	-2.785527e-01
9.650000e-02	-1.082460e+00	-2.798941e-01
9.660000e-02	-1.079500e+00	-2.812879e-01
9.670000e-02	-1.076536e+00	-2.827308e-01
9.680000e-02	-1.073569e+00	-2.842197e-01
9.690000e-02	-1.070597e+00	-2.857511e-01
9.700000e-02	-1.067621e+00	-2.873219e-01
9.710000e-02	-1.064640e+00	-2.889287e-01
9.720000e-02	-1.061654e+00	-2.905683e-01
9.730000e-02	-1.058663e+00	-2.922375e-01
9.740000e-02	-1.055666e+00	-2.939329e-01
9.750000e-02	-1.052664e+00	-2.956514e-01
9.760000e-02	-1.049656e+00	-2.973899e-01
9.770000e-02	-1.046642e+00	-2.991451e-01
9.780000e-02	-1.043622e+00	-3.009141e-01
9.790000e-02	-1.040596e+00	-3.026938e-01
9.800000e-02	-1.037563e+00	-3.044813e-01
9.810000e-02	-1.034524e+00	-3.062737e-01
9.820000e-02	-1.031478e+00	-3.080681e-01
9.830000e-02	-1.028426e+00	-3.098619e-01
9.840000e-02	-1.025366e+00	-3.116524e-01
9.850000e-02	-1.022300e+00	-3.134371e-01
9.860000e-02	-1.019226e+00	-3.152134e-01
9.870000e-02	-1.016145e+00	-3.169792e-01
9.880000e-02	-1.013056e+00	-3.187321e-01
9.890000e-02	-1.009959e+00	-3.204699e-01
9.900000e-02	-1.006854e+00	-3.221908e-01
9.910000e-02	-1.003741e+00	-3.238927e-01
9.920000e-02	-1.000620e+00	-3.255739e-01
9.930000e-02	-9.974891e-01	-3.272327e-01
9.940000e-02	-9.943494e-01	-3.288677e-01
9.950000e-02	-9.912002e-01	-3.304773e-01
9.960000e-02	-9.880411e-01	-3.320603e-01
9.970000e-02	-9.848719e-01	-3.336155e-01
9.980000e-02	-9.816921e-01	-3.351418e-01
9.990000e-02	-9.785014e-01	-3.366384e-01
1.000000e-01	-9.752994e-01	-3.381044e-01
1.001000e-01	-9.720857e-01	-3.395391e-01
1.002000e-01	-9.688599e-01	-3.409419e-01
1.003000e-01	-9.656217e-01	-3.423125e-01
1.004000e-01	-9.623707e-01	-3.436503e-01
1.005000e-01	-9.591066e-01	-3.449552e-01
1.006000e-01	-9.558289e-01	-3.462270e-01
1.007000e-01	-9.525373e-01	-3.474656e-01
1.008000e-01	-9.492316e-01	-3.486710e-01
1.009000e-01	-9.459114e-01	-3.498434e-01
1.010000e-01	-9.425765e-01	-3.509829e-01
1.011000e-01	-9.392266e-01	-3.520898e-01
1.012000e-01	-9.358614e-01	-3.531644e-01
1.013000e-01	-9.324809e-01	-3.542070e-01
1.014000e-01	-9.290848e-01	-3.552181e-01
1.015000e-01	-9.256731e-01	-3.561982e-01
1.016000e-01	-9.222455e-01	-3.571479e-01
1.017000e-01	-9.188021e-01	-3.580675e-01
1.018000e-01	-9.153427e-01	-3.589579e-01
1.019000e-01	-9.118675e-01	-3.598195e-01
1.020000e-01	-9.083763e-01	-3.606530e-01
1.021000e-01	-9.048693e-01	-3.614591e-01
1.022000e-01	-9.013465e-01	-3.622385e-01
1.023000e-01	-8.978080e-01	-3.629919e-01
1.024000e-01	-8.942539e-01	-3.637199e-01
1.025000e-01	-8.906844e-01	-3.644233e-01
1.026000e-01	-8.870995e-01	-3.651027e-01
1.027000e-01	-8.834995e-01	-3.657588e-01
1.028000e-01	-8.798846e-01	-3.663924e-01
1.029000e-01	-8.762548e-01	-3.670040e-01
1.030000e-01	-8.726105e-01	-3.675946e-01
1.031000e-01	-8.689518e-01	-3.681646e-01
1.032000e-01	-8.652790e-01	-3.687150e-01
1.033000e-01	-8.615923e-01	-3.692465e-01
1.034000e-01	-8.578919e-01	-3.697598e-01
1.035000e-01	-8.541782e-01	-3.702556e-01
1.036000e-01	-8.504514e-01	-3.707349e-01
1.037000e-01	-8.467116e-01	-3.711982e-01
1.038000e-01	-8.429592e-01	-3.716463e-01
1.039000e-01	-8.391944e-01	-3.720798e-01
1.040000e-01	-8.354174e-01	-3.724995e-01
1.041000e-01	-8.316283e-01	-3.729058e-01
1.042000e-01	-8.278273e-01	-3.732993e-01
1.043000e-01	-8.240145e-01	-3.736805e-01
1.044000e-01	-8.201900e-01	-3.740497e-01
1.045000e-01	-8.163538e-01	-3.744072e-01
1.046000e-01	-8.125059e-01	-3.747532e-01
1.047000e-01	-8.086463e-01	-3.750877e-01
1.048000e-01	-8.047748e-01	-3.754106e-01
1.049000e-01	-8.008914e-01	-3.757219e-01
1.050000e-01	-7.969959e-01	-3.760212e-01
1.051000e-01	-7.930880e-01	-3.763082e-01
1.052000e-01	-7.891675e-01	-3.765823e-01
1.053000e-01	-7.852346e-01	-3.768437e-01
1.054000e-01	-7.812891e-01	-3.770924e-01
1.055000e-01	-7.773314e-01	-3.773284e-01
1.056000e-01	-7.733615e-01	-3.775520e-01
1.057000e-01	-7.693796e-01	-3.777631e-01
1.058000e-01	-7.653860e-01	-3.779619e-01
1.059000e-01	-7.613808e-01	-3.781484e-01
1.060000e-01	-7.573645e-01	-3.783227e-01
1.061000e-01	-7.533371e-01	-3.784850e-01
1.062000e-01	-7.492992e-01	-3.786352e-01
1.063000e-01	-7.452512e-01	-3.787735e-01
1.064000e-01	-7.411934e-01	-3.789001e-01
1.065000e-01	-7.371263e-01	-3.790150e-01
1.066000e-01	-7.330504e-01	-3.791185e-01
1.067000e-01	-7.289663e-01	-3.792107e-01
1.068000e-01	-7.248746e-01	-3.792918e-01
1.069000e-01	-7.207759e-01	-3.793622e-01
1.070000e-01	-7.166708e-01	-3.794221e-01
1.071000e-01	-7.125600e-01	-3.794718e-01
1.072000e-01	-7.084442e-01	-3.795117e-01
1.073000e-01	-7.043242e-01	-3.795422e-01
1.074000e-01	-7.002007e-01	-3.795638e-01
1.075000e-01	-6.960744e-01	-3.795771e-01
1.076000e-01	-6.919463e-01	-3.795826e-01
1.077000e-01	-6.878170e-01	-3.795810e-01
1.078000e-01	-6.836875e-01	-3.795730e-01
1.079000e-01	-6.795585e-01	-3.795594e-01
1.080000e-01	-6.754309e-01	-3.795411e-01
1.081000e-01	-6.713055e-01	-3.795191e-01
1.082000e-01	-6.671831e-01	-3.794942e-01
1.083000e-01	-6.630647e-01	-3.794678e-01
1.084000e-01	-6.589510e-01	-3.794408e-01
1.085000e-01	-6.548428e-01	-3.794147e-01
1.086000e-01	-6.507411e-01	-3.793908e-01
1.087000e-01	-6.466466e-01	-3.793704e-01
1.088000e-01	-6.425602e-01	-3.793553e-01
1.089000e-01	-6.384826e-01	-3.793469e-01
1.090000e-01	-6.344147e-01	-3.793470e-01
1.091000e-01	-6.303573e-01	-3.793573e-01
1.092000e-01	-6.263111e-01	-3.793798e-01
1.093000e-01	-6.222771e-01	-3.794164e-01
1.094000e-01	-6.182560e-01	-3.794691e-01
1.095000e-01	-6.142485e-01	-3.795401e-01
1.096000e-01	-6.102556e-01	-3.796315e-01
1.097000e-01	-6.062780e-01	-3.797457e-01
1.098000e-01	-6.023165e-01	-3.798849e-01
1.099000e-01	-5.983719e-01	-3.800514e-01
1.100000e-01	-5.944452e-01	-3.802479e-01
1.101000e-01	-5.905371e-01	-3.804767e-01
1.102000e-01	-5.866486e-01	-3.807404e-01
1.103000e-01	-5.827805e-01	-3.810416e-01
1.104000e-01	-5.789338e-01	-3.813830e-01
1.105000e-01	-5.751092e-01	-3.817669e-01
1.106000e-01	-5.713079e-01	-3.821963e-01
1.107000e-01	-5.675309e-01	-3.826737e-01
1.108000e-01	-5.637790e-01	-3.832020e-01
1.109000e-01	-5.600533e-01	-3.837836e-01
1.110000e-01	-5.563550e-01	-3.844216e-01
1.111000e-01	-5.526851e-01	-3.851183e-01
1.112000e-01	-5.490446e-01	-3.858764e-01
1.113000e-01	-5.454347e-01	-3.866984e-01
1.114000e-01	-5.418565e-01	-3.875871e-01
1.115000e-01	-5.383112e-01	-3.885448e-01
1.116000e-01	-5.348000e-01	-3.895740e-01
1.117000e-01	-5.313239e-01	-3.906771e-01
1.118000e-01	-5.278844e-01	-3.918566e-01
1.119000e-01	-5.244824e-01	-3.931146e-01
1.120000e-01	-5.211193e-01	-3.944533e-01
1.121000e-01	-5.177963e-01	-3.958749e-01
1.122000e-01	-5.145146e-01	-3.973813e-01
1.123000e-01	-5.112753e-01	-3.989744e-01
1.124000e-01	-5.080798e-01	-4.006561e-01
1.125000e-01	-5.049291e-01	-4.024280e-01
1.126000e-01	-5.018244e-01	-4.042916e-01
1.127000e-01	-4.987669e-01	-4.062484e-01
1.128000e-01	-4.957577e-01	-4.082996e-01
1.129000e-01	-4.927979e-01	-4.104465e-01
1.130000e-01	-4.898885e-01	-4.126900e-01
1.131000e-01	-4.870306e-01	-4.150311e-01
1.132000e-01	-4.842252e-01	-4.174703e-01
1.133000e-01	-4.814732e-01	-4.200083e-01
1.134000e-01	-4.787755e-01	-4.226454e-01
1.135000e-01	-4.761332e-01	-4.253819e-01
1.136000e-01	-4.735469e-01	-4.282178e-01
1.137000e-01	-4.710175e-01	-4.311530e-01
1.138000e-01	-4.685458e-01	-4.341873e-01
1.139000e-01	-4.661324e-01	-4.373200e-01
1.140000e-01	-4.637781e-01	-4.405506e-01
1.141000e-01	-4.614836e-01	-4.438782e-01
1.142000e-01	-4.592493e-01	-4.473018e-01
1.143000e-01	-4.570760e-01	-4.508203e-01
1.144000e-01	-4.549641e-01	-4.544321e-01
1.145000e-01	-4.529141e-01	-4.581357e-01
1.146000e-01	-4.509265e-01	-4.619293e-01
1.147000e-01	-4.490019e-01	-4.658111e-01
1.148000e-01	-4.471404e-01	-4.697787e-01
1.149000e-01	-4.453427e-01	-4.738300e-01
1.150000e-01	-4.436090e-01	-4.779625e-01
1.151000e-01	-4.419398e-01	-4.821733e-01
1.152000e-01	-4.403352e-01	-4.864598e-01
1.153000e-01	-4.387958e-01	-4.908188e-01
1.154000e-01	-4.373217e-01	-4.952471e-01
1.155000e-01	-4.359132e-01	-4.997414e-01
1.156000e-01	-4.345707e-01	-5.042983e-01
1.157000e-01	-4.332944e-01	-5.089140e-01
1.158000e-01	-4.320844e-01	-5.135850e-01
1.159000e-01	-4.309409e-01	-5.183076e-01
1.160000e-01	-4.298638e-01	-5.230780e-01
1.161000e-01	-4.288532e-01	-5.278927e-01
1.162000e-01	-4.279089e-01	-5.327482e-01
1.163000e-01	-4.270304e-01	-5.376411e-01
1.164000e-01	-4.262175e-01	-5.425681e-01
1.165000e-01	-4.254694e-01	-5.475261e-01
1.166000e-01	-4.247854e-01	-5.525124e-01
1.167000e-01	-4.241647e-01	-5.575243e-01
1.168000e-01	-4.236060e-01	-5.625594e-01
1.169000e-01	-4.231081e-01	-5.676153e-01
1.170000e-01	-4.226697e-01	-5.726903e-01
1.171000e-01	-4.222891e-01	-5.777824e-01
1.172000e-01	-4.219645e-01	-5.828900e-01
1.173000e-01	-4.216942e-01	-5.880119e-01
1.174000e-01	-4.214761e-01	-5.931467e-01
1.175000e-01	-4.213080e-01	-5.982933e-01
1.176000e-01	-4.211878e-01	-6.034506e-01
1.177000e-01	-4.211131e-01	-6.086178e-01
1.178000e-01	-4.210815e-01	-6.137938e-01
1.179000e-01	-4.210906e-01	-6.189778e-01
1.180000e-01	-4.211379e-01	-6.241687e-01
1.181000e-01	-4.212209e-01	-6.293656e-01
1.182000e-01	-4.213372e-01	-6.345672e-01
1.183000e-01	-4.214842e-01	-6.397722e-01
1.184000e-01	-4.216597e-01	-6.449792e-01
1.185000e-01	-4.218612e-01	-6.501863e-01
1.186000e-01	-4.220865e-01	-6.553919e-01
1.187000e-01	-4.223334e-01	-6.605935e-01
1.188000e-01	-4.225999e-01	-6.657889e-01
1.189000e-01	-4.228839e-01	-6.709752e-01
1.190000e-01	-4.231838e-01	-6.761495e-01
1.191000e-01	-4.234978e-01	-6.813086e-01
1.192000e-01	-4.238243e-01	-6.864489e-01
1.193000e-01	-4.241620e-01	-6.915665e-01
1.194000e-01	-4.245095e-01	-6.966575e-01
1.195000e-01	-4.248657e-01	-7.017175e-01
1.196000e-01	-4.252296e-01	-7.067420e-01
1.197000e-01	-4.256004e-01	-7.117265e-01
1.198000e-01	-4.259772e-01	-7.166661e-01
1.199000e-01	-4.263593e-01	-7.215560e-01
1.200000e-01	-4.267462e-01	-7.263912e-01
1.201000e-01	-4.271375e-01	-7.311669e-01
1.202000e-01	-4.275325e-01	-7.358780e-01
1.203000e-01	-4.279310e-01	-7.405197e-01
1.204000e-01	-4.283327e-01	-7.450873e-01
1.205000e-01	-4.287371e-01	-7.495763e-01
1.206000e-01	-4.291439e-01	-7.539823e-01
1.207000e-01	-4.295529e-01	-7.583011e-01
1.208000e-01	-4.299636e-01	-7.625290e-01
1.209000e-01	-4.303757e-01	-7.666623e-01
1.210000e-01	-4.307887e-01	-7.706978e-01
1.211000e-01	-4.312022e-01	-7.746328e-01
1.212000e-01	-4.316155e-01	-7.784646e-01
1.213000e-01	-4.320281e-01	-7.821913e-01
1.214000e-01	-4.324393e-01	-7.858111e-01
1.215000e-01	-4.328484e-01	-7.893227e-01
1.216000e-01	-4.332544e-01	-7.927253e-01
1.217000e-01	-4.336566e-01	-7.960184e-01
1.218000e-01	-4.340540e-01	-7.992019e-01
1.219000e-01	-4.344457e-01	-8.022762e-01
1.220000e-01	-4.348309e-01	-8.052423e-01
1.221000e-01	-4.352086e-01	-8.081013e-01
1.222000e-01	-4.355781e-01	-8.108550e-01
1.223000e-01	-4.359386e-01	-8.135053e-01
1.224000e-01	-4.362894e-01	-8.160548e-01
1.225000e-01	-4.366299e-01	-8.185060e-01
1.226000e-01	-4.369596e-01	-8.208620e-01
1.227000e-01	-4.372781e-01	-8.231258e-01
1.228000e-01	-4.375853e-01	-8.253007e-01
1.229000e-01	-4.378810e-01	-8.273901e-01
1.230000e-01	-4.381651e-01	-8.293974e-01
1.231000e-01	-4.384378e-01	-8.313261e-01
1.232000e-01	-4.386995e-01	-8.331794e-01
1.233000e-01	-4.389504e-01	-8.349607e-01
1.234000e-01	-4.391912e-01	-8.366728e-01
1.235000e-01	-4.394224e-01	-8.383187e-01
1.236000e-01	-4.396449e-01	-8.399008e-01
1.237000e-01	-4.398595e-01	-8.414215e-01
1.238000e-01	-4.400672e-01	-8.428826e-01
1.239000e-01	-4.402689e-01	-8.442858e-01
1.240000e-01	-4.404657e-01	-8.456323e-01
1.241000e-01	-4.406588e-01	-8.469228e-01
1.242000e-01	-4.408493e-01	-8.481579e-01
1.243000e-01	-4.410382e-01	-8.493375e-01
1.244000e-01	-4.412268e-01	-8.504615e-01
1.245000e-01	-4.414160e-01	-8.515290e-01
1.246000e-01	-4.416069e-01	-8.525391e-01
1.247000e-01	-4.418005e-01	-8.534906e-01
1.248000e-01	-4.419975e-01	-8.543819e-01
1.249000e-01	-4.421989e-01	-8.552111e-01
1.250000e-01	-4.424052e-01	-8.559763e-01
1.251000e-01	-4.426169e-01	-8.566754e-01
1.252000e-01	-4.428345e-01	-8.573061e-01
1.253000e-01	-4.430583e-01	-8.578663e-01
1.254000e-01	-4.432882e-01	-8.583536e-01
1.255000e-01	-4.435244e-01	-8.587658e-01
1.256000e-01	-4.437665e-01	-8.591009e-01
1.257000e-01	-4.440143e-01	-8.593567e-01
1.258000e-01	-4.442674e-01	-8.595316e-01
1.259000e-01	-4.445251e-01	-8.596239e-01
1.260000e-01	-4.447867e-01	-8.596322e-01
1.261000e-01	-4.450514e-01	-8.595555e-01
1.262000e-01	-4.453185e-01	-8.593930e-01
1.263000e-01	-4.455867e-01	-8.591441e-01
1.264000e-01	-4.458559e-01	-8.588102e-01
1.265000e-01	-4.461265e-01	-8.583941e-01
1.266000e-01	-4.463987e-01	-8.578988e-01
1.267000e-01	-4.466727e-01	-8.573277e-01
1.268000e-01	-4.469486e-01	-8.566841e-01
1.269000e-01	-4.472265e-01	-8.559712e-01
1.270000e-01	-4.475065e-01	-8.551925e-01
1.271000e-01	-4.477885e-01	-8.543517e-01
1.272000e-01	-4.480726e-01	-8.534523e-01
1.273000e-01	-4.483590e-01	-8.524980e-01
1.274000e-01	-4.486478e-01	-8.514921e-01
1.275000e-01	-4.489392e-01	-8.504380e-01
1.276000e-01	-4.492334e-01	-8.493390e-01
1.277000e-01	-4.495308e-01	-8.481981e-01
1.278000e-01	-4.498317e-01	-8.470179e-01
1.279000e-01	-4.501366e-01	-8.458012e-01
1.280000e-01	-4.504461e-01	-8.445502e-01
1.281000e-01	-4.507609e-01	-8.432668e-01
1.282000e-01	-4.510819e-01	-8.419528e-01
1.283000e-01	-4.514099e-01	-8.406096e-01
1.284000e-01	-4.517459e-01	-8.392383e-01
1.285000e-01	-4.520911e-01	-8.378397e-01
1.286000e-01	-4.524468e-01	-8.364145e-01
1.287000e-01	-4.528142e-01	-8.349628e-01
1.288000e-01	-4.531948e-01	-8.334848e-01
1.289000e-01	-4.535901e-01	-8.319803e-01
1.290000e-01	-4.540017e-01	-8.304488e-01
1.291000e-01	-4.544312e-01	-8.288900e-01
1.292000e-01	-4.548804e-01	-8.273031e-01
1.293000e-01	-4.553509e-01	-8.256876e-01
1.294000e-01	-4.558446e-01	-8.240426e-01
1.295000e-01	-4.563632e-01	-8.223675e-01
1.296000e-01	-4.569085e-01	-8.206615e-01
1.297000e-01	-4.574822e-01	-8.189239e-01
1.298000e-01	-4.580860e-01	-8.171544e-01
1.299000e-01	-4.587216e-01	-8.153525e-01
1.300000e-01	-4.593907e-01	-8.135181e-01
1.301000e-01	-4.600947e-01	-8.116512e-01
1.302000e-01	-4.608352e-01	-8.097520e-01
1.303000e-01	-4.616134e-01	-8.078211e-01
1.304000e-01	-4.624306e-01	-8.058596e-01
1.305000e-01	-4.632862e-01	-8.038718e-01
1.306000e-01	-4.641793e-01	-8.018628e-01
1.307000e-01	-4.651091e-01	-7.998380e-01
1.308000e-01	-4.660747e-01	-7.978027e-01
1.309000e-01	-4.670752e-01	-7.957621e-01
1.310000e-01	-4.681099e-01	-7.937214e-01
1.311000e-01	-4.691781e-01	-7.916856e-01
1.312000e-01	-4.702793e-01	-7.896593e-01
1.313000e-01	-4.714132e-01	-7.876469e-01
1.314000e-01	-4.725794e-01	-7.856528e-01
1.315000e-01	-4.737771e-01	-7.836819e-01
1.316000e-01	-4.750060e-01	-7.817389e-01
1.317000e-01	-4.762653e-01	-7.798284e-01
1.318000e-01	-4.775546e-01	-7.779548e-01
1.319000e-01	-4.788732e-01	-7.761225e-01
1.320000e-01	-4.802207e-01	-7.743358e-01
1.321000e-01	-4.815964e-01	-7.725988e-01
1.322000e-01	-4.829998e-01	-7.709153e-01
1.323000e-01	-4.844303e-01	-7.692891e-01
1.324000e-01	-4.858875e-01	-7.677238e-01
1.325000e-01	-4.873707e-01	-7.662229e-01
1.326000e-01	-4.888792e-01	-7.647895e-01
1.327000e-01	-4.904126e-01	-7.634267e-01
1.328000e-01	-4.919701e-01	-7.621374e-01
1.329000e-01	-4.935511e-01	-7.609242e-01
1.330000e-01	-4.951548e-01	-7.597897e-01
1.331000e-01	-4.967806e-01	-7.587361e-01
1.332000e-01	-4.984277e-01	-7.577657e-01
1.333000e-01	-5.000953e-01	-7.568802e-01
1.334000e-01	-5.017826e-01	-7.560816e-01
1.335000e-01	-5.034886e-01	-7.553714e-01
1.336000e-01	-5.052126e-01	-7.547510e-01
1.337000e-01	-5.069535e-01	-7.542217e-01
1.338000e-01	-5.087104e-01	-7.537847e-01
1.339000e-01	-5.104823e-01	-7.534407e-01
1.340000e-01	-5.122683e-01	-7.531906e-01
1.341000e-01	-5.140672e-01	-7.530351e-01
1.342000e-01	-5.158780e-01	-7.529746e-01
1.343000e-01	-5.176996e-01	-7.530094e-01
1.344000e-01	-5.195310e-01	-7.531398e-01
1.345000e-01	-5.213711e-01	-7.533658e-01
1.346000e-01	-5.232188e-01	-7.536873e-01
1.347000e-01	-5.250730e-01	-7.541040e-01
1.348000e-01	-5.269327e-01	-7.546155e-01
1.349000e-01	-5.287968e-01	-7.552215e-01
1.350000e-01	-5.306643e-01	-7.559210e-01
1.351000e-01	-5.325343e-01	-7.567136e-01
1.352000e-01	-5.344058e-01	-7.575980e-01
1.353000e-01	-5.362777e-01	-7.585734e-01
1.354000e-01	-5.381493e-01	-7.596383e-01
1.355000e-01	-5.400198e-01	-7.607915e-01
1.356000e-01	-5.418882e-01	-7.620312e-01
1.357000e-01	-5.437539e-01	-7.633559e-01
1.358000e-01	-5.456162e-01	-7.647637e-01
1.359000e-01	-5.474744e-01	-7.662527e-01
1.360000e-01	-5.493281e-01	-7.678207e-01
1.361000e-01	-5.511765e-01	-7.694653e-01
1.362000e-01	-5.530193e-01	-7.711842e-01
1.363000e-01	-5.548560e-01	-7.729747e-01
1.364000e-01	-5.566862e-01	-7.748339e-01
1.365000e-01	-5.585096e-01	-7.767591e-01
1.366000e-01	-5.603258e-01	-7.787470e-01
1.367000e-01	-5.621345e-01	-7.807945e-01
1.368000e-01	-5.639355e-01	-7.828982e-01
1.369000e-01	-5.657286e-01	-7.850546e-01
1.370000e-01	-5.675135e-01	-7.872601e-01
1.371000e-01	-5.692901e-01	-7.895110e-01
1.372000e-01	-5.710582e-01	-7.918033e-01
1.373000e-01	-5.728176e-01	-7.941331e-01
1.374000e-01	-5.745682e-01	-7.964964e-01
1.375000e-01	-5.763097e-01	-7.988891e-01
1.376000e-01	-5.780420e-01	-8.013069e-01
1.377000e-01	-5.797649e-01	-8.037455e-01
1.378000e-01	-5.814781e-01	-8.062008e-01
1.379000e-01	-5.831814e-01	-8.086684e-01
1.380000e-01	-5.848746e-01	-8.111439e-01
1.381000e-01	-5.865573e-01	-8.136230e-01
1.382000e-01	-5.882292e-01	-8.161014e-01
1.383000e-01	-5.898900e-01	-8.185747e-01
1.384000e-01	-5.915393e-01	-8.210386e-01
1.385000e-01	-5.931767e-01	-8.234890e-01
1.386000e-01	-5.948018e-01	-8.259217e-01
1.387000e-01	-5.964140e-01	-8.283325e-01
1.388000e-01	-5.980129e-01	-8.307176e-01
1.389000e-01	-5.995981e-01	-8.330728e-01
1.390000e-01	-6.011689e-01	-8.353946e-01
1.391000e-01	-6.027248e-01	-8.376791e-01
1.392000e-01	-6.042654e-01	-8.399228e-01
1.393000e-01	-6.057900e-01	-8.421222e-01
1.394000e-01	-6.072980e-01	-8.442740e-01
1.395000e-01	-6.087890e-01	-8.463751e-01
1.396000e-01	-6.102625e-01	-8.484224e-01
1.397000e-01	-6.117178e-01	-8.504130e-01
1.398000e-01	-6.131545e-01	-8.523442e-01
1.399000e-01	-6.145721e-01	-8.542133e-01
1.400000e-01	-6.159702e-01	-8.560180e-01
1.401000e-01	-6.173484e-01	-8.577559e-01
1.402000e-01	-6.187062e-01	-8.594248e-01
1.403000e-01	-6.200435e-01	-8.610230e-01
1.404000e-01	-6.213599e-01	-8.625482e-01
1.405000e-01	-6.226553e-01	-8.639990e-01
1.406000e-01	-6.239297e-01	-8.653742e-01
1.407000e-01	-6.251831e-01	-8.666727e-01
1.408000e-01	-6.264157e-01	-8.678936e-01
1.409000e-01	-6.276278e-01	-8.690365e-01
1.410000e-01	-6.288200e-01	-8.701011e-01
1.411000e-01	-6.299927e-01	-8.710874e-01
1.412000e-01	-6.311467e-01	-8.719958e-01
1.413000e-01	-6.322829e-01	-8.728266e-01
1.414000e-01	-6.334020e-01	-8.735808e-01
1.415000e-01	-6.345053e-01	-8.742592e-01
1.416000e-01	-6.355937e-01	-8.748632e-01
1.417000e-01	-6.366685e-01	-8.753939e-01
1.418000e-01	-6.377310e-01	-8.758530e-01
1.419000e-01	-6.387823e-01	-8.762420e-01
1.420000e-01	-6.398239e-01	-8.765626e-01
1.421000e-01	-6.408570e-01	-8.768166e-01
1.422000e-01	-6.418829e-01	-8.770056e-01
1.423000e-01	-6.429027e-01	-8.771316e-01
1.424000e-01	-6.439178e-01	-8.771961e-01
1.425000e-01	-6.449291e-01	-8.772009e-01
1.426000e-01	-6.459377e-01	-8.771473e-01
1.427000e-01	-6.469444e-01	-8.770370e-01
1.428000e-01	-6.479501e-01	-8.768710e-01
1.429000e-01	-6.489552e-01	-8.766505e-01
1.430000e-01	-6.499603e-01	-8.763764e-01
1.431000e-01	-6.509657e-01	-8.760493e-01
1.432000e-01	-6.519715e-01	-8.756698e-01
1.433000e-01	-6.529776e-01	-8.752380e-01
1.434000e-01	-6.539839e-01	-8.747541e-01
1.435000e-01	-6.549899e-01	-8.742178e-01
1.436000e-01	-6.559951e-01	-8.736288e-01
1.437000e-01	-6.569989e-01	-8.729864e-01
1.438000e-01	-6.580003e-01	-8.722898e-01
1.439000e-01	-6.589983e-01	-8.715381e-01
1.440000e-01	-6.599919e-01	-8.707301e-01
1.441000e-01	-6.609799e-01	-8.698645e-01
1.442000e-01	-6.619607e-01	-8.689401e-01
1.443000e-01	-6.629332e-01	-8.679554e-01
1.444000e-01	-6.638958e-01	-8.669089e-01
1.445000e-01	-6.648469e-01	-8.657989e-01
1.446000e-01	-6.657852e-01	-8.646242e-01
1.447000e-01	-6.667089e-01	-8.633831e-01
1.448000e-01	-6.676167e-01	-8.620742e-01
1.449000e-01	-6.685071e-01	-8.606963e-01
1.450000e-01	-6.693786e-01	-8.592481e-01
1.451000e-01	-6.702300e-01	-8.577288e-01
1.452000e-01	-6.710607e-01	-8.561388e-01
1.453000e-01	-6.718708e-01	-8.544804e-01
1.454000e-01	-6.726608e-01	-8.527561e-01
1.455000e-01	-6.734311e-01	-8.509683e-01
1.456000e-01	-6.741821e-01	-8.491196e-01
1.457000e-01	-6.749142e-01	-8.472126e-01
1.458000e-01	-6.756280e-01	-8.452499e-01
1.459000e-01	-6.763238e-01	-8.432338e-01
1.460000e-01	-6.770023e-01	-8.411673e-01
1.461000e-01	-6.776642e-01	-8.390532e-01
1.462000e-01	-6.783101e-01	-8.368942e-01
1.463000e-01	-6.789407e-01	-8.346934e-01
1.464000e-01	-6.795568e-01	-8.324536e-01
1.465000e-01	-6.801591e-01	-8.301779e-01
1.466000e-01	-6.807484e-01	-8.278691e-01
1.467000e-01	-6.813255e-01	-8.255303e-01
1.468000e-01	-6.818910e-01	-8.231646e-01
1.469000e-01	-6.824458e-01	-8.207749e-01
1.470000e-01	-6.829907e-01	-8.183643e-01
1.471000e-01	-6.835262e-01	-8.159358e-01
1.472000e-01	-6.840531e-01	-8.134926e-01
1.473000e-01	-6.845721e-01	-8.110376e-01
1.474000e-01	-6.850838e-01	-8.085741e-01
1.475000e-01	-6.855888e-01	-8.061050e-01
1.476000e-01	-6.860876e-01	-8.036337e-01
1.477000e-01	-6.865808e-01	-8.011630e-01
1.478000e-01	-6.870688e-01	-7.986963e-01
1.479000e-01	-6.875520e-01	-7.962368e-01
1.480000e-01	-6.880307e-01	-7.937876e-01
1.481000e-01	-6.885054e-01	-7.913520e-01
1.482000e-01	-6.889764e-01	-7.889332e-01
1.483000e-01	-6.894438e-01	-7.865347e-01
1.484000e-01	-6.899078e-01	-7.841596e-01
1.485000e-01	-6.903688e-01	-7.818114e-01
1.486000e-01	-6.908268e-01	-7.794935e-01
1.487000e-01	-6.912821e-01	-7.772094e-01
1.488000e-01	-6.917346e-01	-7.749624e-01
1.489000e-01	-6.921846e-01	-7.727560e-01
1.490000e-01	-6.926321e-01	-7.705939e-01
1.491000e-01	-6.930774e-01	-7.684794e-01
1.492000e-01	-6.935205e-01	-7.664163e-01
1.493000e-01	-6.939615e-01	-7.644081e-01
1.494000e-01	-6.944007e-01	-7.624582e-01
1.495000e-01	-6.948381e-01	-7.605702e-01
1.496000e-01	-6.952742e-01	-7.587478e-01
1.497000e-01	-6.957090e-01	-7.569944e-01
1.498000e-01	-6.961429e-01	-7.553135e-01
1.499000e-01	-6.965761e-01	-7.537085e-01
1.500000e-01	-6.970092e-01	-7.521830e-01
1.501000e-01	-6.974424e-01	-7.507402e-01
1.502000e-01	-6.978763e-01	-7.493835e-01
1.503000e-01	-6.983113e-01	-7.481160e-01
1.504000e-01	-6.987480e-01	-7.469408e-01
1.505000e-01	-6.991869e-01	-7.458609e-01
1.506000e-01	-6.996286e-01	-7.448794e-01
1.507000e-01	-7.000739e-01	-7.439989e-01
1.508000e-01	-7.005233e-01	-7.432223e-01
1.509000e-01	-7.009775e-01	-7.425517e-01
1.510000e-01	-7.014373e-01	-7.419898e-01
1.511000e-01	-7.019034e-01	-7.415388e-01
1.512000e-01	-7.023765e-01	-7.412009e-01
1.513000e-01	-7.028573e-01	-7.409778e-01
1.514000e-01	-7.033466e-01	-7.408715e-01
1.515000e-01	-7.038451e-01	-7.408835e-01
1.516000e-01	-7.043535e-01	-7.410152e-01
1.517000e-01	-7.048723e-01	-7.412678e-01
1.518000e-01	-7.054022e-01	-7.416425e-01
1.519000e-01	-7.059438e-01	-7.421402e-01
1.520000e-01	-7.064977e-01	-7.427615e-01
1.521000e-01	-7.070642e-01	-7.435072e-01
1.522000e-01	-7.076440e-01	-7.443776e-01
1.523000e-01	-7.082373e-01	-7.453730e-01
1.524000e-01	-7.088444e-01	-7.464934e-01
1.525000e-01	-7.094657e-01	-7.477389e-01
1.526000e-01	-7.101013e-01	-7.491093e-01
1.527000e-01	-7.107514e-01	-7.506041e-01
1.528000e-01	-7.114161e-01	-7.522228e-01
1.529000e-01	-7.120953e-01	-7.539650e-01
1.530000e-01	-7.127891e-01	-7.558297e-01
1.531000e-01	-7.134973e-01	-7.578161e-01
1.532000e-01	-7.142199e-01	-7.599232e-01
1.533000e-01	-7.149566e-01	-7.621499e-01
1.534000e-01	-7.157073e-01	-7.644950e-01
1.535000e-01	-7.164716e-01	-7.669571e-01
1.536000e-01	-7.172493e-01	-7.695348e-01
1.537000e-01	-7.180401e-01	-7.722265e-01
1.538000e-01	-7.188438e-01	-7.750306e-01
1.539000e-01	-7.196598e-01	-7.779454e-01
1.540000e-01	-7.204880e-01	-7.809690e-01
1.541000e-01	-7.213281e-01	-7.840997e-01
1.542000e-01	-7.221796e-01	-7.873353e-01
1.543000e-01	-7.230424e-01	-7.906738e-01
1.544000e-01	-7.239162e-01	-7.941131e-01
1.545000e-01	-7.248006e-01	-7.976508e-01
1.546000e-01	-7.256956e-01	-8.012848e-01
1.547000e-01	-7.266009e-01	-8.050125e-01
1.548000e-01	-7.275164e-01	-8.088314e-01
1.549000e-01	-7.284421e-01	-8.127391e-01
1.550000e-01	-7.293777e-01	-8.167328e-01
1.551000e-01	-7.303235e-01	-8.208097e-01
1.552000e-01	-7.312793e-01	-8.249671e-01
1.553000e-01	-7.322452e-01	-8.292020e-01
1.554000e-01	-7.332214e-01	-8.335115e-01
1.555000e-01	-7.342080e-01	-8.378924e-01
1.556000e-01	-7.352051e-01	-8.423415e-01
1.557000e-01	-7.362130e-01	-8.468556e-01
1.558000e-01	-7.372318e-01	-8.514314e-01
1.559000e-01	-7.382619e-01	-8.560654e-01
1.560000e-01	-7.393034e-01	-8.607542e-01
1.561000e-01	-7.403565e-01	-8.654942e-01
1.562000e-01	-7.414217e-01	-8.702817e-01
1.563000e-01	-7.424990e-01	-8.751131e-01
1.564000e-01	-7.435887e-01	-8.799846e-01
1.565000e-01	-7.446910e-01	-8.848924e-01
1.566000e-01	-7.458060e-01	-8.898326e-01
1.567000e-01	-7.469340e-01	-8.948014e-01
1.568000e-01	-7.480750e-01	-8.997947e-01
1.569000e-01	-7.492290e-01	-9.048088e-01
1.570000e-01	-7.503961e-01	-9.098394e-01
1.571000e-01	-7.515763e-01	-9.148828e-01
1.572000e-01	-7.527693e-01	-9.199349e-01
1.573000e-01	-7.539752e-01	-9.249916e-01
1.574000e-01	-7.551937e-01	-9.300491e-01
1.575000e-01	-7.564245e-01	-9.351035e-01
1.576000e-01	-7.576673e-01	-9.401507e-01
1.577000e-01	-7.589218e-01	-9.451869e-01
1.578000e-01	-7.601875e-01	-9.502084e-01
1.579000e-01	-7.614639e-01	-9.552113e-01
1.580000e-01	-7.627506e-01	-9.601920e-01
1.581000e-01	-7.640469e-01	-9.651469e-01
1.582000e-01	-7.653523e-01	-9.700724e-01
1.583000e-01	-7.666661e-01	-9.749650e-01
1.584000e-01	-7.679878e-01	-9.798215e-01
1.585000e-01	-7.693165e-01	-9.846385e-01
1.586000e-01	-7.706517e-01	-9.894130e-01
1.587000e-01	-7.719927e-01	-9.941418e-01
1.588000e-01	-7.733387e-01	-9.988220e-01
1.589000e-01	-7.746891e-01	-1.003451e+00
1.590000e-01	-7.760432e-01	-1.008026e+00
1.591000e-01	-7.774004e-01	-1.012544e+00
1.592000e-01	-7.787600e-01	-1.017003e+00
1.593000e-01	-7.801215e-01	-1.021400e+00
1.594000e-01	-7.814842e-01	-1.025734e+00
1.595000e-01	-7.828476e-01	-1.030002e+00
1.596000e-01	-7.842113e-01	-1.034202e+00
1.597000e-01	-7.855749e-01	-1.038333e+00
1.598000e-01	-7.869378e-01	-1.042392e+00
1.599000e-01	-7.882997e-01	-1.046378e+00
1.600000e-01	-7.896603e-01	-1.050290e+00
1.601000e-01	-7.910194e-01	-1.054125e+00
1.602000e-01	-7.923766e-01	-1.057884e+00
1.603000e-01	-7.937318e-01	-1.061563e+00
1.604000e-01	-7.950848e-01	-1.065163e+00
1.605000e-01	-7.964354e-01	-1.068683e+00
1.606000e-01	-7.977835e-01	-1.072121e+00
1.607000e-01	-7.991290e-01	-1.075477e+00
1.608000e-01	-8.004718e-01	-1.078750e+00
1.609000e-01	-8.018118e-01	-1.081939e+00
1.610000e-01	-8.031488e-01	-1.085044e+00
1.611000e-01	-8.044828e-01	-1.088064e+00
1.612000e-01	-8.058137e-01	-1.091000e+00
1.613000e-01	-8.071413e-01	-1.093851e+00
1.614000e-01	-8.084653e-01	-1.096616e+00
1.615000e-01	-8.097857e-01	-1.099296e+00
1.616000e-01	-8.111022e-01	-1.101891e+00
1.617000e-01	-8.124145e-01	-1.104401e+00
1.618000e-01	-8.137222e-01	-1.106826e+00
1.619000e-01	-8.150250e-01	-1.109166e+00
1.620000e-01	-8.163224e-01	-1.111422e+00
1.621000e-01	-8.176139e-01	-1.113595e+00
1.622000e-01	-8.188990e-01	-1.115684e+00
1.623000e-01	-8.201770e-01	-1.117691e+00
1.624000e-01	-8.214474e-01	-1.119616e+00
1.625000e-01	-8.227093e-01	-1.121460e+00
1.626000e-01	-8.239621e-01	-1.123225e+00
1.627000e-01	-8.252048e-01	-1.124910e+00
1.628000e-01	-8.264366e-01	-1.126518e+00
1.629000e-01	-8.276566e-01	-1.128050e+00
1.630000e-01	-8.288639e-01	-1.129506e+00
1.631000e-01	-8.300574e-01	-1.130889e+00
1.632000e-01	-8.312362e-01	-1.132199e+00
1.633000e-01	-8.323992e-01	-1.133439e+00
1.634000e-01	-8.335454e-01	-1.134610e+00
1.635000e-01	-8.346738e-01	-1.135714e+00
1.636000e-01	-8.357832e-01	-1.136752e+00
1.637000e-01	-8.368727e-01	-1.137727e+00
1.638000e-01	-8.379413e-01	-1.138641e+00
1.639000e-01	-8.389879e-01	-1.139496e+00
1.640000e-01	-8.400117e-01	-1.140293e+00
1.641000e-01	-8.410115e-01	-1.141036e+00
1.642000e-01	-8.419866e-01	-1.141725e+00
1.643000e-01	-8.429361e-01	-1.142365e+00
1.644000e-01	-8.438591e-01	-1.142956e+00
1.645000e-01	-8.447549e-01	-1.143502e+00
1.646000e-01	-8.456227e-01	-1.144004e+00
1.647000e-01	-8.464619e-01	-1.144465e+00
1.648000e-01	-8.472719e-01	-1.144887e+00
1.649000e-01	-8.480519e-01	-1.145274e+00
1.650000e-01	-8.488015e-01	-1.145628e+00
1.651000e-01	-8.495202e-01	-1.145950e+00
1.652000e-01	-8.502077e-01	-1.146244e+00
1.653000e-01	-8.508635e-01	-1.146511e+00
1.654000e-01	-8.514874e-01	-1.146755e+00
1.655000e-01	-8.520788e-01	-1.146978e+00
1.656000e-01	-8.526377e-01	-1.147183e+00
1.657000e-01	-8.531637e-01	-1.147371e+00
1.658000e-01	-8.536565e-01	-1.147545e+00
1.659000e-01	-8.541161e-01	-1.147708e+00
1.660000e-01	-8.545420e-01	-1.147862e+00
1.661000e-01	-8.549342e-01	-1.148008e+00
1.662000e-01	-8.552923e-01	-1.148151e+00
1.663000e-01	-8.556163e-01	-1.148290e+00
1.664000e-01	-8.559057e-01	-1.148430e+00
1.665000e-01	-8.561604e-01	-1.148571e+00
1.666000e-01	-8.563801e-01	-1.148717e+00
1.667000e-01	-8.565644e-01	-1.148868e+00
1.668000e-01	-8.567131e-01	-1.149027e+00
1.669000e-01	-8.568258e-01	-1.149196e+00
1.670000e-01	-8.569022e-01	-1.149377e+00
1.671000e-01	-8.569417e-01	-1.149571e+00
1.672000e-01	-8.569440e-01	-1.149780e+00
1.673000e-01	-8.569086e-01	-1.150007e+00
1.674000e-01	-8.568351e-01	-1.150252e+00
1.675000e-01	-8.567228e-01	-1.150518e+00
1.676000e-01	-8.565714e-01	-1.150805e+00
1.677000e-01	-8.563803e-01	-1.151116e+00
1.678000e-01	-8.561489e-01	-1.151451e+00
1.679000e-01	-8.558766e-01	-1.151813e+00
1.680000e-01	-8.555630e-01	-1.152202e+00
1.681000e-01	-8.552076e-01	-1.152620e+00
1.682000e-01	-8.548098e-01	-1.153068e+00
1.683000e-01	-8.543690e-01	-1.153547e+00
1.684000e-01	-8.538850e-01	-1.154059e+00
1.685000e-01	-8.533571e-01	-1.154604e+00
1.686000e-01	-8.527851e-01	-1.155184e+00
1.687000e-01	-8.521687e-01	-1.155799e+00
1.688000e-01	-8.515074e-01	-1.156451e+00
1.689000e-01	-8.508011e-01	-1.157140e+00
1.690000e-01	-8.500497e-01	-1.157867e+00
1.691000e-01	-8.492529e-01	-1.158632e+00
1.692000e-01	-8.484109e-01	-1.159437e+00
1.693000e-01	-8.475235e-01	-1.160282e+00
1.694000e-01	-8.465910e-01	-1.161167e+00
1.695000e-01	-8.456134e-01	-1.162093e+00
1.696000e-01	-8.445911e-01	-1.163060e+00
1.697000e-01	-8.435243e-01	-1.164069e+00
1.698000e-01	-8.424135e-01	-1.165119e+00
1.699000e-01	-8.412591e-01	-1.166212e+00
1.700000e-01	-8.400617e-01	-1.167346e+00
1.701000e-01	-8.388217e-01	-1.168523e+00
1.702000e-01	-8.375399e-01	-1.169741e+00
1.703000e-01	-8.362169e-01	-1.171001e+00
1.704000e-01	-8.348534e-01	-1.172302e+00
1.705000e-01	-8.334503e-01	-1.173645e+00
1.706000e-01	-8.320083e-01	-1.175028e+00
1.707000e-01	-8.305283e-01	-1.176452e+00
1.708000e-01	-8.290111e-01	-1.177915e+00
1.709000e-01	-8.274576e-01	-1.179417e+00
1.710000e-01	-8.258685e-01	-1.180958e+00
1.711000e-01	-8.242449e-01	-1.182536e+00
1.712000e-01	-8.225876e-01	-1.184151e+00
1.713000e-01	-8.208975e-01	-1.185801e+00
1.714000e-01	-8.191753e-01	-1.187486e+00
1.715000e-01	-8.174219e-01	-1.189205e+00
1.716000e-01	-8.156381e-01	-1.190956e+00
1.717000e-01	-8.138248e-01	-1.192738e+00
1.718000e-01	-8.119826e-01	-1.194551e+00
1.719000e-01	-8.101123e-01	-1.196391e+00
1.720000e-01	-8.082145e-01	-1.198259e+00
1.721000e-01	-8.062900e-01	-1.200153e+00
1.722000e-01	-8.043393e-01	-1.202071e+00
1.723000e-01	-8.023632e-01	-1.204012e+00
1.724000e-01	-8.003621e-01	-1.205974e+00
1.725000e-01	-7.983366e-01	-1.207955e+00
1.726000e-01	-7.962873e-01	-1.209954e+00
1.727000e-01	-7.942146e-01	-1.211969e+00
1.728000e-01	-7.921192e-01	-1.213998e+00
1.729000e-01	-7.900014e-01	-1.216040e+00
1.730000e-01	-7.878618e-01	-1.218092e+00
1.731000e-01	-7.857010e-01	-1.220153e+00
1.732000e-01	-7.835193e-01	-1.222221e+00
1.733000e-01	-7.813174e-01	-1.224294e+00
1.734000e-01	-7.790957e-01	-1.226370e+00
1.735000e-01	-7.768548e-01	-1.228447e+00
1.736000e-01	-7.745953e-01	-1.230523e+00
1.737000e-01	-7.723178e-01	-1.232596e+00
1.738000e-01	-7.700229e-01	-1.234665e+00
1.739000e-01	-7.677114e-01	-1.236726e+00
1.740000e-01	-7.653838e-01	-1.238779e+00
1.741000e-01	-7.630411e-01	-1.240820e+00
1.742000e-01	-7.606839e-01	-1.242849e+00
1.743000e-01	-7.583131e-01	-1.244862e+00
1.744000e-01	-7.559296e-01	-1.246859e+00
1.745000e-01	-7.535343e-01	-1.248836e+00
1.746000e-01	-7.511281e-01	-1.250791e+00
1.747000e-01	-7.487120e-01	-1.252724e+00
1.748000e-01	-7.462870e-01	-1.254631e+00
1.749000e-01	-7.438542e-01	-1.256510e+00
1.750000e-01	-7.414146e-01	-1.258360e+00
1.751000e-01	-7.389693e-01	-1.260179e+00
1.752000e-01	-7.365194e-01	-1.261964e+00
1.753000e-01	-7.340660e-01	-1.263713e+00
1.754000e-01	-7.316102e-01	-1.265424e+00
1.755000e-01	-7.291532e-01	-1.267096e+00
1.756000e-01	-7.266959e-01	-1.268726e+00
1.757000e-01	-7.242396e-01	-1.270312e+00
1.758000e-01	-7.217852e-01	-1.271853e+00
1.759000e-01	-7.193338e-01	-1.273346e+00
1.760000e-01	-7.168864e-01	-1.274789e+00
1.761000e-01	-7.144440e-01	-1.276182e+00
1.762000e-01	-7.120076e-01	-1.277521e+00
1.763000e-01	-7.095779e-01	-1.278805e+00
1.764000e-01	-7.071559e-01	-1.280032e+00
1.765000e-01	-7.047424e-01	-1.281201e+00
1.766000e-01	-7.023380e-01	-1.282310e+00
1.767000e-01	-6.999436e-01	-1.283357e+00
1.768000e-01	-6.975598e-01	-1.284340e+00
1.769000e-01	-6.951871e-01	-1.285258e+00
1.770000e-01	-6.928262e-01	-1.286110e+00
1.771000e-01	-6.904775e-01	-1.286894e+00
1.772000e-01	-6.881414e-01	-1.287609e+00
1.773000e-01	-6.858185e-01	-1.288253e+00
1.774000e-01	-6.835090e-01	-1.288825e+00
1.775000e-01	-6.812133e-01	-1.289324e+00
1.776000e-01	-6.789317e-01	-1.289749e+00
1.777000e-01	-6.766643e-01	-1.290099e+00
1.778000e-01	-6.744114e-01	-1.290373e+00
1.779000e-01	-6.721730e-01	-1.290572e+00
1.780000e-01	-6.699491e-01	-1.290694e+00
1.781000e-01	-6.677397e-01	-1.290739e+00
1.782000e-01	-6.655447e-01	-1.290708e+00
1.783000e-01	-6.633639e-01	-1.290601e+00
1.784000e-01	-6.611972e-01	-1.290418e+00
1.785000e-01	-6.590442e-01	-1.290160e+00
1.786000e-01	-6.569047e-01	-1.289829e+00
1.787000e-01	-6.547784e-01	-1.289425e+00
1.788000e-01	-6.526650e-01	-1.288950e+00
1.789000e-01	-6.505640e-01	-1.288405e+00
1.790000e-01	-6.484752e-01	-1.287792e+00
1.791000e-01	-6.463982e-01	-1.287113e+00
1.792000e-01	-6.443328e-01	-1.286369e+00
1.793000e-01	-6.422785e-01	-1.285562e+00
1.794000e-01	-6.402353e-01	-1.284695e+00
1.795000e-01	-6.382029e-01	-1.283770e+00
1.796000e-01	-6.361813e-01	-1.282787e+00
1.797000e-01	-6.341703e-01	-1.281750e+00
1.798000e-01	-6.321701e-01	-1.280660e+00
1.799000e-01	-6.301808e-01	-1.279519e+00
1.800000e-01	-6.282026e-01	-1.278328e+00
1.801000e-01	-6.262359e-01	-1.277089e+00
1.802000e-01	-6.242810e-01	-1.275803e+00
1.803000e-01	-6.223386e-01	-1.274471e+00
1.804000e-01	-6.204092e-01	-1.273094e+00
1.805000e-01	-6.184936e-01	-1.271673e+00
1.806000e-01	-6.165926e-01	-1.270209e+00
1.807000e-01	-6.147072e-01	-1.268701e+00
1.808000e-01	-6.128383e-01	-1.267151e+00
1.809000e-01	-6.109872e-01	-1.265558e+00
1.810000e-01	-6.091548e-01	-1.263921e+00
1.811000e-01	-6.073426e-01	-1.262241e+00
1.812000e-01	-6.055517e-01	-1.260517e+00
1.813000e-01	-6.037835e-01	-1.258749e+00
1.814000e-01	-6.020393e-01	-1.256936e+00
1.815000e-01	-6.003206e-01	-1.255077e+00
1.816000e-01	-5.986287e-01	-1.253172e+00
1.817000e-01	-5.969650e-01	-1.251219e+00
1.818000e-01	-5.953308e-01	-1.249219e+00
1.819000e-01	-5.937276e-01	-1.247171e+00
1.820000e-01	-5.921566e-01	-1.245074e+00
1.821000e-01	-5.906191e-01	-1.242927e+00
1.822000e-01	-5.891164e-01	-1.240731e+00
1.823000e-01	-5.876494e-01	-1.238486e+00
1.824000e-01	-5.862189e-01	-1.236192e+00
1.825000e-01	-5.848250e-01	-1.233852e+00
1.826000e-01	-5.834676e-01	-1.231469e+00
1.827000e-01	-5.821466e-01	-1.229046e+00
1.828000e-01	-5.808619e-01	-1.226586e+00
1.829000e-01	-5.796137e-01	-1.224092e+00
1.830000e-01	-5.784017e-01	-1.221566e+00
1.831000e-01	-5.772261e-01	-1.219013e+00
1.832000e-01	-5.760869e-01	-1.216434e+00
1.833000e-01	-5.749843e-01	-1.213833e+00
1.834000e-01	-5.739186e-01	-1.211212e+00
1.835000e-01	-5.728899e-01	-1.208575e+00
1.836000e-01	-5.718982e-01	-1.205926e+00
1.837000e-01	-5.709437e-01	-1.203267e+00
1.838000e-01	-5.700265e-01	-1.200601e+00
1.839000e-01	-5.691469e-01	-1.197934e+00
1.840000e-01	-5.683050e-01	-1.195267e+00
1.841000e-01	-5.675010e-01	-1.192605e+00
1.842000e-01	-5.667353e-01	-1.189950e+00
1.843000e-01	-5.660081e-01	-1.187308e+00
1.844000e-01	-5.653197e-01	-1.184680e+00
1.845000e-01	-5.646704e-01	-1.182072e+00
1.846000e-01	-5.640605e-01	-1.179485e+00
1.847000e-01	-5.634904e-01	-1.176925e+00
1.848000e-01	-5.629604e-01	-1.174394e+00
1.849000e-01	-5.624709e-01	-1.171897e+00
1.850000e-01	-5.620221e-01	-1.169436e+00
1.851000e-01	-5.616144e-01	-1.167016e+00
1.852000e-01	-5.612482e-01	-1.164640e+00
1.853000e-01	-5.609236e-01	-1.162311e+00
1.854000e-01	-5.606409e-01	-1.160034e+00
1.855000e-01	-5.604004e-01	-1.157811e+00
1.856000e-01	-5.602022e-01	-1.155646e+00
1.857000e-01	-5.600465e-01	-1.153542e+00
1.858000e-01	-5.599333e-01	-1.151504e+00
1.859000e-01	-5.598628e-01	-1.149533e+00
1.860000e-01	-5.598348e-01	-1.147634e+00
1.861000e-01	-5.598494e-01	-1.145809e+00
1.862000e-01	-5.599065e-01	-1.144062e+00
1.863000e-01	-5.600058e-01	-1.142396e+00
1.864000e-01	-5.601472e-01	-1.140814e+00
1.865000e-01	-5.603303e-01	-1.139319e+00
1.866000e-01	-5.605549e-01	-1.137913e+00
1.867000e-01	-5.608206e-01	-1.136600e+00
1.868000e-01	-5.611268e-01	-1.135381e+00
1.869000e-01	-5.614732e-01	-1.134260e+00
1.870000e-01	-5.618592e-01	-1.133240e+00
1.871000e-01	-5.622843e-01	-1.132321e+00
1.872000e-01	-5.627478e-01	-1.131507e+00
1.873000e-01	-5.632491e-01	-1.130799e+00
1.874000e-01	-5.637876e-01	-1.130199e+00
1.875000e-01	-5.643626e-01	-1.129710e+00
1.876000e-01	-5.649733e-01	-1.129333e+00
1.877000e-01	-5.656192e-01	-1.129068e+00
1.878000e-01	-5.662994e-01	-1.128918e+00
1.879000e-01	-5.670132e-01	-1.128884e+00
1.880000e-01	-5.677600e-01	-1.128967e+00
1.881000e-01	-5.685391e-01	-1.129167e+00
1.882000e-01	-5.693497e-01	-1.129485e+00
1.883000e-01	-5.701911e-01	-1.129922e+00
1.884000e-01	-5.710628e-01	-1.130477e+00
1.885000e-01	-5.719640e-01	-1.131152e+00
1.886000e-01	-5.728942e-01	-1.131946e+00
1.887000e-01	-5.738528e-01	-1.132859e+00
1.888000e-01	-5.748391e-01	-1.133891e+00
1.889000e-01	-5.758527e-01	-1.135040e+00
1.890000e-01	-5.768929e-01	-1.136307e+00
1.891000e-01	-5.779594e-01	-1.137690e+00
1.892000e-01	-5.790515e-01	-1.139189e+00
1.893000e-01	-5.801688e-01	-1.140802e+00
1.894000e-01	-5.813109e-01	-1.142529e+00
1.895000e-01	-5.824774e-01	-1.144367e+00
1.896000e-01	-5.836678e-01	-1.146314e+00
1.897000e-01	-5.848816e-01	-1.148371e+00
1.898000e-01	-5.861185e-01	-1.150534e+00
1.899000e-01	-5.873780e-01	-1.152801e+00
1.900000e-01	-5.886597e-01	-1.155171e+00
1.901000e-01	-5.899631e-01	-1.157641e+00
1.902000e-01	-5.912878e-01	-1.160209e+00
1.903000e-01	-5.926334e-01	-1.162872e+00
1.904000e-01	-5.939992e-01	-1.165629e+00
1.905000e-01	-5.953848e-01	-1.168476e+00
1.906000e-01	-5.967898e-01	-1.171411e+00
1.907000e-01	-5.982134e-01	-1.174432e+00
1.908000e-01	-5.996551e-01	-1.177534e+00
1.909000e-01	-6.011143e-01	-1.180716e+00
1.910000e-01	-6.025904e-01	-1.183974e+00
1.911000e-01	-6.040825e-01	-1.187306e+00
1.912000e-01	-6.055902e-01	-1.190709e+00
1.913000e-01	-6.071125e-01	-1.194178e+00
1.914000e-01	-6.086488e-01	-1.197712e+00
1.915000e-01	-6.101983e-01	-1.201307e+00
1.916000e-01	-6.117600e-01	-1.204960e+00
1.917000e-01	-6.133333e-01	-1.208668e+00
1.918000e-01	-6.149173e-01	-1.212427e+00
1.919000e-01	-6.165111e-01	-1.216233e+00
1.920000e-01	-6.181139e-01	-1.220085e+00
1.921000e-01	-6.197247e-01	-1.223978e+00
1.922000e-01	-6.213428e-01	-1.227909e+00
1.923000e-01	-6.229673e-01	-1.231875e+00
1.924000e-01	-6.245973e-01	-1.235872e+00
1.925000e-01	-6.262320e-01	-1.239897e+00
1.926000e-01	-6.278706e-01	-1.243947e+00
1.927000e-01	-6.295123e-01	-1.248018e+00
1.928000e-01	-6.311564e-01	-1.252107e+00
1.929000e-01	-6.328021e-01	-1.256211e+00
1.930000e-01	-6.344487e-01	-1.260326e+00
1.931000e-01	-6.360956e-01	-1.264450e+00
1.932000e-01	-6.377421e-01	-1.268578e+00
1.933000e-01	-6.393877e-01	-1.272708e+00
1.934000e-01	-6.410319e-01	-1.276837e+00
1.935000e-01	-6.426740e-01	-1.280961e+00
1.936000e-01	-6.443138e-01	-1.285078e+00
1.937000e-01	-6.459507e-01	-1.289183e+00
1.938000e-01	-6.475845e-01	-1.293276e+00
1.939000e-01	-6.492147e-01	-1.297352e+00
1.940000e-01	-6.508411e-01	-1.301409e+00
1.941000e-01	-6.524634e-01	-1.305443e+00
1.942000e-01	-6.540814e-01	-1.309454e+00
1.943000e-01	-6.556949e-01	-1.313437e+00
1.944000e-01	-6.573037e-01	-1.317390e+00
1.945000e-01	-6.589077e-01	-1.321312e+00
1.946000e-01	-6.605067e-01	-1.325199e+00
1.947000e-01	-6.621006e-01	-1.329049e+00
1.948000e-01	-6.636894e-01	-1.332861e+00
1.949000e-01	-6.652729e-01	-1.336633e+00
1.950000e-01	-6.668510e-01	-1.340362e+00
1.951000e-01	-6.684237e-01	-1.344047e+00
1.952000e-01	-6.699908e-01	-1.347686e+00
1.953000e-01	-6.715522e-01	-1.351278e+00
1.954000e-01	-6.731078e-01	-1.354821e+00
1.955000e-01	-6.746575e-01	-1.358315e+00
1.956000e-01	-6.762011e-01	-1.361757e+00
1.957000e-01	-6.777386e-01	-1.365147e+00
1.958000e-01	-6.792696e-01	-1.368483e+00
1.959000e-01	-6.807941e-01	-1.371766e+00
1.960000e-01	-6.823118e-01	-1.374994e+00
1.961000e-01	-6.838225e-01	-1.378166e+00
1.962000e-01	-6.853260e-01	-1.381283e+00
1.963000e-01	-6.868219e-01	-1.384343e+00
1.964000e-01	-6.883101e-01	-1.387346e+00
1.965000e-01	-6.897903e-01	-1.390292e+00
1.966000e-01	-6.912622e-01	-1.393181e+00
1.967000e-01	-6.927255e-01	-1.396013e+00
1.968000e-01	-6.941799e-01	-1.398788e+00
1.969000e-01	-6.956251e-01	-1.401506e+00
1.970000e-01	-6.970609e-01	-1.404166e+00
1.971000e-01	-6.984869e-01	-1.406770e+00
1.972000e-01	-6.999029e-01	-1.409317e+00
1.973000e-01	-7.013086e-01	-1.411808e+00
1.974000e-01	-7.027038e-01	-1.414243e+00
1.975000e-01	-7.040883e-01	-1.416622e+00
1.976000e-01	-7.054619e-01	-1.418947e+00
1.977000e-01	-7.068244e-01	-1.421217e+00
1.978000e-01	-7.081757e-01	-1.423433e+00
1.979000e-01	-7.095156e-01	-1.425596e+00
1.980000e-01	-7.108441e-01	-1.427706e+00
1.981000e-01	-7.121611e-01	-1.429764e+00
1.982000e-01	-7.134666e-01	-1.431771e+00
1.983000e-01	-7.147606e-01	-1.433727e+00
1.984000e-01	-7.160432e-01	-1.435634e+00
1.985000e-01	-7.173144e-01	-1.437491e+00
1.986000e-01	-7.185743e-01	-1.439301e+00
1.987000e-01	-7.198230e-01	-1.441062e+00
1.988000e-01	-7.210607e-01	-1.442778e+00
1.989000e-01	-7.222877e-01	-1.444448e+00
1.990000e-01	-7.235040e-01	-1.446073e+00
1.991000e-01	-7.247099e-01	-1.447654e+00
1.992000e-01	-7.259057e-01	-1.449193e+00
1.993000e-01	-7.270916e-01	-1.450690e+00
1.994000e-01	-7.282678e-01	-1.452146e+00
1.995000e-01	-7.294347e-01	-1.453562e+00
1.996000e-01	-7.305924e-01	-1.454940e+00
1.997000e-01	-7.317413e-01	-1.456281e+00
1.998000e-01	-7.328817e-01	-1.457585e+00
1.999000e-01	-7.340137e-01	-1.458854e+00
2.000000e-01	-7.351377e-01	-1.460090e+00
2.001000e-01	-7.362538e-01	-1.461292e+00
2.002000e-01	-7.373623e-01	-1.462463e+00
2.003000e-01	-7.384635e-01	-1.463604e+00
2.004000e-01	-7.395575e-01	-1.464716e+00
2.005000e-01	-7.406446e-01	-1.465800e+00
2.006000e-01	-7.417247e-01	-1.466858e+00
2.007000e-01	-7.427983e-01	-1.467890e+00
2.008000e-01	-7.438652e-01	-1.468900e+00
2.009000e-01	-7.449258e-01	-1.469886e+00
2.010000e-01	-7.459800e-01	-1.470852e+00
2.011000e-01	-7.470280e-01	-1.471798e+00
2.012000e-01	-7.480698e-01	-1.472726e+00
2.013000e-01	-7.491054e-01	-1.473637e+00
2.014000e-01	-7.501351e-01	-1.474533e+00
2.015000e-01	-7.511587e-01	-1.475414e+00
2.016000e-01	-7.521764e-01	-1.476282e+00
2.017000e-01	-7.531882e-01	-1.477139e+00
2.018000e-01	-7.541941e-01	-1.477985e+00
2.019000e-01	-7.551942e-01	-1.478823e+00
2.020000e-01	-7.561886e-01	-1.479653e+00
2.021000e-01	-7.571773e-01	-1.480476e+00
2.022000e-01	-7.581605e-01	-1.481295e+00
2.023000e-01	-7.591382e-01	-1.482109e+00
2.024000e-01	-7.601106e-01	-1.482921e+00
2.025000e-01	-7.610779e-01	-1.483731e+00
2.026000e-01	-7.620401e-01	-1.484541e+00
2.027000e-01	-7.629976e-01	-1.485351e+00
2.028000e-01	-7.639505e-01	-1.486163e+00
2.029000e-01	-7.648991e-01	-1.486979e+00
2.030000e-01	-7.658436e-01	-1.487798e+00
2.031000e-01	-7.667845e-01	-1.488622e+00
2.032000e-01	-7.677220e-01	-1.489453e+00
2.033000e-01	-7.686564e-01	-1.490290e+00
2.034000e-01	-7.695882e-01	-1.491136e+00
2.035000e-01	-7.705178e-01	-1.491991e+00
2.036000e-01	-7.714456e-01	-1.492856e+00
2.037000e-01	-7.723720e-01	-1.493732e+00
2.038000e-01	-7.732976e-01	-1.494620e+00
2.039000e-01	-7.742228e-01	-1.495521e+00
2.040000e-01	-7.751481e-01	-1.496436e+00
2.041000e-01	-7.760740e-01	-1.497365e+00
2.042000e-01	-7.770009e-01	-1.498311e+00
2.043000e-01	-7.779296e-01	-1.499273e+00
2.044000e-01	-7.788603e-01	-1.500253e+00
2.045000e-01	-7.797937e-01	-1.501251e+00
2.046000e-01	-7.807302e-01	-1.502269e+00
2.047000e-01	-7.816704e-01	-1.503307e+00
2.048000e-01	-7.826146e-01	-1.504366e+00
2.049000e-01	-7.835635e-01	-1.505447e+00
2.050000e-01	-7.845174e-01	-1.506552e+00
2.051000e-01	-7.854767e-01	-1.507679e+00
2.052000e-01	-7.864419e-01	-1.508832e+00
2.053000e-01	-7.874134e-01	-1.510010e+00
2.054000e-01	-7.883916e-01	-1.511214e+00
2.055000e-01	-7.893767e-01	-1.512445e+00
2.056000e-01	-7.903692e-01	-1.513703e+00
2.057000e-01	-7.913692e-01	-1.514990e+00
2.058000e-01	-7.923772e-01	-1.516306e+00
2.059000e-01	-7.933934e-01	-1.517651e+00
2.060000e-01	-7.944180e-01	-1.519027e+00
2.061000e-01	-7.954512e-01	-1.520433e+00
2.062000e-01	-7.964933e-01	-1.521870e+00
2.063000e-01	-7.975444e-01	-1.523339e+00
2.064000e-01	-7.986047e-01	-1.524840e+00
2.065000e-01	-7.996744e-01	-1.526373e+00
2.066000e-01	-8.007536e-01	-1.527938e+00
2.067000e-01	-8.018424e-01	-1.529536e+00
2.068000e-01	-8.029411e-01	-1.531167e+00
2.069000e-01	-8.040498e-01	-1.532829e+00
2.070000e-01	-8.051685e-01	-1.534525e+00
2.071000e-01	-8.062974e-01	-1.536252e+00
2.072000e-01	-8.074366e-01	-1.538012e+00
2.073000e-01	-8.085863e-01	-1.539803e+00
2.074000e-01	-8.097465e-01	-1.541626e+00
2.075000e-01	-8.109175e-01	-1.543479e+00
2.076000e-01	-8.120994e-01	-1.545363e+00
2.077000e-01	-8.132922e-01	-1.547275e+00
2.078000e-01	-8.144962e-01	-1.549217e+00
2.079000e-01	-8.157115e-01	-1.551186e+00
2.080000e-01	-8.169382e-01	-1.553182e+00
2.081000e-01	-8.181766e-01	-1.555204e+00
2.082000e-01	-8.194266e-01	-1.557250e+00
2.083000e-01	-8.206886e-01	-1.559320e+00
2.084000e-01	-8.219626e-01	-1.561413e+00
2.085000e-01	-8.232488e-01	-1.563526e+00
2.086000e-01	-8.245473e-01	-1.565659e+00
2.087000e-01	-8.258582e-01	-1.567810e+00
2.088000e-01	-8.271818e-01	-1.569978e+00
2.089000e-01	-8.285180e-01	-1.572160e+00
2.090000e-01	-8.298669e-01	-1.574356e+00
2.091000e-01	-8.312287e-01	-1.576564e+00
2.092000e-01	-8.326034e-01	-1.578781e+00
2.093000e-01	-8.339909e-01	-1.581006e+00
2.094000e-01	-8.353914e-01	-1.583238e+00
2.095000e-01	-8.368048e-01	-1.585474e+00
2.096000e-01	-8.382310e-01	-1.587713e+00
2.097000e-01	-8.396700e-01	-1.589951e+00
2.098000e-01	-8.411216e-01	-1.592188e+00
2.099000e-01	-8.425857e-01	-1.594422e+00
2.100000e-01	-8.440622e-01	-1.596649e+00
2.101000e-01	-8.455508e-01	-1.598869e+00
2.102000e-01	-8.470513e-01	-1.601079e+00
2.103000e-01	-8.485634e-01	-1.603276e+00
2.104000e-01	-8.500869e-01	-1.605459e+00
2.105000e-01	-8.516214e-01	-1.607625e+00
2.106000e-01	-8.531665e-01	-1.609772e+00
2.107000e-01	-8.547219e-01	-1.611898e+00
2.108000e-01	-8.562871e-01	-1.614000e+00
2.109000e-01	-8.578618e-01	-1.616077e+00
2.110000e-01	-8.594454e-01	-1.618125e+00
2.111000e-01	-8.610374e-01	-1.620142e+00
2.112000e-01	-8.626375e-01	-1.622127e+00
2.113000e-01	-8.642450e-01	-1.624076e+00
2.114000e-01	-8.658594e-01	-1.625988e+00
2.115000e-01	-8.674802e-01	-1.627859e+00
2.116000e-01	-8.691069e-01	-1.629688e+00
2.117000e-01	-8.707389e-01	-1.631472e+00
2.118000e-01	-8.723756e-01	-1.633208e+00
2.119000e-01	-8.740165e-01	-1.634896e+00
2.120000e-01	-8.756611e-01	-1.636531e+00
2.121000e-01	-8.773087e-01	-1.638111e+00
2.122000e-01	-8.789588e-01	-1.639636e+00
2.123000e-01	-8.806109e-01	-1.641101e+00
2.124000e-01	-8.822644e-01	-1.642506e+00
2.125000e-01	-8.839189e-01	-1.643847e+00
2.126000e-01	-8.855737e-01	-1.645123e+00
2.127000e-01	-8.872284e-01	-1.646331e+00
2.128000e-01	-8.888824e-01	-1.647470e+00
2.129000e-01	-8.905352e-01	-1.648538e+00
2.130000e-01	-8.921864e-01	-1.649532e+00
2.131000e-01	-8.938355e-01	-1.650452e+00
2.132000e-01	-8.954820e-01	-1.651294e+00
2.133000e-01	-8.971253e-01	-1.652059e+00
2.134000e-01	-8.987652e-01	-1.652743e+00
2.135000e-01	-9.004010e-01	-1.653347e+00
2.136000e-01	-9.020323e-01	-1.653868e+00
2.137000e-01	-9.036587e-01	-1.654305e+00
2.138000e-01	-9.052797e-01	-1.654658e+00
2.139000e-01	-9.068949e-01	-1.654925e+00
2.140000e-01	-9.085037e-01	-1.655105e+00
2.141000e-01	-9.101058e-01	-1.655198e+00
2.142000e-01	-9.117007e-01	-1.655204e+00
2.143000e-01	-9.132878e-01	-1.655121e+00
2.144000e-01	-9.148668e-01	-1.654950e+00
2.145000e-01	-9.164371e-01	-1.654690e+00
2.146000e-01	-9.179982e-01	-1.654342e+00
2.147000e-01	-9.195497e-01	-1.653905e+00
2.148000e-01	-9.210909e-01	-1.653380e+00
2.149000e-01	-9.226216e-01	-1.652767e+00
2.150000e-01	-9.241410e-01	-1.652067e+00
2.151000e-01	-9.256486e-01	-1.651281e+00
2.152000e-01	-9.271440e-01	-1.650408e+00
2.153000e-01	-9.286266e-01	-1.649451e+00
2.154000e-01	-9.300958e-01	-1.648410e+00
2.155000e-01	-9.315512e-01	-1.647286e+00
2.156000e-01	-9.329920e-01	-1.646081e+00
2.157000e-01	-9.344179e-01	-1.644796e+00
2.158000e-01	-9.358282e-01	-1.643433e+00
2.159000e-01	-9.372225e-01	-1.641994e+00
2.160000e-01	-9.386000e-01	-1.640479e+00
2.161000e-01	-9.399605e-01	-1.638892e+00
2.162000e-01	-9.413032e-01	-1.637233e+00
2.163000e-01	-9.426277e-01	-1.635506e+00
2.164000e-01	-9.439336e-01	-1.633711e+00
2.165000e-01	-9.452202e-01	-1.631853e+00
2.166000e-01	-9.464871e-01	-1.629932e+00
2.167000e-01	-9.477339e-01	-1.627951e+00
2.168000e-01	-9.489601e-01	-1.625913e+00
2.169000e-01	-9.501653e-01	-1.623821e+00
2.170000e-01	-9.513491e-01	-1.621676e+00
2.171000e-01	-9.525111e-01	-1.619483e+00
2.172000e-01	-9.536509e-01	-1.617243e+00
2.173000e-01	-9.547681e-01	-1.614959e+00
2.174000e-01	-9.558625e-01	-1.612635e+00
2.175000e-01	-9.569337e-01	-1.610273e+00
2.176000e-01	-9.579814e-01	-1.607876e+00
2.177000e-01	-9.590054e-01	-1.605448e+00
2.178000e-01	-9.600054e-01	-1.602992e+00
2.179000e-01	-9.609810e-01	-1.600510e+00
2.180000e-01	-9.619323e-01	-1.598006e+00
2.181000e-01	-9.628587e-01	-1.595483e+00
2.182000e-01	-9.637603e-01	-1.592945e+00
2.183000e-01	-9.646368e-01	-1.590394e+00
2.184000e-01	-9.654880e-01	-1.587835e+00
2.185000e-01	-9.663137e-01	-1.585270e+00
2.186000e-01	-9.671137e-01	-1.582703e+00
2.187000e-01	-9.678879e-01	-1.580138e+00
2.188000e-01	-9.686362e-01	-1.577577e+00
2.189000e-01	-9.693583e-01	-1.575024e+00
2.190000e-01	-9.700540e-01	-1.572483e+00
2.191000e-01	-9.707233e-01	-1.569957e+00
2.192000e-01	-9.713660e-01	-1.567449e+00
2.193000e-01	-9.719818e-01	-1.564963e+00
2.194000e-01	-9.725706e-01	-1.562502e+00
2.195000e-01	-9.731322e-01	-1.560070e+00
2.196000e-01	-9.736664e-01	-1.557669e+00
2.197000e-01	-9.741731e-01	-1.555304e+00
2.198000e-01	-9.746520e-01	-1.552977e+00
2.199000e-01	-9.751029e-01	-1.550691e+00
2.200000e-01	-9.755256e-01	-1.548450e+00
2.201000e-01	-9.759198e-01	-1.546257e+00
2.202000e-01	-9.762855e-01	-1.544114e+00
2.203000e-01	-9.766222e-01	-1.542025e+00
2.204000e-01	-9.769298e-01	-1.539992e+00
2.205000e-01	-9.772081e-01	-1.538018e+00
2.206000e-01	-9.774567e-01	-1.536107e+00
2.207000e-01	-9.776755e-01	-1.534259e+00
2.208000e-01	-9.778642e-01	-1.532478e+00
2.209000e-01	-9.780226e-01	-1.530767e+00
2.210000e-01	-9.781503e-01	-1.529127e+00
2.211000e-01	-9.782472e-01	-1.527560e+00
2.212000e-01	-9.783130e-01	-1.526069e+00
2.213000e-01	-9.783475e-01	-1.524656e+00
2.214000e-01	-9.783504e-01	-1.523322e+00
2.215000e-01	-9.783215e-01	-1.522068e+00
2.216000e-01	-9.782606e-01	-1.520897e+00
2.217000e-01	-9.781675e-01	-1.519810e+00
2.218000e-01	-9.780418e-01	-1.518809e+00
2.219000e-01	-9.778836e-01	-1.517893e+00
2.220000e-01	-9.776924e-01	-1.517065e+00
2.221000e-01	-9.774682e-01	-1.516325e+00
2.222000e-01	-9.772107e-01	-1.515674e+00
2.223000e-01	-9.769197e-01	-1.515113e+00
2.224000e-01	-9.765952e-01	-1.514643e+00
2.225000e-01	-9.762368e-01	-1.514263e+00
2.226000e-01	-9.758444e-01	-1.513974e+00
2.227000e-01	-9.754180e-01	-1.513777e+00
2.228000e-01	-9.749572e-01	-1.513672e+00
2.229000e-01	-9.744619e-01	-1.513658e+00
2.230000e-01	-9.739320e-01	-1.513735e+00
2.231000e-01	-9.733674e-01	-1.513904e+00
2.232000e-01	-9.727678e-01	-1.514164e+00
2.233000e-01	-9.721330e-01	-1.514514e+00
2.234000e-01	-9.714630e-01	-1.514955e+00
2.235000e-01	-9.707575e-01	-1.515486e+00
2.236000e-01	-9.700164e-01	-1.516106e+00
2.237000e-01	-9.692395e-01	-1.516814e+00
2.238000e-01	-9.684266e-01	-1.517610e+00
2.239000e-01	-9.675776e-01	-1.518493e+00
2.240000e-01	-9.666921e-01	-1.519462e+00
2.241000e-01	-9.657701e-01	-1.520517e+00
2.242000e-01	-9.648113e-01	-1.521655e+00
2.243000e-01	-9.638154e-01	-1.522877e+00
2.244000e-01	-9.627824e-01	-1.524180e+00
2.245000e-01	-9.617119e-01	-1.525564e+00
2.246000e-01	-9.606038e-01	-1.527027e+00
2.247000e-01	-9.594577e-01	-1.528569e+00
2.248000e-01	-9.582734e-01	-1.530187e+00
2.249000e-01	-9.570508e-01	-1.531880e+00
2.250000e-01	-9.557895e-01	-1.533647e+00
2.251000e-01	-9.544894e-01	-1.535487e+00
2.252000e-01	-9.531500e-01	-1.537397e+00
2.253000e-01	-9.517714e-01	-1.539377e+00
2.254000e-01	-9.503530e-01	-1.541424e+00
2.255000e-01	-9.488949e-01	-1.543536e+00
2.256000e-01	-9.473966e-01	-1.545713e+00
2.257000e-01	-9.458580e-01	-1.547952e+00
2.258000e-01	-9.442789e-01	-1.550251e+00
2.259000e-01	-9.426590e-01	-1.552609e+00
2.260000e-01	-9.409981e-01	-1.555023e+00
2.261000e-01	-9.392962e-01	-1.557492e+00
2.262000e-01	-9.375529e-01	-1.560014e+00
2.263000e-01	-9.357681e-01	-1.562587e+00
2.264000e-01	-9.339416e-01	-1.565208e+00
2.265000e-01	-9.320734e-01	-1.567876e+00
2.266000e-01	-9.301633e-01	-1.570589e+00
2.267000e-01	-9.282112e-01	-1.573344e+00
2.268000e-01	-9.262170e-01	-1.576140e+00
2.269000e-01	-9.241806e-01	-1.578975e+00
2.270000e-01	-9.221020e-01	-1.581846e+00
2.271000e-01	-9.199811e-01	-1.584751e+00
2.272000e-01	-9.178180e-01	-1.587688e+00
2.273000e-01	-9.156125e-01	-1.590656e+00
2.274000e-01	-9.133648e-01	-1.593652e+00
2.275000e-01	-9.110748e-01	-1.596675e+00
2.276000e-01	-9.087425e-01	-1.599721e+00
2.277000e-01	-9.063681e-01	-1.602790e+00
2.278000e-01	-9.039516e-01	-1.605879e+00
2.279000e-01	-9.014931e-01	-1.608986e+00
2.280000e-01	-8.989926e-01	-1.612110e+00
2.281000e-01	-8.964504e-01	-1.615248e+00
2.282000e-01	-8.938665e-01	-1.618399e+00
2.283000e-01	-8.912410e-01	-1.621561e+00
2.284000e-01	-8.885741e-01	-1.624732e+00
2.285000e-01	-8.858661e-01	-1.627911e+00
2.286000e-01	-8.831169e-01	-1.631096e+00
2.287000e-01	-8.803269e-01	-1.634285e+00
2.288000e-01	-8.774963e-01	-1.637476e+00
2.289000e-01	-8.746251e-01	-1.640669e+00
2.290000e-01	-8.717138e-01	-1.643862e+00
2.291000e-01	-8.687624e-01	-1.647052e+00
2.292000e-01	-8.657713e-01	-1.650240e+00
2.293000e-01	-8.627407e-01	-1.653423e+00
2.294000e-01	-8.596709e-01	-1.656600e+00
2.295000e-01	-8.565621e-01	-1.659770e+00
2.296000e-01	-8.534147e-01	-1.662932e+00
2.297000e-01	-8.502289e-01	-1.666084e+00
2.298000e-01	-8.470051e-01	-1.669225e+00
2.299000e-01	-8.437437e-01	-1.672354e+00
2.300000e-01	-8.404449e-01	-1.675471e+00
2.301000e-01	-8.371092e-01	-1.678573e+00
2.302000e-01	-8.337370e-01	-1.681661e+00
2.303000e-01	-8.303286e-01	-1.684732e+00
2.304000e-01	-8.268845e-01	-1.687786e+00
2.305000e-01	-8.234051e-01	-1.690822e+00
2.306000e-01	-8.198909e-01	-1.693839e+00
2.307000e-01	-8.163423e-01	-1.696836e+00
2.308000e-01	-8.127599e-01	-1.699812e+00
2.309000e-01	-8.091442e-01	-1.702766e+00
2.310000e-01	-8.054957e-01	-1.705698e+00
2.311000e-01	-8.018150e-01	-1.708606e+00
2.312000e-01	-7.981028e-01	-1.711490e+00
2.313000e-01	-7.943594e-01	-1.714349e+00
2.314000e-01	-7.905857e-01	-1.717182e+00
2.315000e-01	-7.867821e-01	-1.719989e+00
2.316000e-01	-7.829495e-01	-1.722768e+00
2.317000e-01	-7.790884e-01	-1.725519e+00
2.318000e-01	-7.751996e-01	-1.728242e+00
2.319000e-01	-7.712837e-01	-1.730935e+00
2.320000e-01	-7.673415e-01	-1.733599e+00
2.321000e-01	-7.633738e-01	-1.736231e+00
2.322000e-01	-7.593813e-01	-1.738833e+00
2.323000e-01	-7.553648e-01	-1.741403e+00
2.324000e-01	-7.513251e-01	-1.743941e+00
2.325000e-01	-7.472629e-01	-1.746447e+00
2.326000e-01	-7.431792e-01	-1.748920e+00
2.327000e-01	-7.390747e-01	-1.751360e+00
2.328000e-01	-7.349503e-01	-1.753766e+00
2.329000e-01	-7.308067e-01	-1.756138e+00
2.330000e-01	-7.266450e-01	-1.758476e+00
2.331000e-01	-7.224659e-01	-1.760780e+00
2.332000e-01	-7.182703e-01	-1.763049e+00
2.333000e-01	-7.140591e-01	-1.765284e+00
2.334000e-01	-7.098332e-01	-1.767485e+00
2.335000e-01	-7.055935e-01	-1.769651e+00
2.336000e-01	-7.013408e-01	-1.771783e+00
2.337000e-01	-6.970761e-01	-1.773880e+00
2.338000e-01	-6.928002e-01	-1.775943e+00
2.339000e-01	-6.885142e-01	-1.777972e+00
2.340000e-01	-6.842188e-01	-1.779967e+00
2.341000e-01	-6.799150e-01	-1.781929e+00
2.342000e-01	-6.756038e-01	-1.783857e+00
2.343000e-01	-6.712860e-01	-1.785753e+00
2.344000e-01	-6.669626e-01	-1.787616e+00
2.345000e-01	-6.626345e-01	-1.789447e+00
2.346000e-01	-6.583026e-01	-1.791246e+00
2.347000e-01	-6.539679e-01	-1.793015e+00
2.348000e-01	-6.496314e-01	-1.794752e+00
2.349000e-01	-6.452939e-01	-1.796460e+00
2.350000e-01	-6.409565e-01	-1.798138e+00
2.351000e-01	-6.366200e-01	-1.799787e+00
2.352000e-01	-6.322855e-01	-1.801408e+00
2.353000e-01	-6.279538e-01	-1.803002e+00
2.354000e-01	-6.236261e-01	-1.804569e+00
2.355000e-01	-6.193032e-01	-1.806109e+00
2.356000e-01	-6.149861e-01	-1.807624e+00
2.357000e-01	-6.106758e-01	-1.809115e+00
2.358000e-01	-6.063732e-01	-1.810581e+00
2.359000e-01	-6.020795e-01	-1.812025e+00
2.360000e-01	-5.977955e-01	-1.813446e+00
2.361000e-01	-5.935222e-01	-1.814846e+00
2.362000e-01	-5.892606e-01	-1.816225e+00
2.363000e-01	-5.850118e-01	-1.817584e+00
2.364000e-01	-5.807767e-01	-1.818924e+00
2.365000e-01	-5.765563e-01	-1.820247e+00
2.366000e-01	-5.723516e-01	-1.821552e+00
2.367000e-01	-5.681636e-01	-1.822841e+00
2.368000e-01	-5.639932e-01	-1.824115e+00
2.369000e-01	-5.598415e-01	-1.825375e+00
2.370000e-01	-5.557095e-01	-1.826622e+00
2.371000e-01	-5.515980e-01	-1.827856e+00
2.372000e-01	-5.475081e-01	-1.829080e+00
2.373000e-01	-5.434408e-01	-1.830293e+00
2.374000e-01	-5.393969e-01	-1.831497e+00
2.375000e-01	-5.353775e-01	-1.832693e+00
2.376000e-01	-5.313835e-01	-1.833883e+00
2.377000e-01	-5.274157e-01	-1.835066e+00
2.378000e-01	-5.234752e-01	-1.836245e+00
2.379000e-01	-5.195628e-01	-1.837421e+00
2.380000e-01	-5.156795e-01	-1.838594e+00
2.381000e-01	-5.118260e-01	-1.839766e+00
2.382000e-01	-5.080034e-01	-1.840938e+00
2.383000e-01	-5.042123e-01	-1.842112e+00
2.384000e-01	-5.004538e-01	-1.843287e+00
2.385000e-01	-4.967287e-01	-1.844466e+00
2.386000e-01	-4.930377e-01	-1.845650e+00
2.387000e-01	-4.893816e-01	-1.846840e+00
2.388000e-01	-4.857614e-01	-1.848036e+00
2.389000e-01	-4.821777e-01	-1.849241e+00
2.390000e-01	-4.786313e-01	-1.850455e+00
2.391000e-01	-4.751231e-01	-1.851679e+00
2.392000e-01	-4.716537e-01	-1.852915e+00
2.393000e-01	-4.682238e-01	-1.854163e+00
2.394000e-01	-4.648343e-01	-1.855425e+00
2.395000e-01	-4.614859e-01	-1.856701e+00
2.396000e-01	-4.581791e-01	-1.857992e+00
2.397000e-01	-4.549148e-01	-1.859299e+00
2.398000e-01	-4.516935e-01	-1.860624e+00
2.399000e-01	-4.485160e-01	-1.861967e+00
2.400000e-01	-4.453829e-01	-1.863328e+00
2.401000e-01	-4.422949e-01	-1.864708e+00
2.402000e-01	-4.392525e-01	-1.866109e+00
2.403000e-01	-4.362564e-01	-1.867529e+00
2.404000e-01	-4.333072e-01	-1.868971e+00
2.405000e-01	-4.304055e-01	-1.870434e+00
2.406000e-01	-4.275518e-01	-1.871919e+00
2.407000e-01	-4.247467e-01	-1.873426e+00
2.408000e-01	-4.219907e-01	-1.874956e+00
2.409000e-01	-4.192844e-01	-1.876508e+00
2.410000e-01	-4.166283e-01	-1.878082e+00
2.411000e-01	-4.140229e-01	-1.879679e+00
2.412000e-01	-4.114687e-01	-1.881299e+00
2.413000e-01	-4.089661e-01	-1.882941e+00
2.414000e-01	-4.065156e-01	-1.884606e+00
2.415000e-01	-4.041176e-01	-1.886292e+00
2.416000e-01	-4.017725e-01	-1.888000e+00
2.417000e-01	-3.994807e-01	-1.889729e+00
2.418000e-01	-3.972426e-01	-1.891480e+00
2.419000e-01	-3.950586e-01	-1.893250e+00
2.420000e-01	-3.929288e-01	-1.895040e+00
2.421000e-01	-3.908538e-01	-1.896850e+00
2.422000e-01	-3.888337e-01	-1.898677e+00
2.423000e-01	-3.868688e-01	-1.900522e+00
2.424000e-01	-3.849594e-01	-1.902384e+00
2.425000e-01	-3.831057e-01	-1.904262e+00
2.426000e-01	-3.813079e-01	-1.906155e+00
2.427000e-01	-3.795661e-01	-1.908061e+00
2.428000e-01	-3.778805e-01	-1.909981e+00
2.429000e-01	-3.762512e-01	-1.911912e+00
2.430000e-01	-3.746784e-01	-1.913853e+00
2.431000e-01	-3.731621e-01	-1.915804e+00
2.432000e-01	-3.717024e-01	-1.917764e+00
2.433000e-01	-3.702994e-01	-1.919730e+00
2.434000e-01	-3.689530e-01	-1.921701e+00
2.435000e-01	-3.676632e-01	-1.923677e+00
2.436000e-01	-3.664301e-01	-1.925655e+00
2.437000e-01	-3.652536e-01	-1.927635e+00
2.438000e-01	-3.641336e-01	-1.929614e+00
2.439000e-01	-3.630701e-01	-1.931592e+00
2.440000e-01	-3.620629e-01	-1.933566e+00
2.441000e-01	-3.611120e-01	-1.935535e+00
2.442000e-01	-3.602171e-01	-1.937497e+00
2.443000e-01	-3.593782e-01	-1.939451e+00
2.444000e-01	-3.585950e-01	-1.941394e+00
2.445000e-01	-3.578673e-01	-1.943326e+00
2.446000e-01	-3.571951e-01	-1.945244e+00
2.447000e-01	-3.565780e-01	-1.947147e+00
2.448000e-01	-3.560157e-01	-1.949032e+00
2.449000e-01	-3.555082e-01	-1.950898e+00
2.450000e-01	-3.550550e-01	-1.952744e+00
2.451000e-01	-3.546559e-01	-1.954566e+00
2.452000e-01	-3.543107e-01	-1.956364e+00
2.453000e-01	-3.540189e-01	-1.958135e+00
2.454000e-01	-3.537804e-01	-1.959877e+00
2.455000e-01	-3.535947e-01	-1.961590e+00
2.456000e-01	-3.534615e-01	-1.963270e+00
2.457000e-01	-3.533805e-01	-1.964915e+00
2.458000e-01	-3.533512e-01	-1.966525e+00
2.459000e-01	-3.533733e-01	-1.968098e+00
2.460000e-01	-3.534464e-01	-1.969630e+00
2.461000e-01	-3.535700e-01	-1.971121e+00
2.462000e-01	-3.537438e-01	-1.972569e+00
2.463000e-01	-3.539672e-01	-1.973972e+00
2.464000e-01	-3.542398e-01	-1.975328e+00
2.465000e-01	-3.545611e-01	-1.976636e+00
2.466000e-01	-3.549306e-01	-1.977894e+00
2.467000e-01	-3.553479e-01	-1.979101e+00
2.468000e-01	-3.558123e-01	-1.980255e+00
2.469000e-01	-3.563234e-01	-1.981355e+00
2.470000e-01	-3.568806e-01	-1.982399e+00
2.471000e-01	-3.574834e-01	-1.983386e+00
2.472000e-01	-3.581311e-01	-1.984314e+00
2.473000e-01	-3.588231e-01	-1.985184e+00
2.474000e-01	-3.595589e-01	-1.985992e+00
2.475000e-01	-3.603379e-01	-1.986740e+00
2.476000e-01	-3.611594e-01	-1.987424e+00
2.477000e-01	-3.620227e-01	-1.988046e+00
2.478000e-01	-3.629273e-01	-1.988603e+00
2.479000e-01	-3.638725e-01	-1.989096e+00
2.480000e-01	-3.648576e-01	-1.989524e+00
2.481000e-01	-3.658819e-01	-1.989885e+00
2.482000e-01	-3.669448e-01	-1.990181e+00
2.483000e-01	-3.680456e-01	-1.990409e+00
2.484000e-01	-3.691837e-01	-1.990571e+00
2.485000e-01	-3.703583e-01	-1.990666e+00
2.486000e-01	-3.715687e-01	-1.990694e+00
2.487000e-01	-3.728143e-01	-1.990655e+00
2.488000e-01	-3.740944e-01	-1.990550e+00
2.489000e-01	-3.754083e-01	-1.990377e+00
2.490000e-01	-3.767554e-01	-1.990138e+00
2.491000e-01	-3.781348e-01	-1.989833e+00
2.492000e-01	-3.795461e-01	-1.989463e+00
2.493000e-01	-3.809885e-01	-1.989028e+00
2.494000e-01	-3.824614e-01	-1.988528e+00
2.495000e-01	-3.839640e-01	-1.987964e+00
2.496000e-01	-3.854959e-01	-1.987338e+00
2.497000e-01	-3.870562e-01	-1.986649e+00
2.498000e-01	-3.886445e-01	-1.985900e+00
2.499000e-01	-3.902600e-01	-1.985090e+00
2.500000e-01	-3.919022e-01	-1.984221e+00
2.501000e-01	-3.935705e-01	-1.983295e+00
2.502000e-01	-3.952642e-01	-1.982311e+00
2.503000e-01	-3.969828e-01	-1.981273e+00
2.504000e-01	-3.987258e-01	-1.980180e+00
2.505000e-01	-4.004924e-01	-1.979035e+00
2.506000e-01	-4.022823e-01	-1.977839e+00
2.507000e-01	-4.040948e-01	-1.976593e+00
2.508000e-01	-4.059294e-01	-1.975299e+00
2.509000e-01	-4.077855e-01	-1.973959e+00
2.510000e-01	-4.096627e-01	-1.972574e+00
2.511000e-01	-4.115605e-01	-1.971147e+00
2.512000e-01	-4.134783e-01	-1.969678e+00
2.513000e-01	-4.154156e-01	-1.968171e+00
2.514000e-01	-4.173720e-01	-1.966626e+00
2.515000e-01	-4.193470e-01	-1.965047e+00
2.516000e-01	-4.213401e-01	-1.963434e+00
2.517000e-01	-4.233508e-01	-1.961791e+00
2.518000e-01	-4.253788e-01	-1.960118e+00
2.519000e-01	-4.274236e-01	-1.958419e+00
2.520000e-01	-4.294847e-01	-1.956696e+00
2.521000e-01	-4.315617e-01	-1.954950e+00
2.522000e-01	-4.336544e-01	-1.953184e+00
2.523000e-01	-4.357621e-01	-1.951401e+00
2.524000e-01	-4.378846e-01	-1.949603e+00
2.525000e-01	-4.400216e-01	-1.947791e+00
2.526000e-01	-4.421725e-01	-1.945970e+00
2.527000e-01	-4.443372e-01	-1.944140e+00
2.528000e-01	-4.465153e-01	-1.942304e+00
2.529000e-01	-4.487065e-01	-1.940466e+00
2.530000e-01	-4.509104e-01	-1.938627e+00
2.531000e-01	-4.531269e-01	-1.936789e+00
2.532000e-01	-4.553556e-01	-1.934956e+00
2.533000e-01	-4.575963e-01	-1.933129e+00
2.534000e-01	-4.598488e-01	-1.931312e+00
2.535000e-01	-4.621129e-01	-1.929506e+00
2.536000e-01	-4.643883e-01	-1.927714e+00
2.537000e-01	-4.666750e-01	-1.925938e+00
2.538000e-01	-4.689728e-01	-1.924182e+00
2.539000e-01	-4.712814e-01	-1.922446e+00
2.540000e-01	-4.736010e-01	-1.920734e+00
2.541000e-01	-4.759312e-01	-1.919048e+00
2.542000e-01	-4.782722e-01	-1.917391e+00
2.543000e-01	-4.806238e-01	-1.915763e+00
2.544000e-01	-4.829859e-01	-1.914169e+00
2.545000e-01	-4.853586e-01	-1.912609e+00
2.546000e-01	-4.877420e-01	-1.911086e+00
2.547000e-01	-4.901359e-01	-1.909603e+00
2.548000e-01	-4.925404e-01	-1.908160e+00
2.549000e-01	-4.949557e-01	-1.906761e+00
2.550000e-01	-4.973817e-01	-1.905406e+00
2.551000e-01	-4.998186e-01	-1.904099e+00
2.552000e-01	-5.022664e-01	-1.902840e+00
2.553000e-01	-5.047252e-01	-1.901632e+00
2.554000e-01	-5.071953e-01	-1.900477e+00
2.555000e-01	-5.096767e-01	-1.899375e+00
2.556000e-01	-5.121695e-01	-1.898329e+00
2.557000e-01	-5.146740e-01	-1.897340e+00
2.558000e-01	-5.171903e-01	-1.896410e+00
2.559000e-01	-5.197185e-01	-1.895540e+00
2.560000e-01	-5.222588e-01	-1.894732e+00
2.561000e-01	-5.248115e-01	-1.893986e+00
2.562000e-01	-5.273766e-01	-1.893305e+00
2.563000e-01	-5.299545e-01	-1.892689e+00
2.564000e-01	-5.325452e-01	-1.892140e+00
2.565000e-01	-5.351490e-01	-1.891658e+00
2.566000e-01	-5.377661e-01	-1.891245e+00
2.567000e-01	-5.403967e-01	-1.890902e+00
2.568000e-01	-5.430410e-01	-1.890629e+00
2.569000e-01	-5.456992e-01	-1.890428e+00
2.570000e-01	-5.483715e-01	-1.890299e+00
2.571000e-01	-5.510581e-01	-1.890243e+00
2.572000e-01	-5.537592e-01	-1.890260e+00
2.573000e-01	-5.564751e-01	-1.890353e+00
2.574000e-01	-5.592058e-01	-1.890520e+00
2.575000e-01	-5.619517e-01	-1.890763e+00
2.576000e-01	-5.647130e-01	-1.891081e+00
2.577000e-01	-5.674898e-01	-1.891477e+00
2.578000e-01	-5.702823e-01	-1.891948e+00
2.579000e-01	-5.730908e-01	-1.892497e+00
2.580000e-01	-5.759155e-01	-1.893123e+00
2.581000e-01	-5.787565e-01	-1.893827e+00
2.582000e-01	-5.816141e-01	-1.894608e+00
2.583000e-01	-5.844885e-01	-1.895467e+00
2.584000e-01	-5.873798e-01	-1.896403e+00
2.585000e-01	-5.902883e-01	-1.897416e+00
2.586000e-01	-5.932142e-01	-1.898507e+00
2.587000e-01	-5.961577e-01	-1.899675e+00
2.588000e-01	-5.991189e-01	-1.900919e+00
2.589000e-01	-6.020980e-01	-1.902240e+00
2.590000e-01	-6.050953e-01	-1.903637e+00
2.591000e-01	-6.081110e-01	-1.905110e+00
2.592000e-01	-6.111451e-01	-1.906658e+00
2.593000e-01	-6.141979e-01	-1.908280e+00
2.594000e-01	-6.172696e-01	-1.909976e+00
2.595000e-01	-6.203603e-01	-1.911744e+00
2.596000e-01	-6.234701e-01	-1.913585e+00
2.597000e-01	-6.265993e-01	-1.915498e+00
2.598000e-01	-6.297479e-01	-1.917480e+00
2.599000e-01	-6.329161e-01	-1.919532e+00
2.600000e-01	-6.361041e-01	-1.921653e+00
2.601000e-01	-6.393118e-01	-1.923841e+00
2.602000e-01	-6.425394e-01	-1.926095e+00
2.603000e-01	-6.457870e-01	-1.928414e+00
2.604000e-01	-6.490546e-01	-1.930796e+00
2.605000e-01	-6.523423e-01	-1.933241e+00
2.606000e-01	-6.556501e-01	-1.935747e+00
2.607000e-01	-6.589781e-01	-1.938313e+00
2.608000e-01	-6.623262e-01	-1.940936e+00
2.609000e-01	-6.656944e-01	-1.943616e+00
2.610000e-01	-6.690826e-01	-1.946352e+00
2.611000e-01	-6.724909e-01	-1.949140e+00
2.612000e-01	-6.759192e-01	-1.951981e+00
2.613000e-01	-6.793673e-01	-1.954871e+00
2.614000e-01	-6.828351e-01	-1.957810e+00
2.615000e-01	-6.863226e-01	-1.960796e+00
2.616000e-01	-6.898295e-01	-1.963826e+00
2.617000e-01	-6.933557e-01	-1.966899e+00
2.618000e-01	-6.969011e-01	-1.970014e+00
2.619000e-01	-7.004653e-01	-1.973168e+00
2.620000e-01	-7.040482e-01	-1.976359e+00
2.621000e-01	-7.076496e-01	-1.979586e+00
2.622000e-01	-7.112691e-01	-1.982846e+00
2.623000e-01	-7.149066e-01	-1.986138e+00
2.624000e-01	-7.185618e-01	-1.989459e+00
2.625000e-01	-7.222342e-01	-1.992807e+00
2.626000e-01	-7.259237e-01	-1.996181e+00
2.627000e-01	-7.296299e-01	-1.999579e+00
2.628000e-01	-7.333524e-01	-2.002997e+00
2.629000e-01	-7.370909e-01	-2.006435e+00
2.630000e-01	-7.408451e-01	-2.009890e+00
2.631000e-01	-7.446145e-01	-2.013359e+00
2.632000e-01	-7.483988e-01	-2.016842e+00
2.633000e-01	-7.521976e-01	-2.020334e+00
2.634000e-01	-7.560105e-01	-2.023836e+00
2.635000e-01	-7.598371e-01	-2.027343e+00
2.636000e-01	-7.636769e-01	-2.030855e+00
2.637000e-01	-7.675295e-01	-2.034368e+00
2.638000e-01	-7.713945e-01	-2.037881e+00
2.639000e-01	-7.752714e-01	-2.041391e+00
2.640000e-01	-7.791598e-01	-2.044896e+00
2.641000e-01	-7.830591e-01	-2.048395e+00
2.642000e-01	-7.869691e-01	-2.051884e+00
2.643000e-01	-7.908890e-01	-2.055362e+00
2.644000e-01	-7.948186e-01	-2.058827e+00
2.645000e-01	-7.987572e-01	-2.062275e+00
2.646000e-01	-8.027044e-01	-2.065706e+00
2.647000e-01	-8.066596e-01	-2.069117e+00
2.648000e-01	-8.106224e-01	-2.072506e+00
2.649000e-01	-8.145921e-01	-2.075871e+00
2.650000e-01	-8.185683e-01	-2.079209e+00
2.651000e-01	-8.225504e-01	-2.082520e+00
2.652000e-01	-8.265377e-01	-2.085800e+00
2.653000e-01	-8.305298e-01	-2.089047e+00
2.654000e-01	-8.345261e-01	-2.092261e+00
2.655000e-01	-8.385258e-01	-2.095438e+00
2.656000e-01	-8.425285e-01	-2.098577e+00
2.657000e-01	-8.465335e-01	-2.101677e+00
2.658000e-01	-8.505401e-01	-2.104735e+00
2.659000e-01	-8.545478e-01	-2.107750e+00
2.660000e-01	-8.585558e-01	-2.110721e+00
2.661000e-01	-8.625635e-01	-2.113644e+00
2.662000e-01	-8.665701e-01	-2.116520e+00
2.663000e-01	-8.705751e-01	-2.119346e+00
2.664000e-01	-8.745776e-01	-2.122122e+00
2.665000e-01	-8.785771e-01	-2.124845e+00
2.666000e-01	-8.825727e-01	-2.127516e+00
2.667000e-01	-8.865637e-01	-2.130131e+00
2.668000e-01	-8.905494e-01	-2.132691e+00
2.669000e-01	-8.945291e-01	-2.135194e+00
2.670000e-01	-8.985019e-01	-2.137639e+00
2.671000e-01	-9.024671e-01	-2.140026e+00
2.672000e-01	-9.064240e-01	-2.142354e+00
2.673000e-01	-9.103718e-01	-2.144621e+00
2.674000e-01	-9.143097e-01	-2.146828e+00
2.675000e-01	-9.182369e-01	-2.148973e+00
2.676000e-01	-9.221526e-01	-2.151057e+00
2.677000e-01	-9.260561e-01	-2.153078e+00
2.678000e-01	-9.299465e-01	-2.155037e+00
2.679000e-01	-9.338231e-01	-2.156933e+00
2.680000e-01	-9.376850e-01	-2.158767e+00
2.681000e-01	-9.415315e-01	-2.160538e+00
2.682000e-01	-9.453618e-01	-2.162246e+00
2.683000e-01	-9.491751e-01	-2.163891e+00
2.684000e-01	-9.529706e-01	-2.165474e+00
2.685000e-01	-9.567474e-01	-2.166994e+00
2.686000e-01	-9.605048e-01	-2.168453e+00
2.687000e-01	-9.642420e-01	-2.169850e+00
2.688000e-01	-9.679582e-01	-2.171186e+00
2.689000e-01	-9.716525e-01	-2.172462e+00
2.690000e-01	-9.753243e-01	-2.173679e+00
2.691000e-01	-9.789726e-01	-2.174837e+00
2.692000e-01	-9.825966e-01	-2.175936e+00
2.693000e-01	-9.861956e-01	-2.176979e+00
2.694000e-01	-9.897687e-01	-2.177966e+00
2.695000e-01	-9.933152e-01	-2.178897e+00
2.696000e-01	-9.968341e-01	-2.179775e+00
2.697000e-01	-1.000325e+00	-2.180600e+00
2.698000e-01	-1.003786e+00	-2.181374e+00
2.699000e-01	-1.007218e+00	-2.182097e+00
2.700000e-01	-1.010618e+00	-2.182772e+00
2.701000e-01	-1.013987e+00	-2.183400e+00
2.702000e-01	-1.017323e+00	-2.183983e+00
2.703000e-01	-1.020626e+00	-2.184521e+00
2.704000e-01	-1.023895e+00	-2.185018e+00
2.705000e-01	-1.027129e+00	-2.185473e+00
2.706000e-01	-1.030327e+00	-2.185890e+00
2.707000e-01	-1.033487e+00	-2.186270e+00
2.708000e-01	-1.036610e+00	-2.186615e+00
2.709000e-01	-1.039695e+00	-2.186926e+00
2.710000e-01	-1.042739e+00	-2.187206e+00
2.711000e-01	-1.045744e+00	-2.187457e+00
2.712000e-01	-1.048707e+00	-2.187681e+00
2.713000e-01	-1.051628e+00	-2.187880e+00
2.714000e-01	-1.054505e+00	-2.188055e+00
2.715000e-01	-1.057339e+00	-2.188210e+00
2.716000e-01	-1.060128e+00	-2.188346e+00
2.717000e-01	-1.062870e+00	-2.188465e+00
2.718000e-01	-1.065566e+00	-2.188569e+00
2.719000e-01	-1.068215e+00	-2.188661e+00
2.720000e-01	-1.070814e+00	-2.188743e+00
2.721000e-01	-1.073365e+00	-2.188817e+00
2.722000e-01	-1.075864e+00	-2.188885e+00
2.723000e-01	-1.078313e+00	-2.188950e+00
2.724000e-01	-1.080710e+00	-2.189012e+00
2.725000e-01	-1.083053e+00	-2.189076e+00
2.726000e-01	-1.085343e+00	-2.189141e+00
2.727000e-01	-1.087578e+00	-2.189212e+00
2.728000e-01	-1.089758e+00	-2.189289e+00
2.729000e-01	-1.091881e+00	-2.189375e+00
2.730000e-01	-1.093948e+00	-2.189472e+00
2.731000e-01	-1.095956e+00	-2.189581e+00
2.732000e-01	-1.097906e+00	-2.189705e+00
2.733000e-01	-1.099797e+00	-2.189845e+00
2.734000e-01	-1.101627e+00	-2.190003e+00
2.735000e-01	-1.103396e+00	-2.190180e+00
2.736000e-01	-1.105104e+00	-2.190380e+00
2.737000e-01	-1.106750e+00	-2.190602e+00
2.738000e-01	-1.108333e+00	-2.190848e+00
2.739000e-01	-1.109853e+00	-2.191120e+00
2.740000e-01	-1.111308e+00	-2.191420e+00
2.741000e-01	-1.112698e+00	-2.191748e+00
2.742000e-01	-1.114024e+00	-2.192106e+00
2.743000e-01	-1.115283e+00	-2.192494e+00
2.744000e-01	-1.116476e+00	-2.192915e+00
2.745000e-01	-1.117602e+00	-2.193368e+00
2.746000e-01	-1.118660e+00	-2.193855e+00
2.747000e-01	-1.119651e+00	-2.194376e+00
2.748000e-01	-1.120573e+00	-2.194933e+00
2.749000e-01	-1.121427e+00	-2.195525e+00
2.750000e-01	-1.122211e+00	-2.196154e+00
2.751000e-01	-1.122925e+00	-2.196819e+00
2.752000e-01	-1.123570e+00	-2.197522e+00
2.753000e-01	-1.124144e+00	-2.198261e+00
2.754000e-01	-1.124647e+00	-2.199039e+00
2.755000e-01	-1.125080e+00	-2.199854e+00
2.756000e-01	-1.125441e+00	-2.200706e+00
2.757000e-01	-1.125730e+00	-2.201596e+00
2.758000e-01	-1.125948e+00	-2.202523e+00
2.759000e-01	-1.126093e+00	-2.203487e+00
2.760000e-01	-1.126166e+00	-2.204488e+00
2.761000e-01	-1.126167e+00	-2.205525e+00
2.762000e-01	-1.126096e+00	-2.206598e+00
2.763000e-01	-1.125951e+00	-2.207706e+00
2.764000e-01	-1.125734e+00	-2.208848e+00
2.765000e-01	-1.125444e+00	-2.210024e+00
2.766000e-01	-1.125081e+00	-2.211233e+00
2.767000e-01	-1.124645e+00	-2.212474e+00
2.768000e-01	-1.124136e+00	-2.213746e+00
2.769000e-01	-1.123554e+00	-2.215047e+00
2.770000e-01	-1.122899e+00	-2.216378e+00
2.771000e-01	-1.122172e+00	-2.217736e+00
2.772000e-01	-1.121372e+00	-2.219120e+00
2.773000e-01	-1.120500e+00	-2.220530e+00
2.774000e-01	-1.119555e+00	-2.221963e+00
2.775000e-01	-1.118538e+00	-2.223418e+00
2.776000e-01	-1.117450e+00	-2.224894e+00
2.777000e-01	-1.116290e+00	-2.226390e+00
2.778000e-01	-1.115058e+00	-2.227903e+00
2.779000e-01	-1.113756e+00	-2.229432e+00
2.780000e-01	-1.112384e+00	-2.230976e+00
2.781000e-01	-1.110941e+00	-2.232532e+00
2.782000e-01	-1.109428e+00	-2.234100e+00
2.783000e-01	-1.107846e+00	-2.235676e+00
2.784000e-01	-1.106196e+00	-2.237261e+00
2.785000e-01	-1.104476e+00	-2.238851e+00
2.786000e-01	-1.102690e+00	-2.240445e+00
2.787000e-01	-1.100836e+00	-2.242040e+00
2.788000e-01	-1.098915e+00	-2.243637e+00
2.789000e-01	-1.096928e+00	-2.245231e+00
2.790000e-01	-1.094875e+00	-2.246822e+00
2.791000e-01	-1.092758e+00	-2.248407e+00
2.792000e-01	-1.090576e+00	-2.249986e+00
2.793000e-01	-1.088331e+00	-2.251555e+00
2.794000e-01	-1.086023e+00	-2.253113e+00
2.795000e-01	-1.083653e+00	-2.254659e+00
2.796000e-01	-1.081221e+00	-2.256189e+00
2.797000e-01	-1.078728e+00	-2.257704e+00
2.798000e-01	-1.076175e+00	-2.259200e+00
2.799000e-01	-1.073563e+00	-2.260677e+00
2.800000e-01	-1.070893e+00	-2.262132e+00
2.801000e-01	-1.068164e+00	-2.263563e+00
2.802000e-01	-1.065379e+00	-2.264970e+00
2.803000e-01	-1.062537e+00	-2.266350e+00
2.804000e-01	-1.059640e+00	-2.267702e+00
2.805000e-01	-1.056687e+00	-2.269024e+00
2.806000e-01	-1.053682e+00	-2.270316e+00
2.807000e-01	-1.050622e+00	-2.271575e+00
2.808000e-01	-1.047511e+00	-2.272800e+00
2.809000e-01	-1.044348e+00	-2.273989e+00
2.810000e-01	-1.041134e+00	-2.275143e+00
2.811000e-01	-1.037871e+00	-2.276259e+00
2.812000e-01	-1.034558e+00	-2.277336e+00
2.813000e-01	-1.031198e+00	-2.278373e+00
2.814000e-01	-1.027789e+00	-2.279369e+00
2.815000e-01	-1.024335e+00	-2.280323e+00
2.816000e-01	-1.020834e+00	-2.281234e+00
2.817000e-01	-1.017289e+00	-2.282102e+00
2.818000e-01	-1.013699e+00	-2.282925e+00
2.819000e-01	-1.010067e+00	-2.283704e+00
2.820000e-01	-1.006392e+00	-2.284436e+00
2.821000e-01	-1.002675e+00	-2.285122e+00
2.822000e-01	-9.989178e-01	-2.285761e+00
2.823000e-01	-9.951208e-01	-2.286352e+00
2.824000e-01	-9.912849e-01	-2.286896e+00
2.825000e-01	-9.874108e-01	-2.287392e+00
2.826000e-01	-9.834996e-01	-2.287839e+00
2.827000e-01	-9.795520e-01	-2.288238e+00
2.828000e-01	-9.755689e-01	-2.288587e+00
2.829000e-01	-9.715512e-01	-2.288888e+00
2.830000e-01	-9.674998e-01	-2.289140e+00
2.831000e-01	-9.634155e-01	-2.289343e+00
2.832000e-01	-9.592992e-01	-2.289497e+00
2.833000e-01	-9.551517e-01	-2.289603e+00
2.834000e-01	-9.509739e-01	-2.289660e+00
2.835000e-01	-9.467667e-01	-2.289669e+00
2.836000e-01	-9.425310e-01	-2.289630e+00
2.837000e-01	-9.382675e-01	-2.289544e+00
2.838000e-01	-9.339772e-01	-2.289411e+00
2.839000e-01	-9.296609e-01	-2.289231e+00
2.840000e-01	-9.253193e-01	-2.289006e+00
2.841000e-01	-9.209534e-01	-2.288735e+00
2.842000e-01	-9.165640e-01	-2.288419e+00
2.843000e-01	-9.121518e-01	-2.288060e+00
2.844000e-01	-9.077177e-01	-2.287657e+00
2.845000e-01	-9.032625e-01	-2.287213e+00
2.846000e-01	-8.987870e-01	-2.286726e+00
2.847000e-01	-8.942918e-01	-2.286200e+00
2.848000e-01	-8.897779e-01	-2.285633e+00
2.849000e-01	-8.852459e-01	-2.285029e+00
2.850000e-01	-8.806966e-01	-2.284387e+00
2.851000e-01	-8.761307e-01	-2.283708e+00
2.852000e-01	-8.715489e-01	-2.282995e+00
2.853000e-01	-8.669520e-01	-2.282247e+00
2.854000e-01	-8.623406e-01	-2.281467e+00
2.855000e-01	-8.577154e-01	-2.280656e+00
2.856000e-01	-8.530771e-01	-2.279814e+00
2.857000e-01	-8.484263e-01	-2.278944e+00
2.858000e-01	-8.437638e-01	-2.278047e+00
2.859000e-01	-8.390900e-01	-2.277123e+00
2.860000e-01	-8.344057e-01	-2.276176e+00
2.861000e-01	-8.297114e-01	-2.275206e+00
2.862000e-01	-8.250079e-01	-2.274214e+00
2.863000e-01	-8.202956e-01	-2.273203e+00
2.864000e-01	-8.155751e-01	-2.272174e+00
2.865000e-01	-8.108471e-01	-2.271128e+00
2.866000e-01	-8.061121e-01	-2.270068e+00
2.867000e-01	-8.013706e-01	-2.268995e+00
2.868000e-01	-7.966232e-01	-2.267910e+00
2.869000e-01	-7.918706e-01	-2.266815e+00
2.870000e-01	-7.871131e-01	-2.265713e+00
2.871000e-01	-7.823514e-01	-2.264605e+00
2.872000e-01	-7.775859e-01	-2.263493e+00
2.873000e-01	-7.728172e-01	-2.262378e+00
2.874000e-01	-7.680459e-01	-2.261262e+00
2.875000e-01	-7.632723e-01	-2.260148e+00
2.876000e-01	-7.584971e-01	-2.259036e+00
2.877000e-01	-7.537207e-01	-2.257930e+00
2.878000e-01	-7.489436e-01	-2.256830e+00
2.879000e-01	-7.441664e-01	-2.255739e+00
2.880000e-01	-7.393894e-01	-2.254658e+00
2.881000e-01	-7.346131e-01	-2.253590e+00
2.882000e-01	-7.298381e-01	-2.252537e+00
2.883000e-01	-7.250648e-01	-2.251499e+00
2.884000e-01	-7.202936e-01	-2.250479e+00
2.885000e-01	-7.155250e-01	-2.249480e+00
2.886000e-01	-7.107594e-01	-2.248502e+00
2.887000e-01	-7.059973e-01	-2.247548e+00
2.888000e-01	-7.012391e-01	-2.246620e+00
2.889000e-01	-6.964851e-01	-2.245720e+00
2.890000e-01	-6.917359e-01	-2.244849e+00
2.891000e-01	-6.869918e-01	-2.244009e+00
2.892000e-01	-6.822532e-01	-2.243202e+00
2.893000e-01	-6.775205e-01	-2.242431e+00
2.894000e-01	-6.727940e-01	-2.241696e+00
2.895000e-01	-6.680742e-01	-2.241001e+00
2.896000e-01	-6.633613e-01	-2.240345e+00
2.897000e-01	-6.586557e-01	-2.239733e+00
2.898000e-01	-6.539578e-01	-2.239164e+00
2.899000e-01	-6.492678e-01	-2.238641e+00
2.900000e-01	-6.445861e-01	-2.238166e+00
2.901000e-01	-6.399130e-01	-2.237741e+00
2.902000e-01	-6.352487e-01	-2.237366e+00
2.903000e-01	-6.305937e-01	-2.237044e+00
2.904000e-01	-6.259481e-01	-2.236777e+00
2.905000e-01	-6.213122e-01	-2.236566e+00
2.906000e-01	-6.166863e-01	-2.236413e+00
2.907000e-01	-6.120706e-01	-2.236319e+00
2.908000e-01	-6.074655e-01	-2.236285e+00
2.909000e-01	-6.028711e-01	-2.236314e+00
2.910000e-01	-5.982877e-01	-2.236407e+00
2.911000e-01	-5.937155e-01	-2.236564e+00
2.912000e-01	-5.891548e-01	-2.236788e+00
2.913000e-01	-5.846058e-01	-2.237080e+00
2.914000e-01	-5.800687e-01	-2.237441e+00
2.915000e-01	-5.755437e-01	-2.237873e+00
2.916000e-01	-5.710311e-01	-2.238375e+00
2.917000e-01	-5.665311e-01	-2.238950e+00
2.918000e-01	-5.620439e-01	-2.239599e+00
2.919000e-01	-5.575698e-01	-2.240323e+00
2.920000e-01	-5.531089e-01	-2.241121e+00
2.921000e-01	-5.486615e-01	-2.241997e+00
2.922000e-01	-5.442278e-01	-2.242949e+00
2.923000e-01	-5.398080e-01	-2.243980e+00
2.924000e-01	-5.354024e-01	-2.245089e+00
2.925000e-01	-5.310111e-01	-2.246277e+00
2.926000e-01	-5.266345e-01	-2.247545e+00
2.927000e-01	-5.222726e-01	-2.248893e+00
2.928000e-01	-5.179259e-01	-2.250322e+00
2.929000e-01	-5.135945e-01	-2.251832e+00
2.930000e-01	-5.092785e-01	-2.253423e+00
2.931000e-01	-5.049784e-01	-2.255095e+00
2.932000e-01	-5.006943e-01	-2.256848e+00
2.933000e-01	-4.964264e-01	-2.258683e+00
2.934000e-01	-4.921750e-01	-2.260600e+00
2.935000e-01	-4.879403e-01	-2.262597e+00
2.936000e-01	-4.837226e-01	-2.264676e+00
2.937000e-01	-4.795221e-01	-2.266835e+00
2.938000e-01	-4.753390e-01	-2.269074e+00
2.939000e-01	-4.711736e-01	-2.271393e+00
2.940000e-01	-4.670262e-01	-2.273791e+00
2.941000e-01	-4.628969e-01	-2.276267e+00
2.942000e-01	-4.587861e-01	-2.278822e+00
2.943000e-01	-4.546938e-01	-2.281453e+00
2.944000e-01	-4.506205e-01	-2.284160e+00
2.945000e-01	-4.465663e-01	-2.286942e+00
2.946000e-01	-4.425315e-01	-2.289799e+00
2.947000e-01	-4.385163e-01	-2.292728e+00
2.948000e-01	-4.345210e-01	-2.295729e+00
2.949000e-01	-4.305457e-01	-2.298800e+00
2.950000e-01	-4.265908e-01	-2.301940e+00
2.951000e-01	-4.226564e-01	-2.305147e+00
2.952000e-01	-4.187428e-01	-2.308420e+00
2.953000e-01	-4.148501e-01	-2.311757e+00
2.954000e-01	-4.109787e-01	-2.315157e+00
2.955000e-01	-4.071288e-01	-2.318617e+00
2.956000e-01	-4.033007e-01	-2.322136e+00
2.957000e-01	-3.994945e-01	-2.325712e+00
2.958000e-01	-3.957105e-01	-2.329344e+00
2.959000e-01	-3.919490e-01	-2.333027e+00
2.960000e-01	-3.882103e-01	-2.336762e+00
2.961000e-01	-3.844946e-01	-2.340545e+00
2.962000e-01	-3.808023e-01	-2.344375e+00
2.963000e-01	-3.771336e-01	-2.348248e+00
2.964000e-01	-3.734888e-01	-2.352163e+00
2.965000e-01	-3.698682e-01	-2.356117e+00
2.966000e-01	-3.662722e-01	-2.360108e+00
2.967000e-01	-3.627011e-01	-2.364133e+00
2.968000e-01	-3.591552e-01	-2.368190e+00
2.969000e-01	-3.556349e-01	-2.372275e+00
2.970000e-01	-3.521405e-01	-2.376387e+00
2.971000e-01	-3.486724e-01	-2.380523e+00
2.972000e-01	-3.452310e-01	-2.384679e+00
2.973000e-01	-3.418166e-01	-2.388854e+00
2.974000e-01	-3.384297e-01	-2.393044e+00
2.975000e-01	-3.350707e-01	-2.397247e+00
2.976000e-01	-3.317399e-01	-2.401459e+00
2.977000e-01	-3.284377e-01	-2.405678e+00
2.978000e-01	-3.251647e-01	-2.409901e+00
2.979000e-01	-3.219212e-01	-2.414126e+00
2.980000e-01	-3.187077e-01	-2.418348e+00
2.981000e-01	-3.155245e-01	-2.422566e+00
2.982000e-01	-3.123722e-01	-2.426777e+00
2.983000e-01	-3.092512e-01	-2.430977e+00
2.984000e-01	-3.061620e-01	-2.435164e+00
2.985000e-01	-3.031049e-01	-2.439335e+00
2.986000e-01	-3.000805e-01	-2.443487e+00
2.987000e-01	-2.970892e-01	-2.447617e+00
2.988000e-01	-2.941315e-01	-2.451723e+00
2.989000e-01	-2.912078e-01	-2.455801e+00
2.990000e-01	-2.883187e-01	-2.459850e+00
2.991000e-01	-2.854645e-01	-2.463866e+00
2.992000e-01	-2.826458e-01	-2.467846e+00
2.993000e-01	-2.798630e-01	-2.471789e+00
2.994000e-01	-2.771167e-01	-2.475691e+00
2.995000e-01	-2.744072e-01	-2.479550e+00
2.996000e-01	-2.717351e-01	-2.483364e+00
2.997000e-01	-2.691008e-01	-2.487129e+00
2.998000e-01	-2.665049e-01	-2.490845e+00
2.999000e-01	-2.639477e-01	-2.494508e+00
3.000000e-01	-2.614298e-01	-2.498117e+00
3.001000e-01	-2.589518e-01	-2.501669e+00
3.002000e-01	-2.565140e-01	-2.505161e+00
3.003000e-01	-2.541169e-01	-2.508594e+00
3.004000e-01	-2.517612e-01	-2.511963e+00
3.005000e-01	-2.494471e-01	-2.515268e+00
3.006000e-01	-2.471753e-01	-2.518507e+00
3.007000e-01	-2.449463e-01	-2.521677e+00
3.008000e-01	-2.427606e-01	-2.524779e+00
3.009000e-01	-2.406187e-01	-2.527809e+00
3.010000e-01	-2.385211e-01	-2.530766e+00
3.011000e-01	-2.364683e-01	-2.533650e+00
3.012000e-01	-2.344610e-01	-2.536459e+00
3.013000e-01	-2.324995e-01	-2.539192e+00
3.014000e-01	-2.305845e-01	-2.541848e+00
3.015000e-01	-2.287164e-01	-2.544425e+00
3.016000e-01	-2.268959e-01	-2.546924e+00
3.017000e-01	-2.251235e-01	-2.549343e+00
3.018000e-01	-2.233996e-01	-2.551682e+00
3.019000e-01	-2.217249e-01	-2.553939e+00
3.020000e-01	-2.200998e-01	-2.556116e+00
3.021000e-01	-2.185249e-01	-2.558210e+00
3.022000e-01	-2.170007e-01	-2.560223e+00
3.023000e-01	-2.155277e-01	-2.562153e+00
3.024000e-01	-2.141064e-01	-2.564001e+00
3.025000e-01	-2.127374e-01	-2.565766e+00
3.026000e-01	-2.114211e-01	-2.567449e+00
3.027000e-01	-2.101580e-01	-2.569050e+00
3.028000e-01	-2.089487e-01	-2.570569e+00
3.029000e-01	-2.077937e-01	-2.572006e+00
3.030000e-01	-2.066935e-01	-2.573363e+00
3.031000e-01	-2.056485e-01	-2.574638e+00
3.032000e-01	-2.046592e-01	-2.575834e+00
3.033000e-01	-2.037253e-01	-2.576950e+00
3.034000e-01	-2.028463e-01	-2.577986e+00
3.035000e-01	-2.020207e-01	-2.578942e+00
3.036000e-01	-2.012467e-01	-2.579818e+00
3.037000e-01	-2.005225e-01	-2.580613e+00
3.038000e-01	-1.998466e-01	-2.581327e+00
3.039000e-01	-1.992173e-01	-2.581960e+00
3.040000e-01	-1.986329e-01	-2.582512e+00
3.041000e-01	-1.980919e-01	-2.582983e+00
3.042000e-01	-1.975928e-01	-2.583373e+00
3.043000e-01	-1.971339e-01	-2.583683e+00
3.044000e-01	-1.967141e-01	-2.583913e+00
3.045000e-01	-1.963318e-01	-2.584064e+00
3.046000e-01	-1.959858e-01	-2.584137e+00
3.047000e-01	-1.956750e-01	-2.584132e+00
3.048000e-01	-1.953982e-01	-2.584050e+00
3.049000e-01	-1.951544e-01	-2.583893e+00
3.050000e-01	-1.949426e-01	-2.583661e+00
3.051000e-01	-1.947621e-01	-2.583357e+00
3.052000e-01	-1.946121e-01	-2.582981e+00
3.053000e-01	-1.944919e-01	-2.582535e+00
3.054000e-01	-1.944011e-01	-2.582021e+00
3.055000e-01	-1.943392e-01	-2.581441e+00
3.056000e-01	-1.943059e-01	-2.580797e+00
3.057000e-01	-1.943011e-01	-2.580091e+00
3.058000e-01	-1.943246e-01	-2.579325e+00
3.059000e-01	-1.943766e-01	-2.578502e+00
3.060000e-01	-1.944570e-01	-2.577624e+00
3.061000e-01	-1.945662e-01	-2.576693e+00
3.062000e-01	-1.947047e-01	-2.575712e+00
3.063000e-01	-1.948728e-01	-2.574684e+00
3.064000e-01	-1.950711e-01	-2.573611e+00
3.065000e-01	-1.953004e-01	-2.572497e+00
3.066000e-01	-1.955615e-01	-2.571345e+00
3.067000e-01	-1.958552e-01	-2.570157e+00
3.068000e-01	-1.961826e-01	-2.568937e+00
3.069000e-01	-1.965448e-01	-2.567688e+00
3.070000e-01	-1.969430e-01	-2.566412e+00
3.071000e-01	-1.973784e-01	-2.565114e+00
3.072000e-01	-1.978524e-01	-2.563796e+00
3.073000e-01	-1.983665e-01	-2.562462e+00
3.074000e-01	-1.989220e-01	-2.561115e+00
3.075000e-01	-1.995206e-01	-2.559758e+00
3.076000e-01	-2.001638e-01	-2.558395e+00
3.077000e-01	-2.008533e-01	-2.557029e+00
3.078000e-01	-2.015908e-01	-2.555663e+00
3.079000e-01	-2.023781e-01	-2.554300e+00
3.080000e-01	-2.032167e-01	-2.552944e+00
3.081000e-01	-2.041086e-01	-2.551598e+00
3.082000e-01	-2.050555e-01	-2.550265e+00
3.083000e-01	-2.060591e-01	-2.548948e+00
3.084000e-01	-2.071212e-01	-2.547650e+00
3.085000e-01	-2.082435e-01	-2.546374e+00
3.086000e-01	-2.094279e-01	-2.545123e+00
3.087000e-01	-2.106759e-01	-2.543899e+00
3.088000e-01	-2.119893e-01	-2.542707e+00
3.089000e-01	-2.133697e-01	-2.541547e+00
3.090000e-01	-2.148186e-01	-2.540422e+00
3.091000e-01	-2.163377e-01	-2.539335e+00
3.092000e-01	-2.179282e-01	-2.538289e+00
3.093000e-01	-2.195916e-01	-2.537284e+00
3.094000e-01	-2.213291e-01	-2.536324e+00
3.095000e-01	-2.231418e-01	-2.535410e+00
3.096000e-01	-2.250305e-01	-2.534543e+00
3.097000e-01	-2.269959e-01	-2.533725e+00
3.098000e-01	-2.290387e-01	-2.532957e+00
3.099000e-01	-2.311591e-01	-2.532240e+00
3.100000e-01	-2.333571e-01	-2.531575e+00
3.101000e-01	-2.356327e-01	-2.530962e+00
3.102000e-01	-2.379853e-01	-2.530402e+00
3.103000e-01	-2.404144e-01	-2.529894e+00
3.104000e-01	-2.429191e-01	-2.529439e+00
3.105000e-01	-2.454982e-01	-2.529035e+00
3.106000e-01	-2.481504e-01	-2.528684e+00
3.107000e-01	-2.508743e-01	-2.528382e+00
3.108000e-01	-2.536680e-01	-2.528131e+00
3.109000e-01	-2.565296e-01	-2.527927e+00
3.110000e-01	-2.594573e-01	-2.527771e+00
3.111000e-01	-2.624487e-01	-2.527661e+00
3.112000e-01	-2.655018e-01	-2.527594e+00
3.113000e-01	-2.686140e-01	-2.527570e+00
3.114000e-01	-2.717833e-01	-2.527587e+00
3.115000e-01	-2.750070e-01	-2.527643e+00
3.116000e-01	-2.782829e-01	-2.527737e+00
3.117000e-01	-2.816087e-01	-2.527865e+00
3.118000e-01	-2.849822e-01	-2.528028e+00
3.119000e-01	-2.884011e-01	-2.528222e+00
3.120000e-01	-2.918636e-01	-2.528446e+00
3.121000e-01	-2.953678e-01	-2.528700e+00
3.122000e-01	-2.989119e-01	-2.528980e+00
3.123000e-01	-3.024943e-01	-2.529286e+00
3.124000e-01	-3.061139e-01	-2.529617e+00
3.125000e-01	-3.097694e-01	-2.529970e+00
3.126000e-01	-3.134599e-01	-2.530347e+00
3.127000e-01	-3.171846e-01	-2.530744e+00
3.128000e-01	-3.209430e-01	-2.531162e+00
3.129000e-01	-3.247347e-01	-2.531600e+00
3.130000e-01	-3.285597e-01	-2.532058e+00
3.131000e-01	-3.324180e-01	-2.532535e+00
3.132000e-01	-3.363098e-01	-2.533030e+00
3.133000e-01	-3.402354e-01	-2.533544e+00
3.134000e-01	-3.441954e-01	-2.534077e+00
3.135000e-01	-3.481904e-01	-2.534629e+00
3.136000e-01	-3.522210e-01	-2.535200e+00
3.137000e-01	-3.562882e-01	-2.535789e+00
3.138000e-01	-3.603925e-01	-2.536398e+00
3.139000e-01	-3.645350e-01	-2.537027e+00
3.140000e-01	-3.687164e-01	-2.537675e+00
3.141000e-01	-3.729376e-01	-2.538343e+00
3.142000e-01	-3.771991e-01	-2.539032e+00
3.143000e-01	-3.815017e-01	-2.539741e+00
3.144000e-01	-3.858459e-01	-2.540471e+00
3.145000e-01	-3.902321e-01	-2.541221e+00
3.146000e-01	-3.946606e-01	-2.541992e+00
3.147000e-01	-3.991314e-01	-2.542784e+00
3.148000e-01	-4.036445e-01	-2.543596e+00
3.149000e-01	-4.081997e-01	-2.544428e+00
3.150000e-01	-4.127965e-01	-2.545280e+00
3.151000e-01	-4.174342e-01	-2.546151e+00
3.152000e-01	-4.221122e-01	-2.547040e+00
3.153000e-01	-4.268292e-01	-2.547947e+00
3.154000e-01	-4.315841e-01	-2.548871e+00
3.155000e-01	-4.363755e-01	-2.549811e+00
3.156000e-01	-4.412020e-01	-2.550765e+00
3.157000e-01	-4.460617e-01	-2.551733e+00
3.158000e-01	-4.509530e-01	-2.552714e+00
3.159000e-01	-4.558739e-01	-2.553705e+00
3.160000e-01	-4.608223e-01	-2.554707e+00
3.161000e-01	-4.657961e-01	-2.555717e+00
3.162000e-01	-4.707932e-01	-2.556734e+00
3.163000e-01	-4.758115e-01	-2.557756e+00
3.164000e-01	-4.808488e-01	-2.558783e+00
3.165000e-01	-4.859030e-01	-2.559813e+00
3.166000e-01	-4.909720e-01	-2.560844e+00
3.167000e-01	-4.960538e-01	-2.561876e+00
3.168000e-01	-5.011466e-01	-2.562906e+00
3.169000e-01	-5.062485e-01	-2.563935e+00
3.170000e-01	-5.113579e-01	-2.564961e+00
3.171000e-01	-5.164735e-01	-2.565983e+00
3.172000e-01	-5.215937e-01	-2.567000e+00
3.173000e-01	-5.267175e-01	-2.568013e+00
3.174000e-01	-5.318440e-01	-2.569019e+00
3.175000e-01	-5.369724e-01	-2.570020e+00
3.176000e-01	-5.421021e-01	-2.571014e+00
3.177000e-01	-5.472328e-01	-2.572001e+00
3.178000e-01	-5.523642e-01	-2.572983e+00
3.179000e-01	-5.574964e-01	-2.573957e+00
3.180000e-01	-5.626296e-01	-2.574926e+00
3.181000e-01	-5.677641e-01	-2.575889e+00
3.182000e-01	-5.729003e-01	-2.576847e+00
3.183000e-01	-5.780389e-01	-2.577800e+00
3.184000e-01	-5.831805e-01	-2.578749e+00
3.185000e-01	-5.883260e-01	-2.579694e+00
3.186000e-01	-5.934762e-01	-2.580636e+00
3.187000e-01	-5.986321e-01	-2.581577e+00
3.188000e-01	-6.037945e-01	-2.582516e+00
3.189000e-01	-6.089643e-01	-2.583454e+00
3.190000e-01	-6.141424e-01	-2.584392e+00
3.191000e-01	-6.193297e-01	-2.585331e+00
3.192000e-01	-6.245269e-01	-2.586271e+00
3.193000e-01	-6.297346e-01	-2.587212e+00
3.194000e-01	-6.349534e-01	-2.588156e+00
3.195000e-01	-6.401837e-01	-2.589102e+00
3.196000e-01	-6.454256e-01	-2.590051e+00
3.197000e-01	-6.506793e-01	-2.591003e+00
3.198000e-01	-6.559447e-01	-2.591958e+00
3.199000e-01	-6.612214e-01	-2.592915e+00
3.200000e-01	-6.665091e-01	-2.593875e+00
3.201000e-01	-6.718071e-01	-2.594837e+00
3.202000e-01	-6.771146e-01	-2.595801e+00
3.203000e-01	-6.824308e-01	-2.596767e+00
3.204000e-01	-6.877545e-01	-2.597733e+00
3.205000e-01	-6.930844e-01	-2.598699e+00
3.206000e-01	-6.984193e-01	-2.599665e+00
3.207000e-01	-7.037575e-01	-2.600629e+00
3.208000e-01	-7.090974e-01	-2.601590e+00
3.209000e-01	-7.144373e-01	-2.602549e+00
3.210000e-01	-7.197755e-01	-2.603503e+00
3.211000e-01	-7.251102e-01	-2.604452e+00
3.212000e-01	-7.304394e-01	-2.605396e+00
3.213000e-01	-7.357613e-01	-2.606332e+00
3.214000e-01	-7.410741e-01	-2.607261e+00
3.215000e-01	-7.463759e-01	-2.608182e+00
3.216000e-01	-7.516651e-01	-2.609094e+00
3.217000e-01	-7.569399e-01	-2.609996e+00
3.218000e-01	-7.621989e-01	-2.610888e+00
3.219000e-01	-7.674404e-01	-2.611769e+00
3.220000e-01	-7.726633e-01	-2.612640e+00
3.221000e-01	-7.778663e-01	-2.613501e+00
3.222000e-01	-7.830483e-01	-2.614351e+00
3.223000e-01	-7.882086e-01	-2.615191e+00
3.224000e-01	-7.933463e-01	-2.616020e+00
3.225000e-01	-7.984609e-01	-2.616841e+00
3.226000e-01	-8.035521e-01	-2.617653e+00
3.227000e-01	-8.086195e-01	-2.618457e+00
3.228000e-01	-8.136632e-01	-2.619255e+00
3.229000e-01	-8.186831e-01	-2.620047e+00
3.230000e-01	-8.236795e-01	-2.620836e+00
3.231000e-01	-8.286527e-01	-2.621621e+00
3.232000e-01	-8.336031e-01	-2.622405e+00
3.233000e-01	-8.385313e-01	-2.623190e+00
3.234000e-01	-8.434378e-01	-2.623978e+00
3.235000e-01	-8.483233e-01	-2.624769e+00
3.236000e-01	-8.531884e-01	-2.625567e+00
3.237000e-01	-8.580339e-01	-2.626373e+00
3.238000e-01	-8.628605e-01	-2.627188e+00
3.239000e-01	-8.676687e-01	-2.628016e+00
3.240000e-01	-8.724592e-01	-2.628858e+00
3.241000e-01	-8.772325e-01	-2.629715e+00
3.242000e-01	-8.819891e-01	-2.630591e+00
3.243000e-01	-8.867294e-01	-2.631487e+00
3.244000e-01	-8.914534e-01	-2.632404e+00
3.245000e-01	-8.961614e-01	-2.633345e+00
3.246000e-01	-9.008534e-01	-2.634312e+00
3.247000e-01	-9.055290e-01	-2.635305e+00
3.248000e-01	-9.101880e-01	-2.636327e+00
3.249000e-01	-9.148298e-01	-2.637378e+00
3.250000e-01	-9.194539e-01	-2.638461e+00
3.251000e-01	-9.240593e-01	-2.639577e+00
3.252000e-01	-9.286451e-01	-2.640726e+00
3.253000e-01	-9.332102e-01	-2.641910e+00
3.254000e-01	-9.377533e-01	-2.643130e+00
3.255000e-01	-9.422731e-01	-2.644387e+00
3.256000e-01	-9.467681e-01	-2.645681e+00
3.257000e-01	-9.512366e-01	-2.647014e+00
3.258000e-01	-9.556770e-01	-2.648385e+00
3.259000e-01	-9.600876e-01	-2.649796e+00
3.260000e-01	-9.644665e-01	-2.651247e+00
3.261000e-01	-9.688122e-01	-2.652739e+00
3.262000e-01	-9.731226e-01	-2.654272e+00
3.263000e-01	-9.773960e-01	-2.655846e+00
3.264000e-01	-9.816308e-01	-2.657463e+00
3.265000e-01	-9.858252e-01	-2.659122e+00
3.266000e-01	-9.899776e-01	-2.660824e+00
3.267000e-01	-9.940864e-01	-2.662570e+00
3.268000e-01	-9.981504e-01	-2.664359e+00
3.269000e-01	-1.002168e+00	-2.666194e+00
3.270000e-01	-1.006138e+00	-2.668073e+00
3.271000e-01	-1.010060e+00	-2.669998e+00
3.272000e-01	-1.013933e+00	-2.671969e+00
3.273000e-01	-1.017756e+00	-2.673987e+00
3.274000e-01	-1.021528e+00	-2.676052e+00
3.275000e-01	-1.025249e+00	-2.678166e+00
3.276000e-01	-1.028919e+00	-2.680328e+00
3.277000e-01	-1.032538e+00	-2.682540e+00
3.278000e-01	-1.036105e+00	-2.684802e+00
3.279000e-01	-1.039621e+00	-2.687115e+00
3.280000e-01	-1.043086e+00	-2.689479e+00
3.281000e-01	-1.046500e+00	-2.691895e+00
3.282000e-01	-1.049865e+00	-2.694364e+00
3.283000e-01	-1.053180e+00	-2.696885e+00
3.284000e-01	-1.056446e+00	-2.699461e+00
3.285000e-01	-1.059664e+00	-2.702090e+00
3.286000e-01	-1.062834e+00	-2.704772e+00
3.287000e-01	-1.065957e+00	-2.707509e+00
3.288000e-01	-1.069033e+00	-2.710299e+00
3.289000e-01	-1.072062e+00	-2.713141e+00
3.290000e-01	-1.075042e+00	-2.716035e+00
3.291000e-01	-1.077973e+00	-2.718979e+00
3.292000e-01	-1.080854e+00	-2.721972e+00
3.293000e-01	-1.083684e+00	-2.725011e+00
3.294000e-01	-1.086463e+00	-2.728095e+00
3.295000e-01	-1.089189e+00	-2.731223e+00
3.296000e-01	-1.091862e+00	-2.734392e+00
3.297000e-01	-1.094481e+00	-2.737601e+00
3.298000e-01	-1.097045e+00	-2.740847e+00
3.299000e-01	-1.099553e+00	-2.744128e+00
3.300000e-01	-1.102005e+00	-2.747442e+00
3.301000e-01	-1.104400e+00	-2.750786e+00
3.302000e-01	-1.106737e+00	-2.754158e+00
3.303000e-01	-1.109016e+00	-2.757555e+00
3.304000e-01	-1.111236e+00	-2.760974e+00
3.305000e-01	-1.113396e+00	-2.764413e+00
3.306000e-01	-1.115497e+00	-2.767869e+00
3.307000e-01	-1.117539e+00	-2.771335e+00
3.308000e-01	-1.119522e+00	-2.774806e+00
3.309000e-01	-1.121448e+00	-2.778278e+00
3.310000e-01	-1.123318e+00	-2.781744e+00
3.311000e-01	-1.125131e+00	-2.785200e+00
3.312000e-01	-1.126890e+00	-2.788640e+00
3.313000e-01	-1.128594e+00	-2.792059e+00
3.314000e-01	-1.130245e+00	-2.795453e+00
3.315000e-01	-1.131843e+00	-2.798815e+00
3.316000e-01	-1.133390e+00	-2.802142e+00
3.317000e-01	-1.134885e+00	-2.805429e+00
3.318000e-01	-1.136331e+00	-2.808671e+00
3.319000e-01	-1.137727e+00	-2.811864e+00
3.320000e-01	-1.139075e+00	-2.815005e+00
3.321000e-01	-1.140375e+00	-2.818089e+00
3.322000e-01	-1.141627e+00	-2.821113e+00
3.323000e-01	-1.142834e+00	-2.824073e+00
3.324000e-01	-1.143995e+00	-2.826968e+00
3.325000e-01	-1.145110e+00	-2.829793e+00
3.326000e-01	-1.146181e+00	-2.832547e+00
3.327000e-01	-1.147208e+00	-2.835228e+00
3.328000e-01	-1.148192e+00	-2.837833e+00
3.329000e-01	-1.149133e+00	-2.840362e+00
3.330000e-01	-1.150031e+00	-2.842812e+00
3.331000e-01	-1.150888e+00	-2.845184e+00
3.332000e-01	-1.151702e+00	-2.847476e+00
3.333000e-01	-1.152475e+00	-2.849688e+00
3.334000e-01	-1.153207e+00	-2.851820e+00
3.335000e-01	-1.153898e+00	-2.853873e+00
3.336000e-01	-1.154548e+00	-2.855846e+00
3.337000e-01	-1.155157e+00	-2.857741e+00
3.338000e-01	-1.155726e+00	-2.859559e+00
3.339000e-01	-1.156254e+00	-2.861301e+00
3.340000e-01	-1.156741e+00	-2.862968e+00
3.341000e-01	-1.157187e+00	-2.864562e+00
3.342000e-01	-1.157592e+00	-2.866086e+00
3.343000e-01	-1.157954e+00	-2.867540e+00
3.344000e-01	-1.158275e+00	-2.868927e+00
3.345000e-01	-1.158552e+00	-2.870249e+00
3.346000e-01	-1.158785e+00	-2.871508e+00
3.347000e-01	-1.158973e+00	-2.872708e+00
3.348000e-01	-1.159116e+00	-2.873849e+00
3.349000e-01	-1.159212e+00	-2.874935e+00
3.350000e-01	-1.159259e+00	-2.875968e+00
3.351000e-01	-1.159257e+00	-2.876950e+00
3.352000e-01	-1.159204e+00	-2.877885e+00
3.353000e-01	-1.159099e+00	-2.878773e+00
3.354000e-01	-1.158940e+00	-2.879617e+00
3.355000e-01	-1.158726e+00	-2.880420e+00
3.356000e-01	-1.158454e+00	-2.881184e+00
3.357000e-01	-1.158125e+00	-2.881909e+00
3.358000e-01	-1.157735e+00	-2.882598e+00
3.359000e-01	-1.157285e+00	-2.883251e+00
3.360000e-01	-1.156772e+00	-2.883870e+00
3.361000e-01	-1.156196e+00	-2.884456e+00
3.362000e-01	-1.155557e+00	-2.885007e+00
3.363000e-01	-1.154852e+00	-2.885525e+00
3.364000e-01	-1.154083e+00	-2.886009e+00
3.365000e-01	-1.153249e+00	-2.886459e+00
3.366000e-01	-1.152350e+00	-2.886873e+00
3.367000e-01	-1.151386e+00	-2.887250e+00
3.368000e-01	-1.150357e+00	-2.887588e+00
3.369000e-01	-1.149266e+00	-2.887887e+00
3.370000e-01	-1.148111e+00	-2.888144e+00
3.371000e-01	-1.146896e+00	-2.888357e+00
3.372000e-01	-1.145621e+00	-2.888525e+00
3.373000e-01	-1.144287e+00	-2.888645e+00
3.374000e-01	-1.142896e+00	-2.888715e+00
3.375000e-01	-1.141451e+00	-2.888734e+00
3.376000e-01	-1.139953e+00	-2.888699e+00
3.377000e-01	-1.138405e+00	-2.888609e+00
3.378000e-01	-1.136807e+00	-2.888462e+00
3.379000e-01	-1.135164e+00	-2.888256e+00
3.380000e-01	-1.133476e+00	-2.887992e+00
3.381000e-01	-1.131746e+00	-2.887668e+00
3.382000e-01	-1.129976e+00	-2.887284e+00
3.383000e-01	-1.128168e+00	-2.886839e+00
3.384000e-01	-1.126323e+00	-2.886334e+00
3.385000e-01	-1.124445e+00	-2.885770e+00
3.386000e-01	-1.122533e+00	-2.885148e+00
3.387000e-01	-1.120590e+00	-2.884469e+00
3.388000e-01	-1.118617e+00	-2.883735e+00
3.389000e-01	-1.116616e+00	-2.882948e+00
3.390000e-01	-1.114586e+00	-2.882111e+00
3.391000e-01	-1.112528e+00	-2.881227e+00
3.392000e-01	-1.110444e+00	-2.880299e+00
3.393000e-01	-1.108332e+00	-2.879330e+00
3.394000e-01	-1.106195e+00	-2.878324e+00
3.395000e-01	-1.104030e+00	-2.877285e+00
3.396000e-01	-1.101838e+00	-2.876216e+00
3.397000e-01	-1.099619e+00	-2.875122e+00
3.398000e-01	-1.097371e+00	-2.874007e+00
3.399000e-01	-1.095095e+00	-2.872875e+00
3.400000e-01	-1.092788e+00	-2.871730e+00
3.401000e-01	-1.090451e+00	-2.870575e+00
3.402000e-01	-1.088083e+00	-2.869415e+00
3.403000e-01	-1.085682e+00	-2.868253e+00
3.404000e-01	-1.083247e+00	-2.867093e+00
3.405000e-01	-1.080778e+00	-2.865937e+00
3.406000e-01	-1.078273e+00	-2.864789e+00
3.407000e-01	-1.075733e+00	-2.863651e+00
3.408000e-01	-1.073155e+00	-2.862525e+00
3.409000e-01	-1.070540e+00	-2.861413e+00
3.410000e-01	-1.067886e+00	-2.860317e+00
3.411000e-01	-1.065195e+00	-2.859239e+00
3.412000e-01	-1.062465e+00	-2.858178e+00
3.413000e-01	-1.059697e+00	-2.857136e+00
3.414000e-01	-1.056891e+00	-2.856112e+00
3.415000e-01	-1.054047e+00	-2.855108e+00
3.416000e-01	-1.051165e+00	-2.854123e+00
3.417000e-01	-1.048248e+00	-2.853156e+00
3.418000e-01	-1.045295e+00	-2.852207e+00
3.419000e-01	-1.042308e+00	-2.851275e+00
3.420000e-01	-1.039288e+00	-2.850360e+00
3.421000e-01	-1.036237e+00	-2.849460e+00
3.422000e-01	-1.033155e+00	-2.848575e+00
3.423000e-01	-1.030045e+00	-2.847703e+00
3.424000e-01	-1.026909e+00	-2.846845e+00
3.425000e-01	-1.023748e+00	-2.845999e+00
3.426000e-01	-1.020564e+00	-2.845166e+00
3.427000e-01	-1.017359e+00	-2.844344e+00
3.428000e-01	-1.014134e+00	-2.843533e+00
3.429000e-01	-1.010892e+00	-2.842734e+00
3.430000e-01	-1.007634e+00	-2.841947e+00
3.431000e-01	-1.004361e+00	-2.841173e+00
3.432000e-01	-1.001076e+00	-2.840412e+00
3.433000e-01	-9.977789e-01	-2.839667e+00
3.434000e-01	-9.944717e-01	-2.838937e+00
3.435000e-01	-9.911553e-01	-2.838226e+00
3.436000e-01	-9.878304e-01	-2.837536e+00
3.437000e-01	-9.844978e-01	-2.836868e+00
3.438000e-01	-9.811578e-01	-2.836225e+00
3.439000e-01	-9.778108e-01	-2.835610e+00
3.440000e-01	-9.744569e-01	-2.835026e+00
3.441000e-01	-9.710958e-01	-2.834476e+00
3.442000e-01	-9.677274e-01	-2.833964e+00
3.443000e-01	-9.643511e-01	-2.833491e+00
3.444000e-01	-9.609662e-01	-2.833063e+00
3.445000e-01	-9.575719e-01	-2.832681e+00
3.446000e-01	-9.541673e-01	-2.832350e+00
3.447000e-01	-9.507513e-01	-2.832071e+00
3.448000e-01	-9.473227e-01	-2.831849e+00
3.449000e-01	-9.438802e-01	-2.831685e+00
3.450000e-01	-9.404227e-01	-2.831583e+00
3.451000e-01	-9.369487e-01	-2.831544e+00
3.452000e-01	-9.334569e-01	-2.831570e+00
3.453000e-01	-9.299459e-01	-2.831663e+00
3.454000e-01	-9.264146e-01	-2.831824e+00
3.455000e-01	-9.228617e-01	-2.832054e+00
3.456000e-01	-9.192860e-01	-2.832353e+00
3.457000e-01	-9.156865e-01	-2.832722e+00
3.458000e-01	-9.120624e-01	-2.833160e+00
3.459000e-01	-9.084127e-01	-2.833667e+00
3.460000e-01	-9.047369e-01	-2.834242e+00
3.461000e-01	-9.010345e-01	-2.834883e+00
3.462000e-01	-8.973052e-01	-2.835588e+00
3.463000e-01	-8.935487e-01	-2.836357e+00
3.464000e-01	-8.897652e-01	-2.837186e+00
3.465000e-01	-8.859547e-01	-2.838074e+00
3.466000e-01	-8.821176e-01	-2.839017e+00
3.467000e-01	-8.782543e-01	-2.840013e+00
3.468000e-01	-8.743654e-01	-2.841060e+00
3.469000e-01	-8.704517e-01	-2.842154e+00
3.470000e-01	-8.665141e-01	-2.843292e+00
3.471000e-01	-8.625534e-01	-2.844473e+00
3.472000e-01	-8.585707e-01	-2.845692e+00
3.473000e-01	-8.545670e-01	-2.846947e+00
3.474000e-01	-8.505435e-01	-2.848236e+00
3.475000e-01	-8.465013e-01	-2.849556e+00
3.476000e-01	-8.424415e-01	-2.850905e+00
3.477000e-01	-8.383651e-01	-2.852282e+00
3.478000e-01	-8.342734e-01	-2.853684e+00
3.479000e-01	-8.301671e-01	-2.855110e+00
3.480000e-01	-8.260473e-01	-2.856559e+00
3.481000e-01	-8.219148e-01	-2.858031e+00
3.482000e-01	-8.177702e-01	-2.859523e+00
3.483000e-01	-8.136141e-01	-2.861037e+00
3.484000e-01	-8.094470e-01	-2.862572e+00
3.485000e-01	-8.052692e-01	-2.864128e+00
3.486000e-01	-8.010808e-01	-2.865706e+00
3.487000e-01	-7.968818e-01	-2.867306e+00
3.488000e-01	-7.926721e-01	-2.868930e+00
3.489000e-01	-7.884514e-01	-2.870577e+00
3.490000e-01	-7.842193e-01	-2.872249e+00
3.491000e-01	-7.799753e-01	-2.873946e+00
3.492000e-01	-7.757186e-01	-2.875671e+00
3.493000e-01	-7.714486e-01	-2.877424e+00
3.494000e-01	-7.671643e-01	-2.879206e+00
3.495000e-01	-7.628649e-01	-2.881018e+00
3.496000e-01	-7.585494e-01	-2.882860e+00
3.497000e-01	-7.542166e-01	-2.884734e+00
3.498000e-01	-7.498657e-01	-2.886640e+00
3.499000e-01	-7.454956e-01	-2.888577e+00
3.500000e-01	-7.411053e-01	-2.890546e+00
3.501000e-01	-7.366938e-01	-2.892548e+00
3.502000e-01	-7.322602e-01	-2.894580e+00
3.503000e-01	-7.278038e-01	-2.896642e+00
3.504000e-01	-7.233238e-01	-2.898733e+00
3.505000e-01	-7.188196e-01	-2.900852e+00
3.506000e-01	-7.142907e-01	-2.902997e+00
3.507000e-01	-7.097369e-01	-2.905166e+00
3.508000e-01	-7.051579e-01	-2.907356e+00
3.509000e-01	-7.005538e-01	-2.909566e+00
3.510000e-01	-6.959246e-01	-2.911792e+00
3.511000e-01	-6.912708e-01	-2.914031e+00
3.512000e-01	-6.865926e-01	-2.916282e+00
3.513000e-01	-6.818909e-01	-2.918539e+00
3.514000e-01	-6.771663e-01	-2.920801e+00
3.515000e-01	-6.724199e-01	-2.923064e+00
3.516000e-01	-6.676526e-01	-2.925325e+00
3.517000e-01	-6.628658e-01	-2.927580e+00
3.518000e-01	-6.580606e-01	-2.929827e+00
3.519000e-01	-6.532386e-01	-2.932062e+00
3.520000e-01	-6.484012e-01	-2.934283e+00
3.521000e-01	-6.435500e-01	-2.936487e+00
3.522000e-01	-6.386866e-01	-2.938672e+00
3.523000e-01	-6.338127e-01	-2.940835e+00
3.524000e-01	-6.289299e-01	-2.942974e+00
3.525000e-01	-6.240399e-01	-2.945089e+00
3.526000e-01	-6.191442e-01	-2.947177e+00
3.527000e-01	-6.142445e-01	-2.949238e+00
3.528000e-01	-6.093424e-01	-2.951271e+00
3.529000e-01	-6.044392e-01	-2.953276e+00
3.530000e-01	-5.995363e-01	-2.955252e+00
3.531000e-01	-5.946352e-01	-2.957201e+00
3.532000e-01	-5.897368e-01	-2.959123e+00
3.533000e-01	-5.848424e-01	-2.961019e+00
3.534000e-01	-5.799529e-01	-2.962889e+00
3.535000e-01	-5.750691e-01	-2.964735e+00
3.536000e-01	-5.701919e-01	-2.966560e+00
3.537000e-01	-5.653218e-01	-2.968363e+00
3.538000e-01	-5.604594e-01	-2.970149e+00
3.539000e-01	-5.556052e-01	-2.971917e+00
3.540000e-01	-5.507594e-01	-2.973671e+00
3.541000e-01	-5.459224e-01	-2.975412e+00
3.542000e-01	-5.410944e-01	-2.977142e+00
3.543000e-01	-5.362755e-01	-2.978864e+00
3.544000e-01	-5.314658e-01	-2.980578e+00
3.545000e-01	-5.266655e-01	-2.982287e+00
3.546000e-01	-5.218745e-01	-2.983992e+00
3.547000e-01	-5.170930e-01	-2.985694e+00
3.548000e-01	-5.123212e-01	-2.987395e+00
3.549000e-01	-5.075591e-01	-2.989095e+00
3.550000e-01	-5.028070e-01	-2.990795e+00
3.551000e-01	-4.980651e-01	-2.992495e+00
3.552000e-01	-4.933337e-01	-2.994196e+00
3.553000e-01	-4.886135e-01	-2.995896e+00
3.554000e-01	-4.839048e-01	-2.997597e+00
3.555000e-01	-4.792083e-01	-2.999297e+00
3.556000e-01	-4.745249e-01	-3.000995e+00
3.557000e-01	-4.698553e-01	-3.002690e+00
3.558000e-01	-4.652008e-01	-3.004382e+00
3.559000e-01	-4.605622e-01	-3.006068e+00
3.560000e-01	-4.559411e-01	-3.007747e+00
3.561000e-01	-4.513386e-01	-3.009417e+00
3.562000e-01	-4.467564e-01	-3.011078e+00
3.563000e-01	-4.421961e-01	-3.012726e+00
3.564000e-01	-4.376592e-01	-3.014361e+00
3.565000e-01	-4.331478e-01	-3.015980e+00
3.566000e-01	-4.286635e-01	-3.017583e+00
3.567000e-01	-4.242083e-01	-3.019167e+00
3.568000e-01	-4.197842e-01	-3.020732e+00
3.569000e-01	-4.153932e-01	-3.022276e+00
3.570000e-01	-4.110373e-01	-3.023799e+00
3.571000e-01	-4.067185e-01	-3.025298e+00
3.572000e-01	-4.024389e-01	-3.026775e+00
3.573000e-01	-3.982004e-01	-3.028229e+00
3.574000e-01	-3.940049e-01	-3.029660e+00
3.575000e-01	-3.898544e-01	-3.031068e+00
3.576000e-01	-3.857506e-01	-3.032454e+00
3.577000e-01	-3.816952e-01	-3.033818e+00
3.578000e-01	-3.776900e-01	-3.035163e+00
3.579000e-01	-3.737364e-01	-3.036488e+00
3.580000e-01	-3.698358e-01	-3.037796e+00
3.581000e-01	-3.659897e-01	-3.039088e+00
3.582000e-01	-3.621992e-01	-3.040367e+00
3.583000e-01	-3.584653e-01	-3.041634e+00
3.584000e-01	-3.547892e-01	-3.042892e+00
3.585000e-01	-3.511716e-01	-3.044142e+00
3.586000e-01	-3.476134e-01	-3.045388e+00
3.587000e-01	-3.441151e-01	-3.046632e+00
3.588000e-01	-3.406775e-01	-3.047875e+00
3.589000e-01	-3.373009e-01	-3.049120e+00
3.590000e-01	-3.339857e-01	-3.050370e+00
3.591000e-01	-3.307324e-01	-3.051626e+00
3.592000e-01	-3.275413e-01	-3.052891e+00
3.593000e-01	-3.244125e-01	-3.054165e+00
3.594000e-01	-3.213463e-01	-3.055451e+00
3.595000e-01	-3.183430e-01	-3.056749e+00
3.596000e-01	-3.154027e-01	-3.058061e+00
3.597000e-01	-3.125258e-01	-3.059387e+00
3.598000e-01	-3.097124e-01	-3.060728e+00
3.599000e-01	-3.069628e-01	-3.062083e+00
3.600000e-01	-3.042773e-01	-3.063453e+00
3.601000e-01	-3.016564e-01	-3.064837e+00
3.602000e-01	-2.991004e-01	-3.066235e+00
3.603000e-01	-2.966099e-01	-3.067645e+00
3.604000e-01	-2.941854e-01	-3.069066e+00
3.605000e-01	-2.918275e-01	-3.070497e+00
3.606000e-01	-2.895371e-01	-3.071936e+00
3.607000e-01	-2.873148e-01	-3.073381e+00
3.608000e-01	-2.851615e-01	-3.074831e+00
3.609000e-01	-2.830782e-01	-3.076283e+00
3.610000e-01	-2.810657e-01	-3.077735e+00
3.611000e-01	-2.791253e-01	-3.079184e+00
3.612000e-01	-2.772579e-01	-3.080629e+00
3.613000e-01	-2.754647e-01	-3.082068e+00
3.614000e-01	-2.737468e-01	-3.083498e+00
3.615000e-01	-2.721055e-01	-3.084917e+00
3.616000e-01	-2.705418e-01	-3.086323e+00
3.617000e-01	-2.690570e-01	-3.087715e+00
3.618000e-01	-2.676523e-01	-3.089091e+00
3.619000e-01	-2.663287e-01	-3.090450e+00
3.620000e-01	-2.650873e-01	-3.091790e+00
3.621000e-01	-2.639292e-01	-3.093110e+00
3.622000e-01	-2.628554e-01	-3.094410e+00
3.623000e-01	-2.618668e-01	-3.095688e+00
3.624000e-01	-2.609642e-01	-3.096946e+00
3.625000e-01	-2.601483e-01	-3.098183e+00
3.626000e-01	-2.594197e-01	-3.099399e+00
3.627000e-01	-2.587791e-01	-3.100594e+00
3.628000e-01	-2.582268e-01	-3.101769e+00
3.629000e-01	-2.577632e-01	-3.102925e+00
3.630000e-01	-2.573885e-01	-3.104062e+00
3.631000e-01	-2.571028e-01	-3.105183e+00
3.632000e-01	-2.569061e-01	-3.106287e+00
3.633000e-01	-2.567983e-01	-3.107376e+00
3.634000e-01	-2.567792e-01	-3.108452e+00
3.635000e-01	-2.568486e-01	-3.109516e+00
3.636000e-01	-2.570060e-01	-3.110568e+00
3.637000e-01	-2.572510e-01	-3.111610e+00
3.638000e-01	-2.575831e-01	-3.112643e+00
3.639000e-01	-2.580017e-01	-3.113669e+00
3.640000e-01	-2.585062e-01	-3.114687e+00
3.641000e-01	-2.590959e-01	-3.115699e+00
3.642000e-01	-2.597702e-01	-3.116705e+00
3.643000e-01	-2.605283e-01	-3.117704e+00
3.644000e-01	-2.613694e-01	-3.118699e+00
3.645000e-01	-2.622930e-01	-3.119687e+00
3.646000e-01	-2.632982e-01	-3.120668e+00
3.647000e-01	-2.643844e-01	-3.121643e+00
3.648000e-01	-2.655509e-01	-3.122609e+00
3.649000e-01	-2.667971e-01	-3.123567e+00
3.650000e-01	-2.681224e-01	-3.124513e+00
3.651000e-01	-2.695262e-01	-3.125448e+00
3.652000e-01	-2.710081e-01	-3.126369e+00
3.653000e-01	-2.725675e-01	-3.127274e+00
3.654000e-01	-2.742041e-01	-3.128161e+00
3.655000e-01	-2.759175e-01	-3.129028e+00
3.656000e-01	-2.777073e-01	-3.129872e+00
3.657000e-01	-2.795733e-01	-3.130693e+00
3.658000e-01	-2.815153e-01	-3.131486e+00
3.659000e-01	-2.835331e-01	-3.132250e+00
3.660000e-01	-2.856263e-01	-3.132983e+00
3.661000e-01	-2.877950e-01	-3.133682e+00
3.662000e-01	-2.900389e-01	-3.134346e+00
3.663000e-01	-2.923579e-01	-3.134972e+00
3.664000e-01	-2.947518e-01	-3.135560e+00
3.665000e-01	-2.972205e-01	-3.136106e+00
3.666000e-01	-2.997637e-01	-3.136610e+00
3.667000e-01	-3.023813e-01	-3.137071e+00
3.668000e-01	-3.050730e-01	-3.137489e+00
3.669000e-01	-3.078384e-01	-3.137861e+00
3.670000e-01	-3.106772e-01	-3.138189e+00
3.671000e-01	-3.135890e-01	-3.138472e+00
3.672000e-01	-3.165734e-01	-3.138710e+00
3.673000e-01	-3.196296e-01	-3.138904e+00
3.674000e-01	-3.227572e-01	-3.139054e+00
3.675000e-01	-3.259554e-01	-3.139162e+00
3.676000e-01	-3.292234e-01	-3.139228e+00
3.677000e-01	-3.325603e-01	-3.139255e+00
3.678000e-01	-3.359653e-01	-3.139243e+00
3.679000e-01	-3.394373e-01	-3.139194e+00
3.680000e-01	-3.429752e-01	-3.139110e+00
3.681000e-01	-3.465778e-01	-3.138994e+00
3.682000e-01	-3.502441e-01	-3.138846e+00
3.683000e-01	-3.539725e-01	-3.138669e+00
3.684000e-01	-3.577620e-01	-3.138466e+00
3.685000e-01	-3.616110e-01	-3.138237e+00
3.686000e-01	-3.655181e-01	-3.137985e+00
3.687000e-01	-3.694820e-01	-3.137712e+00
3.688000e-01	-3.735012e-01	-3.137419e+00
3.689000e-01	-3.775742e-01	-3.137109e+00
3.690000e-01	-3.816995e-01	-3.136782e+00
3.691000e-01	-3.858757e-01	-3.136440e+00
3.692000e-01	-3.901014e-01	-3.136083e+00
3.693000e-01	-3.943749e-01	-3.135714e+00
3.694000e-01	-3.986951e-01	-3.135332e+00
3.695000e-01	-4.030604e-01	-3.134939e+00
3.696000e-01	-4.074695e-01	-3.134534e+00
3.697000e-01	-4.119212e-01	-3.134117e+00
3.698000e-01	-4.164141e-01	-3.133689e+00
3.699000e-01	-4.209471e-01	-3.133250e+00
3.700000e-01	-4.255190e-01	-3.132799e+00
3.701000e-01	-4.301285e-01	-3.132336e+00
3.702000e-01	-4.347748e-01	-3.131860e+00
3.703000e-01	-4.394567e-01	-3.131371e+00
3.704000e-01	-4.441733e-01	-3.130868e+00
3.705000e-01	-4.489236e-01	-3.130350e+00
3.706000e-01	-4.537066e-01	-3.129817e+00
3.707000e-01	-4.585216e-01	-3.129268e+00
3.708000e-01	-4.633677e-01	-3.128703e+00
3.709000e-01	-4.682441e-01	-3.128122e+00
3.710000e-01	-4.731498e-01	-3.127523e+00
3.711000e-01	-4.780842e-01	-3.126907e+00
3.712000e-01	-4.830465e-01	-3.126274e+00
3.713000e-01	-4.880358e-01	-3.125624e+00
3.714000e-01	-4.930513e-01	-3.124958e+00
3.715000e-01	-4.980922e-01	-3.124275e+00
3.716000e-01	-5.031577e-01	-3.123578e+00
3.717000e-01	-5.082469e-01	-3.122867e+00
3.718000e-01	-5.133590e-01	-3.122143e+00
3.719000e-01	-5.184929e-01	-3.121408e+00
3.720000e-01	-5.236477e-01	-3.120665e+00
3.721000e-01	-5.288224e-01	-3.119914e+00
3.722000e-01	-5.340161e-01	-3.119159e+00
3.723000e-01	-5.392276e-01	-3.118401e+00
3.724000e-01	-5.444558e-01	-3.117644e+00
3.725000e-01	-5.496996e-01	-3.116890e+00
3.726000e-01	-5.549577e-01	-3.116142e+00
3.727000e-01	-5.602291e-01	-3.115404e+00
3.728000e-01	-5.655123e-01	-3.114678e+00
3.729000e-01	-5.708063e-01	-3.113968e+00
3.730000e-01	-5.761096e-01	-3.113277e+00
3.731000e-01	-5.814211e-01	-3.112607e+00
3.732000e-01	-5.867393e-01	-3.111963e+00
3.733000e-01	-5.920629e-01	-3.111348e+00
3.734000e-01	-5.973907e-01	-3.110763e+00
3.735000e-01	-6.027214e-01	-3.110214e+00
3.736000e-01	-6.080536e-01	-3.109701e+00
3.737000e-01	-6.133862e-01	-3.109228e+00
3.738000e-01	-6.187177e-01	-3.108797e+00
3.739000e-01	-6.240472e-01	-3.108411e+00
3.740000e-01	-6.293733e-01	-3.108071e+00
3.741000e-01	-6.346949e-01	-3.107780e+00
3.742000e-01	-6.400110e-01	-3.107538e+00
3.743000e-01	-6.453204e-01	-3.107347e+00
3.744000e-01	-6.506223e-01	-3.107209e+00
3.745000e-01	-6.559156e-01	-3.107125e+00
3.746000e-01	-6.611995e-01	-3.107094e+00
3.747000e-01	-6.664731e-01	-3.107118e+00
3.748000e-01	-6.717357e-01	-3.107197e+00
3.749000e-01	-6.769864e-01	-3.107332e+00
3.750000e-01	-6.822246e-01	-3.107521e+00
3.751000e-01	-6.874497e-01	-3.107766e+00
3.752000e-01	-6.926611e-01	-3.108066e+00
3.753000e-01	-6.978581e-01	-3.108421e+00
3.754000e-01	-7.030403e-01	-3.108831e+00
3.755000e-01	-7.082072e-01	-3.109296e+00
3.756000e-01	-7.133582e-01	-3.109815e+00
3.757000e-01	-7.184929e-01	-3.110388e+00
3.758000e-01	-7.236110e-01	-3.111014e+00
3.759000e-01	-7.287119e-01	-3.111695e+00
3.760000e-01	-7.337952e-01	-3.112430e+00
3.761000e-01	-7.388606e-01	-3.113219e+00
3.762000e-01	-7.439075e-01	-3.114062e+00
3.763000e-01	-7.489356e-01	-3.114959e+00
3.764000e-01	-7.539445e-01	-3.115912e+00
3.765000e-01	-7.589336e-01	-3.116921e+00
3.766000e-01	-7.639025e-01	-3.117986e+00
3.767000e-01	-7.688508e-01	-3.119109e+00
3.768000e-01	-7.737778e-01	-3.120291e+00
3.769000e-01	-7.786832e-01	-3.121533e+00
3.770000e-01	-7.835663e-01	-3.122836e+00
3.771000e-01	-7.884266e-01	-3.124201e+00
3.772000e-01	-7.932635e-01	-3.125631e+00
3.773000e-01	-7.980765e-01	-3.127126e+00
3.774000e-01	-8.028649e-01	-3.128689e+00
3.775000e-01	-8.076281e-01	-3.130321e+00
3.776000e-01	-8.123655e-01	-3.132023e+00
3.777000e-01	-8.170765e-01	-3.133797e+00
3.778000e-01	-8.217604e-01	-3.135644e+00
3.779000e-01	-8.264167e-01	-3.137566e+00
3.780000e-01	-8.310446e-01	-3.139564e+00
3.781000e-01	-8.356438e-01	-3.141640e+00
3.782000e-01	-8.402134e-01	-3.143793e+00
3.783000e-01	-8.447531e-01	-3.146024e+00
3.784000e-01	-8.492623e-01	-3.148335e+00
3.785000e-01	-8.537404e-01	-3.150725e+00
3.786000e-01	-8.581869e-01	-3.153195e+00
3.787000e-01	-8.626016e-01	-3.155744e+00
3.788000e-01	-8.669838e-01	-3.158371e+00
3.789000e-01	-8.713334e-01	-3.161076e+00
3.790000e-01	-8.756499e-01	-3.163858e+00
3.791000e-01	-8.799330e-01	-3.166716e+00
3.792000e-01	-8.841825e-01	-3.169647e+00
3.793000e-01	-8.883982e-01	-3.172650e+00
3.794000e-01	-8.925798e-01	-3.175723e+00
3.795000e-01	-8.967273e-01	-3.178864e+00
3.796000e-01	-9.008405e-01	-3.182069e+00
3.797000e-01	-9.049193e-01	-3.185337e+00
3.798000e-01	-9.089637e-01	-3.188665e+00
3.799000e-01	-9.129735e-01	-3.192048e+00
3.800000e-01	-9.169489e-01	-3.195485e+00
3.801000e-01	-9.208897e-01	-3.198972e+00
3.802000e-01	-9.247960e-01	-3.202506e+00
3.803000e-01	-9.286678e-01	-3.206083e+00
3.804000e-01	-9.325050e-01	-3.209700e+00
3.805000e-01	-9.363076e-01	-3.213354e+00
3.806000e-01	-9.400757e-01	-3.217041e+00
3.807000e-01	-9.438093e-01	-3.220758e+00
3.808000e-01	-9.475082e-01	-3.224501e+00
3.809000e-01	-9.511725e-01	-3.228269e+00
3.810000e-01	-9.548020e-01	-3.232057e+00
3.811000e-01	-9.583968e-01	-3.235864e+00
3.812000e-01	-9.619566e-01	-3.239685e+00
3.813000e-01	-9.654813e-01	-3.243520e+00
3.814000e-01	-9.689707e-01	-3.247364e+00
3.815000e-01	-9.724248e-01	-3.251217e+00
3.816000e-01	-9.758432e-01	-3.255075e+00
3.817000e-01	-9.792257e-01	-3.258937e+00
3.818000e-01	-9.825721e-01	-3.262801e+00
3.819000e-01	-9.858821e-01	-3.266665e+00
3.820000e-01	-9.891555e-01	-3.270527e+00
3.821000e-01	-9.923918e-01	-3.274387e+00
3.822000e-01	-9.955909e-01	-3.278242e+00
3.823000e-01	-9.987525e-01	-3.282090e+00
3.824000e-01	-1.001876e+00	-3.285932e+00
3.825000e-01	-1.004962e+00	-3.289764e+00
3.826000e-01	-1.008009e+00	-3.293587e+00
3.827000e-01	-1.011017e+00	-3.297397e+00
3.828000e-01	-1.013986e+00	-3.301195e+00
3.829000e-01	-1.016916e+00	-3.304978e+00
3.830000e-01	-1.019806e+00	-3.308744e+00
3.831000e-01	-1.022656e+00	-3.312493e+00
3.832000e-01	-1.025467e+00	-3.316222e+00
3.833000e-01	-1.028238e+00	-3.319929e+00
3.834000e-01	-1.030968e+00	-3.323613e+00
3.835000e-01	-1.033658e+00	-3.327270e+00
3.836000e-01	-1.036308e+00	-3.330900e+00
3.837000e-01	-1.038917e+00	-3.334499e+00
3.838000e-01	-1.041486e+00	-3.338064e+00
3.839000e-01	-1.044015e+00	-3.341594e+00
3.840000e-01	-1.046503e+00	-3.345085e+00
3.841000e-01	-1.048951e+00	-3.348535e+00
3.842000e-01	-1.051359e+00	-3.351940e+00
3.843000e-01	-1.053728e+00	-3.355297e+00
3.844000e-01	-1.056056e+00	-3.358604e+00
3.845000e-01	-1.058345e+00	-3.361856e+00
3.846000e-01	-1.060595e+00	-3.365052e+00
3.847000e-01	-1.062805e+00	-3.368187e+00
3.848000e-01	-1.064976e+00	-3.371260e+00
3.849000e-01	-1.067108e+00	-3.374266e+00
3.850000e-01	-1.069202e+00	-3.377202e+00
3.851000e-01	-1.071258e+00	-3.380067e+00
3.852000e-01	-1.073275e+00	-3.382857e+00
3.853000e-01	-1.075253e+00	-3.385569e+00
3.854000e-01	-1.077194e+00	-3.388202e+00
3.855000e-01	-1.079098e+00	-3.390753e+00
3.856000e-01	-1.080963e+00	-3.393220e+00
3.857000e-01	-1.082791e+00	-3.395602e+00
3.858000e-01	-1.084581e+00	-3.397896e+00
3.859000e-01	-1.086334e+00	-3.400103e+00
3.860000e-01	-1.088049e+00	-3.402220e+00
3.861000e-01	-1.089727e+00	-3.404247e+00
3.862000e-01	-1.091367e+00	-3.406184e+00
3.863000e-01	-1.092970e+00	-3.408030e+00
3.864000e-01	-1.094536e+00	-3.409786e+00
3.865000e-01	-1.096064e+00	-3.411452e+00
3.866000e-01	-1.097554e+00	-3.413027e+00
3.867000e-01	-1.099007e+00	-3.414514e+00
3.868000e-01	-1.100422e+00	-3.415912e+00
3.869000e-01	-1.101799e+00	-3.417224e+00
3.870000e-01	-1.103139e+00	-3.418450e+00
3.871000e-01	-1.104441e+00	-3.419591e+00
3.872000e-01	-1.105705e+00	-3.420650e+00
3.873000e-01	-1.106931e+00	-3.421627e+00
3.874000e-01	-1.108120e+00	-3.422525e+00
3.875000e-01	-1.109271e+00	-3.423345e+00
3.876000e-01	-1.110383e+00	-3.424089e+00
3.877000e-01	-1.111456e+00	-3.424757e+00
3.878000e-01	-1.112487e+00	-3.425350e+00
3.879000e-01	-1.113476e+00	-3.425868e+00
3.880000e-01	-1.114421e+00	-3.426314e+00
3.881000e-01	-1.115321e+00	-3.426686e+00
3.882000e-01	-1.116176e+00	-3.426988e+00
3.883000e-01	-1.116984e+00	-3.427218e+00
3.884000e-01	-1.117746e+00	-3.427379e+00
3.885000e-01	-1.118460e+00	-3.427471e+00
3.886000e-01	-1.119127e+00	-3.427494e+00
3.887000e-01	-1.119746e+00	-3.427451e+00
3.888000e-01	-1.120317e+00	-3.427340e+00
3.889000e-01	-1.120839e+00	-3.427164e+00
3.890000e-01	-1.121314e+00	-3.426923e+00
3.891000e-01	-1.121742e+00	-3.426618e+00
3.892000e-01	-1.122122e+00	-3.426251e+00
3.893000e-01	-1.122457e+00	-3.425821e+00
3.894000e-01	-1.122746e+00	-3.425332e+00
3.895000e-01	-1.122990e+00	-3.424782e+00
3.896000e-01	-1.123190e+00	-3.424175e+00
3.897000e-01	-1.123347e+00	-3.423510e+00
3.898000e-01	-1.123461e+00	-3.422791e+00
3.899000e-01	-1.123535e+00	-3.422017e+00
3.900000e-01	-1.123568e+00	-3.421192e+00
3.901000e-01	-1.123562e+00	-3.420316e+00
3.902000e-01	-1.123517e+00	-3.419392e+00
3.903000e-01	-1.123436e+00	-3.418423e+00
3.904000e-01	-1.123318e+00	-3.417409e+00
3.905000e-01	-1.123166e+00	-3.416355e+00
3.906000e-01	-1.122979e+00	-3.415262e+00
3.907000e-01	-1.122759e+00	-3.414133e+00
3.908000e-01	-1.122506e+00	-3.412971e+00
3.909000e-01	-1.122223e+00	-3.411779e+00
3.910000e-01	-1.121908e+00	-3.410561e+00
3.911000e-01	-1.121565e+00	-3.409320e+00
3.912000e-01	-1.121192e+00	-3.408059e+00
3.913000e-01	-1.120791e+00	-3.406782e+00
3.914000e-01	-1.120363e+00	-3.405492e+00
3.915000e-01	-1.119908e+00	-3.404193e+00
3.916000e-01	-1.119427e+00	-3.402889e+00
3.917000e-01	-1.118921e+00	-3.401583e+00
3.918000e-01	-1.118390e+00	-3.400279e+00
3.919000e-01	-1.117834e+00	-3.398981e+00
3.920000e-01	-1.117255e+00	-3.397693e+00
3.921000e-01	-1.116653e+00	-3.396418e+00
3.922000e-01	-1.116028e+00	-3.395160e+00
3.923000e-01	-1.115381e+00	-3.393921e+00
3.924000e-01	-1.114713e+00	-3.392706e+00
3.925000e-01	-1.114023e+00	-3.391517e+00
3.926000e-01	-1.113314e+00	-3.390358e+00
3.927000e-01	-1.112585e+00	-3.389231e+00
3.928000e-01	-1.111836e+00	-3.388139e+00
3.929000e-01	-1.111068e+00	-3.387084e+00
3.930000e-01	-1.110283e+00	-3.386068e+00
3.931000e-01	-1.109479e+00	-3.385094e+00
3.932000e-01	-1.108658e+00	-3.384162e+00
3.933000e-01	-1.107819e+00	-3.383275e+00
3.934000e-01	-1.106964e+00	-3.382432e+00
3.935000e-01	-1.106092e+00	-3.381637e+00
3.936000e-01	-1.105203e+00	-3.380888e+00
3.937000e-01	-1.104298e+00	-3.380186e+00
3.938000e-01	-1.103377e+00	-3.379532e+00
3.939000e-01	-1.102440e+00	-3.378926e+00
3.940000e-01	-1.101486e+00	-3.378368e+00
3.941000e-01	-1.100515e+00	-3.377856e+00
3.942000e-01	-1.099528e+00	-3.377392e+00
3.943000e-01	-1.098523e+00	-3.376974e+00
3.944000e-01	-1.097501e+00	-3.376601e+00
3.945000e-01	-1.096461e+00	-3.376273e+00
3.946000e-01	-1.095402e+00	-3.375989e+00
3.947000e-01	-1.094323e+00	-3.375748e+00
3.948000e-01	-1.093224e+00	-3.375549e+00
3.949000e-01	-1.092105e+00	-3.375391e+00
3.950000e-01	-1.090963e+00	-3.375273e+00
3.951000e-01	-1.089798e+00	-3.375195e+00
3.952000e-01	-1.088609e+00	-3.375155e+00
3.953000e-01	-1.087395e+00	-3.375152e+00
3.954000e-01	-1.086155e+00	-3.375187e+00
3.955000e-01	-1.084888e+00	-3.375258e+00
3.956000e-01	-1.083592e+00	-3.375365e+00
3.957000e-01	-1.082267e+00	-3.375508e+00
3.958000e-01	-1.080912e+00	-3.375686e+00
3.959000e-01	-1.079526e+00	-3.375900e+00
3.960000e-01	-1.078107e+00	-3.376150e+00
3.961000e-01	-1.076654e+00	-3.376435e+00
3.962000e-01	-1.075168e+00	-3.376756e+00
3.963000e-01	-1.073647e+00	-3.377113e+00
3.964000e-01	-1.072090e+00	-3.377507e+00
3.965000e-01	-1.070497e+00	-3.377939e+00
3.966000e-01	-1.068867e+00	-3.378408e+00
3.967000e-01	-1.067199e+00	-3.378915e+00
3.968000e-01	-1.065494e+00	-3.379462e+00
3.969000e-01	-1.063751e+00	-3.380048e+00
3.970000e-01	-1.061969e+00	-3.380674e+00
3.971000e-01	-1.060148e+00	-3.381341e+00
3.972000e-01	-1.058289e+00	-3.382049e+00
3.973000e-01	-1.056391e+00	-3.382799e+00
3.974000e-01	-1.054454e+00	-3.383591e+00
3.975000e-01	-1.052478e+00	-3.384426e+00
3.976000e-01	-1.050464e+00	-3.385302e+00
3.977000e-01	-1.048411e+00	-3.386221e+00
3.978000e-01	-1.046319e+00	-3.387182e+00
3.979000e-01	-1.044189e+00	-3.388184e+00
3.980000e-01	-1.042021e+00	-3.389228e+00
3.981000e-01	-1.039815e+00	-3.390312e+00
3.982000e-01	-1.037570e+00	-3.391436e+00
3.983000e-01	-1.035288e+00	-3.392599e+00
3.984000e-01	-1.032968e+00	-3.393799e+00
3.985000e-01	-1.030610e+00	-3.395035e+00
3.986000e-01	-1.028214e+00	-3.396306e+00
3.987000e-01	-1.025780e+00	-3.397609e+00
3.988000e-01	-1.023308e+00	-3.398945e+00
3.989000e-01	-1.020797e+00	-3.400309e+00
3.990000e-01	-1.018248e+00	-3.401701e+00
3.991000e-01	-1.015660e+00	-3.403119e+00
3.992000e-01	-1.013032e+00	-3.404561e+00
3.993000e-01	-1.010364e+00	-3.406024e+00
3.994000e-01	-1.007656e+00	-3.407506e+00
3.995000e-01	-1.004906e+00	-3.409005e+00
3.996000e-01	-1.002115e+00	-3.410520e+00
3.997000e-01	-9.992812e-01	-3.412049e+00
3.998000e-01	-9.964040e-01	-3.413588e+00
3.999000e-01	-9.934827e-01	-3.415137e+00
4.000000e-01	-9.905165e-01	-3.416694e+00
4.001000e-01	-9.875046e-01	-3.418257e+00
4.002000e-01	-9.844462e-01	-3.419824e+00
4.003000e-01	-9.813405e-01	-3.421394e+00
4.004000e-01	-9.781867e-01	-3.422966e+00
4.005000e-01	-9.749840e-01	-3.424539e+00
4.006000e-01	-9.717319e-01	-3.426111e+00
4.007000e-01	-9.684295e-01	-3.427682e+00
4.008000e-01	-9.650765e-01	-3.429251e+00
4.009000e-01	-9.616723e-01	-3.430818e+00
4.010000e-01	-9.582164e-01	-3.432381e+00
4.011000e-01	-9.547086e-01	-3.433941e+00
4.012000e-01	-9.511486e-01	-3.435497e+00
4.013000e-01	-9.475363e-01	-3.437050e+00
4.014000e-01	-9.438718e-01	-3.438598e+00
4.015000e-01	-9.401551e-01	-3.440142e+00
4.016000e-01	-9.363864e-01	-3.441682e+00
4.017000e-01	-9.325660e-01	-3.443218e+00
4.018000e-01	-9.286944e-01	-3.444749e+00
4.019000e-01	-9.247722e-01	-3.446277e+00
4.020000e-01	-9.207999e-01	-3.447801e+00
4.021000e-01	-9.167783e-01	-3.449320e+00
4.022000e-01	-9.127081e-01	-3.450836e+00
4.023000e-01	-9.085904e-01	-3.452347e+00
4.024000e-01	-9.044261e-01	-3.453854e+00
4.025000e-01	-9.002162e-01	-3.455356e+00
4.026000e-01	-8.959618e-01	-3.456852e+00
4.027000e-01	-8.916640e-01	-3.458343e+00
4.028000e-01	-8.873240e-01	-3.459827e+00
4.029000e-01	-8.829429e-01	-3.461304e+00
4.030000e-01	-8.785220e-01	-3.462773e+00
4.031000e-01	-8.740623e-01	-3.464233e+00
4.032000e-01	-8.695651e-01	-3.465684e+00
4.033000e-01	-8.650316e-01	-3.467123e+00
4.034000e-01	-8.604627e-01	-3.468549e+00
4.035000e-01	-8.558596e-01	-3.469962e+00
4.036000e-01	-8.512233e-01	-3.471360e+00
4.037000e-01	-8.465547e-01	-3.472742e+00
4.038000e-01	-8.418547e-01	-3.474105e+00
4.039000e-01	-8.371242e-01	-3.475450e+00
4.040000e-01	-8.323640e-01	-3.476773e+00
4.041000e-01	-8.275746e-01	-3.478075e+00
4.042000e-01	-8.227569e-01	-3.479352e+00
4.043000e-01	-8.179114e-01	-3.480605e+00
4.044000e-01	-8.130385e-01	-3.481832e+00
4.045000e-01	-8.081388e-01	-3.483030e+00
4.046000e-01	-8.032127e-01	-3.484201e+00
4.047000e-01	-7.982605e-01	-3.485342e+00
4.048000e-01	-7.932827e-01	-3.486452e+00
4.049000e-01	-7.882795e-01	-3.487532e+00
4.050000e-01	-7.832513e-01	-3.488579e+00
4.051000e-01	-7.781984e-01	-3.489595e+00
4.052000e-01	-7.731212e-01	-3.490579e+00
4.053000e-01	-7.680199e-01	-3.491530e+00
4.054000e-01	-7.628950e-01	-3.492449e+00
4.055000e-01	-7.577469e-01	-3.493336e+00
4.056000e-01	-7.525760e-01	-3.494191e+00
4.057000e-01	-7.473829e-01	-3.495016e+00
4.058000e-01	-7.421683e-01	-3.495811e+00
4.059000e-01	-7.369327e-01	-3.496576e+00
4.060000e-01	-7.316770e-01	-3.497313e+00
4.061000e-01	-7.264021e-01	-3.498024e+00
4.062000e-01	-7.211088e-01	-3.498709e+00
4.063000e-01	-7.157983e-01	-3.499369e+00
4.064000e-01	-7.104717e-01	-3.500007e+00
4.065000e-01	-7.051304e-01	-3.500624e+00
4.066000e-01	-6.997755e-01	-3.501221e+00
4.067000e-01	-6.944087e-01	-3.501801e+00
4.068000e-01	-6.890314e-01	-3.502364e+00
4.069000e-01	-6.836453e-01	-3.502913e+00
4.070000e-01	-6.782521e-01	-3.503449e+00
4.071000e-01	-6.728537e-01	-3.503974e+00
4.072000e-01	-6.674518e-01	-3.504490e+00
4.073000e-01	-6.620484e-01	-3.504998e+00
4.074000e-01	-6.566455e-01	-3.505500e+00
4.075000e-01	-6.512450e-01	-3.505997e+00
4.076000e-01	-6.458489e-01	-3.506492e+00
4.077000e-01	-6.404593e-01	-3.506984e+00
4.078000e-01	-6.350782e-01	-3.507476e+00
4.079000e-01	-6.297075e-01	-3.507969e+00
4.080000e-01	-6.243493e-01	-3.508464e+00
4.081000e-01	-6.190055e-01	-3.508963e+00
4.082000e-01	-6.136779e-01	-3.509465e+00
4.083000e-01	-6.083684e-01	-3.509973e+00
4.084000e-01	-6.030788e-01	-3.510487e+00
4.085000e-01	-5.978106e-01	-3.511009e+00
4.086000e-01	-5.925657e-01	-3.511538e+00
4.087000e-01	-5.873454e-01	-3.512077e+00
4.088000e-01	-5.821511e-01	-3.512625e+00
4.089000e-01	-5.769844e-01	-3.513184e+00
4.090000e-01	-5.718463e-01	-3.513754e+00
4.091000e-01	-5.667381e-01	-3.514337e+00
4.092000e-01	-5.616609e-01	-3.514933e+00
4.093000e-01	-5.566156e-01	-3.515543e+00
4.094000e-01	-5.516031e-01	-3.516168e+00
4.095000e-01	-5.466244e-01	-3.516809e+00
4.096000e-01	-5.416802e-01	-3.517467e+00
4.097000e-01	-5.367712e-01	-3.518143e+00
4.098000e-01	-5.318981e-01	-3.518839e+00
4.099000e-01	-5.270615e-01	-3.519555e+00
4.100000e-01	-5.222621e-01	-3.520294e+00
4.101000e-01	-5.175005e-01	-3.521055e+00
4.102000e-01	-5.127773e-01	-3.521841e+00
4.103000e-01	-5.080930e-01	-3.522654e+00
4.104000e-01	-5.034484e-01	-3.523494e+00
4.105000e-01	-4.988440e-01	-3.524363e+00
4.106000e-01	-4.942806e-01	-3.525263e+00
4.107000e-01	-4.897588e-01	-3.526195e+00
4.108000e-01	-4.852795e-01	-3.527162e+00
4.109000e-01	-4.808435e-01	-3.528164e+00
4.110000e-01	-4.764517e-01	-3.529203e+00
4.111000e-01	-4.721050e-01	-3.530282e+00
4.112000e-01	-4.678044e-01	-3.531400e+00
4.113000e-01	-4.635512e-01	-3.532560e+00
4.114000e-01	-4.593464e-01	-3.533764e+00
4.115000e-01	-4.551913e-01	-3.535012e+00
4.116000e-01	-4.510871e-01	-3.536305e+00
4.117000e-01	-4.470352e-01	-3.537645e+00
4.118000e-01	-4.430369e-01	-3.539033e+00
4.119000e-01	-4.390937e-01	-3.540469e+00
4.120000e-01	-4.352071e-01	-3.541954e+00
4.121000e-01	-4.313785e-01	-3.543489e+00
4.122000e-01	-4.276096e-01	-3.545073e+00
4.123000e-01	-4.239019e-01	-3.546707e+00
4.124000e-01	-4.202570e-01	-3.548392e+00
4.125000e-01	-4.166762e-01	-3.550126e+00
4.126000e-01	-4.131610e-01	-3.551909e+00
4.127000e-01	-4.097125e-01	-3.553741e+00
4.128000e-01	-4.063316e-01	-3.555620e+00
4.129000e-01	-4.030194e-01	-3.557546e+00
4.130000e-01	-3.997768e-01	-3.559516e+00
4.131000e-01	-3.966048e-01	-3.561530e+00
4.132000e-01	-3.935037e-01	-3.563586e+00
4.133000e-01	-3.904734e-01	-3.565681e+00
4.134000e-01	-3.875140e-01	-3.567813e+00
4.135000e-01	-3.846252e-01	-3.569980e+00
4.136000e-01	-3.818071e-01	-3.572179e+00
4.137000e-01	-3.790596e-01	-3.574408e+00
4.138000e-01	-3.763825e-01	-3.576664e+00
4.139000e-01	-3.737758e-01	-3.578946e+00
4.140000e-01	-3.712396e-01	-3.581250e+00
4.141000e-01	-3.687738e-01	-3.583575e+00
4.142000e-01	-3.663785e-01	-3.585918e+00
4.143000e-01	-3.640539e-01	-3.588278e+00
4.144000e-01	-3.618000e-01	-3.590652e+00
4.145000e-01	-3.596172e-01	-3.593039e+00
4.146000e-01	-3.575056e-01	-3.595437e+00
4.147000e-01	-3.554658e-01	-3.597844e+00
4.148000e-01	-3.534979e-01	-3.600258e+00
4.149000e-01	-3.516026e-01	-3.602679e+00
4.150000e-01	-3.497802e-01	-3.605104e+00
4.151000e-01	-3.480312e-01	-3.607533e+00
4.152000e-01	-3.463562e-01	-3.609963e+00
4.153000e-01	-3.447557e-01	-3.612395e+00
4.154000e-01	-3.432305e-01	-3.614827e+00
4.155000e-01	-3.417810e-01	-3.617257e+00
4.156000e-01	-3.404078e-01	-3.619685e+00
4.157000e-01	-3.391117e-01	-3.622108e+00
4.158000e-01	-3.378932e-01	-3.624528e+00
4.159000e-01	-3.367528e-01	-3.626940e+00
4.160000e-01	-3.356910e-01	-3.629346e+00
4.161000e-01	-3.347068e-01	-3.631741e+00
4.162000e-01	-3.337987e-01	-3.634124e+00
4.163000e-01	-3.329654e-01	-3.636492e+00
4.164000e-01	-3.322055e-01	-3.638841e+00
4.165000e-01	-3.315177e-01	-3.641168e+00
4.166000e-01	-3.309006e-01	-3.643472e+00
4.167000e-01	-3.303531e-01	-3.645749e+00
4.168000e-01	-3.298741e-01	-3.647996e+00
4.169000e-01	-3.294623e-01	-3.650211e+00
4.170000e-01	-3.291168e-01	-3.652390e+00
4.171000e-01	-3.288362e-01	-3.654530e+00
4.172000e-01	-3.286195e-01	-3.656628e+00
4.173000e-01	-3.284656e-01	-3.658682e+00
4.174000e-01	-3.283736e-01	-3.660688e+00
4.175000e-01	-3.283424e-01	-3.662645e+00
4.176000e-01	-3.283711e-01	-3.664548e+00
4.177000e-01	-3.284587e-01	-3.666395e+00
4.178000e-01	-3.286045e-01	-3.668184e+00
4.179000e-01	-3.288077e-01	-3.669912e+00
4.180000e-01	-3.290673e-01	-3.671576e+00
4.181000e-01	-3.293827e-01	-3.673176e+00
4.182000e-01	-3.297531e-01	-3.674707e+00
4.183000e-01	-3.301779e-01	-3.676170e+00
4.184000e-01	-3.306562e-01	-3.677561e+00
4.185000e-01	-3.311876e-01	-3.678880e+00
4.186000e-01	-3.317713e-01	-3.680125e+00
4.187000e-01	-3.324068e-01	-3.681294e+00
4.188000e-01	-3.330933e-01	-3.682388e+00
4.189000e-01	-3.338304e-01	-3.683405e+00
4.190000e-01	-3.346175e-01	-3.684345e+00
4.191000e-01	-3.354539e-01	-3.685207e+00
4.192000e-01	-3.363391e-01	-3.685992e+00
4.193000e-01	-3.372726e-01	-3.686700e+00
4.194000e-01	-3.382539e-01	-3.687330e+00
4.195000e-01	-3.392825e-01	-3.687885e+00
4.196000e-01	-3.403578e-01	-3.688363e+00
4.197000e-01	-3.414794e-01	-3.688768e+00
4.198000e-01	-3.426468e-01	-3.689099e+00
4.199000e-01	-3.438596e-01	-3.689358e+00
4.200000e-01	-3.451174e-01	-3.689547e+00
4.201000e-01	-3.464198e-01	-3.689667e+00
4.202000e-01	-3.477664e-01	-3.689721e+00
4.203000e-01	-3.491570e-01	-3.689709e+00
4.204000e-01	-3.505913e-01	-3.689635e+00
4.205000e-01	-3.520689e-01	-3.689500e+00
4.206000e-01	-3.535897e-01	-3.689306e+00
4.207000e-01	-3.551535e-01	-3.689057e+00
4.208000e-01	-3.567601e-01	-3.688754e+00
4.209000e-01	-3.584095e-01	-3.688400e+00
4.210000e-01	-3.601015e-01	-3.687997e+00
4.211000e-01	-3.618363e-01	-3.687547e+00
4.212000e-01	-3.636136e-01	-3.687054e+00
4.213000e-01	-3.654337e-01	-3.686520e+00
4.214000e-01	-3.672964e-01	-3.685948e+00
4.215000e-01	-3.692019e-01	-3.685339e+00
4.216000e-01	-3.711502e-01	-3.684696e+00
4.217000e-01	-3.731413e-01	-3.684022e+00
4.218000e-01	-3.751752e-01	-3.683319e+00
4.219000e-01	-3.772516e-01	-3.682588e+00
4.220000e-01	-3.793705e-01	-3.681833e+00
4.221000e-01	-3.815316e-01	-3.681056e+00
4.222000e-01	-3.837344e-01	-3.680257e+00
4.223000e-01	-3.859784e-01	-3.679440e+00
4.224000e-01	-3.882631e-01	-3.678605e+00
4.225000e-01	-3.905877e-01	-3.677754e+00
4.226000e-01	-3.929513e-01	-3.676890e+00
4.227000e-01	-3.953532e-01	-3.676013e+00
4.228000e-01	-3.977919e-01	-3.675125e+00
4.229000e-01	-4.002666e-01	-3.674227e+00
4.230000e-01	-4.027756e-01	-3.673321e+00
4.231000e-01	-4.053179e-01	-3.672408e+00
4.232000e-01	-4.078916e-01	-3.671490e+00
4.233000e-01	-4.104953e-01	-3.670567e+00
4.234000e-01	-4.131274e-01	-3.669641e+00
4.235000e-01	-4.157863e-01	-3.668713e+00
4.236000e-01	-4.184701e-01	-3.667785e+00
4.237000e-01	-4.211773e-01	-3.666858e+00
4.238000e-01	-4.239059e-01	-3.665934e+00
4.239000e-01	-4.266544e-01	-3.665015e+00
4.240000e-01	-4.294210e-01	-3.664101e+00
4.241000e-01	-4.322040e-01	-3.663196e+00
4.242000e-01	-4.350020e-01	-3.662300e+00
4.243000e-01	-4.378133e-01	-3.661416e+00
4.244000e-01	-4.406365e-01	-3.660545e+00
4.245000e-01	-4.434703e-01	-3.659691e+00
4.246000e-01	-4.463135e-01	-3.658855e+00
4.247000e-01	-4.491651e-01	-3.658040e+00
4.248000e-01	-4.520241e-01	-3.657249e+00
4.249000e-01	-4.548896e-01	-3.656483e+00
4.250000e-01	-4.577609e-01	-3.655746e+00
4.251000e-01	-4.606377e-01	-3.655040e+00
4.252000e-01	-4.635194e-01	-3.654368e+00
4.253000e-01	-4.664058e-01	-3.653733e+00
4.254000e-01	-4.692968e-01	-3.653137e+00
4.255000e-01	-4.721924e-01	-3.652583e+00
4.256000e-01	-4.750927e-01	-3.652075e+00
4.257000e-01	-4.779980e-01	-3.651615e+00
4.258000e-01	-4.809087e-01	-3.651205e+00
4.259000e-01	-4.838252e-01	-3.650849e+00
4.260000e-01	-4.867479e-01	-3.650548e+00
4.261000e-01	-4.896775e-01	-3.650306e+00
4.262000e-01	-4.926145e-01	-3.650124e+00
4.263000e-01	-4.955597e-01	-3.650004e+00
4.264000e-01	-4.985136e-01	-3.649950e+00
4.265000e-01	-5.014769e-01	-3.649962e+00
4.266000e-01	-5.044503e-01	-3.650042e+00
4.267000e-01	-5.074343e-01	-3.650193e+00
4.268000e-01	-5.104295e-01	-3.650415e+00
4.269000e-01	-5.134364e-01	-3.650710e+00
4.270000e-01	-5.164554e-01	-3.651078e+00
4.271000e-01	-5.194869e-01	-3.651521e+00
4.272000e-01	-5.225310e-01	-3.652039e+00
4.273000e-01	-5.255880e-01	-3.652634e+00
4.274000e-01	-5.286579e-01	-3.653304e+00
4.275000e-01	-5.317407e-01	-3.654052e+00
4.276000e-01	-5.348361e-01	-3.654875e+00
4.277000e-01	-5.379439e-01	-3.655776e+00
4.278000e-01	-5.410638e-01	-3.656753e+00
4.279000e-01	-5.441952e-01	-3.657806e+00
4.280000e-01	-5.473377e-01	-3.658935e+00
4.281000e-01	-5.504905e-01	-3.660140e+00
4.282000e-01	-5.536530e-01	-3.661419e+00
4.283000e-01	-5.568244e-01	-3.662773e+00
4.284000e-01	-5.600037e-01	-3.664201e+00
4.285000e-01	-5.631903e-01	-3.665702e+00
4.286000e-01	-5.663831e-01	-3.667275e+00
4.287000e-01	-5.695813e-01	-3.668920e+00
4.288000e-01	-5.727840e-01	-3.670637e+00
4.289000e-01	-5.759903e-01	-3.672424e+00
4.290000e-01	-5.791994e-01	-3.674281e+00
4.291000e-01	-5.824104e-01	-3.676207e+00
4.292000e-01	-5.856227e-01	-3.678203e+00
4.293000e-01	-5.888356e-01	-3.680266e+00
4.294000e-01	-5.920485e-01	-3.682397e+00
4.295000e-01	-5.952609e-01	-3.684596e+00
4.296000e-01	-5.984725e-01	-3.686861e+00
4.297000e-01	-6.016830e-01	-3.689193e+00
4.298000e-01	-6.048922e-01	-3.691590e+00
4.299000e-01	-6.081002e-01	-3.694053e+00
4.300000e-01	-6.113069e-01	-3.696581e+00
4.301000e-01	-6.145127e-01	-3.699174e+00
4.302000e-01	-6.177177e-01	-3.701830e+00
4.303000e-01	-6.209225e-01	-3.704550e+00
4.304000e-01	-6.241275e-01	-3.707333e+00
4.305000e-01	-6.273333e-01	-3.710179e+00
4.306000e-01	-6.305408e-01	-3.713086e+00
4.307000e-01	-6.337506e-01	-3.716054e+00
4.308000e-01	-6.369635e-01	-3.719082e+00
4.309000e-01	-6.401805e-01	-3.722169e+00
4.310000e-01	-6.434025e-01	-3.725314e+00
4.311000e-01	-6.466304e-01	-3.728516e+00
4.312000e-01	-6.498651e-01	-3.731772e+00
4.313000e-01	-6.531075e-01	-3.735083e+00
4.314000e-01	-6.563586e-01	-3.738446e+00
4.315000e-01	-6.596192e-01	-3.741859e+00
4.316000e-01	-6.628900e-01	-3.745321e+00
4.317000e-01	-6.661718e-01	-3.748829e+00
4.318000e-01	-6.694652e-01	-3.752381e+00
4.319000e-01	-6.727707e-01	-3.755974e+00
4.320000e-01	-6.760888e-01	-3.759606e+00
4.321000e-01	-6.794192e-01	-3.763274e+00
4.322000e-01	-6.827612e-01	-3.766975e+00
4.323000e-01	-6.861135e-01	-3.770704e+00
4.324000e-01	-6.894750e-01	-3.774457e+00
4.325000e-01	-6.928445e-01	-3.778231e+00
4.326000e-01	-6.962208e-01	-3.782022e+00
4.327000e-01	-6.996026e-01	-3.785825e+00
4.328000e-01	-7.029886e-01	-3.789638e+00
4.329000e-01	-7.063776e-01	-3.793455e+00
4.330000e-01	-7.097682e-01	-3.797274e+00
4.331000e-01	-7.131595e-01	-3.801089e+00
4.332000e-01	-7.165501e-01	-3.804899e+00
4.333000e-01	-7.199392e-01	-3.808699e+00
4.334000e-01	-7.233258e-01	-3.812486e+00
4.335000e-01	-7.267088e-01	-3.816257e+00
4.336000e-01	-7.300870e-01	-3.820008e+00
4.337000e-01	-7.334591e-01	-3.823736e+00
4.338000e-01	-7.368239e-01	-3.827437e+00
4.339000e-01	-7.401800e-01	-3.831109e+00
4.340000e-01	-7.435262e-01	-3.834747e+00
4.341000e-01	-7.468612e-01	-3.838350e+00
4.342000e-01	-7.501841e-01	-3.841914e+00
4.343000e-01	-7.534935e-01	-3.845436e+00
4.344000e-01	-7.567885e-01	-3.848914e+00
4.345000e-01	-7.600681e-01	-3.852344e+00
4.346000e-01	-7.633314e-01	-3.855724e+00
4.347000e-01	-7.665775e-01	-3.859052e+00
4.348000e-01	-7.698057e-01	-3.862325e+00
4.349000e-01	-7.730154e-01	-3.865540e+00
4.350000e-01	-7.762059e-01	-3.868696e+00
4.351000e-01	-7.793768e-01	-3.871790e+00
4.352000e-01	-7.825277e-01	-3.874820e+00
4.353000e-01	-7.856584e-01	-3.877784e+00
4.354000e-01	-7.887687e-01	-3.880680e+00
4.355000e-01	-7.918586e-01	-3.883505e+00
4.356000e-01	-7.949281e-01	-3.886259e+00
4.357000e-01	-7.979775e-01	-3.888940e+00
4.358000e-01	-8.010069e-01	-3.891545e+00
4.359000e-01	-8.040168e-01	-3.894073e+00
4.360000e-01	-8.070076e-01	-3.896522e+00
4.361000e-01	-8.099798e-01	-3.898892e+00
4.362000e-01	-8.129342e-01	-3.901181e+00
4.363000e-01	-8.158715e-01	-3.903387e+00
4.364000e-01	-8.187924e-01	-3.905509e+00
4.365000e-01	-8.216979e-01	-3.907547e+00
4.366000e-01	-8.245888e-01	-3.909499e+00
4.367000e-01	-8.274661e-01	-3.911365e+00
4.368000e-01	-8.303310e-01	-3.913144e+00
4.369000e-01	-8.331844e-01	-3.914834e+00
4.370000e-01	-8.360274e-01	-3.916437e+00
4.371000e-01	-8.388611e-01	-3.917950e+00
4.372000e-01	-8.416867e-01	-3.919375e+00
4.373000e-01	-8.445052e-01	-3.920711e+00
4.374000e-01	-8.473176e-01	-3.921957e+00
4.375000e-01	-8.501251e-01	-3.923114e+00
4.376000e-01	-8.529286e-01	-3.924183e+00
4.377000e-01	-8.557290e-01	-3.925162e+00
4.378000e-01	-8.585271e-01	-3.926053e+00
4.379000e-01	-8.613236e-01	-3.926857e+00
4.380000e-01	-8.641189e-01	-3.927573e+00
4.381000e-01	-8.669135e-01	-3.928202e+00
4.382000e-01	-8.697074e-01	-3.928744e+00
4.383000e-01	-8.725007e-01	-3.929200e+00
4.384000e-01	-8.752930e-01	-3.929571e+00
4.385000e-01	-8.780839e-01	-3.929857e+00
4.386000e-01	-8.808728e-01	-3.930057e+00
4.387000e-01	-8.836587e-01	-3.930174e+00
4.388000e-01	-8.864406e-01	-3.930207e+00
4.389000e-01	-8.892172e-01	-3.930157e+00
4.390000e-01	-8.919872e-01	-3.930024e+00
4.391000e-01	-8.947489e-01	-3.929808e+00
4.392000e-01	-8.975008e-01	-3.929510e+00
4.393000e-01	-9.002409e-01	-3.929130e+00
4.394000e-01	-9.029674e-01	-3.928669e+00
4.395000e-01	-9.056784e-01	-3.928128e+00
4.396000e-01	-9.083719e-01	-3.927506e+00
4.397000e-01	-9.110459e-01	-3.926805e+00
4.398000e-01	-9.136985e-01	-3.926025e+00
4.399000e-01	-9.163277e-01	-3.925167e+00
4.400000e-01	-9.189318e-01	-3.924231e+00
4.401000e-01	-9.215089e-01	-3.923220e+00
4.402000e-01	-9.240575e-01	-3.922133e+00
4.403000e-01	-9.265760e-01	-3.920972e+00
4.404000e-01	-9.290631e-01	-3.919739e+00
4.405000e-01	-9.315176e-01	-3.918436e+00
4.406000e-01	-9.339386e-01	-3.917063e+00
4.407000e-01	-9.363252e-01	-3.915623e+00
4.408000e-01	-9.386768e-01	-3.914118e+00
4.409000e-01	-9.409930e-01	-3.912550e+00
4.410000e-01	-9.432735e-01	-3.910922e+00
4.411000e-01	-9.455185e-01	-3.909236e+00
4.412000e-01	-9.477280e-01	-3.907496e+00
4.413000e-01	-9.499023e-01	-3.905704e+00
4.414000e-01	-9.520421e-01	-3.903865e+00
4.415000e-01	-9.541479e-01	-3.901980e+00
4.416000e-01	-9.562206e-01	-3.900054e+00
4.417000e-01	-9.582611e-01	-3.898090e+00
4.418000e-01	-9.602704e-01	-3.896093e+00
4.419000e-01	-9.622495e-01	-3.894066e+00
4.420000e-01	-9.641996e-01	-3.892014e+00
4.421000e-01	-9.661218e-01	-3.889940e+00
4.422000e-01	-9.680173e-01	-3.887849e+00
4.423000e-01	-9.698872e-01	-3.885746e+00
4.424000e-01	-9.717324e-01	-3.883634e+00
4.425000e-01	-9.735541e-01	-3.881518e+00
4.426000e-01	-9.753530e-01	-3.879403e+00
4.427000e-01	-9.771300e-01	-3.877292e+00
4.428000e-01	-9.788857e-01	-3.875191e+00
4.429000e-01	-9.806206e-01	-3.873102e+00
4.430000e-01	-9.823349e-01	-3.871031e+00
4.431000e-01	-9.840289e-01	-3.868981e+00
4.432000e-01	-9.857025e-01	-3.866957e+00
4.433000e-01	-9.873555e-01	-3.864961e+00
4.434000e-01	-9.889875e-01	-3.862999e+00
4.435000e-01	-9.905978e-01	-3.861073e+00
4.436000e-01	-9.921857e-01	-3.859186e+00
4.437000e-01	-9.937502e-01	-3.857343e+00
4.438000e-01	-9.952903e-01	-3.855545e+00
4.439000e-01	-9.968046e-01	-3.853797e+00
4.440000e-01	-9.982917e-01	-3.852100e+00
4.441000e-01	-9.997501e-01	-3.850457e+00
4.442000e-01	-1.001178e+00	-3.848871e+00
4.443000e-01	-1.002574e+00	-3.847344e+00
4.444000e-01	-1.003936e+00	-3.845877e+00
4.445000e-01	-1.005263e+00	-3.844474e+00
4.446000e-01	-1.006552e+00	-3.843136e+00
4.447000e-01	-1.007802e+00	-3.841864e+00
4.448000e-01	-1.009011e+00	-3.840661e+00
4.449000e-01	-1.010177e+00	-3.839528e+00
4.450000e-01	-1.011298e+00	-3.838466e+00
4.451000e-01	-1.012374e+00	-3.837476e+00
4.452000e-01	-1.013402e+00	-3.836561e+00
4.453000e-01	-1.014381e+00	-3.835721e+00
4.454000e-01	-1.015311e+00	-3.834957e+00
4.455000e-01	-1.016189e+00	-3.834271e+00
4.456000e-01	-1.017016e+00	-3.833665e+00
4.457000e-01	-1.017790e+00	-3.833138e+00
4.458000e-01	-1.018511e+00	-3.832693e+00
4.459000e-01	-1.019179e+00	-3.832330e+00
4.460000e-01	-1.019793e+00	-3.832050e+00
4.461000e-01	-1.020353e+00	-3.831856e+00
4.462000e-01	-1.020860e+00	-3.831747e+00
4.463000e-01	-1.021314e+00	-3.831725e+00
4.464000e-01	-1.021715e+00	-3.831791e+00
4.465000e-01	-1.022064e+00	-3.831946e+00
4.466000e-01	-1.022362e+00	-3.832191e+00
4.467000e-01	-1.022608e+00	-3.832527e+00
4.468000e-01	-1.022805e+00	-3.832956e+00
4.469000e-01	-1.022952e+00	-3.833477e+00
4.470000e-01	-1.023052e+00	-3.834092e+00
4.471000e-01	-1.023103e+00	-3.834801e+00
4.472000e-01	-1.023109e+00	-3.835606e+00
4.473000e-01	-1.023068e+00	-3.836506e+00
4.474000e-01	-1.022982e+00	-3.837502e+00
4.475000e-01	-1.022853e+00	-3.838594e+00
4.476000e-01	-1.022679e+00	-3.839783e+00
4.477000e-01	-1.022462e+00	-3.841068e+00
4.478000e-01	-1.022203e+00	-3.842448e+00
4.479000e-01	-1.021900e+00	-3.843924e+00
4.480000e-01	-1.021556e+00	-3.845495e+00
4.481000e-01	-1.021168e+00	-3.847160e+00
4.482000e-01	-1.020738e+00	-3.848918e+00
4.483000e-01	-1.020265e+00	-3.850768e+00
4.484000e-01	-1.019749e+00	-3.852708e+00
4.485000e-01	-1.019188e+00	-3.854736e+00
4.486000e-01	-1.018582e+00	-3.856851e+00
4.487000e-01	-1.017930e+00	-3.859051e+00
4.488000e-01	-1.017232e+00	-3.861333e+00
4.489000e-01	-1.016485e+00	-3.863695e+00
4.490000e-01	-1.015689e+00	-3.866134e+00
4.491000e-01	-1.014842e+00	-3.868648e+00
4.492000e-01	-1.013944e+00	-3.871233e+00
4.493000e-01	-1.012992e+00	-3.873886e+00
4.494000e-01	-1.011985e+00	-3.876604e+00
4.495000e-01	-1.010922e+00	-3.879384e+00
4.496000e-01	-1.009802e+00	-3.882222e+00
4.497000e-01	-1.008623e+00	-3.885114e+00
4.498000e-01	-1.007384e+00	-3.888058e+00
4.499000e-01	-1.006084e+00	-3.891049e+00
4.500000e-01	-1.004721e+00	-3.894085e+00
4.501000e-01	-1.003296e+00	-3.897160e+00
4.502000e-01	-1.001806e+00	-3.900273e+00
4.503000e-01	-1.000252e+00	-3.903418e+00
4.504000e-01	-9.986323e-01	-3.906593e+00
4.505000e-01	-9.969472e-01	-3.909795e+00
4.506000e-01	-9.951965e-01	-3.913019e+00
4.507000e-01	-9.933802e-01	-3.916263e+00
4.508000e-01	-9.914983e-01	-3.919523e+00
4.509000e-01	-9.895512e-01	-3.922797e+00
4.510000e-01	-9.875396e-01	-3.926081e+00
4.511000e-01	-9.854639e-01	-3.929373e+00
4.512000e-01	-9.833252e-01	-3.932670e+00
4.513000e-01	-9.811243e-01	-3.935969e+00
4.514000e-01	-9.788624e-01	-3.939268e+00
4.515000e-01	-9.765407e-01	-3.942564e+00
4.516000e-01	-9.741604e-01	-3.945856e+00
4.517000e-01	-9.717231e-01	-3.949141e+00
4.518000e-01	-9.692301e-01	-3.952417e+00
4.519000e-01	-9.666830e-01	-3.955682e+00
4.520000e-01	-9.640833e-01	-3.958934e+00
4.521000e-01	-9.614325e-01	-3.962172e+00
4.522000e-01	-9.587323e-01	-3.965393e+00
4.523000e-01	-9.559840e-01	-3.968597e+00
4.524000e-01	-9.531892e-01	-3.971781e+00
4.525000e-01	-9.503492e-01	-3.974944e+00
4.526000e-01	-9.474654e-01	-3.978084e+00
4.527000e-01	-9.445390e-01	-3.981199e+00
4.528000e-01	-9.415711e-01	-3.984288e+00
4.529000e-01	-9.385628e-01	-3.987350e+00
4.530000e-01	-9.355150e-01	-3.990382e+00
4.531000e-01	-9.324284e-01	-3.993384e+00
4.532000e-01	-9.293038e-01	-3.996352e+00
4.533000e-01	-9.261417e-01	-3.999287e+00
4.534000e-01	-9.229425e-01	-4.002185e+00
4.535000e-01	-9.197065e-01	-4.005045e+00
4.536000e-01	-9.164340e-01	-4.007865e+00
4.537000e-01	-9.131251e-01	-4.010644e+00
4.538000e-01	-9.097798e-01	-4.013379e+00
4.539000e-01	-9.063980e-01	-4.016068e+00
4.540000e-01	-9.029797e-01	-4.018711e+00
4.541000e-01	-8.995246e-01	-4.021304e+00
4.542000e-01	-8.960326e-01	-4.023847e+00
4.543000e-01	-8.925036e-01	-4.026336e+00
4.544000e-01	-8.889372e-01	-4.028771e+00
4.545000e-01	-8.853334e-01	-4.031150e+00
4.546000e-01	-8.816919e-01	-4.033470e+00
4.547000e-01	-8.780127e-01	-4.035731e+00
4.548000e-01	-8.742958e-01	-4.037931e+00
4.549000e-01	-8.705412e-01	-4.040068e+00
4.550000e-01	-8.667491e-01	-4.042142e+00
4.551000e-01	-8.629198e-01	-4.044151e+00
4.552000e-01	-8.590537e-01	-4.046094e+00
4.553000e-01	-8.551512e-01	-4.047970e+00
4.554000e-01	-8.512131e-01	-4.049779e+00
4.555000e-01	-8.472401e-01	-4.051520e+00
4.556000e-01	-8.432332e-01	-4.053192e+00
4.557000e-01	-8.391935e-01	-4.054797e+00
4.558000e-01	-8.351221e-01	-4.056333e+00
4.559000e-01	-8.310204e-01	-4.057801e+00
4.560000e-01	-8.268900e-01	-4.059201e+00
4.561000e-01	-8.227324e-01	-4.060534e+00
4.562000e-01	-8.185494e-01	-4.061800e+00
4.563000e-01	-8.143428e-01	-4.063002e+00
4.564000e-01	-8.101144e-01	-4.064138e+00
4.565000e-01	-8.058663e-01	-4.065212e+00
4.566000e-01	-8.016006e-01	-4.066223e+00
4.567000e-01	-7.973193e-01	-4.067174e+00
4.568000e-01	-7.930245e-01	-4.068067e+00
4.569000e-01	-7.887183e-01	-4.068902e+00
4.570000e-01	-7.844029e-01	-4.069681e+00
4.571000e-01	-7.800804e-01	-4.070407e+00
4.572000e-01	-7.757527e-01	-4.071082e+00
4.573000e-01	-7.714219e-01	-4.071706e+00
4.574000e-01	-7.670899e-01	-4.072283e+00
4.575000e-01	-7.627584e-01	-4.072813e+00
4.576000e-01	-7.584293e-01	-4.073300e+00
4.577000e-01	-7.541042e-01	-4.073744e+00
4.578000e-01	-7.497845e-01	-4.074148e+00
4.579000e-01	-7.454716e-01	-4.074513e+00
4.580000e-01	-7.411669e-01	-4.074842e+00
4.581000e-01	-7.368713e-01	-4.075136e+00
4.582000e-01	-7.325860e-01	-4.075396e+00
4.583000e-01	-7.283117e-01	-4.075624e+00
4.584000e-01	-7.240493e-01	-4.075821e+00
4.585000e-01	-7.197992e-01	-4.075990e+00
4.586000e-01	-7.155621e-01	-4.076131e+00
4.587000e-01	-7.113382e-01	-4.076245e+00
4.588000e-01	-7.071280e-01	-4.076334e+00
4.589000e-01	-7.029317e-01	-4.076399e+00
4.590000e-01	-6.987492e-01	-4.076440e+00
4.591000e-01	-6.945809e-01	-4.076460e+00
4.592000e-01	-6.904266e-01	-4.076458e+00
4.593000e-01	-6.862865e-01	-4.076436e+00
4.594000e-01	-6.821605e-01	-4.076394e+00
4.595000e-01	-6.780486e-01	-4.076334e+00
4.596000e-01	-6.739508e-01	-4.076257e+00
4.597000e-01	-6.698673e-01	-4.076162e+00
4.598000e-01	-6.657980e-01	-4.076052e+00
4.599000e-01	-6.617432e-01	-4.075927e+00
4.600000e-01	-6.577030e-01	-4.075789e+00
4.601000e-01	-6.536777e-01	-4.075637e+00
4.602000e-01	-6.496678e-01	-4.075474e+00
4.603000e-01	-6.456736e-01	-4.075300e+00
4.604000e-01	-6.416958e-01	-4.075117e+00
4.605000e-01	-6.377349e-01	-4.074927e+00
4.606000e-01	-6.337918e-01	-4.074730e+00
4.607000e-01	-6.298673e-01	-4.074528e+00
4.608000e-01	-6.259623e-01	-4.074322e+00
4.609000e-01	-6.220778e-01	-4.074115e+00
4.610000e-01	-6.182151e-01	-4.073908e+00
4.611000e-01	-6.143752e-01	-4.073703e+00
4.612000e-01	-6.105595e-01	-4.073502e+00
4.613000e-01	-6.067692e-01	-4.073307e+00
4.614000e-01	-6.030057e-01	-4.073119e+00
4.615000e-01	-5.992704e-01	-4.072941e+00
4.616000e-01	-5.955647e-01	-4.072775e+00
4.617000e-01	-5.918900e-01	-4.072623e+00
4.618000e-01	-5.882477e-01	-4.072487e+00
4.619000e-01	-5.846391e-01	-4.072370e+00
4.620000e-01	-5.810656e-01	-4.072272e+00
4.621000e-01	-5.775284e-01	-4.072196e+00
4.622000e-01	-5.740287e-01	-4.072145e+00
4.623000e-01	-5.705677e-01	-4.072120e+00
4.624000e-01	-5.671463e-01	-4.072122e+00
4.625000e-01	-5.637655e-01	-4.072154e+00
4.626000e-01	-5.604260e-01	-4.072217e+00
4.627000e-01	-5.571286e-01	-4.072313e+00
4.628000e-01	-5.538737e-01	-4.072443e+00
4.629000e-01	-5.506619e-01	-4.072609e+00
4.630000e-01	-5.474935e-01	-4.072810e+00
4.631000e-01	-5.443685e-01	-4.073049e+00
4.632000e-01	-5.412870e-01	-4.073327e+00
4.633000e-01	-5.382489e-01	-4.073643e+00
4.634000e-01	-5.352540e-01	-4.073999e+00
4.635000e-01	-5.323020e-01	-4.074395e+00
4.636000e-01	-5.293924e-01	-4.074830e+00
4.637000e-01	-5.265246e-01	-4.075307e+00
4.638000e-01	-5.236981e-01	-4.075823e+00
4.639000e-01	-5.209122e-01	-4.076380e+00
4.640000e-01	-5.181660e-01	-4.076977e+00
4.641000e-01	-5.154587e-01	-4.077613e+00
4.642000e-01	-5.127895e-01	-4.078289e+00
4.643000e-01	-5.101575e-01	-4.079004e+00
4.644000e-01	-5.075618e-01	-4.079757e+00
4.645000e-01	-5.050016e-01	-4.080548e+00
4.646000e-01	-5.024759e-01	-4.081377e+00
4.647000e-01	-4.999839e-01	-4.082241e+00
4.648000e-01	-4.975249e-01	-4.083142e+00
4.649000e-01	-4.950980e-01	-4.084078e+00
4.650000e-01	-4.927027e-01	-4.085048e+00
4.651000e-01	-4.903383e-01	-4.086052e+00
4.652000e-01	-4.880043e-01	-4.087090e+00
4.653000e-01	-4.857003e-01	-4.088161e+00
4.654000e-01	-4.834259e-01	-4.089263e+00
4.655000e-01	-4.811809e-01	-4.090398e+00
4.656000e-01	-4.789650e-01	-4.091563e+00
4.657000e-01	-4.767782e-01	-4.092760e+00
4.658000e-01	-4.746206e-01	-4.093986e+00
4.659000e-01	-4.724921e-01	-4.095244e+00
4.660000e-01	-4.703931e-01	-4.096531e+00
4.661000e-01	-4.683236e-01	-4.097847e+00
4.662000e-01	-4.662841e-01	-4.099193e+00
4.663000e-01	-4.642748e-01	-4.100569e+00
4.664000e-01	-4.622961e-01	-4.101973e+00
4.665000e-01	-4.603485e-01	-4.103407e+00
4.666000e-01	-4.584324e-01	-4.104869e+00
4.667000e-01	-4.565483e-01	-4.106360e+00
4.668000e-01	-4.546965e-01	-4.107879e+00
4.669000e-01	-4.528776e-01	-4.109427e+00
4.670000e-01	-4.510918e-01	-4.111002e+00
4.671000e-01	-4.493395e-01	-4.112605e+00
4.672000e-01	-4.476210e-01	-4.114235e+00
4.673000e-01	-4.459366e-01	-4.115892e+00
4.674000e-01	-4.442864e-01	-4.117575e+00
4.675000e-01	-4.426705e-01	-4.119284e+00
4.676000e-01	-4.410888e-01	-4.121017e+00
4.677000e-01	-4.395413e-01	-4.122774e+00
4.678000e-01	-4.380279e-01	-4.124553e+00
4.679000e-01	-4.365482e-01	-4.126355e+00
4.680000e-01	-4.351018e-01	-4.128177e+00
4.681000e-01	-4.336883e-01	-4.130019e+00
4.682000e-01	-4.323072e-01	-4.131878e+00
4.683000e-01	-4.309577e-01	-4.133753e+00
4.684000e-01	-4.296391e-01	-4.135643e+00
4.685000e-01	-4.283507e-01	-4.137545e+00
4.686000e-01	-4.270915e-01	-4.139458e+00
4.687000e-01	-4.258605e-01	-4.141381e+00
4.688000e-01	-4.246568e-01	-4.143310e+00
4.689000e-01	-4.234794e-01	-4.145244e+00
4.690000e-01	-4.223272e-01	-4.147181e+00
4.691000e-01	-4.211991e-01	-4.149118e+00
4.692000e-01	-4.200942e-01	-4.151054e+00
4.693000e-01	-4.190116e-01	-4.152985e+00
4.694000e-01	-4.179517e-01	-4.154906e+00
4.695000e-01	-4.169148e-01	-4.156814e+00
4.696000e-01	-4.159010e-01	-4.158704e+00
4.697000e-01	-4.149108e-01	-4.160570e+00
4.698000e-01	-4.139444e-01	-4.162410e+00
4.699000e-01	-4.130023e-01	-4.164218e+00
4.700000e-01	-4.120850e-01	-4.165992e+00
4.701000e-01	-4.111928e-01	-4.167726e+00
4.702000e-01	-4.103264e-01	-4.169419e+00
4.703000e-01	-4.094864e-01	-4.171066e+00
4.704000e-01	-4.086732e-01	-4.172665e+00
4.705000e-01	-4.078876e-01	-4.174213e+00
4.706000e-01	-4.071302e-01	-4.175708e+00
4.707000e-01	-4.064018e-01	-4.177148e+00
4.708000e-01	-4.057031e-01	-4.178532e+00
4.709000e-01	-4.050347e-01	-4.179858e+00
4.710000e-01	-4.043974e-01	-4.181125e+00
4.711000e-01	-4.037919e-01	-4.182332e+00
4.712000e-01	-4.032189e-01	-4.183481e+00
4.713000e-01	-4.026791e-01	-4.184569e+00
4.714000e-01	-4.021730e-01	-4.185599e+00
4.715000e-01	-4.017013e-01	-4.186570e+00
4.716000e-01	-4.012643e-01	-4.187484e+00
4.717000e-01	-4.008626e-01	-4.188342e+00
4.718000e-01	-4.004964e-01	-4.189146e+00
4.719000e-01	-4.001660e-01	-4.189897e+00
4.720000e-01	-3.998714e-01	-4.190598e+00
4.721000e-01	-3.996127e-01	-4.191250e+00
4.722000e-01	-3.993897e-01	-4.191857e+00
4.723000e-01	-3.992022e-01	-4.192421e+00
4.724000e-01	-3.990497e-01	-4.192944e+00
4.725000e-01	-3.989318e-01	-4.193430e+00
4.726000e-01	-3.988478e-01	-4.193882e+00
4.727000e-01	-3.987969e-01	-4.194302e+00
4.728000e-01	-3.987780e-01	-4.194695e+00
4.729000e-01	-3.987904e-01	-4.195063e+00
4.730000e-01	-3.988326e-01	-4.195410e+00
4.731000e-01	-3.989034e-01	-4.195738e+00
4.732000e-01	-3.990015e-01	-4.196052e+00
4.733000e-01	-3.991254e-01	-4.196354e+00
4.734000e-01	-3.992735e-01	-4.196648e+00
4.735000e-01	-3.994442e-01	-4.196938e+00
4.736000e-01	-3.996359e-01	-4.197225e+00
4.737000e-01	-3.998469e-01	-4.197513e+00
4.738000e-01	-4.000755e-01	-4.197806e+00
4.739000e-01	-4.003202e-01	-4.198105e+00
4.740000e-01	-4.005793e-01	-4.198414e+00
4.741000e-01	-4.008516e-01	-4.198735e+00
4.742000e-01	-4.011358e-01	-4.199069e+00
4.743000e-01	-4.014309e-01	-4.199418e+00
4.744000e-01	-4.017359e-01	-4.199785e+00
4.745000e-01	-4.020501e-01	-4.200169e+00
4.746000e-01	-4.023732e-01	-4.200572e+00
4.747000e-01	-4.027049e-01	-4.200995e+00
4.748000e-01	-4.030451e-01	-4.201438e+00
4.749000e-01	-4.033943e-01	-4.201900e+00
4.750000e-01	-4.037528e-01	-4.202381e+00
4.751000e-01	-4.041216e-01	-4.202882e+00
4.752000e-01	-4.045016e-01	-4.203400e+00
4.753000e-01	-4.048941e-01	-4.203936e+00
4.754000e-01	-4.053006e-01	-4.204489e+00
4.755000e-01	-4.057228e-01	-4.205056e+00
4.756000e-01	-4.061625e-01	-4.205637e+00
4.757000e-01	-4.066217e-01	-4.206231e+00
4.758000e-01	-4.071027e-01	-4.206837e+00
4.759000e-01	-4.076077e-01	-4.207452e+00
4.760000e-01	-4.081389e-01	-4.208077e+00
4.761000e-01	-4.086988e-01	-4.208709e+00
4.762000e-01	-4.092898e-01	-4.209348e+00
4.763000e-01	-4.099142e-01	-4.209994e+00
4.764000e-01	-4.105743e-01	-4.210646e+00
4.765000e-01	-4.112724e-01	-4.211304e+00
4.766000e-01	-4.120105e-01	-4.211967e+00
4.767000e-01	-4.127907e-01	-4.212636e+00
4.768000e-01	-4.136148e-01	-4.213312e+00
4.769000e-01	-4.144844e-01	-4.213995e+00
4.770000e-01	-4.154010e-01	-4.214686e+00
4.771000e-01	-4.163659e-01	-4.215387e+00
4.772000e-01	-4.173800e-01	-4.216100e+00
4.773000e-01	-4.184442e-01	-4.216826e+00
4.774000e-01	-4.195590e-01	-4.217567e+00
4.775000e-01	-4.207247e-01	-4.218325e+00
4.776000e-01	-4.219416e-01	-4.219104e+00
4.777000e-01	-4.232093e-01	-4.219905e+00
4.778000e-01	-4.245278e-01	-4.220731e+00
4.779000e-01	-4.258964e-01	-4.221585e+00
4.780000e-01	-4.273144e-01	-4.222470e+00
4.781000e-01	-4.287811e-01	-4.223388e+00
4.782000e-01	-4.302954e-01	-4.224342e+00
4.783000e-01	-4.318564e-01	-4.225335e+00
4.784000e-01	-4.334628e-01	-4.226368e+00
4.785000e-01	-4.351134e-01	-4.227445e+00
4.786000e-01	-4.368071e-01	-4.228566e+00
4.787000e-01	-4.385426e-01	-4.229734e+00
4.788000e-01	-4.403187e-01	-4.230951e+00
4.789000e-01	-4.421343e-01	-4.232217e+00
4.790000e-01	-4.439884e-01	-4.233533e+00
4.791000e-01	-4.458799e-01	-4.234900e+00
4.792000e-01	-4.478081e-01	-4.236318e+00
4.793000e-01	-4.497723e-01	-4.237787e+00
4.794000e-01	-4.517719e-01	-4.239306e+00
4.795000e-01	-4.538067e-01	-4.240876e+00
4.796000e-01	-4.558764e-01	-4.242493e+00
4.797000e-01	-4.579810e-01	-4.244159e+00
4.798000e-01	-4.601207e-01	-4.245870e+00
4.799000e-01	-4.622960e-01	-4.247624e+00
4.800000e-01	-4.645074e-01	-4.249420e+00
4.801000e-01	-4.667556e-01	-4.251256e+00
4.802000e-01	-4.690415e-01	-4.253128e+00
4.803000e-01	-4.713661e-01	-4.255035e+00
4.804000e-01	-4.737307e-01	-4.256974e+00
4.805000e-01	-4.761364e-01	-4.258942e+00
4.806000e-01	-4.785847e-01	-4.260936e+00
4.807000e-01	-4.810768e-01	-4.262954e+00
4.808000e-01	-4.836144e-01	-4.264993e+00
4.809000e-01	-4.861989e-01	-4.267052e+00
4.810000e-01	-4.888315e-01	-4.269126e+00
4.811000e-01	-4.915139e-01	-4.271215e+00
4.812000e-01	-4.942472e-01	-4.273317e+00
4.813000e-01	-4.970327e-01	-4.275429e+00
4.814000e-01	-4.998715e-01	-4.277551e+00
4.815000e-01	-5.027646e-01	-4.279680e+00
4.816000e-01	-5.057126e-01	-4.281816e+00
4.817000e-01	-5.087163e-01	-4.283958e+00
4.818000e-01	-5.117760e-01	-4.286106e+00
4.819000e-01	-5.148919e-01	-4.288259e+00
4.820000e-01	-5.180640e-01	-4.290416e+00
4.821000e-01	-5.212920e-01	-4.292579e+00
4.822000e-01	-5.245755e-01	-4.294746e+00
4.823000e-01	-5.279137e-01	-4.296919e+00
4.824000e-01	-5.313057e-01	-4.299098e+00
4.825000e-01	-5.347504e-01	-4.301283e+00
4.826000e-01	-5.382463e-01	-4.303475e+00
4.827000e-01	-5.417920e-01	-4.305675e+00
4.828000e-01	-5.453858e-01	-4.307882e+00
4.829000e-01	-5.490257e-01	-4.310098e+00
4.830000e-01	-5.527098e-01	-4.312323e+00
4.831000e-01	-5.564359e-01	-4.314556e+00
4.832000e-01	-5.602018e-01	-4.316799e+00
4.833000e-01	-5.640052e-01	-4.319050e+00
4.834000e-01	-5.678438e-01	-4.321310e+00
4.835000e-01	-5.717154e-01	-4.323578e+00
4.836000e-01	-5.756175e-01	-4.325852e+00
4.837000e-01	-5.795479e-01	-4.328133e+00
4.838000e-01	-5.835044e-01	-4.330417e+00
4.839000e-01	-5.874849e-01	-4.332705e+00
4.840000e-01	-5.914873e-01	-4.334992e+00
4.841000e-01	-5.955097e-01	-4.337278e+00
4.842000e-01	-5.995503e-01	-4.339560e+00
4.843000e-01	-6.036076e-01	-4.341834e+00
4.844000e-01	-6.076800e-01	-4.344098e+00
4.845000e-01	-6.117663e-01	-4.346349e+00
4.846000e-01	-6.158653e-01	-4.348582e+00
4.847000e-01	-6.199760e-01	-4.350794e+00
4.848000e-01	-6.240978e-01	-4.352982e+00
4.849000e-01	-6.282299e-01	-4.355142e+00
4.850000e-01	-6.323719e-01	-4.357269e+00
4.851000e-01	-6.365235e-01	-4.359360e+00
4.852000e-01	-6.406844e-01	-4.361410e+00
4.853000e-01	-6.448545e-01	-4.363417e+00
4.854000e-01	-6.490340e-01	-4.365376e+00
4.855000e-01	-6.532229e-01	-4.367284e+00
4.856000e-01	-6.574212e-01	-4.369138e+00
4.857000e-01	-6.616293e-01	-4.370934e+00
4.858000e-01	-6.658473e-01	-4.372670e+00
4.859000e-01	-6.700753e-01	-4.374342e+00
4.860000e-01	-6.743136e-01	-4.375949e+00
4.861000e-01	-6.785622e-01	-4.377489e+00
4.862000e-01	-6.828212e-01	-4.378960e+00
4.863000e-01	-6.870905e-01	-4.380361e+00
4.864000e-01	-6.913700e-01	-4.381690e+00
4.865000e-01	-6.956592e-01	-4.382947e+00
4.866000e-01	-6.999579e-01	-4.384132e+00
4.867000e-01	-7.042654e-01	-4.385245e+00
4.868000e-01	-7.085809e-01	-4.386286e+00
4.869000e-01	-7.129036e-01	-4.387255e+00
4.870000e-01	-7.172325e-01	-4.388153e+00
4.871000e-01	-7.215662e-01	-4.388982e+00
4.872000e-01	-7.259035e-01	-4.389743e+00
4.873000e-01	-7.302427e-01	-4.390436e+00
4.874000e-01	-7.345822e-01	-4.391064e+00
4.875000e-01	-7.389202e-01	-4.391628e+00
4.876000e-01	-7.432548e-01	-4.392130e+00
4.877000e-01	-7.475838e-01	-4.392572e+00
4.878000e-01	-7.519052e-01	-4.392954e+00
4.879000e-01	-7.562168e-01	-4.393280e+00
4.880000e-01	-7.605163e-01	-4.393549e+00
4.881000e-01	-7.648016e-01	-4.393765e+00
4.882000e-01	-7.690702e-01	-4.393928e+00
4.883000e-01	-7.733200e-01	-4.394040e+00
4.884000e-01	-7.775487e-01	-4.394101e+00
4.885000e-01	-7.817542e-01	-4.394112e+00
4.886000e-01	-7.859344e-01	-4.394074e+00
4.887000e-01	-7.900874e-01	-4.393988e+00
4.888000e-01	-7.942112e-01	-4.393854e+00
4.889000e-01	-7.983041e-01	-4.393672e+00
4.890000e-01	-8.023646e-01	-4.393442e+00
4.891000e-01	-8.063912e-01	-4.393164e+00
4.892000e-01	-8.103826e-01	-4.392837e+00
4.893000e-01	-8.143377e-01	-4.392462e+00
4.894000e-01	-8.182555e-01	-4.392038e+00
4.895000e-01	-8.221354e-01	-4.391564e+00
4.896000e-01	-8.259767e-01	-4.391039e+00
4.897000e-01	-8.297789e-01	-4.390464e+00
4.898000e-01	-8.335419e-01	-4.389837e+00
4.899000e-01	-8.372654e-01	-4.389159e+00
4.900000e-01	-8.409494e-01	-4.388428e+00
4.901000e-01	-8.445942e-01	-4.387646e+00
4.902000e-01	-8.481999e-01	-4.386811e+00
4.903000e-01	-8.517669e-01	-4.385924e+00
4.904000e-01	-8.552956e-01	-4.384986e+00
4.905000e-01	-8.587863e-01	-4.383998e+00
4.906000e-01	-8.622397e-01	-4.382959e+00
4.907000e-01	-8.656562e-01	-4.381872e+00
4.908000e-01	-8.690363e-01	-4.380739e+00
4.909000e-01	-8.723805e-01	-4.379560e+00
4.910000e-01	-8.756892e-01	-4.378340e+00
4.911000e-01	-8.789628e-01	-4.377079e+00
4.912000e-01	-8.822016e-01	-4.375780e+00
4.913000e-01	-8.854058e-01	-4.374448e+00
4.914000e-01	-8.885755e-01	-4.373086e+00
4.915000e-01	-8.917108e-01	-4.371696e+00
4.916000e-01	-8.948114e-01	-4.370284e+00
4.917000e-01	-8.978773e-01	-4.368854e+00
4.918000e-01	-9.009080e-01	-4.367408e+00
4.919000e-01	-9.039031e-01	-4.365954e+00
4.920000e-01	-9.068618e-01	-4.364494e+00
4.921000e-01	-9.097836e-01	-4.363033e+00
4.922000e-01	-9.126675e-01	-4.361577e+00
4.923000e-01	-9.155126e-01	-4.360130e+00
4.924000e-01	-9.183179e-01	-4.358696e+00
4.925000e-01	-9.210822e-01	-4.357280e+00
4.926000e-01	-9.238043e-01	-4.355888e+00
4.927000e-01	-9.264829e-01	-4.354522e+00
4.928000e-01	-9.291168e-01	-4.353187e+00
4.929000e-01	-9.317046e-01	-4.351887e+00
4.930000e-01	-9.342449e-01	-4.350627e+00
4.931000e-01	-9.367366e-01	-4.349408e+00
4.932000e-01	-9.391783e-01	-4.348234e+00
4.933000e-01	-9.415687e-01	-4.347109e+00
4.934000e-01	-9.439067e-01	-4.346035e+00
4.935000e-01	-9.461911e-01	-4.345014e+00
4.936000e-01	-9.484210e-01	-4.344047e+00
4.937000e-01	-9.505954e-01	-4.343138e+00
4.938000e-01	-9.527136e-01	-4.342286e+00
4.939000e-01	-9.547749e-01	-4.341494e+00
4.940000e-01	-9.567787e-01	-4.340761e+00
4.941000e-01	-9.587246e-01	-4.340090e+00
4.942000e-01	-9.606124e-01	-4.339480e+00
4.943000e-01	-9.624420e-01	-4.338931e+00
4.944000e-01	-9.642133e-01	-4.338444e+00
4.945000e-01	-9.659264e-01	-4.338019e+00
4.946000e-01	-9.675816e-01	-4.337655e+00
4.947000e-01	-9.691794e-01	-4.337353e+00
4.948000e-01	-9.707201e-01	-4.337112e+00
4.949000e-01	-9.722044e-01	-4.336933e+00
4.950000e-01	-9.736330e-01	-4.336814e+00
4.951000e-01	-9.750067e-01	-4.336757e+00
4.952000e-01	-9.763262e-01	-4.336761e+00
4.953000e-01	-9.775925e-01	-4.336826e+00
4.954000e-01	-9.788064e-01	-4.336953e+00
4.955000e-01	-9.799688e-01	-4.337142e+00
4.956000e-01	-9.810806e-01	-4.337394e+00
4.957000e-01	-9.821427e-01	-4.337710e+00
4.958000e-01	-9.831560e-01	-4.338091e+00
4.959000e-01	-9.841212e-01	-4.338537e+00
4.960000e-01	-9.850391e-01	-4.339050e+00
4.961000e-01	-9.859103e-01	-4.339633e+00
4.962000e-01	-9.867355e-01	-4.340285e+00
4.963000e-01	-9.875152e-01	-4.341009e+00
4.964000e-01	-9.882496e-01	-4.341807e+00
4.965000e-01	-9.889392e-01	-4.342680e+00
4.966000e-01	-9.895842e-01	-4.343631e+00
4.967000e-01	-9.901846e-01	-4.344661e+00
4.968000e-01	-9.907405e-01	-4.345773e+00
4.969000e-01	-9.912517e-01	-4.346968e+00
4.970000e-01	-9.917181e-01	-4.348248e+00
4.971000e-01	-9.921393e-01	-4.349614e+00
4.972000e-01	-9.925151e-01	-4.351068e+00
4.973000e-01	-9.928450e-01	-4.352612e+00
4.974000e-01	-9.931278e-01	-4.354246e+00
4.975000e-01	-9.933615e-01	-4.355969e+00
4.976000e-01	-9.935435e-01	-4.357780e+00
4.977000e-01	-9.936717e-01	-4.359678e+00
4.978000e-01	-9.937438e-01	-4.361662e+00
4.979000e-01	-9.937578e-01	-4.363729e+00
4.980000e-01	-9.937118e-01	-4.365880e+00
4.981000e-01	-9.936041e-01	-4.368110e+00
4.982000e-01	-9.934331e-01	-4.370418e+00
4.983000e-01	-9.931971e-01	-4.372802e+00
4.984000e-01	-9.928949e-01	-4.375258e+00
4.985000e-01	-9.925251e-01	-4.377784e+00
4.986000e-01	-9.920868e-01	-4.380377e+00
4.987000e-01	-9.915789e-01	-4.383032e+00
4.988000e-01	-9.910009e-01	-4.385747e+00
4.989000e-01	-9.903522e-01	-4.388517e+00
4.990000e-01	-9.896323e-01	-4.391339e+00
4.991000e-01	-9.888412e-01	-4.394209e+00
4.992000e-01	-9.879787e-01	-4.397124e+00
4.993000e-01	-9.870450e-01	-4.400078e+00
4.994000e-01	-9.860403e-01	-4.403068e+00
4.995000e-01	-9.849651e-01	-4.406091e+00
4.996000e-01	-9.838199e-01	-4.409143e+00
4.997000e-01	-9.826053e-01	-4.412219e+00
4.998000e-01	-9.813222e-01	-4.415316e+00
4.999000e-01	-9.799713e-01	-4.418431e+00
5.000000e-01	-9.785537e-01	-4.421561e+00
5.001000e-01	-9.770703e-01	-4.424703e+00
5.002000e-01	-9.755223e-01	-4.427853e+00
5.003000e-01	-9.739108e-01	-4.431010e+00
5.004000e-01	-9.722369e-01	-4.434172e+00
5.005000e-01	-9.705020e-01	-4.437336e+00
5.006000e-01	-9.687073e-01	-4.440501e+00
5.007000e-01	-9.668540e-01	-4.443665e+00
5.008000e-01	-9.649436e-01	-4.446828e+00
5.009000e-01	-9.629774e-01	-4.449989e+00
5.010000e-01	-9.609567e-01	-4.453147e+00
5.011000e-01	-9.588829e-01	-4.456302e+00
5.012000e-01	-9.567575e-01	-4.459454e+00
5.013000e-01	-9.545819e-01	-4.462603e+00
5.014000e-01	-9.523575e-01	-4.465751e+00
5.015000e-01	-9.500858e-01	-4.468897e+00
5.016000e-01	-9.477682e-01	-4.472042e+00
5.017000e-01	-9.454064e-01	-4.475188e+00
5.018000e-01	-9.430018e-01	-4.478335e+00
5.019000e-01	-9.405561e-01	-4.481484e+00
5.020000e-01	-9.380710e-01	-4.484637e+00
5.021000e-01	-9.355480e-01	-4.487794e+00
5.022000e-01	-9.329889e-01	-4.490956e+00
5.023000e-01	-9.303955e-01	-4.494124e+00
5.024000e-01	-9.277697e-01	-4.497299e+00
5.025000e-01	-9.251134e-01	-4.500483e+00
5.026000e-01	-9.224284e-01	-4.503674e+00
5.027000e-01	-9.197167e-01	-4.506873e+00
5.028000e-01	-9.169803e-01	-4.510081e+00
5.029000e-01	-9.142213e-01	-4.513297e+00
5.030000e-01	-9.114415e-01	-4.516520e+00
5.031000e-01	-9.086430e-01	-4.519750e+00
5.032000e-01	-9.058275e-01	-4.522986e+00
5.033000e-01	-9.029968e-01	-4.526226e+00
5.034000e-01	-9.001524e-01	-4.529467e+00
5.035000e-01	-8.972960e-01	-4.532708e+00
5.036000e-01	-8.944286e-01	-4.535946e+00
5.037000e-01	-8.915515e-01	-4.539178e+00
5.038000e-01	-8.886655e-01	-4.542400e+00
5.039000e-01	-8.857714e-01	-4.545608e+00
5.040000e-01	-8.828696e-01	-4.548799e+00
5.041000e-01	-8.799605e-01	-4.551968e+00
5.042000e-01	-8.770441e-01	-4.555111e+00
5.043000e-01	-8.741205e-01	-4.558223e+00
5.044000e-01	-8.711893e-01	-4.561299e+00
5.045000e-01	-8.682502e-01	-4.564335e+00
5.046000e-01	-8.653025e-01	-4.567325e+00
5.047000e-01	-8.623454e-01	-4.570265e+00
5.048000e-01	-8.593782e-01	-4.573151e+00
5.049000e-01	-8.563998e-01	-4.575976e+00
5.050000e-01	-8.534093e-01	-4.578737e+00
5.051000e-01	-8.504055e-01	-4.581431e+00
5.052000e-01	-8.473873e-01	-4.584052e+00
5.053000e-01	-8.443534e-01	-4.586597e+00
5.054000e-01	-8.413028e-01	-4.589063e+00
5.055000e-01	-8.382343e-01	-4.591447e+00
5.056000e-01	-8.351469e-01	-4.593747e+00
5.057000e-01	-8.320397e-01	-4.595960e+00
5.058000e-01	-8.289117e-01	-4.598084e+00
5.059000e-01	-8.257623e-01	-4.600119e+00
5.060000e-01	-8.225909e-01	-4.602064e+00
5.061000e-01	-8.193969e-01	-4.603918e+00
5.062000e-01	-8.161802e-01	-4.605681e+00
5.063000e-01	-8.129404e-01	-4.607353e+00
5.064000e-01	-8.096778e-01	-4.608935e+00
5.065000e-01	-8.063925e-01	-4.610429e+00
5.066000e-01	-8.030849e-01	-4.611835e+00
5.067000e-01	-7.997557e-01	-4.613155e+00
5.068000e-01	-7.964055e-01	-4.614391e+00
5.069000e-01	-7.930353e-01	-4.615545e+00
5.070000e-01	-7.896461e-01	-4.616620e+00
5.071000e-01	-7.862392e-01	-4.617616e+00
5.072000e-01	-7.828158e-01	-4.618537e+00
5.073000e-01	-7.793775e-01	-4.619385e+00
5.074000e-01	-7.759256e-01	-4.620162e+00
5.075000e-01	-7.724618e-01	-4.620871e+00
5.076000e-01	-7.689877e-01	-4.621513e+00
5.077000e-01	-7.655048e-01	-4.622091e+00
5.078000e-01	-7.620148e-01	-4.622606e+00
5.079000e-01	-7.585193e-01	-4.623061e+00
5.080000e-01	-7.550197e-01	-4.623456e+00
5.081000e-01	-7.515176e-01	-4.623793e+00
5.082000e-01	-7.480142e-01	-4.624072e+00
5.083000e-01	-7.445108e-01	-4.624296e+00
5.084000e-01	-7.410085e-01	-4.624463e+00
5.085000e-01	-7.375082e-01	-4.624575e+00
5.086000e-01	-7.340106e-01	-4.624631e+00
5.087000e-01	-7.305164e-01	-4.624632e+00
5.088000e-01	-7.270261e-01	-4.624578e+00
5.089000e-01	-7.235397e-01	-4.624467e+00
5.090000e-01	-7.200573e-01	-4.624299e+00
5.091000e-01	-7.165789e-01	-4.624075e+00
5.092000e-01	-7.131040e-01	-4.623792e+00
5.093000e-01	-7.096322e-01	-4.623451e+00
5.094000e-01	-7.061627e-01	-4.623051e+00
5.095000e-01	-7.026947e-01	-4.622591e+00
5.096000e-01	-6.992272e-01	-4.622071e+00
5.097000e-01	-6.957592e-01	-4.621491e+00
5.098000e-01	-6.922895e-01	-4.620850e+00
5.099000e-01	-6.888166e-01	-4.620148e+00
5.100000e-01	-6.853394e-01	-4.619386e+00
5.101000e-01	-6.818564e-01	-4.618565e+00
5.102000e-01	-6.783662e-01	-4.617684e+00
5.103000e-01	-6.748675e-01	-4.616745e+00
5.104000e-01	-6.713588e-01	-4.615750e+00
5.105000e-01	-6.678389e-01	-4.614701e+00
5.106000e-01	-6.643066e-01	-4.613598e+00
5.107000e-01	-6.607608e-01	-4.612446e+00
5.108000e-01	-6.572004e-01	-4.611246e+00
5.109000e-01	-6.536246e-01	-4.610002e+00
5.110000e-01	-6.500327e-01	-4.608717e+00
5.111000e-01	-6.464242e-01	-4.607395e+00
5.112000e-01	-6.427986e-01	-4.606039e+00
5.113000e-01	-6.391559e-01	-4.604654e+00
5.114000e-01	-6.354959e-01	-4.603244e+00
5.115000e-01	-6.318190e-01	-4.601814e+00
5.116000e-01	-6.281254e-01	-4.600367e+00
5.117000e-01	-6.244158e-01	-4.598910e+00
5.118000e-01	-6.206908e-01	-4.597446e+00
5.119000e-01	-6.169515e-01	-4.595980e+00
5.120000e-01	-6.131987e-01	-4.594517e+00
5.121000e-01	-6.094338e-01	-4.593061e+00
5.122000e-01	-6.056580e-01	-4.591618e+00
5.123000e-01	-6.018728e-01	-4.590190e+00
5.124000e-01	-5.980796e-01	-4.588784e+00
5.125000e-01	-5.942800e-01	-4.587402e+00
5.126000e-01	-5.904755e-01	-4.586048e+00
5.127000e-01	-5.866678e-01	-4.584725e+00
5.128000e-01	-5.828585e-01	-4.583437e+00
5.129000e-01	-5.790491e-01	-4.582187e+00
5.130000e-01	-5.752410e-01	-4.580977e+00
5.131000e-01	-5.714358e-01	-4.579810e+00
5.132000e-01	-5.676347e-01	-4.578686e+00
5.133000e-01	-5.638390e-01	-4.577609e+00
5.134000e-01	-5.600498e-01	-4.576578e+00
5.135000e-01	-5.562679e-01	-4.575596e+00
5.136000e-01	-5.524942e-01	-4.574662e+00
5.137000e-01	-5.487292e-01	-4.573778e+00
5.138000e-01	-5.449735e-01	-4.572943e+00
5.139000e-01	-5.412273e-01	-4.572158e+00
5.140000e-01	-5.374907e-01	-4.571422e+00
5.141000e-01	-5.337636e-01	-4.570735e+00
5.142000e-01	-5.300459e-01	-4.570096e+00
5.143000e-01	-5.263372e-01	-4.569506e+00
5.144000e-01	-5.226369e-01	-4.568963e+00
5.145000e-01	-5.189444e-01	-4.568467e+00
5.146000e-01	-5.152589e-01	-4.568017e+00
5.147000e-01	-5.115796e-01	-4.567613e+00
5.148000e-01	-5.079055e-01	-4.567254e+00
5.149000e-01	-5.042357e-01	-4.566940e+00
5.150000e-01	-5.005692e-01	-4.566671e+00
5.151000e-01	-4.969050e-01	-4.566447e+00
5.152000e-01	-4.932420e-01	-4.566267e+00
5.153000e-01	-4.895793e-01	-4.566132e+00
5.154000e-01	-4.859160e-01	-4.566042e+00
5.155000e-01	-4.822512e-01	-4.565998e+00
5.156000e-01	-4.785844e-01	-4.566000e+00
5.157000e-01	-4.749148e-01	-4.566049e+00
5.158000e-01	-4.712420e-01	-4.566147e+00
5.159000e-01	-4.675658e-01	-4.566294e+00
5.160000e-01	-4.638859e-01	-4.566491e+00
5.161000e-01	-4.602025e-01	-4.566741e+00
5.162000e-01	-4.565157e-01	-4.567045e+00
5.163000e-01	-4.528260e-01	-4.567404e+00
5.164000e-01	-4.491340e-01	-4.567820e+00
5.165000e-01	-4.454405e-01	-4.568294e+00
5.166000e-01	-4.417464e-01	-4.568829e+00
5.167000e-01	-4.380530e-01	-4.569425e+00
5.168000e-01	-4.343614e-01	-4.570085e+00
5.169000e-01	-4.306733e-01	-4.570809e+00
5.170000e-01	-4.269902e-01	-4.571600e+00
5.171000e-01	-4.233139e-01	-4.572457e+00
5.172000e-01	-4.196461e-01	-4.573383e+00
5.173000e-01	-4.159889e-01	-4.574377e+00
5.174000e-01	-4.123442e-01	-4.575441e+00
5.175000e-01	-4.087140e-01	-4.576574e+00
5.176000e-01	-4.051003e-01	-4.577778e+00
5.177000e-01	-4.015053e-01	-4.579051e+00
5.178000e-01	-3.979308e-01	-4.580393e+00
5.179000e-01	-3.943789e-01	-4.581804e+00
5.180000e-01	-3.908514e-01	-4.583282e+00
5.181000e-01	-3.873501e-01	-4.584827e+00
5.182000e-01	-3.838767e-01	-4.586437e+00
5.183000e-01	-3.804327e-01	-4.588110e+00
5.184000e-01	-3.770196e-01	-4.589844e+00
5.185000e-01	-3.736385e-01	-4.591638e+00
5.186000e-01	-3.702906e-01	-4.593490e+00
5.187000e-01	-3.669769e-01	-4.595396e+00
5.188000e-01	-3.636979e-01	-4.597354e+00
5.189000e-01	-3.604545e-01	-4.599363e+00
5.190000e-01	-3.572469e-01	-4.601418e+00
5.191000e-01	-3.540754e-01	-4.603518e+00
5.192000e-01	-3.509402e-01	-4.605660e+00
5.193000e-01	-3.478411e-01	-4.607841e+00
5.194000e-01	-3.447780e-01	-4.610058e+00
5.195000e-01	-3.417506e-01	-4.612310e+00
5.196000e-01	-3.387586e-01	-4.614593e+00
5.197000e-01	-3.358014e-01	-4.616905e+00
5.198000e-01	-3.328785e-01	-4.619245e+00
5.199000e-01	-3.299893e-01	-4.621610e+00
5.200000e-01	-3.271334e-01	-4.623997e+00
5.201000e-01	-3.243100e-01	-4.626407e+00
5.202000e-01	-3.215186e-01	-4.628836e+00
5.203000e-01	-3.187588e-01	-4.631285e+00
5.204000e-01	-3.160300e-01	-4.633750e+00
5.205000e-01	-3.133320e-01	-4.636233e+00
5.206000e-01	-3.106645e-01	-4.638732e+00
5.207000e-01	-3.080274e-01	-4.641246e+00
5.208000e-01	-3.054208e-01	-4.643775e+00
5.209000e-01	-3.028447e-01	-4.646319e+00
5.210000e-01	-3.002996e-01	-4.648878e+00
5.211000e-01	-2.977858e-01	-4.651451e+00
5.212000e-01	-2.953042e-01	-4.654039e+00
5.213000e-01	-2.928555e-01	-4.656642e+00
5.214000e-01	-2.904407e-01	-4.659259e+00
5.215000e-01	-2.880611e-01	-4.661892e+00
5.216000e-01	-2.857179e-01	-4.664540e+00
5.217000e-01	-2.834126e-01	-4.667203e+00
5.218000e-01	-2.811468e-01	-4.669882e+00
5.219000e-01	-2.789223e-01	-4.672576e+00
5.220000e-01	-2.767409e-01	-4.675286e+00
5.221000e-01	-2.746045e-01	-4.678010e+00
5.222000e-01	-2.725151e-01	-4.680750e+00
5.223000e-01	-2.704748e-01	-4.683503e+00
5.224000e-01	-2.684856e-01	-4.686271e+00
5.225000e-01	-2.665495e-01	-4.689051e+00
5.226000e-01	-2.646686e-01	-4.691843e+00
5.227000e-01	-2.628449e-01	-4.694645e+00
5.228000e-01	-2.610804e-01	-4.697457e+00
5.229000e-01	-2.593768e-01	-4.700276e+00
5.230000e-01	-2.577358e-01	-4.703102e+00
5.231000e-01	-2.561593e-01	-4.705932e+00
5.232000e-01	-2.546484e-01	-4.708764e+00
5.233000e-01	-2.532048e-01	-4.711596e+00
5.234000e-01	-2.518294e-01	-4.714426e+00
5.235000e-01	-2.505232e-01	-4.717252e+00
5.236000e-01	-2.492872e-01	-4.720071e+00
5.237000e-01	-2.481219e-01	-4.722880e+00
5.238000e-01	-2.470278e-01	-4.725678e+00
5.239000e-01	-2.460052e-01	-4.728462e+00
5.240000e-01	-2.450542e-01	-4.731229e+00
5.241000e-01	-2.441747e-01	-4.733976e+00
5.242000e-01	-2.433665e-01	-4.736702e+00
5.243000e-01	-2.426293e-01	-4.739404e+00
5.244000e-01	-2.419625e-01	-4.742080e+00
5.245000e-01	-2.413656e-01	-4.744727e+00
5.246000e-01	-2.408379e-01	-4.747344e+00
5.247000e-01	-2.403787e-01	-4.749929e+00
5.248000e-01	-2.399871e-01	-4.752479e+00
5.249000e-01	-2.396622e-01	-4.754994e+00
5.250000e-01	-2.394033e-01	-4.757471e+00
5.251000e-01	-2.392094e-01	-4.759910e+00
5.252000e-01	-2.390798e-01	-4.762310e+00
5.253000e-01	-2.390136e-01	-4.764669e+00
5.254000e-01	-2.390101e-01	-4.766986e+00
5.255000e-01	-2.390688e-01	-4.769262e+00
5.256000e-01	-2.391891e-01	-4.771495e+00
5.257000e-01	-2.393705e-01	-4.773686e+00
5.258000e-01	-2.396129e-01	-4.775833e+00
5.259000e-01	-2.399160e-01	-4.777938e+00
5.260000e-01	-2.402798e-01	-4.779999e+00
5.261000e-01	-2.407044e-01	-4.782017e+00
5.262000e-01	-2.411902e-01	-4.783992e+00
5.263000e-01	-2.417374e-01	-4.785924e+00
5.264000e-01	-2.423467e-01	-4.787813e+00
5.265000e-01	-2.430188e-01	-4.789660e+00
5.266000e-01	-2.437543e-01	-4.791464e+00
5.267000e-01	-2.445543e-01	-4.793226e+00
5.268000e-01	-2.454196e-01	-4.794947e+00
5.269000e-01	-2.463515e-01	-4.796625e+00
5.270000e-01	-2.473509e-01	-4.798261e+00
5.271000e-01	-2.484191e-01	-4.799854e+00
5.272000e-01	-2.495573e-01	-4.801406e+00
5.273000e-01	-2.507667e-01	-4.802915e+00
5.274000e-01	-2.520484e-01	-4.804381e+00
5.275000e-01	-2.534036e-01	-4.805804e+00
5.276000e-01	-2.548334e-01	-4.807184e+00
5.277000e-01	-2.563388e-01	-4.808519e+00
5.278000e-01	-2.579207e-01	-4.809809e+00
5.279000e-01	-2.595798e-01	-4.811054e+00
5.280000e-01	-2.613168e-01	-4.812252e+00
5.281000e-01	-2.631322e-01	-4.813403e+00
5.282000e-01	-2.650263e-01	-4.814506e+00
5.283000e-01	-2.669994e-01	-4.815559e+00
5.284000e-01	-2.690515e-01	-4.816563e+00
5.285000e-01	-2.711823e-01	-4.817517e+00
5.286000e-01	-2.733915e-01	-4.818418e+00
5.287000e-01	-2.756785e-01	-4.819268e+00
5.288000e-01	-2.780427e-01	-4.820064e+00
5.289000e-01	-2.804832e-01	-4.820806e+00
5.290000e-01	-2.829989e-01	-4.821494e+00
5.291000e-01	-2.855885e-01	-4.822127e+00
5.292000e-01	-2.882508e-01	-4.822705e+00
5.293000e-01	-2.909843e-01	-4.823227e+00
5.294000e-01	-2.937873e-01	-4.823693e+00
5.295000e-01	-2.966582e-01	-4.824104e+00
5.296000e-01	-2.995953e-01	-4.824460e+00
5.297000e-01	-3.025967e-01	-4.824760e+00
5.298000e-01	-3.056606e-01	-4.825006e+00
5.299000e-01	-3.087851e-01	-4.825199e+00
5.300000e-01	-3.119685e-01	-4.825338e+00
5.301000e-01	-3.152088e-01	-4.825426e+00
5.302000e-01	-3.185043e-01	-4.825463e+00
5.303000e-01	-3.218534e-01	-4.825451e+00
5.304000e-01	-3.252543e-01	-4.825390e+00
5.305000e-01	-3.287056e-01	-4.825284e+00
5.306000e-01	-3.322058e-01	-4.825133e+00
5.307000e-01	-3.357536e-01	-4.824940e+00
5.308000e-01	-3.393478e-01	-4.824706e+00
5.309000e-01	-3.429874e-01	-4.824433e+00
5.310000e-01	-3.466715e-01	-4.824124e+00
5.311000e-01	-3.503992e-01	-4.823780e+00
5.312000e-01	-3.541701e-01	-4.823404e+00
5.313000e-01	-3.579835e-01	-4.822999e+00
5.314000e-01	-3.618391e-01	-4.822565e+00
5.315000e-01	-3.657366e-01	-4.822106e+00
5.316000e-01	-3.696760e-01	-4.821624e+00
5.317000e-01	-3.736570e-01	-4.821120e+00
5.318000e-01	-3.776798e-01	-4.820597e+00
5.319000e-01	-3.817444e-01	-4.820057e+00
5.320000e-01	-3.858510e-01	-4.819502e+00
5.321000e-01	-3.899997e-01	-4.818934e+00
5.322000e-01	-3.941907e-01	-4.818355e+00
5.323000e-01	-3.984242e-01	-4.817766e+00
5.324000e-01	-4.027004e-01	-4.817169e+00
5.325000e-01	-4.070192e-01	-4.816565e+00
5.326000e-01	-4.113808e-01	-4.815957e+00
5.327000e-01	-4.157851e-01	-4.815345e+00
5.328000e-01	-4.202320e-01	-4.814732e+00
5.329000e-01	-4.247212e-01	-4.814117e+00
5.330000e-01	-4.292523e-01	-4.813502e+00
5.331000e-01	-4.338249e-01	-4.812889e+00
5.332000e-01	-4.384383e-01	-4.812279e+00
5.333000e-01	-4.430917e-01	-4.811672e+00
5.334000e-01	-4.477842e-01	-4.811070e+00
5.335000e-01	-4.525148e-01	-4.810473e+00
5.336000e-01	-4.572821e-01	-4.809882e+00
5.337000e-01	-4.620849e-01	-4.809299e+00
5.338000e-01	-4.669215e-01	-4.808724e+00
5.339000e-01	-4.717905e-01	-4.808159e+00
5.340000e-01	-4.766899e-01	-4.807603e+00
5.341000e-01	-4.816180e-01	-4.807059e+00
5.342000e-01	-4.865728e-01	-4.806527e+00
5.343000e-01	-4.915522e-01	-4.806008e+00
5.344000e-01	-4.965542e-01	-4.805503e+00
5.345000e-01	-5.015767e-01	-4.805013e+00
5.346000e-01	-5.066174e-01	-4.804540e+00
5.347000e-01	-5.116741e-01	-4.804085e+00
5.348000e-01	-5.167449e-01	-4.803648e+00
5.349000e-01	-5.218274e-01	-4.803232e+00
5.350000e-01	-5.269197e-01	-4.802837e+00
5.351000e-01	-5.320198e-01	-4.802464e+00
5.352000e-01	-5.371257e-01	-4.802115e+00
5.353000e-01	-5.422357e-01	-4.801792e+00
5.354000e-01	-5.473479e-01	-4.801495e+00
5.355000e-01	-5.524609e-01	-4.801225e+00
5.356000e-01	-5.575732e-01	-4.800986e+00
5.357000e-01	-5.626834e-01	-4.800776e+00
5.358000e-01	-5.677905e-01	-4.800598e+00
5.359000e-01	-5.728933e-01	-4.800453e+00
5.360000e-01	-5.779911e-01	-4.800342e+00
5.361000e-01	-5.830831e-01	-4.800266e+00
5.362000e-01	-5.881688e-01	-4.800226e+00
5.363000e-01	-5.932476e-01	-4.800224e+00
5.364000e-01	-5.983193e-01	-4.800259e+00
5.365000e-01	-6.033836e-01	-4.800333e+00
5.366000e-01	-6.084406e-01	-4.800446e+00
5.367000e-01	-6.134901e-01	-4.800599e+00
5.368000e-01	-6.185322e-01	-4.800793e+00
5.369000e-01	-6.235671e-01	-4.801027e+00
5.370000e-01	-6.285950e-01	-4.801302e+00
5.371000e-01	-6.336160e-01	-4.801619e+00
5.372000e-01	-6.386303e-01	-4.801977e+00
5.373000e-01	-6.436382e-01	-4.802375e+00
5.374000e-01	-6.486397e-01	-4.802815e+00
5.375000e-01	-6.536351e-01	-4.803296e+00
5.376000e-01	-6.586244e-01	-4.803817e+00
5.377000e-01	-6.636075e-01	-4.804378e+00
5.378000e-01	-6.685845e-01	-4.804978e+00
5.379000e-01	-6.735550e-01	-4.805617e+00
5.380000e-01	-6.785189e-01	-4.806295e+00
5.381000e-01	-6.834756e-01	-4.807009e+00
5.382000e-01	-6.884247e-01	-4.807761e+00
5.383000e-01	-6.933655e-01	-4.808549e+00
5.384000e-01	-6.982972e-01	-4.809372e+00
5.385000e-01	-7.032189e-01	-4.810230e+00
5.386000e-01	-7.081297e-01	-4.811121e+00
5.387000e-01	-7.130283e-01	-4.812045e+00
5.388000e-01	-7.179136e-01	-4.813000e+00
5.389000e-01	-7.227841e-01	-4.813988e+00
5.390000e-01	-7.276385e-01	-4.815005e+00
5.391000e-01	-7.324753e-01	-4.816052e+00
5.392000e-01	-7.372930e-01	-4.817128e+00
5.393000e-01	-7.420898e-01	-4.818232e+00
5.394000e-01	-7.468643e-01	-4.819364e+00
5.395000e-01	-7.516148e-01	-4.820523e+00
5.396000e-01	-7.563396e-01	-4.821708e+00
5.397000e-01	-7.610371e-01	-4.822919e+00
5.398000e-01	-7.657057e-01	-4.824156e+00
5.399000e-01	-7.703440e-01	-4.825417e+00
5.400000e-01	-7.749505e-01	-4.826703e+00
5.401000e-01	-7.795238e-01	-4.828013e+00
5.402000e-01	-7.840626e-01	-4.829346e+00
5.403000e-01	-7.885658e-01	-4.830703e+00
5.404000e-01	-7.930323e-01	-4.832083e+00
5.405000e-01	-7.974611e-01	-4.833486e+00
5.406000e-01	-8.018516e-01	-4.834911e+00
5.407000e-01	-8.062030e-01	-4.836359e+00
5.408000e-01	-8.105148e-01	-4.837828e+00
5.409000e-01	-8.147865e-01	-4.839320e+00
5.410000e-01	-8.190180e-01	-4.840833e+00
5.411000e-01	-8.232091e-01	-4.842367e+00
5.412000e-01	-8.273597e-01	-4.843922e+00
5.413000e-01	-8.314699e-01	-4.845497e+00
5.414000e-01	-8.355400e-01	-4.847094e+00
5.415000e-01	-8.395701e-01	-4.848710e+00
5.416000e-01	-8.435608e-01	-4.850346e+00
5.417000e-01	-8.475123e-01	-4.852001e+00
5.418000e-01	-8.514252e-01	-4.853675e+00
5.419000e-01	-8.552999e-01	-4.855368e+00
5.420000e-01	-8.591370e-01	-4.857080e+00
5.421000e-01	-8.629370e-01	-4.858809e+00
5.422000e-01	-8.667004e-01	-4.860555e+00
5.423000e-01	-8.704276e-01	-4.862318e+00
5.424000e-01	-8.741190e-01	-4.864097e+00
5.425000e-01	-8.777751e-01	-4.865893e+00
5.426000e-01	-8.813961e-01	-4.867704e+00
5.427000e-01	-8.849822e-01	-4.869529e+00
5.428000e-01	-8.885336e-01	-4.871369e+00
5.429000e-01	-8.920501e-01	-4.873223e+00
5.430000e-01	-8.955318e-01	-4.875091e+00
5.431000e-01	-8.989785e-01	-4.876971e+00
5.432000e-01	-9.023897e-01	-4.878864e+00
5.433000e-01	-9.057651e-01	-4.880769e+00
5.434000e-01	-9.091040e-01	-4.882685e+00
5.435000e-01	-9.124059e-01	-4.884613e+00
5.436000e-01	-9.156700e-01	-4.886551e+00
5.437000e-01	-9.188953e-01	-4.888499e+00
5.438000e-01	-9.220810e-01	-4.890458e+00
5.439000e-01	-9.252259e-01	-4.892426e+00
5.440000e-01	-9.283290e-01	-4.894404e+00
5.441000e-01	-9.313891e-01	-4.896391e+00
5.442000e-01	-9.344050e-01	-4.898386e+00
5.443000e-01	-9.373755e-01	-4.900391e+00
5.444000e-01	-9.402993e-01	-4.902403e+00
5.445000e-01	-9.431752e-01	-4.904424e+00
5.446000e-01	-9.460021e-01	-4.906452e+00
5.447000e-01	-9.487786e-01	-4.908489e+00
5.448000e-01	-9.515037e-01	-4.910532e+00
5.449000e-01	-9.541763e-01	-4.912584e+00
5.450000e-01	-9.567954e-01	-4.914642e+00
5.451000e-01	-9.593600e-01	-4.916708e+00
5.452000e-01	-9.618694e-01	-4.918780e+00
5.453000e-01	-9.643229e-01	-4.920859e+00
5.454000e-01	-9.667198e-01	-4.922945e+00
5.455000e-01	-9.690596e-01	-4.925037e+00
5.456000e-01	-9.713419e-01	-4.927135e+00
5.457000e-01	-9.735666e-01	-4.929238e+00
5.458000e-01	-9.757334e-01	-4.931348e+00
5.459000e-01	-9.778423e-01	-4.933462e+00
5.460000e-01	-9.798934e-01	-4.935581e+00
5.461000e-01	-9.818870e-01	-4.937705e+00
5.462000e-01	-9.838232e-01	-4.939833e+00
5.463000e-01	-9.857025e-01	-4.941965e+00
5.464000e-01	-9.875253e-01	-4.944100e+00
5.465000e-01	-9.892922e-01	-4.946238e+00
5.466000e-01	-9.910036e-01	-4.948378e+00
5.467000e-01	-9.926603e-01	-4.950520e+00
5.468000e-01	-9.942629e-01	-4.952663e+00
5.469000e-01	-9.958119e-01	-4.954807e+00
5.470000e-01	-9.973081e-01	-4.956951e+00
5.471000e-01	-9.987521e-01	-4.959095e+00
5.472000e-01	-1.000144e+00	-4.961237e+00
5.473000e-01	-1.001486e+00	-4.963377e+00
5.474000e-01	-1.002776e+00	-4.965515e+00
5.475000e-01	-1.004017e+00	-4.967649e+00
5.476000e-01	-1.005207e+00	-4.969779e+00
5.477000e-01	-1.006349e+00	-4.971905e+00
5.478000e-01	-1.007440e+00	-4.974025e+00
5.479000e-01	-1.008483e+00	-4.976138e+00
5.480000e-01	-1.009476e+00	-4.978245e+00
5.481000e-01	-1.010421e+00	-4.980343e+00
5.482000e-01	-1.011315e+00	-4.982434e+00
5.483000e-01	-1.012160e+00	-4.984515e+00
5.484000e-01	-1.012954e+00	-4.986586e+00
5.485000e-01	-1.013698e+00	-4.988646e+00
5.486000e-01	-1.014391e+00	-4.990694e+00
5.487000e-01	-1.015032e+00	-4.992731e+00
5.488000e-01	-1.015621e+00	-4.994755e+00
5.489000e-01	-1.016156e+00	-4.996764e+00
5.490000e-01	-1.016638e+00	-4.998760e+00
5.491000e-01	-1.017065e+00	-5.000740e+00
5.492000e-01	-1.017436e+00	-5.002705e+00
5.493000e-01	-1.017751e+00	-5.004653e+00
5.494000e-01	-1.018009e+00	-5.006584e+00
5.495000e-01	-1.018209e+00	-5.008496e+00
5.496000e-01	-1.018351e+00	-5.010390e+00
5.497000e-01	-1.018435e+00	-5.012260e+00
5.498000e-01	-1.018462e+00	-5.014106e+00
5.499000e-01	-1.018432e+00	-5.015923e+00
5.500000e-01	-1.018347e+00	-5.017709e+00
5.501000e-01	-1.018205e+00	-5.019461e+00
5.502000e-01	-1.018009e+00	-5.021178e+00
5.503000e-01	-1.017758e+00	-5.022857e+00
5.504000e-01	-1.017454e+00	-5.024495e+00
5.505000e-01	-1.017097e+00	-5.026090e+00
5.506000e-01	-1.016688e+00	-5.027642e+00
5.507000e-01	-1.016227e+00	-5.029148e+00
5.508000e-01	-1.015715e+00	-5.030607e+00
5.509000e-01	-1.015154e+00	-5.032018e+00
5.510000e-01	-1.014543e+00	-5.033381e+00
5.511000e-01	-1.013884e+00	-5.034694e+00
5.512000e-01	-1.013177e+00	-5.035957e+00
5.513000e-01	-1.012423e+00	-5.037170e+00
5.514000e-01	-1.011622e+00	-5.038333e+00
5.515000e-01	-1.010776e+00	-5.039447e+00
5.516000e-01	-1.009884e+00	-5.040511e+00
5.517000e-01	-1.008947e+00	-5.041527e+00
5.518000e-01	-1.007966e+00	-5.042496e+00
5.519000e-01	-1.006940e+00	-5.043418e+00
5.520000e-01	-1.005871e+00	-5.044296e+00
5.521000e-01	-1.004759e+00	-5.045129e+00
5.522000e-01	-1.003602e+00	-5.045920e+00
5.523000e-01	-1.002402e+00	-5.046671e+00
5.524000e-01	-1.001159e+00	-5.047383e+00
5.525000e-01	-9.998716e-01	-5.048058e+00
5.526000e-01	-9.985395e-01	-5.048698e+00
5.527000e-01	-9.971616e-01	-5.049304e+00
5.528000e-01	-9.957370e-01	-5.049876e+00
5.529000e-01	-9.942643e-01	-5.050418e+00
5.530000e-01	-9.927425e-01	-5.050930e+00
5.531000e-01	-9.911704e-01	-5.051413e+00
5.532000e-01	-9.895465e-01	-5.051870e+00
5.533000e-01	-9.878697e-01	-5.052303e+00
5.534000e-01	-9.861388e-01	-5.052712e+00
5.535000e-01	-9.843524e-01	-5.053100e+00
5.536000e-01	-9.825093e-01	-5.053469e+00
5.537000e-01	-9.806083e-01	-5.053820e+00
5.538000e-01	-9.786484e-01	-5.054156e+00
5.539000e-01	-9.766285e-01	-5.054478e+00
5.540000e-01	-9.745476e-01	-5.054787e+00
5.541000e-01	-9.724049e-01	-5.055086e+00
5.542000e-01	-9.701998e-01	-5.055377e+00
5.543000e-01	-9.679316e-01	-5.055659e+00
5.544000e-01	-9.655999e-01	-5.055936e+00
5.545000e-01	-9.632046e-01	-5.056208e+00
5.546000e-01	-9.607455e-01	-5.056476e+00
5.547000e-01	-9.582228e-01	-5.056742e+00
5.548000e-01	-9.556367e-01	-5.057004e+00
5.549000e-01	-9.529878e-01	-5.057265e+00
5.550000e-01	-9.502767e-01	-5.057524e+00
5.551000e-01	-9.475041e-01	-5.057782e+00
5.552000e-01	-9.446711e-01	-5.058038e+00
5.553000e-01	-9.417786e-01	-5.058293e+00
5.554000e-01	-9.388281e-01	-5.058545e+00
5.555000e-01	-9.358208e-01	-5.058794e+00
5.556000e-01	-9.327579e-01	-5.059039e+00
5.557000e-01	-9.296409e-01	-5.059280e+00
5.558000e-01	-9.264710e-01	-5.059516e+00
5.559000e-01	-9.232485e-01	-5.059743e+00
5.560000e-01	-9.199740e-01	-5.059960e+00
5.561000e-01	-9.166477e-01	-5.060164e+00
5.562000e-01	-9.132702e-01	-5.060353e+00
5.563000e-01	-9.098419e-01	-5.060525e+00
5.564000e-01	-9.063632e-01	-5.060678e+00
5.565000e-01	-9.028347e-01	-5.060811e+00
5.566000e-01	-8.992568e-01	-5.060921e+00
5.567000e-01	-8.956301e-01	-5.061007e+00
5.568000e-01	-8.919548e-01	-5.061069e+00
5.569000e-01	-8.882312e-01	-5.061105e+00
5.570000e-01	-8.844594e-01	-5.061115e+00
5.571000e-01	-8.806396e-01	-5.061097e+00
5.572000e-01	-8.767716e-01	-5.061052e+00
5.573000e-01	-8.728557e-01	-5.060980e+00
5.574000e-01	-8.688916e-01	-5.060881e+00
5.575000e-01	-8.648791e-01	-5.060757e+00
5.576000e-01	-8.608182e-01	-5.060607e+00
5.577000e-01	-8.567086e-01	-5.060433e+00
5.578000e-01	-8.525500e-01	-5.060236e+00
5.579000e-01	-8.483420e-01	-5.060018e+00
5.580000e-01	-8.440845e-01	-5.059780e+00
5.581000e-01	-8.397771e-01	-5.059525e+00
5.582000e-01	-8.354194e-01	-5.059254e+00
5.583000e-01	-8.310114e-01	-5.058970e+00
5.584000e-01	-8.265529e-01	-5.058675e+00
5.585000e-01	-8.220437e-01	-5.058372e+00
5.586000e-01	-8.174839e-01	-5.058061e+00
5.587000e-01	-8.128733e-01	-5.057747e+00
5.588000e-01	-8.082121e-01	-5.057430e+00
5.589000e-01	-8.035006e-01	-5.057114e+00
5.590000e-01	-7.987391e-01	-5.056800e+00
5.591000e-01	-7.939281e-01	-5.056490e+00
5.592000e-01	-7.890680e-01	-5.056186e+00
5.593000e-01	-7.841596e-01	-5.055890e+00
5.594000e-01	-7.792038e-01	-5.055602e+00
5.595000e-01	-7.742015e-01	-5.055325e+00
5.596000e-01	-7.691537e-01	-5.055059e+00
5.597000e-01	-7.640617e-01	-5.054806e+00
5.598000e-01	-7.589269e-01	-5.054566e+00
5.599000e-01	-7.537506e-01	-5.054339e+00
5.600000e-01	-7.485344e-01	-5.054127e+00
5.601000e-01	-7.432799e-01	-5.053929e+00
5.602000e-01	-7.379889e-01	-5.053745e+00
5.603000e-01	-7.326632e-01	-5.053576e+00
5.604000e-01	-7.273045e-01	-5.053421e+00
5.605000e-01	-7.219147e-01	-5.053280e+00
5.606000e-01	-7.164958e-01	-5.053153e+00
5.607000e-01	-7.110496e-01	-5.053039e+00
5.608000e-01	-7.055780e-01	-5.052939e+00
5.609000e-01	-7.000827e-01	-5.052852e+00
5.610000e-01	-6.945655e-01	-5.052777e+00
5.611000e-01	-6.890281e-01	-5.052714e+00
5.612000e-01	-6.834720e-01	-5.052663e+00
5.613000e-01	-6.778986e-01	-5.052625e+00
5.614000e-01	-6.723094e-01	-5.052598e+00
5.615000e-01	-6.667055e-01	-5.052582e+00
5.616000e-01	-6.610880e-01	-5.052579e+00
5.617000e-01	-6.554577e-01	-5.052588e+00
5.618000e-01	-6.498156e-01	-5.052610e+00
5.619000e-01	-6.441622e-01	-5.052645e+00
5.620000e-01	-6.384980e-01	-5.052694e+00
5.621000e-01	-6.328235e-01	-5.052758e+00
5.622000e-01	-6.271388e-01	-5.052838e+00
5.623000e-01	-6.214441e-01	-5.052936e+00
5.624000e-01	-6.157395e-01	-5.053052e+00
5.625000e-01	-6.100249e-01	-5.053188e+00
5.626000e-01	-6.043002e-01	-5.053345e+00
5.627000e-01	-5.985652e-01	-5.053526e+00
5.628000e-01	-5.928197e-01	-5.053732e+00
5.629000e-01	-5.870635e-01	-5.053966e+00
5.630000e-01	-5.812964e-01	-5.054228e+00
5.631000e-01	-5.755182e-01	-5.054522e+00
5.632000e-01	-5.697288e-01	-5.054848e+00
5.633000e-01	-5.639280e-01	-5.055209e+00
5.634000e-01	-5.581159e-01	-5.055608e+00
5.635000e-01	-5.522925e-01	-5.056045e+00
5.636000e-01	-5.464580e-01	-5.056524e+00
5.637000e-01	-5.406128e-01	-5.057044e+00
5.638000e-01	-5.347572e-01	-5.057609e+00
5.639000e-01	-5.288919e-01	-5.058220e+00
5.640000e-01	-5.230177e-01	-5.058879e+00
5.641000e-01	-5.171353e-01	-5.059585e+00
5.642000e-01	-5.112458e-01	-5.060342e+00
5.643000e-01	-5.053505e-01	-5.061149e+00
5.644000e-01	-4.994506e-01	-5.062007e+00
5.645000e-01	-4.935478e-01	-5.062918e+00
5.646000e-01	-4.876434e-01	-5.063881e+00
5.647000e-01	-4.817394e-01	-5.064898e+00
5.648000e-01	-4.758375e-01	-5.065968e+00
5.649000e-01	-4.699398e-01	-5.067090e+00
5.650000e-01	-4.640482e-01	-5.068266e+00
5.651000e-01	-4.581650e-01	-5.069495e+00
5.652000e-01	-4.522920e-01	-5.070777e+00
5.653000e-01	-4.464317e-01	-5.072110e+00
5.654000e-01	-4.405861e-01	-5.073496e+00
5.655000e-01	-4.347576e-01	-5.074932e+00
5.656000e-01	-4.289482e-01	-5.076419e+00
5.657000e-01	-4.231602e-01	-5.077955e+00
5.658000e-01	-4.173955e-01	-5.079541e+00
5.659000e-01	-4.116561e-01	-5.081175e+00
5.660000e-01	-4.059439e-01	-5.082856e+00
5.661000e-01	-4.002603e-01	-5.084585e+00
5.662000e-01	-3.946075e-01	-5.086361e+00
5.663000e-01	-3.889869e-01	-5.088182e+00
5.664000e-01	-3.833999e-01	-5.090048e+00
5.665000e-01	-3.778477e-01	-5.091960e+00
5.666000e-01	-3.723314e-01	-5.093916e+00
5.667000e-01	-3.668520e-01	-5.095916e+00
5.668000e-01	-3.614104e-01	-5.097961e+00
5.669000e-01	-3.560073e-01	-5.100049e+00
5.670000e-01	-3.506432e-01	-5.102181e+00
5.671000e-01	-3.453187e-01	-5.104356e+00
5.672000e-01	-3.400340e-01	-5.106576e+00
5.673000e-01	-3.347896e-01	-5.108838e+00
5.674000e-01	-3.295855e-01	-5.111145e+00
5.675000e-01	-3.244215e-01	-5.113495e+00
5.676000e-01	-3.192974e-01	-5.115887e+00
5.677000e-01	-3.142127e-01	-5.118322e+00
5.678000e-01	-3.091669e-01	-5.120799e+00
5.679000e-01	-3.041598e-01	-5.123318e+00
5.680000e-01	-2.991909e-01	-5.125877e+00
5.681000e-01	-2.942601e-01	-5.128476e+00
5.682000e-01	-2.893672e-01	-5.131115e+00
5.683000e-01	-2.845120e-01	-5.133793e+00
5.684000e-01	-2.796948e-01	-5.136509e+00
5.685000e-01	-2.749157e-01	-5.139262e+00
5.686000e-01	-2.701750e-01	-5.142052e+00
5.687000e-01	-2.654733e-01	-5.144878e+00
5.688000e-01	-2.608112e-01	-5.147737e+00
5.689000e-01	-2.561888e-01	-5.150630e+00
5.690000e-01	-2.516068e-01	-5.153552e+00
5.691000e-01	-2.470655e-01	-5.156504e+00
5.692000e-01	-2.425660e-01	-5.159481e+00
5.693000e-01	-2.381088e-01	-5.162483e+00
5.694000e-01	-2.336948e-01	-5.165505e+00
5.695000e-01	-2.293252e-01	-5.168546e+00
5.696000e-01	-2.250009e-01	-5.171603e+00
5.697000e-01	-2.207231e-01	-5.174672e+00
5.698000e-01	-2.164931e-01	-5.177751e+00
5.699000e-01	-2.123121e-01	-5.180837e+00
5.700000e-01	-2.081816e-01	-5.183927e+00
5.701000e-01	-2.041029e-01	-5.187017e+00
5.702000e-01	-2.000776e-01	-5.190105e+00
5.703000e-01	-1.961071e-01	-5.193188e+00
5.704000e-01	-1.921929e-01	-5.196262e+00
5.705000e-01	-1.883366e-01	-5.199326e+00
5.706000e-01	-1.845397e-01	-5.202376e+00
5.707000e-01	-1.808037e-01	-5.205409e+00
5.708000e-01	-1.771301e-01	-5.208424e+00
5.709000e-01	-1.735202e-01	-5.211419e+00
5.710000e-01	-1.699756e-01	-5.214391e+00
5.711000e-01	-1.664975e-01	-5.217339e+00
5.712000e-01	-1.630873e-01	-5.220261e+00
5.713000e-01	-1.597462e-01	-5.223156e+00
5.714000e-01	-1.564754e-01	-5.226022e+00
5.715000e-01	-1.532759e-01	-5.228859e+00
5.716000e-01	-1.501489e-01	-5.231667e+00
5.717000e-01	-1.470952e-01	-5.234444e+00
5.718000e-01	-1.441158e-01	-5.237190e+00
5.719000e-01	-1.412114e-01	-5.239906e+00
5.720000e-01	-1.383830e-01	-5.242590e+00
5.721000e-01	-1.356311e-01	-5.245244e+00
5.722000e-01	-1.329565e-01	-5.247868e+00
5.723000e-01	-1.303597e-01	-5.250461e+00
5.724000e-01	-1.278413e-01	-5.253024e+00
5.725000e-01	-1.254019e-01	-5.255558e+00
5.726000e-01	-1.230419e-01	-5.258064e+00
5.727000e-01	-1.207619e-01	-5.260540e+00
5.728000e-01	-1.185622e-01	-5.262988e+00
5.729000e-01	-1.164434e-01	-5.265408e+00
5.730000e-01	-1.144058e-01	-5.267801e+00
5.731000e-01	-1.124498e-01	-5.270165e+00
5.732000e-01	-1.105757e-01	-5.272501e+00
5.733000e-01	-1.087839e-01	-5.274808e+00
5.734000e-01	-1.070748e-01	-5.277087e+00
5.735000e-01	-1.054485e-01	-5.279335e+00
5.736000e-01	-1.039053e-01	-5.281552e+00
5.737000e-01	-1.024456e-01	-5.283737e+00
5.738000e-01	-1.010696e-01	-5.285888e+00
5.739000e-01	-9.977734e-02	-5.288003e+00
5.740000e-01	-9.856915e-02	-5.290081e+00
5.741000e-01	-9.744517e-02	-5.292119e+00
5.742000e-01	-9.640552e-02	-5.294114e+00
5.743000e-01	-9.545034e-02	-5.296065e+00
5.744000e-01	-9.457972e-02	-5.297968e+00
5.745000e-01	-9.379373e-02	-5.299820e+00
5.746000e-01	-9.309242e-02	-5.301620e+00
5.747000e-01	-9.247583e-02	-5.303363e+00
5.748000e-01	-9.194395e-02	-5.305047e+00
5.749000e-01	-9.149678e-02	-5.306668e+00
5.750000e-01	-9.113425e-02	-5.308225e+00
5.751000e-01	-9.085632e-02	-5.309713e+00
5.752000e-01	-9.066288e-02	-5.311131e+00
5.753000e-01	-9.055382e-02	-5.312475e+00
5.754000e-01	-9.052902e-02	-5.313744e+00
5.755000e-01	-9.058830e-02	-5.314936e+00
5.756000e-01	-9.073149e-02	-5.316048e+00
5.757000e-01	-9.095839e-02	-5.317078e+00
5.758000e-01	-9.126878e-02	-5.318026e+00
5.759000e-01	-9.166241e-02	-5.318890e+00
5.760000e-01	-9.213904e-02	-5.319670e+00
5.761000e-01	-9.269838e-02	-5.320365e+00
5.762000e-01	-9.334015e-02	-5.320976e+00
5.763000e-01	-9.406405e-02	-5.321502e+00
5.764000e-01	-9.486975e-02	-5.321943e+00
5.765000e-01	-9.575695e-02	-5.322302e+00
5.766000e-01	-9.672529e-02	-5.322578e+00
5.767000e-01	-9.777446e-02	-5.322774e+00
5.768000e-01	-9.890408e-02	-5.322891e+00
5.769000e-01	-1.001138e-01	-5.322931e+00
5.770000e-01	-1.014033e-01	-5.322895e+00
5.771000e-01	-1.027722e-01	-5.322787e+00
5.772000e-01	-1.042200e-01	-5.322609e+00
5.773000e-01	-1.057466e-01	-5.322362e+00
5.774000e-01	-1.073514e-01	-5.322050e+00
5.775000e-01	-1.090342e-01	-5.321675e+00
5.776000e-01	-1.107946e-01	-5.321239e+00
5.777000e-01	-1.126322e-01	-5.320746e+00
5.778000e-01	-1.145467e-01	-5.320197e+00
5.779000e-01	-1.165376e-01	-5.319595e+00
5.780000e-01	-1.186047e-01	-5.318942e+00
5.781000e-01	-1.207475e-01	-5.318241e+00
5.782000e-01	-1.229657e-01	-5.317493e+00
5.783000e-01	-1.252588e-01	-5.316701e+00
5.784000e-01	-1.276266e-01	-5.315865e+00
5.785000e-01	-1.300687e-01	-5.314988e+00
5.786000e-01	-1.325845e-01	-5.314070e+00
5.787000e-01	-1.351737e-01	-5.313114e+00
5.788000e-01	-1.378359e-01	-5.312119e+00
5.789000e-01	-1.405706e-01	-5.311088e+00
5.790000e-01	-1.433773e-01	-5.310019e+00
5.791000e-01	-1.462556e-01	-5.308915e+00
5.792000e-01	-1.492049e-01	-5.307776e+00
5.793000e-01	-1.522248e-01	-5.306601e+00
5.794000e-01	-1.553146e-01	-5.305392e+00
5.795000e-01	-1.584738e-01	-5.304148e+00
5.796000e-01	-1.617017e-01	-5.302870e+00
5.797000e-01	-1.649978e-01	-5.301557e+00
5.798000e-01	-1.683613e-01	-5.300212e+00
5.799000e-01	-1.717916e-01	-5.298833e+00
5.800000e-01	-1.752879e-01	-5.297422e+00
5.801000e-01	-1.788495e-01	-5.295978e+00
5.802000e-01	-1.824756e-01	-5.294504e+00
5.803000e-01	-1.861655e-01	-5.292999e+00
5.804000e-01	-1.899182e-01	-5.291465e+00
5.805000e-01	-1.937330e-01	-5.289904e+00
5.806000e-01	-1.976089e-01	-5.288317e+00
5.807000e-01	-2.015451e-01	-5.286705e+00
5.808000e-01	-2.055408e-01	-5.285072e+00
5.809000e-01	-2.095949e-01	-5.283419e+00
5.810000e-01	-2.137066e-01	-5.281748e+00
5.811000e-01	-2.178749e-01	-5.280064e+00
5.812000e-01	-2.220989e-01	-5.278368e+00
5.813000e-01	-2.263778e-01	-5.276665e+00
5.814000e-01	-2.307105e-01	-5.274956e+00
5.815000e-01	-2.350961e-01	-5.273247e+00
5.816000e-01	-2.395338e-01	-5.271541e+00
5.817000e-01	-2.440227e-01	-5.269842e+00
5.818000e-01	-2.485618e-01	-5.268153e+00
5.819000e-01	-2.531502e-01	-5.266480e+00
5.820000e-01	-2.577872e-01	-5.264825e+00
5.821000e-01	-2.624720e-01	-5.263193e+00
5.822000e-01	-2.672035e-01	-5.261589e+00
5.823000e-01	-2.719812e-01	-5.260016e+00
5.824000e-01	-2.768042e-01	-5.258478e+00
5.825000e-01	-2.816717e-01	-5.256980e+00
5.826000e-01	-2.865831e-01	-5.255524e+00
5.827000e-01	-2.915375e-01	-5.254115e+00
5.828000e-01	-2.965343e-01	-5.252755e+00
5.829000e-01	-3.015728e-01	-5.251449e+00
5.830000e-01	-3.066522e-01	-5.250199e+00
5.831000e-01	-3.117720e-01	-5.249007e+00
5.832000e-01	-3.169314e-01	-5.247877e+00
5.833000e-01	-3.221298e-01	-5.246811e+00
5.834000e-01	-3.273665e-01	-5.245809e+00
5.835000e-01	-3.326408e-01	-5.244876e+00
5.836000e-01	-3.379521e-01	-5.244010e+00
5.837000e-01	-3.432996e-01	-5.243215e+00
5.838000e-01	-3.486827e-01	-5.242492e+00
5.839000e-01	-3.541005e-01	-5.241840e+00
5.840000e-01	-3.595524e-01	-5.241260e+00
5.841000e-01	-3.650376e-01	-5.240754e+00
5.842000e-01	-3.705553e-01	-5.240322e+00
5.843000e-01	-3.761046e-01	-5.239962e+00
5.844000e-01	-3.816847e-01	-5.239677e+00
5.845000e-01	-3.872947e-01	-5.239466e+00
5.846000e-01	-3.929337e-01	-5.239328e+00
5.847000e-01	-3.986008e-01	-5.239264e+00
5.848000e-01	-4.042948e-01	-5.239274e+00
5.849000e-01	-4.100149e-01	-5.239357e+00
5.850000e-01	-4.157600e-01	-5.239514e+00
5.851000e-01	-4.215290e-01	-5.239744e+00
5.852000e-01	-4.273207e-01	-5.240049e+00
5.853000e-01	-4.331341e-01	-5.240427e+00
5.854000e-01	-4.389680e-01	-5.240879e+00
5.855000e-01	-4.448212e-01	-5.241407e+00
5.856000e-01	-4.506926e-01	-5.242009e+00
5.857000e-01	-4.565810e-01	-5.242688e+00
5.858000e-01	-4.624851e-01	-5.243443e+00
5.859000e-01	-4.684038e-01	-5.244276e+00
5.860000e-01	-4.743358e-01	-5.245187e+00
5.861000e-01	-4.802800e-01	-5.246178e+00
5.862000e-01	-4.862352e-01	-5.247249e+00
5.863000e-01	-4.922002e-01	-5.248403e+00
5.864000e-01	-4.981739e-01	-5.249639e+00
5.865000e-01	-5.041551e-01	-5.250960e+00
5.866000e-01	-5.101427e-01	-5.252367e+00
5.867000e-01	-5.161357e-01	-5.253860e+00
5.868000e-01	-5.221329e-01	-5.255442e+00
5.869000e-01	-5.281335e-01	-5.257113e+00
5.870000e-01	-5.341364e-01	-5.258874e+00
5.871000e-01	-5.401406e-01	-5.260725e+00
5.872000e-01	-5.461453e-01	-5.262669e+00
5.873000e-01	-5.521496e-01	-5.264705e+00
5.874000e-01	-5.581526e-01	-5.266834e+00
5.875000e-01	-5.641535e-01	-5.269055e+00
5.876000e-01	-5.701515e-01	-5.271369e+00
5.877000e-01	-5.761459e-01	-5.273775e+00
5.878000e-01	-5.821358e-01	-5.276273e+00
5.879000e-01	-5.881207e-01	-5.278862e+00
5.880000e-01	-5.940998e-01	-5.281541e+00
5.881000e-01	-6.000724e-01	-5.284308e+00
5.882000e-01	-6.060378e-01	-5.287162e+00
5.883000e-01	-6.119953e-01	-5.290100e+00
5.884000e-01	-6.179443e-01	-5.293122e+00
5.885000e-01	-6.238841e-01	-5.296223e+00
5.886000e-01	-6.298140e-01	-5.299403e+00
5.887000e-01	-6.357332e-01	-5.302657e+00
5.888000e-01	-6.416411e-01	-5.305983e+00
5.889000e-01	-6.475369e-01	-5.309377e+00
5.890000e-01	-6.534198e-01	-5.312837e+00
5.891000e-01	-6.592890e-01	-5.316358e+00
5.892000e-01	-6.651438e-01	-5.319938e+00
5.893000e-01	-6.709831e-01	-5.323572e+00
5.894000e-01	-6.768062e-01	-5.327256e+00
5.895000e-01	-6.826121e-01	-5.330988e+00
5.896000e-01	-6.883998e-01	-5.334763e+00
5.897000e-01	-6.941684e-01	-5.338578e+00
5.898000e-01	-6.999169e-01	-5.342429e+00
5.899000e-01	-7.056440e-01	-5.346311e+00
5.900000e-01	-7.113488e-01	-5.350223e+00
5.901000e-01	-7.170296e-01	-5.354159e+00
5.902000e-01	-7.226844e-01	-5.358115e+00
5.903000e-01	-7.283112e-01	-5.362087e+00
5.904000e-01	-7.339079e-01	-5.366070e+00
5.905000e-01	-7.394728e-01	-5.370061e+00
5.906000e-01	-7.450037e-01	-5.374056e+00
5.907000e-01	-7.504988e-01	-5.378051e+00
5.908000e-01	-7.559560e-01	-5.382042e+00
5.909000e-01	-7.613733e-01	-5.386026e+00
5.910000e-01	-7.667488e-01	-5.390000e+00
5.911000e-01	-7.720804e-01	-5.393961e+00
5.912000e-01	-7.773664e-01	-5.397905e+00
5.913000e-01	-7.826049e-01	-5.401829e+00
5.914000e-01	-7.877941e-01	-5.405731e+00
5.915000e-01	-7.929324e-01	-5.409608e+00
5.916000e-01	-7.980181e-01	-5.413458e+00
5.917000e-01	-8.030498e-01	-5.417278e+00
5.918000e-01	-8.080261e-01	-5.421065e+00
5.919000e-01	-8.129456e-01	-5.424818e+00
5.920000e-01	-8.178074e-01	-5.428535e+00
5.921000e-01	-8.226102e-01	-5.432213e+00
5.922000e-01	-8.273533e-01	-5.435850e+00
5.923000e-01	-8.320359e-01	-5.439444e+00
5.924000e-01	-8.366573e-01	-5.442994e+00
5.925000e-01	-8.412171e-01	-5.446497e+00
5.926000e-01	-8.457150e-01	-5.449952e+00
5.927000e-01	-8.501508e-01	-5.453357e+00
5.928000e-01	-8.545243e-01	-5.456711e+00
5.929000e-01	-8.588356e-01	-5.460011e+00
5.930000e-01	-8.630850e-01	-5.463256e+00
5.931000e-01	-8.672726e-01	-5.466444e+00
5.932000e-01	-8.713990e-01	-5.469575e+00
5.933000e-01	-8.754646e-01	-5.472645e+00
5.934000e-01	-8.794701e-01	-5.475655e+00
5.935000e-01	-8.834160e-01	-5.478603e+00
5.936000e-01	-8.873032e-01	-5.481487e+00
5.937000e-01	-8.911324e-01	-5.484307e+00
5.938000e-01	-8.949045e-01	-5.487061e+00
5.939000e-01	-8.986204e-01	-5.489748e+00
5.940000e-01	-9.022809e-01	-5.492367e+00
5.941000e-01	-9.058870e-01	-5.494917e+00
5.942000e-01	-9.094395e-01	-5.497399e+00
5.943000e-01	-9.129394e-01	-5.499810e+00
5.944000e-01	-9.163873e-01	-5.502152e+00
5.945000e-01	-9.197841e-01	-5.504422e+00
5.946000e-01	-9.231304e-01	-5.506621e+00
5.947000e-01	-9.264266e-01	-5.508748e+00
5.948000e-01	-9.296733e-01	-5.510803e+00
5.949000e-01	-9.328705e-01	-5.512785e+00
5.950000e-01	-9.360187e-01	-5.514695e+00
5.951000e-01	-9.391184e-01	-5.516529e+00
5.952000e-01	-9.421697e-01	-5.518287e+00
5.953000e-01	-9.451731e-01	-5.519967e+00
5.954000e-01	-9.481284e-01	-5.521567e+00
5.955000e-01	-9.510355e-01	-5.523085e+00
5.956000e-01	-9.538942e-01	-5.524520e+00
5.957000e-01	-9.567038e-01	-5.525870e+00
5.958000e-01	-9.594638e-01	-5.527133e+00
5.959000e-01	-9.621733e-01	-5.528307e+00
5.960000e-01	-9.648315e-01	-5.529390e+00
5.961000e-01	-9.674371e-01	-5.530381e+00
5.962000e-01	-9.699890e-01	-5.531278e+00
5.963000e-01	-9.724859e-01	-5.532080e+00
5.964000e-01	-9.749263e-01	-5.532784e+00
5.965000e-01	-9.773087e-01	-5.533390e+00
5.966000e-01	-9.796315e-01	-5.533896e+00
5.967000e-01	-9.818933e-01	-5.534302e+00
5.968000e-01	-9.840922e-01	-5.534607e+00
5.969000e-01	-9.862267e-01	-5.534810e+00
5.970000e-01	-9.882951e-01	-5.534912e+00
5.971000e-01	-9.902959e-01	-5.534912e+00
5.972000e-01	-9.922274e-01	-5.534811e+00
5.973000e-01	-9.940882e-01	-5.534609e+00
5.974000e-01	-9.958769e-01	-5.534308e+00
5.975000e-01	-9.975921e-01	-5.533909e+00
5.976000e-01	-9.992325e-01	-5.533414e+00
5.977000e-01	-1.000797e+00	-5.532824e+00
5.978000e-01	-1.002285e+00	-5.532143e+00
5.979000e-01	-1.003695e+00	-5.531372e+00
5.980000e-01	-1.005026e+00	-5.530515e+00
5.981000e-01	-1.006278e+00	-5.529575e+00
5.982000e-01	-1.007450e+00	-5.528555e+00
5.983000e-01	-1.008543e+00	-5.527459e+00
5.984000e-01	-1.009554e+00	-5.526292e+00
5.985000e-01	-1.010486e+00	-5.525057e+00
5.986000e-01	-1.011336e+00	-5.523758e+00
5.987000e-01	-1.012107e+00	-5.522400e+00
5.988000e-01	-1.012797e+00	-5.520988e+00
5.989000e-01	-1.013407e+00	-5.519525e+00
5.990000e-01	-1.013937e+00	-5.518016e+00
5.991000e-01	-1.014389e+00	-5.516465e+00
5.992000e-01	-1.014763e+00	-5.514876e+00
5.993000e-01	-1.015059e+00	-5.513253e+00
5.994000e-01	-1.015278e+00	-5.511601e+00
5.995000e-01	-1.015421e+00	-5.509921e+00
5.996000e-01	-1.015489e+00	-5.508219e+00
5.997000e-01	-1.015483e+00	-5.506497e+00
5.998000e-01	-1.015404e+00	-5.504757e+00
5.999000e-01	-1.015251e+00	-5.503002e+00
6.000000e-01	-1.015027e+00	-5.501235e+00


