"     ankle"

"Time      "	".JOINT_14.Ax_Ay_Az_Projection_Angles.Z"	".JOINT_15.Ax_Ay_Az_Projection_Angles.Z"
0.000000e+00	1.193196e-13	0.000000e+00
1.000000e-04	1.222002e-05	0.000000e+00
2.000000e-04	4.679691e-05	0.000000e+00
3.000000e-04	1.008001e-04	-8.949681e-08
4.000000e-04	1.714326e-04	-2.092837e-07
5.000000e-04	2.559249e-04	-4.079286e-07
6.000000e-04	3.513803e-04	-7.136635e-07
7.000000e-04	4.549139e-04	-1.158902e-06
8.000000e-04	5.636543e-04	-1.780917e-06
9.000000e-04	6.747507e-04	-2.623026e-06
1.000000e-03	7.853884e-04	-3.735197e-06
1.100000e-03	8.928022e-04	-5.174754e-06
1.200000e-03	9.942900e-04	-7.007034e-06
1.300000e-03	1.087226e-03	-9.305981e-06
1.400000e-03	1.169074e-03	-1.215471e-05
1.500000e-03	1.237400e-03	-1.564601e-05
1.600000e-03	1.289882e-03	-1.988275e-05
1.700000e-03	1.324324e-03	-2.497818e-05
1.800000e-03	1.338665e-03	-3.105626e-05
1.900000e-03	1.330989e-03	-3.825166e-05
2.000000e-03	1.299530e-03	-4.671025e-05
2.100000e-03	1.242685e-03	-5.658837e-05
2.200000e-03	1.159014e-03	-6.805339e-05
2.300000e-03	1.047244e-03	-8.128367e-05
2.400000e-03	9.062856e-04	-9.646695e-05
2.500000e-03	7.352184e-04	-1.138013e-04
2.600000e-03	5.333002e-04	-1.334947e-04
2.700000e-03	2.999654e-04	-1.557646e-04
2.800000e-03	3.482853e-05	-1.808349e-04
2.900000e-03	-2.623255e-04	-2.089383e-04
3.000000e-03	-5.915422e-04	-2.403150e-04
3.100000e-03	-9.527021e-04	-2.752114e-04
3.200000e-03	-1.345525e-03	-3.138803e-04
3.300000e-03	-1.769578e-03	-3.565795e-04
3.400000e-03	-2.224283e-03	-4.035711e-04
3.500000e-03	-2.708922e-03	-4.551215e-04
3.600000e-03	-3.222652e-03	-5.114993e-04
3.700000e-03	-3.764499e-03	-5.729783e-04
3.800000e-03	-4.333393e-03	-6.398309e-04
3.900000e-03	-4.928146e-03	-7.123346e-04
4.000000e-03	-5.547482e-03	-7.907669e-04
4.100000e-03	-6.190039e-03	-8.754072e-04
4.200000e-03	-6.854378e-03	-9.665354e-04
4.300000e-03	-7.538996e-03	-1.064432e-03
4.400000e-03	-8.242302e-03	-1.169384e-03
4.500000e-03	-8.962707e-03	-1.281668e-03
4.600000e-03	-9.698562e-03	-1.401567e-03
4.700000e-03	-1.044818e-02	-1.529363e-03
4.800000e-03	-1.120984e-02	-1.665340e-03
4.900000e-03	-1.198180e-02	-1.809783e-03
5.000000e-03	-1.276232e-02	-1.962976e-03
5.100000e-03	-1.354961e-02	-2.125208e-03
5.200000e-03	-1.434191e-02	-2.296764e-03
5.300000e-03	-1.513746e-02	-2.477930e-03
5.400000e-03	-1.593447e-02	-2.668999e-03
5.500000e-03	-1.673120e-02	-2.870253e-03
5.600000e-03	-1.752584e-02	-3.081992e-03
5.700000e-03	-1.831670e-02	-3.304495e-03
5.800000e-03	-1.910198e-02	-3.538063e-03
5.900000e-03	-1.988010e-02	-3.782961e-03
6.000000e-03	-2.064921e-02	-4.039501e-03
6.100000e-03	-2.140772e-02	-4.307953e-03
6.200000e-03	-2.215390e-02	-4.588608e-03
6.300000e-03	-2.288610e-02	-4.881744e-03
6.400000e-03	-2.360269e-02	-5.187638e-03
6.500000e-03	-2.430205e-02	-5.506557e-03
6.600000e-03	-2.498260e-02	-5.838764e-03
6.700000e-03	-2.564278e-02	-6.184513e-03
6.800000e-03	-2.628106e-02	-6.544046e-03
6.900000e-03	-2.689593e-02	-6.917591e-03
7.000000e-03	-2.748597e-02	-7.305351e-03
7.100000e-03	-2.804981e-02	-7.707493e-03
7.200000e-03	-2.858617e-02	-8.124137e-03
7.300000e-03	-2.909390e-02	-8.555349e-03
7.400000e-03	-2.957195e-02	-9.001133e-03
7.500000e-03	-3.001942e-02	-9.461422e-03
7.600000e-03	-3.043556e-02	-9.936076e-03
7.700000e-03	-3.081979e-02	-1.042487e-02
7.800000e-03	-3.117167e-02	-1.092752e-02
7.900000e-03	-3.149094e-02	-1.144362e-02
8.000000e-03	-3.177754e-02	-1.197271e-02
8.100000e-03	-3.203153e-02	-1.251426e-02
8.200000e-03	-3.225317e-02	-1.306763e-02
8.300000e-03	-3.244287e-02	-1.363214e-02
8.400000e-03	-3.260120e-02	-1.420704e-02
8.500000e-03	-3.272885e-02	-1.479151e-02
8.600000e-03	-3.282667e-02	-1.538469e-02
8.700000e-03	-3.289560e-02	-1.598569e-02
8.800000e-03	-3.293666e-02	-1.659360e-02
8.900000e-03	-3.295099e-02	-1.720747e-02
9.000000e-03	-3.293975e-02	-1.782637e-02
9.100000e-03	-3.290417e-02	-1.844937e-02
9.200000e-03	-3.284548e-02	-1.907557e-02
9.300000e-03	-3.276491e-02	-1.970408e-02
9.400000e-03	-3.266371e-02	-2.033407e-02
9.500000e-03	-3.254303e-02	-2.096478e-02
9.600000e-03	-3.240402e-02	-2.159546e-02
9.700000e-03	-3.224775e-02	-2.222549e-02
9.800000e-03	-3.207517e-02	-2.285431e-02
9.900000e-03	-3.188717e-02	-2.348144e-02
1.000000e-02	-3.168451e-02	-2.410649e-02
1.010000e-02	-3.146784e-02	-2.472917e-02
1.020000e-02	-3.123770e-02	-2.534929e-02
1.030000e-02	-3.099447e-02	-2.596675e-02
1.040000e-02	-3.073846e-02	-2.658153e-02
1.050000e-02	-3.046980e-02	-2.719372e-02
1.060000e-02	-3.018853e-02	-2.780349e-02
1.070000e-02	-2.989455e-02	-2.841110e-02
1.080000e-02	-2.958766e-02	-2.901687e-02
1.090000e-02	-2.926755e-02	-2.962120e-02
1.100000e-02	-2.893382e-02	-3.022455e-02
1.110000e-02	-2.858601e-02	-3.082741e-02
1.120000e-02	-2.822357e-02	-3.143031e-02
1.130000e-02	-2.784593e-02	-3.203383e-02
1.140000e-02	-2.745246e-02	-3.263852e-02
1.150000e-02	-2.704252e-02	-3.324496e-02
1.160000e-02	-2.661549e-02	-3.385373e-02
1.170000e-02	-2.617073e-02	-3.446537e-02
1.180000e-02	-2.570765e-02	-3.508039e-02
1.190000e-02	-2.522569e-02	-3.569927e-02
1.200000e-02	-2.472436e-02	-3.632243e-02
1.210000e-02	-2.420320e-02	-3.695025e-02
1.220000e-02	-2.366187e-02	-3.758302e-02
1.230000e-02	-2.310008e-02	-3.822098e-02
1.240000e-02	-2.251765e-02	-3.886430e-02
1.250000e-02	-2.191447e-02	-3.951306e-02
1.260000e-02	-2.129055e-02	-4.016729e-02
1.270000e-02	-2.064597e-02	-4.082691e-02
1.280000e-02	-1.998091e-02	-4.149178e-02
1.290000e-02	-1.929564e-02	-4.216172e-02
1.300000e-02	-1.859052e-02	-4.283643e-02
1.310000e-02	-1.786595e-02	-4.351561e-02
1.320000e-02	-1.712242e-02	-4.419885e-02
1.330000e-02	-1.636048e-02	-4.488576e-02
1.340000e-02	-1.558068e-02	-4.557586e-02
1.350000e-02	-1.478362e-02	-4.626867e-02
1.360000e-02	-1.396993e-02	-4.696372e-02
1.370000e-02	-1.314020e-02	-4.766049e-02
1.380000e-02	-1.229502e-02	-4.835851e-02
1.390000e-02	-1.143495e-02	-4.905730e-02
1.400000e-02	-1.056052e-02	-4.975642e-02
1.410000e-02	-9.672181e-03	-5.045549e-02
1.420000e-02	-8.770316e-03	-5.115415e-02
1.430000e-02	-7.855240e-03	-5.185212e-02
1.440000e-02	-6.927175e-03	-5.254915e-02
1.450000e-02	-5.986251e-03	-5.324511e-02
1.460000e-02	-5.032494e-03	-5.393992e-02
1.470000e-02	-4.065829e-03	-5.463358e-02
1.480000e-02	-3.086076e-03	-5.532619e-02
1.490000e-02	-2.092947e-03	-5.601793e-02
1.500000e-02	-1.086052e-03	-5.670905e-02
1.510000e-02	-6.491158e-05	-5.739992e-02
1.520000e-02	9.710449e-04	-5.809095e-02
1.530000e-02	2.022469e-03	-5.878266e-02
1.540000e-02	3.090083e-03	-5.947563e-02
1.550000e-02	4.174666e-03	-6.017050e-02
1.560000e-02	5.277047e-03	-6.086797e-02
1.570000e-02	6.398070e-03	-6.156881e-02
1.580000e-02	7.538612e-03	-6.227382e-02
1.590000e-02	8.699522e-03	-6.298379e-02
1.600000e-02	9.881667e-03	-6.369962e-02
1.610000e-02	1.108583e-02	-6.442211e-02
1.620000e-02	1.231281e-02	-6.515218e-02
1.630000e-02	1.356324e-02	-6.589061e-02
1.640000e-02	1.483748e-02	-6.663809e-02
1.650000e-02	1.613474e-02	-6.739470e-02
1.660000e-02	1.745398e-02	-6.816038e-02
1.670000e-02	1.879411e-02	-6.893506e-02
1.680000e-02	2.015398e-02	-6.971868e-02
1.690000e-02	2.153246e-02	-7.051117e-02
1.700000e-02	2.292839e-02	-7.131248e-02
1.710000e-02	2.434061e-02	-7.212255e-02
1.720000e-02	2.576790e-02	-7.294129e-02
1.730000e-02	2.720902e-02	-7.376863e-02
1.740000e-02	2.866276e-02	-7.460449e-02
1.750000e-02	3.012785e-02	-7.544878e-02
1.760000e-02	3.160301e-02	-7.630140e-02
1.770000e-02	3.308696e-02	-7.716223e-02
1.780000e-02	3.457837e-02	-7.803114e-02
1.790000e-02	3.607593e-02	-7.890801e-02
1.800000e-02	3.757830e-02	-7.979268e-02
1.810000e-02	3.908411e-02	-8.068501e-02
1.820000e-02	4.059202e-02	-8.158483e-02
1.830000e-02	4.210063e-02	-8.249197e-02
1.840000e-02	4.360857e-02	-8.340626e-02
1.850000e-02	4.511442e-02	-8.432752e-02
1.860000e-02	4.661677e-02	-8.525557e-02
1.870000e-02	4.811422e-02	-8.619020e-02
1.880000e-02	4.960531e-02	-8.713124e-02
1.890000e-02	5.108860e-02	-8.807850e-02
1.900000e-02	5.256265e-02	-8.903179e-02
1.910000e-02	5.402600e-02	-8.999092e-02
1.920000e-02	5.547720e-02	-9.095571e-02
1.930000e-02	5.691477e-02	-9.192601e-02
1.940000e-02	5.833727e-02	-9.290163e-02
1.950000e-02	5.974322e-02	-9.388244e-02
1.960000e-02	6.113118e-02	-9.486829e-02
1.970000e-02	6.249970e-02	-9.585905e-02
1.980000e-02	6.384736e-02	-9.685460e-02
1.990000e-02	6.517274e-02	-9.785486e-02
2.000000e-02	6.647446e-02	-9.885974e-02
2.010000e-02	6.775115e-02	-9.986918e-02
2.020000e-02	6.900148e-02	-1.008831e-01
2.030000e-02	7.022416e-02	-1.019016e-01
2.040000e-02	7.141795e-02	-1.029245e-01
2.050000e-02	7.258165e-02	-1.039519e-01
2.060000e-02	7.371409e-02	-1.049839e-01
2.070000e-02	7.481421e-02	-1.060205e-01
2.080000e-02	7.588099e-02	-1.070617e-01
2.090000e-02	7.691348e-02	-1.081077e-01
2.100000e-02	7.791082e-02	-1.091585e-01
2.110000e-02	7.887220e-02	-1.102143e-01
2.120000e-02	7.979694e-02	-1.112753e-01
2.130000e-02	8.068441e-02	-1.123416e-01
2.140000e-02	8.153410e-02	-1.134133e-01
2.150000e-02	8.234559e-02	-1.144907e-01
2.160000e-02	8.311856e-02	-1.155739e-01
2.170000e-02	8.385279e-02	-1.166631e-01
2.180000e-02	8.454819e-02	-1.177586e-01
2.190000e-02	8.520473e-02	-1.188606e-01
2.200000e-02	8.582255e-02	-1.199692e-01
2.210000e-02	8.640182e-02	-1.210848e-01
2.220000e-02	8.694290e-02	-1.222074e-01
2.230000e-02	8.744618e-02	-1.233374e-01
2.240000e-02	8.791222e-02	-1.244749e-01
2.250000e-02	8.834159e-02	-1.256202e-01
2.260000e-02	8.873506e-02	-1.267734e-01
2.270000e-02	8.909344e-02	-1.279348e-01
2.280000e-02	8.941765e-02	-1.291046e-01
2.290000e-02	8.970866e-02	-1.302829e-01
2.300000e-02	8.996765e-02	-1.314700e-01
2.310000e-02	9.019569e-02	-1.326660e-01
2.320000e-02	9.039399e-02	-1.338710e-01
2.330000e-02	9.056382e-02	-1.350853e-01
2.340000e-02	9.070653e-02	-1.363090e-01
2.350000e-02	9.082350e-02	-1.375422e-01
2.360000e-02	9.091618e-02	-1.387850e-01
2.370000e-02	9.098603e-02	-1.400377e-01
2.380000e-02	9.103457e-02	-1.413003e-01
2.390000e-02	9.106333e-02	-1.425730e-01
2.400000e-02	9.107388e-02	-1.438559e-01
2.410000e-02	9.106777e-02	-1.451491e-01
2.420000e-02	9.104660e-02	-1.464527e-01
2.430000e-02	9.101195e-02	-1.477669e-01
2.440000e-02	9.096542e-02	-1.490919e-01
2.450000e-02	9.090857e-02	-1.504277e-01
2.460000e-02	9.084300e-02	-1.517745e-01
2.470000e-02	9.077025e-02	-1.531324e-01
2.480000e-02	9.069188e-02	-1.545017e-01
2.490000e-02	9.060941e-02	-1.558824e-01
2.500000e-02	9.052435e-02	-1.572747e-01
2.510000e-02	9.043817e-02	-1.586789e-01
2.520000e-02	9.035231e-02	-1.600951e-01
2.530000e-02	9.026815e-02	-1.615234e-01
2.540000e-02	9.018699e-02	-1.629641e-01
2.550000e-02	9.011007e-02	-1.644173e-01
2.560000e-02	9.003851e-02	-1.658831e-01
2.570000e-02	8.997332e-02	-1.673617e-01
2.580000e-02	8.991538e-02	-1.688529e-01
2.590000e-02	8.986547e-02	-1.703569e-01
2.600000e-02	8.982421e-02	-1.718736e-01
2.610000e-02	8.979209e-02	-1.734029e-01
2.620000e-02	8.976946e-02	-1.749445e-01
2.630000e-02	8.975654e-02	-1.764984e-01
2.640000e-02	8.975343e-02	-1.780643e-01
2.650000e-02	8.976008e-02	-1.796418e-01
2.660000e-02	8.977634e-02	-1.812305e-01
2.670000e-02	8.980196e-02	-1.828301e-01
2.680000e-02	8.983657e-02	-1.844401e-01
2.690000e-02	8.987976e-02	-1.860600e-01
2.700000e-02	8.993101e-02	-1.876892e-01
2.710000e-02	8.998979e-02	-1.893274e-01
2.720000e-02	9.005551e-02	-1.909738e-01
2.730000e-02	9.012757e-02	-1.926279e-01
2.740000e-02	9.020537e-02	-1.942891e-01
2.750000e-02	9.028832e-02	-1.959570e-01
2.760000e-02	9.037586e-02	-1.976309e-01
2.770000e-02	9.046747e-02	-1.993104e-01
2.780000e-02	9.056270e-02	-2.009949e-01
2.790000e-02	9.066115e-02	-2.026841e-01
2.800000e-02	9.076250e-02	-2.043775e-01
2.810000e-02	9.086652e-02	-2.060748e-01
2.820000e-02	9.097306e-02	-2.077757e-01
2.830000e-02	9.108208e-02	-2.094800e-01
2.840000e-02	9.119363e-02	-2.111875e-01
2.850000e-02	9.130785e-02	-2.128981e-01
2.860000e-02	9.142496e-02	-2.146119e-01
2.870000e-02	9.154528e-02	-2.163287e-01
2.880000e-02	9.166922e-02	-2.180488e-01
2.890000e-02	9.179724e-02	-2.197723e-01
2.900000e-02	9.192986e-02	-2.214995e-01
2.910000e-02	9.206766e-02	-2.232306e-01
2.920000e-02	9.221125e-02	-2.249660e-01
2.930000e-02	9.236124e-02	-2.267060e-01
2.940000e-02	9.251827e-02	-2.284512e-01
2.950000e-02	9.268295e-02	-2.302019e-01
2.960000e-02	9.285588e-02	-2.319588e-01
2.970000e-02	9.303758e-02	-2.337222e-01
2.980000e-02	9.322854e-02	-2.354928e-01
2.990000e-02	9.342918e-02	-2.372711e-01
3.000000e-02	9.363980e-02	-2.390576e-01
3.010000e-02	9.386063e-02	-2.408529e-01
3.020000e-02	9.409176e-02	-2.426575e-01
3.030000e-02	9.433320e-02	-2.444719e-01
3.040000e-02	9.458478e-02	-2.462967e-01
3.050000e-02	9.484623e-02	-2.481322e-01
3.060000e-02	9.511713e-02	-2.499790e-01
3.070000e-02	9.539693e-02	-2.518373e-01
3.080000e-02	9.568494e-02	-2.537076e-01
3.090000e-02	9.598032e-02	-2.555902e-01
3.100000e-02	9.628212e-02	-2.574854e-01
3.110000e-02	9.658925e-02	-2.593933e-01
3.120000e-02	9.690053e-02	-2.613143e-01
3.130000e-02	9.721465e-02	-2.632485e-01
3.140000e-02	9.753024e-02	-2.651960e-01
3.150000e-02	9.784583e-02	-2.671569e-01
3.160000e-02	9.815991e-02	-2.691313e-01
3.170000e-02	9.847090e-02	-2.711193e-01
3.180000e-02	9.877721e-02	-2.731208e-01
3.190000e-02	9.907724e-02	-2.751361e-01
3.200000e-02	9.936938e-02	-2.771650e-01
3.210000e-02	9.965204e-02	-2.792076e-01
3.220000e-02	9.992369e-02	-2.812639e-01
3.230000e-02	1.001828e-01	-2.833340e-01
3.240000e-02	1.004280e-01	-2.854180e-01
3.250000e-02	1.006579e-01	-2.875159e-01
3.260000e-02	1.008712e-01	-2.896278e-01
3.270000e-02	1.010668e-01	-2.917539e-01
3.280000e-02	1.012436e-01	-2.938944e-01
3.290000e-02	1.014006e-01	-2.960494e-01
3.300000e-02	1.015370e-01	-2.982192e-01
3.310000e-02	1.016520e-01	-3.004042e-01
3.320000e-02	1.017450e-01	-3.026046e-01
3.330000e-02	1.018156e-01	-3.048207e-01
3.340000e-02	1.018632e-01	-3.070532e-01
3.350000e-02	1.018876e-01	-3.093023e-01
3.360000e-02	1.018886e-01	-3.115685e-01
3.370000e-02	1.018660e-01	-3.138525e-01
3.380000e-02	1.018197e-01	-3.161546e-01
3.390000e-02	1.017496e-01	-3.184756e-01
3.400000e-02	1.016559e-01	-3.208160e-01
3.410000e-02	1.015385e-01	-3.231765e-01
3.420000e-02	1.013975e-01	-3.255576e-01
3.430000e-02	1.012330e-01	-3.279600e-01
3.440000e-02	1.010450e-01	-3.303843e-01
3.450000e-02	1.008335e-01	-3.328312e-01
3.460000e-02	1.005984e-01	-3.353012e-01
3.470000e-02	1.003398e-01	-3.377951e-01
3.480000e-02	1.000575e-01	-3.403134e-01
3.490000e-02	9.975126e-02	-3.428565e-01
3.500000e-02	9.942078e-02	-3.454252e-01
3.510000e-02	9.906572e-02	-3.480199e-01
3.520000e-02	9.868561e-02	-3.506410e-01
3.530000e-02	9.827991e-02	-3.532891e-01
3.540000e-02	9.784798e-02	-3.559644e-01
3.550000e-02	9.738909e-02	-3.586674e-01
3.560000e-02	9.690245e-02	-3.613984e-01
3.570000e-02	9.638716e-02	-3.641576e-01
3.580000e-02	9.584227e-02	-3.669453e-01
3.590000e-02	9.526675e-02	-3.697618e-01
3.600000e-02	9.465953e-02	-3.726071e-01
3.610000e-02	9.401950e-02	-3.754814e-01
3.620000e-02	9.334552e-02	-3.783849e-01
3.630000e-02	9.263642e-02	-3.813176e-01
3.640000e-02	9.189106e-02	-3.842795e-01
3.650000e-02	9.110828e-02	-3.872708e-01
3.660000e-02	9.028697e-02	-3.902914e-01
3.670000e-02	8.942604e-02	-3.933413e-01
3.680000e-02	8.852447e-02	-3.964207e-01
3.690000e-02	8.758129e-02	-3.995294e-01
3.700000e-02	8.659563e-02	-4.026675e-01
3.710000e-02	8.556668e-02	-4.058350e-01
3.720000e-02	8.449375e-02	-4.090320e-01
3.730000e-02	8.337625e-02	-4.122585e-01
3.740000e-02	8.221369e-02	-4.155145e-01
3.750000e-02	8.100569e-02	-4.188001e-01
3.760000e-02	7.975202e-02	-4.221154e-01
3.770000e-02	7.845253e-02	-4.254605e-01
3.780000e-02	7.710720e-02	-4.288355e-01
3.790000e-02	7.571612e-02	-4.322407e-01
3.800000e-02	7.427951e-02	-4.356760e-01
3.810000e-02	7.279764e-02	-4.391419e-01
3.820000e-02	7.127094e-02	-4.426383e-01
3.830000e-02	6.969985e-02	-4.461656e-01
3.840000e-02	6.808495e-02	-4.497240e-01
3.850000e-02	6.642684e-02	-4.533137e-01
3.860000e-02	6.472618e-02	-4.569350e-01
3.870000e-02	6.298366e-02	-4.605881e-01
3.880000e-02	6.119999e-02	-4.642732e-01
3.890000e-02	5.937590e-02	-4.679907e-01
3.900000e-02	5.751210e-02	-4.717406e-01
3.910000e-02	5.560930e-02	-4.755234e-01
3.920000e-02	5.366815e-02	-4.793391e-01
3.930000e-02	5.168929e-02	-4.831880e-01
3.940000e-02	4.967327e-02	-4.870702e-01
3.950000e-02	4.762062e-02	-4.909859e-01
3.960000e-02	4.553177e-02	-4.949352e-01
3.970000e-02	4.340708e-02	-4.989182e-01
3.980000e-02	4.124683e-02	-5.029350e-01
3.990000e-02	3.905121e-02	-5.069855e-01
4.000000e-02	3.682035e-02	-5.110698e-01
4.010000e-02	3.455427e-02	-5.151879e-01
4.020000e-02	3.225292e-02	-5.193397e-01
4.030000e-02	2.991616e-02	-5.235251e-01
4.040000e-02	2.754378e-02	-5.277439e-01
4.050000e-02	2.513553e-02	-5.319960e-01
4.060000e-02	2.269108e-02	-5.362813e-01
4.070000e-02	2.021005e-02	-5.405995e-01
4.080000e-02	1.769204e-02	-5.449503e-01
4.090000e-02	1.513662e-02	-5.493336e-01
4.100000e-02	1.254335e-02	-5.537491e-01
4.110000e-02	9.911796e-03	-5.581964e-01
4.120000e-02	7.241523e-03	-5.626753e-01
4.130000e-02	4.532136e-03	-5.671855e-01
4.140000e-02	1.783278e-03	-5.717266e-01
4.150000e-02	-1.005360e-03	-5.762984e-01
4.160000e-02	-3.834020e-03	-5.809005e-01
4.170000e-02	-6.702875e-03	-5.855326e-01
4.180000e-02	-9.612013e-03	-5.901945e-01
4.190000e-02	-1.256143e-02	-5.948858e-01
4.200000e-02	-1.555104e-02	-5.996061e-01
4.210000e-02	-1.858063e-02	-6.043553e-01
4.220000e-02	-2.164990e-02	-6.091331e-01
4.230000e-02	-2.475844e-02	-6.139391e-01
4.240000e-02	-2.790573e-02	-6.187731e-01
4.250000e-02	-3.109115e-02	-6.236348e-01
4.260000e-02	-3.431397e-02	-6.285240e-01
4.270000e-02	-3.757336e-02	-6.334405e-01
4.280000e-02	-4.086843e-02	-6.383841e-01
4.290000e-02	-4.419816e-02	-6.433544e-01
4.300000e-02	-4.756148e-02	-6.483512e-01
4.310000e-02	-5.095726e-02	-6.533744e-01
4.320000e-02	-5.438429e-02	-6.584236e-01
4.330000e-02	-5.784136e-02	-6.634986e-01
4.340000e-02	-6.132717e-02	-6.685993e-01
4.350000e-02	-6.484044e-02	-6.737252e-01
4.360000e-02	-6.837988e-02	-6.788762e-01
4.370000e-02	-7.194419e-02	-6.840518e-01
4.380000e-02	-7.553207e-02	-6.892520e-01
4.390000e-02	-7.914228e-02	-6.944761e-01
4.400000e-02	-8.277359e-02	-6.997241e-01
4.410000e-02	-8.642480e-02	-7.049953e-01
4.420000e-02	-9.009492e-02	-7.102896e-01
4.430000e-02	-9.378272e-02	-7.156064e-01
4.440000e-02	-9.748718e-02	-7.209452e-01
4.450000e-02	-1.012073e-01	-7.263057e-01
4.460000e-02	-1.049423e-01	-7.316872e-01
4.470000e-02	-1.086912e-01	-7.370892e-01
4.480000e-02	-1.124532e-01	-7.425111e-01
4.490000e-02	-1.162278e-01	-7.479523e-01
4.500000e-02	-1.200141e-01	-7.534122e-01
4.510000e-02	-1.238116e-01	-7.588903e-01
4.520000e-02	-1.276198e-01	-7.643857e-01
4.530000e-02	-1.314382e-01	-7.698980e-01
4.540000e-02	-1.352662e-01	-7.754264e-01
4.550000e-02	-1.391035e-01	-7.809702e-01
4.560000e-02	-1.429496e-01	-7.865289e-01
4.570000e-02	-1.468040e-01	-7.921017e-01
4.580000e-02	-1.506663e-01	-7.976878e-01
4.590000e-02	-1.545359e-01	-8.032868e-01
4.600000e-02	-1.584124e-01	-8.088977e-01
4.610000e-02	-1.622952e-01	-8.145201e-01
4.620000e-02	-1.661837e-01	-8.201532e-01
4.630000e-02	-1.700772e-01	-8.257965e-01
4.640000e-02	-1.739751e-01	-8.314492e-01
4.650000e-02	-1.778764e-01	-8.371109e-01
4.660000e-02	-1.817804e-01	-8.427809e-01
4.670000e-02	-1.856861e-01	-8.484587e-01
4.680000e-02	-1.895924e-01	-8.541438e-01
4.690000e-02	-1.934982e-01	-8.598356e-01
4.700000e-02	-1.974023e-01	-8.655336e-01
4.710000e-02	-2.013034e-01	-8.712374e-01
4.720000e-02	-2.052001e-01	-8.769465e-01
4.730000e-02	-2.090910e-01	-8.826604e-01
4.740000e-02	-2.129745e-01	-8.883786e-01
4.750000e-02	-2.168490e-01	-8.941008e-01
4.760000e-02	-2.207129e-01	-8.998265e-01
4.770000e-02	-2.245645e-01	-9.055552e-01
4.780000e-02	-2.284020e-01	-9.112866e-01
4.790000e-02	-2.322237e-01	-9.170201e-01
4.800000e-02	-2.360278e-01	-9.227554e-01
4.810000e-02	-2.398126e-01	-9.284921e-01
4.820000e-02	-2.435761e-01	-9.342295e-01
4.830000e-02	-2.473167e-01	-9.399674e-01
4.840000e-02	-2.510328e-01	-9.457051e-01
4.850000e-02	-2.547224e-01	-9.514422e-01
4.860000e-02	-2.583840e-01	-9.571783e-01
4.870000e-02	-2.620161e-01	-9.629127e-01
4.880000e-02	-2.656172e-01	-9.686450e-01
4.890000e-02	-2.691857e-01	-9.743746e-01
4.900000e-02	-2.727204e-01	-9.801009e-01
4.910000e-02	-2.762200e-01	-9.858235e-01
4.920000e-02	-2.796833e-01	-9.915416e-01
4.930000e-02	-2.831093e-01	-9.972547e-01
4.940000e-02	-2.864968e-01	-1.002962e+00
4.950000e-02	-2.898452e-01	-1.008664e+00
4.960000e-02	-2.931535e-01	-1.014358e+00
4.970000e-02	-2.964211e-01	-1.020046e+00
4.980000e-02	-2.996473e-01	-1.025725e+00
4.990000e-02	-3.028317e-01	-1.031396e+00
5.000000e-02	-3.059737e-01	-1.037058e+00
5.010000e-02	-3.090729e-01	-1.042711e+00
5.020000e-02	-3.121291e-01	-1.048353e+00
5.030000e-02	-3.151419e-01	-1.053985e+00
5.040000e-02	-3.181112e-01	-1.059606e+00
5.050000e-02	-3.210366e-01	-1.065216e+00
5.060000e-02	-3.239181e-01	-1.070813e+00
5.070000e-02	-3.267555e-01	-1.076399e+00
5.080000e-02	-3.295486e-01	-1.081972e+00
5.090000e-02	-3.322974e-01	-1.087533e+00
5.100000e-02	-3.350016e-01	-1.093080e+00
5.110000e-02	-3.376611e-01	-1.098615e+00
5.120000e-02	-3.402757e-01	-1.104136e+00
5.130000e-02	-3.428453e-01	-1.109643e+00
5.140000e-02	-3.453695e-01	-1.115137e+00
5.150000e-02	-3.478483e-01	-1.120618e+00
5.160000e-02	-3.502812e-01	-1.126084e+00
5.170000e-02	-3.526681e-01	-1.131537e+00
5.180000e-02	-3.550085e-01	-1.136977e+00
5.190000e-02	-3.573022e-01	-1.142403e+00
5.200000e-02	-3.595486e-01	-1.147815e+00
5.210000e-02	-3.617476e-01	-1.153215e+00
5.220000e-02	-3.638986e-01	-1.158601e+00
5.230000e-02	-3.660012e-01	-1.163973e+00
5.240000e-02	-3.680551e-01	-1.169333e+00
5.250000e-02	-3.700598e-01	-1.174680e+00
5.260000e-02	-3.720150e-01	-1.180015e+00
5.270000e-02	-3.739202e-01	-1.185337e+00
5.280000e-02	-3.757753e-01	-1.190646e+00
5.290000e-02	-3.775798e-01	-1.195944e+00
5.300000e-02	-3.793336e-01	-1.201229e+00
5.310000e-02	-3.810366e-01	-1.206503e+00
5.320000e-02	-3.826884e-01	-1.211764e+00
5.330000e-02	-3.842893e-01	-1.217014e+00
5.340000e-02	-3.858391e-01	-1.222253e+00
5.350000e-02	-3.873380e-01	-1.227480e+00
5.360000e-02	-3.887862e-01	-1.232696e+00
5.370000e-02	-3.901840e-01	-1.237900e+00
5.380000e-02	-3.915318e-01	-1.243094e+00
5.390000e-02	-3.928301e-01	-1.248276e+00
5.400000e-02	-3.940794e-01	-1.253448e+00
5.410000e-02	-3.952804e-01	-1.258608e+00
5.420000e-02	-3.964339e-01	-1.263758e+00
5.430000e-02	-3.975407e-01	-1.268897e+00
5.440000e-02	-3.986017e-01	-1.274026e+00
5.450000e-02	-3.996179e-01	-1.279144e+00
5.460000e-02	-4.005903e-01	-1.284251e+00
5.470000e-02	-4.015201e-01	-1.289349e+00
5.480000e-02	-4.024084e-01	-1.294437e+00
5.490000e-02	-4.032565e-01	-1.299514e+00
5.500000e-02	-4.040660e-01	-1.304582e+00
5.510000e-02	-4.048404e-01	-1.309639e+00
5.520000e-02	-4.055831e-01	-1.314685e+00
5.530000e-02	-4.062975e-01	-1.319719e+00
5.540000e-02	-4.069871e-01	-1.324740e+00
5.550000e-02	-4.076554e-01	-1.329748e+00
5.560000e-02	-4.083057e-01	-1.334742e+00
5.570000e-02	-4.089414e-01	-1.339721e+00
5.580000e-02	-4.095661e-01	-1.344685e+00
5.590000e-02	-4.101831e-01	-1.349634e+00
5.600000e-02	-4.107956e-01	-1.354565e+00
5.610000e-02	-4.114071e-01	-1.359480e+00
5.620000e-02	-4.120206e-01	-1.364377e+00
5.630000e-02	-4.126395e-01	-1.369256e+00
5.640000e-02	-4.132669e-01	-1.374116e+00
5.650000e-02	-4.139058e-01	-1.378956e+00
5.660000e-02	-4.145594e-01	-1.383777e+00
5.670000e-02	-4.152305e-01	-1.388576e+00
5.680000e-02	-4.159221e-01	-1.393354e+00
5.690000e-02	-4.166370e-01	-1.398110e+00
5.700000e-02	-4.173779e-01	-1.402843e+00
5.710000e-02	-4.181477e-01	-1.407553e+00
5.720000e-02	-4.189489e-01	-1.412238e+00
5.730000e-02	-4.197840e-01	-1.416897e+00
5.740000e-02	-4.206556e-01	-1.421531e+00
5.750000e-02	-4.215660e-01	-1.426138e+00
5.760000e-02	-4.225177e-01	-1.430717e+00
5.770000e-02	-4.235128e-01	-1.435267e+00
5.780000e-02	-4.245535e-01	-1.439788e+00
5.790000e-02	-4.256419e-01	-1.444278e+00
5.800000e-02	-4.267799e-01	-1.448737e+00
5.810000e-02	-4.279696e-01	-1.453163e+00
5.820000e-02	-4.292127e-01	-1.457555e+00
5.830000e-02	-4.305110e-01	-1.461913e+00
5.840000e-02	-4.318661e-01	-1.466235e+00
5.850000e-02	-4.332796e-01	-1.470521e+00
5.860000e-02	-4.347528e-01	-1.474768e+00
5.870000e-02	-4.362872e-01	-1.478978e+00
5.880000e-02	-4.378839e-01	-1.483147e+00
5.890000e-02	-4.395442e-01	-1.487276e+00
5.900000e-02	-4.412690e-01	-1.491363e+00
5.910000e-02	-4.430592e-01	-1.495407e+00
5.920000e-02	-4.449155e-01	-1.499408e+00
5.930000e-02	-4.468388e-01	-1.503364e+00
5.940000e-02	-4.488294e-01	-1.507276e+00
5.950000e-02	-4.508878e-01	-1.511140e+00
5.960000e-02	-4.530143e-01	-1.514958e+00
5.970000e-02	-4.552090e-01	-1.518729e+00
5.980000e-02	-4.574720e-01	-1.522450e+00
5.990000e-02	-4.598031e-01	-1.526123e+00
6.000000e-02	-4.622022e-01	-1.529745e+00
6.010000e-02	-4.646688e-01	-1.533317e+00
6.020000e-02	-4.672024e-01	-1.536838e+00
6.030000e-02	-4.698025e-01	-1.540307e+00
6.040000e-02	-4.724682e-01	-1.543724e+00
6.050000e-02	-4.751988e-01	-1.547089e+00
6.060000e-02	-4.779932e-01	-1.550400e+00
6.070000e-02	-4.808502e-01	-1.553657e+00
6.080000e-02	-4.837687e-01	-1.556861e+00
6.090000e-02	-4.867474e-01	-1.560010e+00
6.100000e-02	-4.897847e-01	-1.563103e+00
6.110000e-02	-4.928792e-01	-1.566142e+00
6.120000e-02	-4.960291e-01	-1.569125e+00
6.130000e-02	-4.992328e-01	-1.572051e+00
6.140000e-02	-5.024885e-01	-1.574921e+00
6.150000e-02	-5.057943e-01	-1.577734e+00
6.160000e-02	-5.091482e-01	-1.580489e+00
6.170000e-02	-5.125481e-01	-1.583187e+00
6.180000e-02	-5.159921e-01	-1.585826e+00
6.190000e-02	-5.194781e-01	-1.588407e+00
6.200000e-02	-5.230037e-01	-1.590929e+00
6.210000e-02	-5.265669e-01	-1.593391e+00
6.220000e-02	-5.301654e-01	-1.595793e+00
6.230000e-02	-5.337970e-01	-1.598134e+00
6.240000e-02	-5.374593e-01	-1.600414e+00
6.250000e-02	-5.411502e-01	-1.602633e+00
6.260000e-02	-5.448673e-01	-1.604790e+00
6.270000e-02	-5.486083e-01	-1.606884e+00
6.280000e-02	-5.523710e-01	-1.608915e+00
6.290000e-02	-5.561531e-01	-1.610883e+00
6.300000e-02	-5.599523e-01	-1.612787e+00
6.310000e-02	-5.637665e-01	-1.614626e+00
6.320000e-02	-5.675933e-01	-1.616399e+00
6.330000e-02	-5.714305e-01	-1.618108e+00
6.340000e-02	-5.752762e-01	-1.619750e+00
6.350000e-02	-5.791280e-01	-1.621326e+00
6.360000e-02	-5.829841e-01	-1.622836e+00
6.370000e-02	-5.868426e-01	-1.624278e+00
6.380000e-02	-5.907018e-01	-1.625653e+00
6.390000e-02	-5.945600e-01	-1.626961e+00
6.400000e-02	-5.984157e-01	-1.628202e+00
6.410000e-02	-6.022678e-01	-1.629376e+00
6.420000e-02	-6.061153e-01	-1.630482e+00
6.430000e-02	-6.099571e-01	-1.631522e+00
6.440000e-02	-6.137925e-01	-1.632496e+00
6.450000e-02	-6.176211e-01	-1.633404e+00
6.460000e-02	-6.214425e-01	-1.634247e+00
6.470000e-02	-6.252566e-01	-1.635026e+00
6.480000e-02	-6.290636e-01	-1.635741e+00
6.490000e-02	-6.328635e-01	-1.636395e+00
6.500000e-02	-6.366567e-01	-1.636987e+00
6.510000e-02	-6.404437e-01	-1.637520e+00
6.520000e-02	-6.442251e-01	-1.637994e+00
6.530000e-02	-6.480014e-01	-1.638412e+00
6.540000e-02	-6.517734e-01	-1.638773e+00
6.550000e-02	-6.555417e-01	-1.639081e+00
6.560000e-02	-6.593072e-01	-1.639335e+00
6.570000e-02	-6.630703e-01	-1.639539e+00
6.580000e-02	-6.668319e-01	-1.639693e+00
6.590000e-02	-6.705923e-01	-1.639799e+00
6.600000e-02	-6.743520e-01	-1.639859e+00
6.610000e-02	-6.781113e-01	-1.639873e+00
6.620000e-02	-6.818704e-01	-1.639844e+00
6.630000e-02	-6.856292e-01	-1.639773e+00
6.640000e-02	-6.893875e-01	-1.639660e+00
6.650000e-02	-6.931449e-01	-1.639508e+00
6.660000e-02	-6.969008e-01	-1.639316e+00
6.670000e-02	-7.006542e-01	-1.639087e+00
6.680000e-02	-7.044042e-01	-1.638821e+00
6.690000e-02	-7.081494e-01	-1.638519e+00
6.700000e-02	-7.118884e-01	-1.638181e+00
6.710000e-02	-7.156192e-01	-1.637809e+00
6.720000e-02	-7.193403e-01	-1.637402e+00
6.730000e-02	-7.230492e-01	-1.636961e+00
6.740000e-02	-7.267437e-01	-1.636486e+00
6.750000e-02	-7.304212e-01	-1.635978e+00
6.760000e-02	-7.340792e-01	-1.635437e+00
6.770000e-02	-7.377148e-01	-1.634862e+00
6.780000e-02	-7.413254e-01	-1.634254e+00
6.790000e-02	-7.449078e-01	-1.633614e+00
6.800000e-02	-7.484592e-01	-1.632940e+00
6.810000e-02	-7.519764e-01	-1.632232e+00
6.820000e-02	-7.554566e-01	-1.631492e+00
6.830000e-02	-7.588963e-01	-1.630719e+00
6.840000e-02	-7.622930e-01	-1.629912e+00
6.850000e-02	-7.656438e-01	-1.629072e+00
6.860000e-02	-7.689458e-01	-1.628200e+00
6.870000e-02	-7.721964e-01	-1.627294e+00
6.880000e-02	-7.753931e-01	-1.626356e+00
6.890000e-02	-7.785334e-01	-1.625386e+00
6.900000e-02	-7.816151e-01	-1.624384e+00
6.910000e-02	-7.846359e-01	-1.623350e+00
6.920000e-02	-7.875941e-01	-1.622286e+00
6.930000e-02	-7.904879e-01	-1.621191e+00
6.940000e-02	-7.933155e-01	-1.620067e+00
6.950000e-02	-7.960757e-01	-1.618914e+00
6.960000e-02	-7.987671e-01	-1.617734e+00
6.970000e-02	-8.013887e-01	-1.616527e+00
6.980000e-02	-8.039395e-01	-1.615294e+00
6.990000e-02	-8.064187e-01	-1.614037e+00
7.000000e-02	-8.088256e-01	-1.612757e+00
7.010000e-02	-8.111597e-01	-1.611454e+00
7.020000e-02	-8.134203e-01	-1.610130e+00
7.030000e-02	-8.156071e-01	-1.608787e+00
7.040000e-02	-8.177198e-01	-1.607425e+00
7.050000e-02	-8.197579e-01	-1.606046e+00
7.060000e-02	-8.217213e-01	-1.604651e+00
7.070000e-02	-8.236095e-01	-1.603241e+00
7.080000e-02	-8.254223e-01	-1.601818e+00
7.090000e-02	-8.271596e-01	-1.600382e+00
7.100000e-02	-8.288209e-01	-1.598934e+00
7.110000e-02	-8.304062e-01	-1.597475e+00
7.120000e-02	-8.319153e-01	-1.596006e+00
7.130000e-02	-8.333480e-01	-1.594526e+00
7.140000e-02	-8.347041e-01	-1.593038e+00
7.150000e-02	-8.359835e-01	-1.591539e+00
7.160000e-02	-8.371859e-01	-1.590032e+00
7.170000e-02	-8.383113e-01	-1.588515e+00
7.180000e-02	-8.393593e-01	-1.586988e+00
7.190000e-02	-8.403297e-01	-1.585451e+00
7.200000e-02	-8.412223e-01	-1.583902e+00
7.210000e-02	-8.420367e-01	-1.582343e+00
7.220000e-02	-8.427726e-01	-1.580770e+00
7.230000e-02	-8.434296e-01	-1.579184e+00
7.240000e-02	-8.440072e-01	-1.577584e+00
7.250000e-02	-8.445050e-01	-1.575968e+00
7.260000e-02	-8.449223e-01	-1.574335e+00
7.270000e-02	-8.452587e-01	-1.572684e+00
7.280000e-02	-8.455134e-01	-1.571014e+00
7.290000e-02	-8.456857e-01	-1.569323e+00
7.300000e-02	-8.457750e-01	-1.567611e+00
7.310000e-02	-8.457804e-01	-1.565876e+00
7.320000e-02	-8.457010e-01	-1.564117e+00
7.330000e-02	-8.455362e-01	-1.562334e+00
7.340000e-02	-8.452850e-01	-1.560525e+00
7.350000e-02	-8.449465e-01	-1.558689e+00
7.360000e-02	-8.445199e-01	-1.556827e+00
7.370000e-02	-8.440044e-01	-1.554938e+00
7.380000e-02	-8.433992e-01	-1.553021e+00
7.390000e-02	-8.427033e-01	-1.551077e+00
7.400000e-02	-8.419162e-01	-1.549105e+00
7.410000e-02	-8.410370e-01	-1.547106e+00
7.420000e-02	-8.400652e-01	-1.545079e+00
7.430000e-02	-8.390002e-01	-1.543027e+00
7.440000e-02	-8.378415e-01	-1.540948e+00
7.450000e-02	-8.365888e-01	-1.538844e+00
7.460000e-02	-8.352418e-01	-1.536717e+00
7.470000e-02	-8.338003e-01	-1.534566e+00
7.480000e-02	-8.322643e-01	-1.532393e+00
7.490000e-02	-8.306339e-01	-1.530199e+00
7.500000e-02	-8.289095e-01	-1.527986e+00
7.510000e-02	-8.270938e-01	-1.525753e+00
7.520000e-02	-8.251898e-01	-1.523501e+00
7.530000e-02	-8.232007e-01	-1.521229e+00
7.540000e-02	-8.211294e-01	-1.518939e+00
7.550000e-02	-8.189794e-01	-1.516629e+00
7.560000e-02	-8.167539e-01	-1.514301e+00
7.570000e-02	-8.144562e-01	-1.511953e+00
7.580000e-02	-8.120896e-01	-1.509587e+00
7.590000e-02	-8.096574e-01	-1.507202e+00
7.600000e-02	-8.071628e-01	-1.504797e+00
7.610000e-02	-8.046089e-01	-1.502372e+00
7.620000e-02	-8.019991e-01	-1.499927e+00
7.630000e-02	-7.993381e-01	-1.497463e+00
7.640000e-02	-7.966314e-01	-1.494978e+00
7.650000e-02	-7.938845e-01	-1.492475e+00
7.660000e-02	-7.911028e-01	-1.489953e+00
7.670000e-02	-7.882919e-01	-1.487413e+00
7.680000e-02	-7.854573e-01	-1.484854e+00
7.690000e-02	-7.826046e-01	-1.482278e+00
7.700000e-02	-7.797393e-01	-1.479684e+00
7.710000e-02	-7.768671e-01	-1.477073e+00
7.720000e-02	-7.739934e-01	-1.474445e+00
7.730000e-02	-7.711238e-01	-1.471800e+00
7.740000e-02	-7.682638e-01	-1.469137e+00
7.750000e-02	-7.654187e-01	-1.466458e+00
7.760000e-02	-7.625941e-01	-1.463763e+00
7.770000e-02	-7.597952e-01	-1.461050e+00
7.780000e-02	-7.570274e-01	-1.458322e+00
7.790000e-02	-7.542957e-01	-1.455577e+00
7.800000e-02	-7.516052e-01	-1.452816e+00
7.810000e-02	-7.489611e-01	-1.450038e+00
7.820000e-02	-7.463680e-01	-1.447245e+00
7.830000e-02	-7.438310e-01	-1.444436e+00
7.840000e-02	-7.413545e-01	-1.441611e+00
7.850000e-02	-7.389429e-01	-1.438771e+00
7.860000e-02	-7.366008e-01	-1.435915e+00
7.870000e-02	-7.343321e-01	-1.433043e+00
7.880000e-02	-7.321411e-01	-1.430157e+00
7.890000e-02	-7.300314e-01	-1.427256e+00
7.900000e-02	-7.280069e-01	-1.424340e+00
7.910000e-02	-7.260708e-01	-1.421409e+00
7.920000e-02	-7.242266e-01	-1.418464e+00
7.930000e-02	-7.224772e-01	-1.415506e+00
7.940000e-02	-7.208255e-01	-1.412533e+00
7.950000e-02	-7.192743e-01	-1.409546e+00
7.960000e-02	-7.178257e-01	-1.406546e+00
7.970000e-02	-7.164822e-01	-1.403533e+00
7.980000e-02	-7.152455e-01	-1.400507e+00
7.990000e-02	-7.141175e-01	-1.397468e+00
8.000000e-02	-7.130996e-01	-1.394416e+00
8.010000e-02	-7.121930e-01	-1.391351e+00
8.020000e-02	-7.113988e-01	-1.388274e+00
8.030000e-02	-7.107178e-01	-1.385185e+00
8.040000e-02	-7.101505e-01	-1.382083e+00
8.050000e-02	-7.096972e-01	-1.378969e+00
8.060000e-02	-7.093579e-01	-1.375842e+00
8.070000e-02	-7.091326e-01	-1.372703e+00
8.080000e-02	-7.090207e-01	-1.369551e+00
8.090000e-02	-7.090218e-01	-1.366387e+00
8.100000e-02	-7.091350e-01	-1.363210e+00
8.110000e-02	-7.093592e-01	-1.360020e+00
8.120000e-02	-7.096933e-01	-1.356816e+00
8.130000e-02	-7.101358e-01	-1.353599e+00
8.140000e-02	-7.106852e-01	-1.350367e+00
8.150000e-02	-7.113395e-01	-1.347122e+00
8.160000e-02	-7.120970e-01	-1.343861e+00
8.170000e-02	-7.129552e-01	-1.340585e+00
8.180000e-02	-7.139121e-01	-1.337293e+00
8.190000e-02	-7.149652e-01	-1.333985e+00
8.200000e-02	-7.161122e-01	-1.330660e+00
8.210000e-02	-7.173502e-01	-1.327317e+00
8.220000e-02	-7.186766e-01	-1.323957e+00
8.230000e-02	-7.200884e-01	-1.320577e+00
8.240000e-02	-7.215828e-01	-1.317179e+00
8.250000e-02	-7.231566e-01	-1.313761e+00
8.260000e-02	-7.248069e-01	-1.310322e+00
8.270000e-02	-7.265303e-01	-1.306862e+00
8.280000e-02	-7.283237e-01	-1.303381e+00
8.290000e-02	-7.301839e-01	-1.299878e+00
8.300000e-02	-7.321075e-01	-1.296352e+00
8.310000e-02	-7.340912e-01	-1.292802e+00
8.320000e-02	-7.361317e-01	-1.289229e+00
8.330000e-02	-7.382256e-01	-1.285632e+00
8.340000e-02	-7.403697e-01	-1.282010e+00
8.350000e-02	-7.425605e-01	-1.278363e+00
8.360000e-02	-7.447947e-01	-1.274690e+00
8.370000e-02	-7.470691e-01	-1.270991e+00
8.380000e-02	-7.493804e-01	-1.267266e+00
8.390000e-02	-7.517253e-01	-1.263514e+00
8.400000e-02	-7.541006e-01	-1.259736e+00
8.410000e-02	-7.565032e-01	-1.255930e+00
8.420000e-02	-7.589299e-01	-1.252097e+00
8.430000e-02	-7.613778e-01	-1.248236e+00
8.440000e-02	-7.638437e-01	-1.244347e+00
8.450000e-02	-7.663248e-01	-1.240430e+00
8.460000e-02	-7.688182e-01	-1.236485e+00
8.470000e-02	-7.713211e-01	-1.232512e+00
8.480000e-02	-7.738308e-01	-1.228510e+00
8.490000e-02	-7.763445e-01	-1.224479e+00
8.500000e-02	-7.788598e-01	-1.220420e+00
8.510000e-02	-7.813741e-01	-1.216331e+00
8.520000e-02	-7.838851e-01	-1.212214e+00
8.530000e-02	-7.863903e-01	-1.208067e+00
8.540000e-02	-7.888877e-01	-1.203890e+00
8.550000e-02	-7.913749e-01	-1.199684e+00
8.560000e-02	-7.938500e-01	-1.195448e+00
8.570000e-02	-7.963109e-01	-1.191182e+00
8.580000e-02	-7.987560e-01	-1.186885e+00
8.590000e-02	-8.011832e-01	-1.182558e+00
8.600000e-02	-8.035911e-01	-1.178201e+00
8.610000e-02	-8.059779e-01	-1.173812e+00
8.620000e-02	-8.083424e-01	-1.169391e+00
8.630000e-02	-8.106829e-01	-1.164939e+00
8.640000e-02	-8.129984e-01	-1.160455e+00
8.650000e-02	-8.152875e-01	-1.155939e+00
8.660000e-02	-8.175493e-01	-1.151390e+00
8.670000e-02	-8.197828e-01	-1.146807e+00
8.680000e-02	-8.219870e-01	-1.142192e+00
8.690000e-02	-8.241612e-01	-1.137542e+00
8.700000e-02	-8.263047e-01	-1.132859e+00
8.710000e-02	-8.284169e-01	-1.128140e+00
8.720000e-02	-8.304974e-01	-1.123387e+00
8.730000e-02	-8.325456e-01	-1.118599e+00
8.740000e-02	-8.345613e-01	-1.113776e+00
8.750000e-02	-8.365442e-01	-1.108916e+00
8.760000e-02	-8.384942e-01	-1.104021e+00
8.770000e-02	-8.404111e-01	-1.099089e+00
8.780000e-02	-8.422950e-01	-1.094121e+00
8.790000e-02	-8.441459e-01	-1.089116e+00
8.800000e-02	-8.459639e-01	-1.084074e+00
8.810000e-02	-8.477492e-01	-1.078995e+00
8.820000e-02	-8.495020e-01	-1.073879e+00
8.830000e-02	-8.512227e-01	-1.068727e+00
8.840000e-02	-8.529117e-01	-1.063537e+00
8.850000e-02	-8.545695e-01	-1.058310e+00
8.860000e-02	-8.561967e-01	-1.053047e+00
8.870000e-02	-8.577941e-01	-1.047747e+00
8.880000e-02	-8.593624e-01	-1.042411e+00
8.890000e-02	-8.609025e-01	-1.037040e+00
8.900000e-02	-8.624155e-01	-1.031633e+00
8.910000e-02	-8.639023e-01	-1.026192e+00
8.920000e-02	-8.653640e-01	-1.020716e+00
8.930000e-02	-8.668019e-01	-1.015207e+00
8.940000e-02	-8.682171e-01	-1.009666e+00
8.950000e-02	-8.696109e-01	-1.004092e+00
8.960000e-02	-8.709845e-01	-9.984871e-01
8.970000e-02	-8.723391e-01	-9.928518e-01
8.980000e-02	-8.736758e-01	-9.871869e-01
8.990000e-02	-8.749959e-01	-9.814932e-01
9.000000e-02	-8.763004e-01	-9.757715e-01
9.010000e-02	-8.775902e-01	-9.700225e-01
9.020000e-02	-8.788663e-01	-9.642471e-01
9.030000e-02	-8.801294e-01	-9.584460e-01
9.040000e-02	-8.813801e-01	-9.526198e-01
9.050000e-02	-8.826189e-01	-9.467691e-01
9.060000e-02	-8.838461e-01	-9.408945e-01
9.070000e-02	-8.850617e-01	-9.349964e-01
9.080000e-02	-8.862658e-01	-9.290754e-01
9.090000e-02	-8.874580e-01	-9.231316e-01
9.100000e-02	-8.886380e-01	-9.171653e-01
9.110000e-02	-8.898050e-01	-9.111766e-01
9.120000e-02	-8.909582e-01	-9.051657e-01
9.130000e-02	-8.920966e-01	-8.991324e-01
9.140000e-02	-8.932188e-01	-8.930767e-01
9.150000e-02	-8.943235e-01	-8.869984e-01
9.160000e-02	-8.954090e-01	-8.808971e-01
9.170000e-02	-8.964737e-01	-8.747726e-01
9.180000e-02	-8.975155e-01	-8.686244e-01
9.190000e-02	-8.985324e-01	-8.624520e-01
9.200000e-02	-8.995224e-01	-8.562550e-01
9.210000e-02	-9.004831e-01	-8.500327e-01
9.220000e-02	-9.014125e-01	-8.437846e-01
9.230000e-02	-9.023083e-01	-8.375102e-01
9.240000e-02	-9.031699e-01	-8.312098e-01
9.250000e-02	-9.039970e-01	-8.248838e-01
9.260000e-02	-9.047893e-01	-8.185325e-01
9.270000e-02	-9.055465e-01	-8.121566e-01
9.280000e-02	-9.062684e-01	-8.057563e-01
9.290000e-02	-9.069550e-01	-7.993324e-01
9.300000e-02	-9.076061e-01	-7.928853e-01
9.310000e-02	-9.082218e-01	-7.864157e-01
9.320000e-02	-9.088023e-01	-7.799243e-01
9.330000e-02	-9.093477e-01	-7.734117e-01
9.340000e-02	-9.098582e-01	-7.668788e-01
9.350000e-02	-9.103343e-01	-7.603263e-01
9.360000e-02	-9.107765e-01	-7.537551e-01
9.370000e-02	-9.111852e-01	-7.471660e-01
9.380000e-02	-9.115611e-01	-7.405600e-01
9.390000e-02	-9.119050e-01	-7.339381e-01
9.400000e-02	-9.122177e-01	-7.273013e-01
9.410000e-02	-9.125002e-01	-7.206505e-01
9.420000e-02	-9.127534e-01	-7.139868e-01
9.430000e-02	-9.129786e-01	-7.073115e-01
9.440000e-02	-9.131770e-01	-7.006254e-01
9.450000e-02	-9.133499e-01	-6.939299e-01
9.460000e-02	-9.134987e-01	-6.872260e-01
9.470000e-02	-9.136251e-01	-6.805149e-01
9.480000e-02	-9.137307e-01	-6.737978e-01
9.490000e-02	-9.138173e-01	-6.670759e-01
9.500000e-02	-9.138867e-01	-6.603503e-01
9.510000e-02	-9.139408e-01	-6.536223e-01
9.520000e-02	-9.139819e-01	-6.468930e-01
9.530000e-02	-9.140120e-01	-6.401637e-01
9.540000e-02	-9.140334e-01	-6.334356e-01
9.550000e-02	-9.140486e-01	-6.267098e-01
9.560000e-02	-9.140599e-01	-6.199875e-01
9.570000e-02	-9.140700e-01	-6.132699e-01
9.580000e-02	-9.140815e-01	-6.065582e-01
9.590000e-02	-9.140972e-01	-5.998536e-01
9.600000e-02	-9.141201e-01	-5.931573e-01
9.610000e-02	-9.141529e-01	-5.864704e-01
9.620000e-02	-9.141988e-01	-5.797941e-01
9.630000e-02	-9.142609e-01	-5.731295e-01
9.640000e-02	-9.143422e-01	-5.664780e-01
9.650000e-02	-9.144462e-01	-5.598405e-01
9.660000e-02	-9.145761e-01	-5.532185e-01
9.670000e-02	-9.147354e-01	-5.466130e-01
9.680000e-02	-9.149274e-01	-5.400253e-01
9.690000e-02	-9.151556e-01	-5.334566e-01
9.700000e-02	-9.154236e-01	-5.269083e-01
9.710000e-02	-9.157350e-01	-5.203815e-01
9.720000e-02	-9.160934e-01	-5.138777e-01
9.730000e-02	-9.165023e-01	-5.073980e-01
9.740000e-02	-9.169655e-01	-5.009440e-01
9.750000e-02	-9.174863e-01	-4.945170e-01
9.760000e-02	-9.180688e-01	-4.881184e-01
9.770000e-02	-9.187161e-01	-4.817497e-01
9.780000e-02	-9.194322e-01	-4.754124e-01
9.790000e-02	-9.202201e-01	-4.691079e-01
9.800000e-02	-9.210838e-01	-4.628379e-01
9.810000e-02	-9.220265e-01	-4.566040e-01
9.820000e-02	-9.230517e-01	-4.504077e-01
9.830000e-02	-9.241626e-01	-4.442507e-01
9.840000e-02	-9.253625e-01	-4.381348e-01
9.850000e-02	-9.266545e-01	-4.320616e-01
9.860000e-02	-9.280414e-01	-4.260327e-01
9.870000e-02	-9.295260e-01	-4.200500e-01
9.880000e-02	-9.311112e-01	-4.141151e-01
9.890000e-02	-9.327996e-01	-4.082298e-01
9.900000e-02	-9.345935e-01	-4.023958e-01
9.910000e-02	-9.364952e-01	-3.966150e-01
9.920000e-02	-9.385070e-01	-3.908890e-01
9.930000e-02	-9.406308e-01	-3.852197e-01
9.940000e-02	-9.428680e-01	-3.796086e-01
9.950000e-02	-9.452206e-01	-3.740576e-01
9.960000e-02	-9.476897e-01	-3.685687e-01
9.970000e-02	-9.502765e-01	-3.631435e-01
9.980000e-02	-9.529820e-01	-3.577838e-01
9.990000e-02	-9.558068e-01	-3.524913e-01
1.000000e-01	-9.587514e-01	-3.472676e-01
1.001000e-01	-9.618161e-01	-3.421144e-01
1.002000e-01	-9.650009e-01	-3.370333e-01
1.003000e-01	-9.683058e-01	-3.320256e-01
1.004000e-01	-9.717303e-01	-3.270929e-01
1.005000e-01	-9.752738e-01	-3.222365e-01
1.006000e-01	-9.789356e-01	-3.174578e-01
1.007000e-01	-9.827145e-01	-3.127580e-01
1.008000e-01	-9.866094e-01	-3.081383e-01
1.009000e-01	-9.906187e-01	-3.035999e-01
1.010000e-01	-9.947408e-01	-2.991439e-01
1.011000e-01	-9.989738e-01	-2.947712e-01
1.012000e-01	-1.003315e+00	-2.904829e-01
1.013000e-01	-1.007764e+00	-2.862800e-01
1.014000e-01	-1.012315e+00	-2.821632e-01
1.015000e-01	-1.016968e+00	-2.781333e-01
1.016000e-01	-1.021720e+00	-2.741913e-01
1.017000e-01	-1.026566e+00	-2.703379e-01
1.018000e-01	-1.031503e+00	-2.665737e-01
1.019000e-01	-1.036529e+00	-2.628995e-01
1.020000e-01	-1.041640e+00	-2.593159e-01
1.021000e-01	-1.046830e+00	-2.558237e-01
1.022000e-01	-1.052098e+00	-2.524233e-01
1.023000e-01	-1.057437e+00	-2.491155e-01
1.024000e-01	-1.062844e+00	-2.459009e-01
1.025000e-01	-1.068315e+00	-2.427800e-01
1.026000e-01	-1.073844e+00	-2.397534e-01
1.027000e-01	-1.079427e+00	-2.368216e-01
1.028000e-01	-1.085060e+00	-2.339850e-01
1.029000e-01	-1.090737e+00	-2.312440e-01
1.030000e-01	-1.096456e+00	-2.285987e-01
1.031000e-01	-1.102210e+00	-2.260492e-01
1.032000e-01	-1.107997e+00	-2.235953e-01
1.033000e-01	-1.113812e+00	-2.212367e-01
1.034000e-01	-1.119653e+00	-2.189730e-01
1.035000e-01	-1.125516e+00	-2.168035e-01
1.036000e-01	-1.131398e+00	-2.147273e-01
1.037000e-01	-1.137296e+00	-2.127433e-01
1.038000e-01	-1.143209e+00	-2.108502e-01
1.039000e-01	-1.149135e+00	-2.090464e-01
1.040000e-01	-1.155072e+00	-2.073303e-01
1.041000e-01	-1.161019e+00	-2.057000e-01
1.042000e-01	-1.166974e+00	-2.041533e-01
1.043000e-01	-1.172937e+00	-2.026880e-01
1.044000e-01	-1.178908e+00	-2.013018e-01
1.045000e-01	-1.184885e+00	-1.999921e-01
1.046000e-01	-1.190868e+00	-1.987562e-01
1.047000e-01	-1.196857e+00	-1.975916e-01
1.048000e-01	-1.202852e+00	-1.964953e-01
1.049000e-01	-1.208851e+00	-1.954646e-01
1.050000e-01	-1.214855e+00	-1.944966e-01
1.051000e-01	-1.220862e+00	-1.935886e-01
1.052000e-01	-1.226873e+00	-1.927377e-01
1.053000e-01	-1.232884e+00	-1.919413e-01
1.054000e-01	-1.238896e+00	-1.911968e-01
1.055000e-01	-1.244906e+00	-1.905015e-01
1.056000e-01	-1.250913e+00	-1.898531e-01
1.057000e-01	-1.256913e+00	-1.892493e-01
1.058000e-01	-1.262904e+00	-1.886879e-01
1.059000e-01	-1.268884e+00	-1.881670e-01
1.060000e-01	-1.274848e+00	-1.876848e-01
1.061000e-01	-1.280792e+00	-1.872395e-01
1.062000e-01	-1.286713e+00	-1.868297e-01
1.063000e-01	-1.292606e+00	-1.864541e-01
1.064000e-01	-1.298466e+00	-1.861115e-01
1.065000e-01	-1.304288e+00	-1.858009e-01
1.066000e-01	-1.310068e+00	-1.855214e-01
1.067000e-01	-1.315799e+00	-1.852724e-01
1.068000e-01	-1.321476e+00	-1.850531e-01
1.069000e-01	-1.327093e+00	-1.848631e-01
1.070000e-01	-1.332645e+00	-1.847019e-01
1.071000e-01	-1.338127e+00	-1.845691e-01
1.072000e-01	-1.343533e+00	-1.844645e-01
1.073000e-01	-1.348857e+00	-1.843877e-01
1.074000e-01	-1.354095e+00	-1.843384e-01
1.075000e-01	-1.359242e+00	-1.843164e-01
1.076000e-01	-1.364293e+00	-1.843213e-01
1.077000e-01	-1.369244e+00	-1.843528e-01
1.078000e-01	-1.374091e+00	-1.844102e-01
1.079000e-01	-1.378831e+00	-1.844933e-01
1.080000e-01	-1.383462e+00	-1.846014e-01
1.081000e-01	-1.387980e+00	-1.847338e-01
1.082000e-01	-1.392383e+00	-1.848896e-01
1.083000e-01	-1.396670e+00	-1.850683e-01
1.084000e-01	-1.400840e+00	-1.852685e-01
1.085000e-01	-1.404893e+00	-1.854893e-01
1.086000e-01	-1.408827e+00	-1.857294e-01
1.087000e-01	-1.412643e+00	-1.859875e-01
1.088000e-01	-1.416342e+00	-1.862623e-01
1.089000e-01	-1.419924e+00	-1.865523e-01
1.090000e-01	-1.423391e+00	-1.868560e-01
1.091000e-01	-1.426745e+00	-1.871718e-01
1.092000e-01	-1.429986e+00	-1.874982e-01
1.093000e-01	-1.433118e+00	-1.878335e-01
1.094000e-01	-1.436142e+00	-1.881763e-01
1.095000e-01	-1.439060e+00	-1.885249e-01
1.096000e-01	-1.441874e+00	-1.888778e-01
1.097000e-01	-1.444586e+00	-1.892335e-01
1.098000e-01	-1.447200e+00	-1.895908e-01
1.099000e-01	-1.449716e+00	-1.899483e-01
1.100000e-01	-1.452136e+00	-1.903048e-01
1.101000e-01	-1.454461e+00	-1.906595e-01
1.102000e-01	-1.456694e+00	-1.910115e-01
1.103000e-01	-1.458836e+00	-1.913600e-01
1.104000e-01	-1.460886e+00	-1.917046e-01
1.105000e-01	-1.462847e+00	-1.920448e-01
1.106000e-01	-1.464717e+00	-1.923805e-01
1.107000e-01	-1.466498e+00	-1.927117e-01
1.108000e-01	-1.468189e+00	-1.930384e-01
1.109000e-01	-1.469789e+00	-1.933611e-01
1.110000e-01	-1.471298e+00	-1.936801e-01
1.111000e-01	-1.472715e+00	-1.939963e-01
1.112000e-01	-1.474038e+00	-1.943103e-01
1.113000e-01	-1.475267e+00	-1.946231e-01
1.114000e-01	-1.476400e+00	-1.949357e-01
1.115000e-01	-1.477436e+00	-1.952493e-01
1.116000e-01	-1.478373e+00	-1.955650e-01
1.117000e-01	-1.479209e+00	-1.958843e-01
1.118000e-01	-1.479943e+00	-1.962083e-01
1.119000e-01	-1.480574e+00	-1.965384e-01
1.120000e-01	-1.481101e+00	-1.968762e-01
1.121000e-01	-1.481522e+00	-1.972229e-01
1.122000e-01	-1.481836e+00	-1.975799e-01
1.123000e-01	-1.482043e+00	-1.979486e-01
1.124000e-01	-1.482143e+00	-1.983302e-01
1.125000e-01	-1.482136e+00	-1.987260e-01
1.126000e-01	-1.482021e+00	-1.991370e-01
1.127000e-01	-1.481800e+00	-1.995643e-01
1.128000e-01	-1.481473e+00	-2.000088e-01
1.129000e-01	-1.481042e+00	-2.004714e-01
1.130000e-01	-1.480509e+00	-2.009528e-01
1.131000e-01	-1.479876e+00	-2.014536e-01
1.132000e-01	-1.479144e+00	-2.019744e-01
1.133000e-01	-1.478318e+00	-2.025156e-01
1.134000e-01	-1.477399e+00	-2.030776e-01
1.135000e-01	-1.476390e+00	-2.036607e-01
1.136000e-01	-1.475297e+00	-2.042650e-01
1.137000e-01	-1.474121e+00	-2.048907e-01
1.138000e-01	-1.472866e+00	-2.055379e-01
1.139000e-01	-1.471537e+00	-2.062067e-01
1.140000e-01	-1.470137e+00	-2.068972e-01
1.141000e-01	-1.468670e+00	-2.076094e-01
1.142000e-01	-1.467140e+00	-2.083435e-01
1.143000e-01	-1.465550e+00	-2.090995e-01
1.144000e-01	-1.463904e+00	-2.098776e-01
1.145000e-01	-1.462206e+00	-2.106781e-01
1.146000e-01	-1.460458e+00	-2.115013e-01
1.147000e-01	-1.458663e+00	-2.123476e-01
1.148000e-01	-1.456825e+00	-2.132176e-01
1.149000e-01	-1.454944e+00	-2.141117e-01
1.150000e-01	-1.453025e+00	-2.150309e-01
1.151000e-01	-1.451068e+00	-2.159759e-01
1.152000e-01	-1.449074e+00	-2.169479e-01
1.153000e-01	-1.447045e+00	-2.179477e-01
1.154000e-01	-1.444982e+00	-2.189768e-01
1.155000e-01	-1.442885e+00	-2.200365e-01
1.156000e-01	-1.440754e+00	-2.211283e-01
1.157000e-01	-1.438589e+00	-2.222537e-01
1.158000e-01	-1.436391e+00	-2.234144e-01
1.159000e-01	-1.434158e+00	-2.246123e-01
1.160000e-01	-1.431890e+00	-2.258491e-01
1.161000e-01	-1.429586e+00	-2.271267e-01
1.162000e-01	-1.427247e+00	-2.284472e-01
1.163000e-01	-1.424870e+00	-2.298125e-01
1.164000e-01	-1.422455e+00	-2.312246e-01
1.165000e-01	-1.420001e+00	-2.326854e-01
1.166000e-01	-1.417508e+00	-2.341970e-01
1.167000e-01	-1.414975e+00	-2.357613e-01
1.168000e-01	-1.412403e+00	-2.373802e-01
1.169000e-01	-1.409790e+00	-2.390554e-01
1.170000e-01	-1.407138e+00	-2.407885e-01
1.171000e-01	-1.404451e+00	-2.425791e-01
1.172000e-01	-1.401735e+00	-2.444258e-01
1.173000e-01	-1.398996e+00	-2.463273e-01
1.174000e-01	-1.396242e+00	-2.482823e-01
1.175000e-01	-1.393477e+00	-2.502897e-01
1.176000e-01	-1.390708e+00	-2.523485e-01
1.177000e-01	-1.387942e+00	-2.544574e-01
1.178000e-01	-1.385184e+00	-2.566152e-01
1.179000e-01	-1.382441e+00	-2.588210e-01
1.180000e-01	-1.379719e+00	-2.610737e-01
1.181000e-01	-1.377025e+00	-2.633721e-01
1.182000e-01	-1.374364e+00	-2.657153e-01
1.183000e-01	-1.371742e+00	-2.681024e-01
1.184000e-01	-1.369165e+00	-2.705323e-01
1.185000e-01	-1.366640e+00	-2.730042e-01
1.186000e-01	-1.364171e+00	-2.755172e-01
1.187000e-01	-1.361765e+00	-2.780703e-01
1.188000e-01	-1.359426e+00	-2.806628e-01
1.189000e-01	-1.357160e+00	-2.832939e-01
1.190000e-01	-1.354972e+00	-2.859626e-01
1.191000e-01	-1.352867e+00	-2.886683e-01
1.192000e-01	-1.350849e+00	-2.914102e-01
1.193000e-01	-1.348923e+00	-2.941873e-01
1.194000e-01	-1.347093e+00	-2.969990e-01
1.195000e-01	-1.345363e+00	-2.998444e-01
1.196000e-01	-1.343737e+00	-3.027227e-01
1.197000e-01	-1.342219e+00	-3.056330e-01
1.198000e-01	-1.340813e+00	-3.085745e-01
1.199000e-01	-1.339521e+00	-3.115463e-01
1.200000e-01	-1.338346e+00	-3.145474e-01
1.201000e-01	-1.337292e+00	-3.175770e-01
1.202000e-01	-1.336362e+00	-3.206341e-01
1.203000e-01	-1.335557e+00	-3.237177e-01
1.204000e-01	-1.334881e+00	-3.268267e-01
1.205000e-01	-1.334335e+00	-3.299602e-01
1.206000e-01	-1.333921e+00	-3.331170e-01
1.207000e-01	-1.333642e+00	-3.362961e-01
1.208000e-01	-1.333498e+00	-3.394965e-01
1.209000e-01	-1.333492e+00	-3.427168e-01
1.210000e-01	-1.333624e+00	-3.459562e-01
1.211000e-01	-1.333896e+00	-3.492134e-01
1.212000e-01	-1.334308e+00	-3.524874e-01
1.213000e-01	-1.334861e+00	-3.557769e-01
1.214000e-01	-1.335557e+00	-3.590811e-01
1.215000e-01	-1.336394e+00	-3.623987e-01
1.216000e-01	-1.337374e+00	-3.657288e-01
1.217000e-01	-1.338496e+00	-3.690703e-01
1.218000e-01	-1.339760e+00	-3.724223e-01
1.219000e-01	-1.341167e+00	-3.757839e-01
1.220000e-01	-1.342714e+00	-3.791542e-01
1.221000e-01	-1.344402e+00	-3.825324e-01
1.222000e-01	-1.346229e+00	-3.859177e-01
1.223000e-01	-1.348194e+00	-3.893095e-01
1.224000e-01	-1.350296e+00	-3.927072e-01
1.225000e-01	-1.352534e+00	-3.961101e-01
1.226000e-01	-1.354905e+00	-3.995178e-01
1.227000e-01	-1.357406e+00	-4.029299e-01
1.228000e-01	-1.360038e+00	-4.063460e-01
1.229000e-01	-1.362795e+00	-4.097660e-01
1.230000e-01	-1.365677e+00	-4.131894e-01
1.231000e-01	-1.368679e+00	-4.166163e-01
1.232000e-01	-1.371800e+00	-4.200465e-01
1.233000e-01	-1.375034e+00	-4.234799e-01
1.234000e-01	-1.378379e+00	-4.269167e-01
1.235000e-01	-1.381832e+00	-4.303567e-01
1.236000e-01	-1.385388e+00	-4.338002e-01
1.237000e-01	-1.389043e+00	-4.372473e-01
1.238000e-01	-1.392793e+00	-4.406981e-01
1.239000e-01	-1.396633e+00	-4.441527e-01
1.240000e-01	-1.400560e+00	-4.476114e-01
1.241000e-01	-1.404567e+00	-4.510743e-01
1.242000e-01	-1.408651e+00	-4.545417e-01
1.243000e-01	-1.412806e+00	-4.580135e-01
1.244000e-01	-1.417028e+00	-4.614902e-01
1.245000e-01	-1.421311e+00	-4.649716e-01
1.246000e-01	-1.425650e+00	-4.684581e-01
1.247000e-01	-1.430039e+00	-4.719496e-01
1.248000e-01	-1.434475e+00	-4.754461e-01
1.249000e-01	-1.438950e+00	-4.789478e-01
1.250000e-01	-1.443460e+00	-4.824545e-01
1.251000e-01	-1.448000e+00	-4.859662e-01
1.252000e-01	-1.452564e+00	-4.894828e-01
1.253000e-01	-1.457147e+00	-4.930041e-01
1.254000e-01	-1.461743e+00	-4.965300e-01
1.255000e-01	-1.466349e+00	-5.000601e-01
1.256000e-01	-1.470958e+00	-5.035943e-01
1.257000e-01	-1.475566e+00	-5.071321e-01
1.258000e-01	-1.480167e+00	-5.106734e-01
1.259000e-01	-1.484758e+00	-5.142177e-01
1.260000e-01	-1.489333e+00	-5.177647e-01
1.261000e-01	-1.493888e+00	-5.213139e-01
1.262000e-01	-1.498418e+00	-5.248650e-01
1.263000e-01	-1.502919e+00	-5.284176e-01
1.264000e-01	-1.507387e+00	-5.319714e-01
1.265000e-01	-1.511818e+00	-5.355258e-01
1.266000e-01	-1.516207e+00	-5.390805e-01
1.267000e-01	-1.520552e+00	-5.426353e-01
1.268000e-01	-1.524849e+00	-5.461897e-01
1.269000e-01	-1.529093e+00	-5.497435e-01
1.270000e-01	-1.533282e+00	-5.532964e-01
1.271000e-01	-1.537413e+00	-5.568481e-01
1.272000e-01	-1.541482e+00	-5.603986e-01
1.273000e-01	-1.545487e+00	-5.639476e-01
1.274000e-01	-1.549424e+00	-5.674951e-01
1.275000e-01	-1.553290e+00	-5.710410e-01
1.276000e-01	-1.557085e+00	-5.745852e-01
1.277000e-01	-1.560803e+00	-5.781279e-01
1.278000e-01	-1.564445e+00	-5.816691e-01
1.279000e-01	-1.568006e+00	-5.852088e-01
1.280000e-01	-1.571486e+00	-5.887474e-01
1.281000e-01	-1.574882e+00	-5.922848e-01
1.282000e-01	-1.578192e+00	-5.958214e-01
1.283000e-01	-1.581414e+00	-5.993573e-01
1.284000e-01	-1.584547e+00	-6.028928e-01
1.285000e-01	-1.587590e+00	-6.064282e-01
1.286000e-01	-1.590540e+00	-6.099637e-01
1.287000e-01	-1.593396e+00	-6.134995e-01
1.288000e-01	-1.596158e+00	-6.170360e-01
1.289000e-01	-1.598823e+00	-6.205734e-01
1.290000e-01	-1.601392e+00	-6.241118e-01
1.291000e-01	-1.603863e+00	-6.276516e-01
1.292000e-01	-1.606235e+00	-6.311928e-01
1.293000e-01	-1.608509e+00	-6.347356e-01
1.294000e-01	-1.610683e+00	-6.382801e-01
1.295000e-01	-1.612757e+00	-6.418264e-01
1.296000e-01	-1.614731e+00	-6.453745e-01
1.297000e-01	-1.616605e+00	-6.489244e-01
1.298000e-01	-1.618379e+00	-6.524760e-01
1.299000e-01	-1.620053e+00	-6.560293e-01
1.300000e-01	-1.621627e+00	-6.595839e-01
1.301000e-01	-1.623103e+00	-6.631399e-01
1.302000e-01	-1.624480e+00	-6.666969e-01
1.303000e-01	-1.625761e+00	-6.702547e-01
1.304000e-01	-1.626944e+00	-6.738129e-01
1.305000e-01	-1.628033e+00	-6.773714e-01
1.306000e-01	-1.629028e+00	-6.809295e-01
1.307000e-01	-1.629929e+00	-6.844872e-01
1.308000e-01	-1.630740e+00	-6.880438e-01
1.309000e-01	-1.631462e+00	-6.915992e-01
1.310000e-01	-1.632096e+00	-6.951528e-01
1.311000e-01	-1.632645e+00	-6.987043e-01
1.312000e-01	-1.633110e+00	-7.022533e-01
1.313000e-01	-1.633493e+00	-7.057995e-01
1.314000e-01	-1.633798e+00	-7.093425e-01
1.315000e-01	-1.634026e+00	-7.128821e-01
1.316000e-01	-1.634179e+00	-7.164180e-01
1.317000e-01	-1.634262e+00	-7.199501e-01
1.318000e-01	-1.634275e+00	-7.234780e-01
1.319000e-01	-1.634222e+00	-7.270018e-01
1.320000e-01	-1.634105e+00	-7.305213e-01
1.321000e-01	-1.633928e+00	-7.340366e-01
1.322000e-01	-1.633693e+00	-7.375477e-01
1.323000e-01	-1.633403e+00	-7.410546e-01
1.324000e-01	-1.633061e+00	-7.445576e-01
1.325000e-01	-1.632671e+00	-7.480568e-01
1.326000e-01	-1.632234e+00	-7.515525e-01
1.327000e-01	-1.631754e+00	-7.550449e-01
1.328000e-01	-1.631235e+00	-7.585345e-01
1.329000e-01	-1.630679e+00	-7.620215e-01
1.330000e-01	-1.630089e+00	-7.655064e-01
1.331000e-01	-1.629469e+00	-7.689897e-01
1.332000e-01	-1.628820e+00	-7.724717e-01
1.333000e-01	-1.628147e+00	-7.759530e-01
1.334000e-01	-1.627453e+00	-7.794341e-01
1.335000e-01	-1.626739e+00	-7.829153e-01
1.336000e-01	-1.626010e+00	-7.863973e-01
1.337000e-01	-1.625269e+00	-7.898805e-01
1.338000e-01	-1.624517e+00	-7.933653e-01
1.339000e-01	-1.623759e+00	-7.968522e-01
1.340000e-01	-1.622996e+00	-8.003415e-01
1.341000e-01	-1.622233e+00	-8.038336e-01
1.342000e-01	-1.621471e+00	-8.073288e-01
1.343000e-01	-1.620715e+00	-8.108274e-01
1.344000e-01	-1.619966e+00	-8.143297e-01
1.345000e-01	-1.619228e+00	-8.178357e-01
1.346000e-01	-1.618503e+00	-8.213457e-01
1.347000e-01	-1.617794e+00	-8.248597e-01
1.348000e-01	-1.617105e+00	-8.283778e-01
1.349000e-01	-1.616438e+00	-8.318998e-01
1.350000e-01	-1.615796e+00	-8.354257e-01
1.351000e-01	-1.615182e+00	-8.389553e-01
1.352000e-01	-1.614598e+00	-8.424886e-01
1.353000e-01	-1.614049e+00	-8.460252e-01
1.354000e-01	-1.613536e+00	-8.495649e-01
1.355000e-01	-1.613062e+00	-8.531074e-01
1.356000e-01	-1.612631e+00	-8.566524e-01
1.357000e-01	-1.612245e+00	-8.601995e-01
1.358000e-01	-1.611907e+00	-8.637483e-01
1.359000e-01	-1.611620e+00	-8.672985e-01
1.360000e-01	-1.611387e+00	-8.708497e-01
1.361000e-01	-1.611211e+00	-8.744015e-01
1.362000e-01	-1.611094e+00	-8.779535e-01
1.363000e-01	-1.611039e+00	-8.815054e-01
1.364000e-01	-1.611048e+00	-8.850567e-01
1.365000e-01	-1.611126e+00	-8.886071e-01
1.366000e-01	-1.611273e+00	-8.921563e-01
1.367000e-01	-1.611493e+00	-8.957041e-01
1.368000e-01	-1.611788e+00	-8.992500e-01
1.369000e-01	-1.612161e+00	-9.027939e-01
1.370000e-01	-1.612613e+00	-9.063356e-01
1.371000e-01	-1.613148e+00	-9.098748e-01
1.372000e-01	-1.613767e+00	-9.134114e-01
1.373000e-01	-1.614473e+00	-9.169453e-01
1.374000e-01	-1.615267e+00	-9.204764e-01
1.375000e-01	-1.616151e+00	-9.240045e-01
1.376000e-01	-1.617128e+00	-9.275295e-01
1.377000e-01	-1.618199e+00	-9.310515e-01
1.378000e-01	-1.619365e+00	-9.345704e-01
1.379000e-01	-1.620628e+00	-9.380860e-01
1.380000e-01	-1.621990e+00	-9.415984e-01
1.381000e-01	-1.623451e+00	-9.451075e-01
1.382000e-01	-1.625012e+00	-9.486131e-01
1.383000e-01	-1.626676e+00	-9.521153e-01
1.384000e-01	-1.628442e+00	-9.556138e-01
1.385000e-01	-1.630312e+00	-9.591085e-01
1.386000e-01	-1.632286e+00	-9.625991e-01
1.387000e-01	-1.634364e+00	-9.660855e-01
1.388000e-01	-1.636548e+00	-9.695673e-01
1.389000e-01	-1.638837e+00	-9.730442e-01
1.390000e-01	-1.641231e+00	-9.765158e-01
1.391000e-01	-1.643731e+00	-9.799815e-01
1.392000e-01	-1.646337e+00	-9.834409e-01
1.393000e-01	-1.649048e+00	-9.868933e-01
1.394000e-01	-1.651865e+00	-9.903381e-01
1.395000e-01	-1.654786e+00	-9.937746e-01
1.396000e-01	-1.657811e+00	-9.972019e-01
1.397000e-01	-1.660941e+00	-1.000619e+00
1.398000e-01	-1.664173e+00	-1.004026e+00
1.399000e-01	-1.667508e+00	-1.007420e+00
1.400000e-01	-1.670944e+00	-1.010801e+00
1.401000e-01	-1.674481e+00	-1.014169e+00
1.402000e-01	-1.678116e+00	-1.017521e+00
1.403000e-01	-1.681850e+00	-1.020857e+00
1.404000e-01	-1.685681e+00	-1.024176e+00
1.405000e-01	-1.689607e+00	-1.027476e+00
1.406000e-01	-1.693626e+00	-1.030756e+00
1.407000e-01	-1.697738e+00	-1.034014e+00
1.408000e-01	-1.701940e+00	-1.037251e+00
1.409000e-01	-1.706231e+00	-1.040463e+00
1.410000e-01	-1.710608e+00	-1.043651e+00
1.411000e-01	-1.715070e+00	-1.046813e+00
1.412000e-01	-1.719614e+00	-1.049947e+00
1.413000e-01	-1.724238e+00	-1.053053e+00
1.414000e-01	-1.728939e+00	-1.056129e+00
1.415000e-01	-1.733715e+00	-1.059174e+00
1.416000e-01	-1.738563e+00	-1.062187e+00
1.417000e-01	-1.743481e+00	-1.065168e+00
1.418000e-01	-1.748466e+00	-1.068115e+00
1.419000e-01	-1.753514e+00	-1.071026e+00
1.420000e-01	-1.758622e+00	-1.073902e+00
1.421000e-01	-1.763787e+00	-1.076742e+00
1.422000e-01	-1.769007e+00	-1.079544e+00
1.423000e-01	-1.774276e+00	-1.082308e+00
1.424000e-01	-1.779592e+00	-1.085032e+00
1.425000e-01	-1.784952e+00	-1.087718e+00
1.426000e-01	-1.790350e+00	-1.090362e+00
1.427000e-01	-1.795784e+00	-1.092966e+00
1.428000e-01	-1.801249e+00	-1.095528e+00
1.429000e-01	-1.806741e+00	-1.098048e+00
1.430000e-01	-1.812257e+00	-1.100525e+00
1.431000e-01	-1.817791e+00	-1.102959e+00
1.432000e-01	-1.823340e+00	-1.105349e+00
1.433000e-01	-1.828898e+00	-1.107693e+00
1.434000e-01	-1.834463e+00	-1.109993e+00
1.435000e-01	-1.840029e+00	-1.112247e+00
1.436000e-01	-1.845592e+00	-1.114454e+00
1.437000e-01	-1.851146e+00	-1.116614e+00
1.438000e-01	-1.856689e+00	-1.118726e+00
1.439000e-01	-1.862214e+00	-1.120790e+00
1.440000e-01	-1.867718e+00	-1.122804e+00
1.441000e-01	-1.873196e+00	-1.124769e+00
1.442000e-01	-1.878643e+00	-1.126682e+00
1.443000e-01	-1.884054e+00	-1.128544e+00
1.444000e-01	-1.889425e+00	-1.130353e+00
1.445000e-01	-1.894752e+00	-1.132109e+00
1.446000e-01	-1.900030e+00	-1.133810e+00
1.447000e-01	-1.905255e+00	-1.135457e+00
1.448000e-01	-1.910422e+00	-1.137047e+00
1.449000e-01	-1.915526e+00	-1.138580e+00
1.450000e-01	-1.920565e+00	-1.140055e+00
1.451000e-01	-1.925532e+00	-1.141471e+00
1.452000e-01	-1.930426e+00	-1.142828e+00
1.453000e-01	-1.935241e+00	-1.144123e+00
1.454000e-01	-1.939976e+00	-1.145358e+00
1.455000e-01	-1.944626e+00	-1.146531e+00
1.456000e-01	-1.949189e+00	-1.147642e+00
1.457000e-01	-1.953662e+00	-1.148691e+00
1.458000e-01	-1.958045e+00	-1.149678e+00
1.459000e-01	-1.962336e+00	-1.150603e+00
1.460000e-01	-1.966532e+00	-1.151466e+00
1.461000e-01	-1.970635e+00	-1.152268e+00
1.462000e-01	-1.974644e+00	-1.153010e+00
1.463000e-01	-1.978559e+00	-1.153693e+00
1.464000e-01	-1.982380e+00	-1.154317e+00
1.465000e-01	-1.986109e+00	-1.154886e+00
1.466000e-01	-1.989746e+00	-1.155399e+00
1.467000e-01	-1.993294e+00	-1.155859e+00
1.468000e-01	-1.996755e+00	-1.156267e+00
1.469000e-01	-2.000129e+00	-1.156627e+00
1.470000e-01	-2.003420e+00	-1.156938e+00
1.471000e-01	-2.006629e+00	-1.157205e+00
1.472000e-01	-2.009759e+00	-1.157428e+00
1.473000e-01	-2.012811e+00	-1.157610e+00
1.474000e-01	-2.015787e+00	-1.157754e+00
1.475000e-01	-2.018690e+00	-1.157860e+00
1.476000e-01	-2.021522e+00	-1.157931e+00
1.477000e-01	-2.024282e+00	-1.157970e+00
1.478000e-01	-2.026974e+00	-1.157976e+00
1.479000e-01	-2.029597e+00	-1.157953e+00
1.480000e-01	-2.032153e+00	-1.157902e+00
1.481000e-01	-2.034640e+00	-1.157823e+00
1.482000e-01	-2.037060e+00	-1.157718e+00
1.483000e-01	-2.039412e+00	-1.157587e+00
1.484000e-01	-2.041695e+00	-1.157432e+00
1.485000e-01	-2.043907e+00	-1.157252e+00
1.486000e-01	-2.046047e+00	-1.157047e+00
1.487000e-01	-2.048112e+00	-1.156817e+00
1.488000e-01	-2.050102e+00	-1.156562e+00
1.489000e-01	-2.052011e+00	-1.156281e+00
1.490000e-01	-2.053839e+00	-1.155974e+00
1.491000e-01	-2.055582e+00	-1.155639e+00
1.492000e-01	-2.057236e+00	-1.155275e+00
1.493000e-01	-2.058798e+00	-1.154881e+00
1.494000e-01	-2.060264e+00	-1.154455e+00
1.495000e-01	-2.061632e+00	-1.153996e+00
1.496000e-01	-2.062898e+00	-1.153502e+00
1.497000e-01	-2.064058e+00	-1.152972e+00
1.498000e-01	-2.065109e+00	-1.152403e+00
1.499000e-01	-2.066048e+00	-1.151795e+00
1.500000e-01	-2.066872e+00	-1.151144e+00
1.501000e-01	-2.067579e+00	-1.150451e+00
1.502000e-01	-2.068167e+00	-1.149712e+00
1.503000e-01	-2.068634e+00	-1.148928e+00
1.504000e-01	-2.068979e+00	-1.148095e+00
1.505000e-01	-2.069200e+00	-1.147214e+00
1.506000e-01	-2.069297e+00	-1.146283e+00
1.507000e-01	-2.069271e+00	-1.145301e+00
1.508000e-01	-2.069120e+00	-1.144268e+00
1.509000e-01	-2.068848e+00	-1.143183e+00
1.510000e-01	-2.068453e+00	-1.142045e+00
1.511000e-01	-2.067940e+00	-1.140855e+00
1.512000e-01	-2.067309e+00	-1.139612e+00
1.513000e-01	-2.066563e+00	-1.138317e+00
1.514000e-01	-2.065706e+00	-1.136970e+00
1.515000e-01	-2.064739e+00	-1.135571e+00
1.516000e-01	-2.063668e+00	-1.134121e+00
1.517000e-01	-2.062496e+00	-1.132620e+00
1.518000e-01	-2.061227e+00	-1.131069e+00
1.519000e-01	-2.059864e+00	-1.129470e+00
1.520000e-01	-2.058412e+00	-1.127822e+00
1.521000e-01	-2.056876e+00	-1.126127e+00
1.522000e-01	-2.055260e+00	-1.124384e+00
1.523000e-01	-2.053567e+00	-1.122596e+00
1.524000e-01	-2.051803e+00	-1.120762e+00
1.525000e-01	-2.049970e+00	-1.118884e+00
1.526000e-01	-2.048073e+00	-1.116961e+00
1.527000e-01	-2.046115e+00	-1.114993e+00
1.528000e-01	-2.044099e+00	-1.112981e+00
1.529000e-01	-2.042030e+00	-1.110925e+00
1.530000e-01	-2.039908e+00	-1.108825e+00
1.531000e-01	-2.037737e+00	-1.106679e+00
1.532000e-01	-2.035519e+00	-1.104488e+00
1.533000e-01	-2.033255e+00	-1.102249e+00
1.534000e-01	-2.030948e+00	-1.099964e+00
1.535000e-01	-2.028597e+00	-1.097629e+00
1.536000e-01	-2.026205e+00	-1.095243e+00
1.537000e-01	-2.023771e+00	-1.092805e+00
1.538000e-01	-2.021297e+00	-1.090313e+00
1.539000e-01	-2.018782e+00	-1.087765e+00
1.540000e-01	-2.016226e+00	-1.085158e+00
1.541000e-01	-2.013630e+00	-1.082490e+00
1.542000e-01	-2.010993e+00	-1.079760e+00
1.543000e-01	-2.008315e+00	-1.076964e+00
1.544000e-01	-2.005602e+00	-1.074104e+00
1.545000e-01	-2.002859e+00	-1.071178e+00
1.546000e-01	-2.000092e+00	-1.068188e+00
1.547000e-01	-1.997307e+00	-1.065134e+00
1.548000e-01	-1.994510e+00	-1.062017e+00
1.549000e-01	-1.991707e+00	-1.058837e+00
1.550000e-01	-1.988905e+00	-1.055595e+00
1.551000e-01	-1.986108e+00	-1.052291e+00
1.552000e-01	-1.983324e+00	-1.048927e+00
1.553000e-01	-1.980558e+00	-1.045502e+00
1.554000e-01	-1.977816e+00	-1.042018e+00
1.555000e-01	-1.975104e+00	-1.038475e+00
1.556000e-01	-1.972428e+00	-1.034875e+00
1.557000e-01	-1.969794e+00	-1.031217e+00
1.558000e-01	-1.967207e+00	-1.027504e+00
1.559000e-01	-1.964673e+00	-1.023735e+00
1.560000e-01	-1.962197e+00	-1.019913e+00
1.561000e-01	-1.959785e+00	-1.016038e+00
1.562000e-01	-1.957441e+00	-1.012110e+00
1.563000e-01	-1.955170e+00	-1.008133e+00
1.564000e-01	-1.952978e+00	-1.004105e+00
1.565000e-01	-1.950867e+00	-1.000030e+00
1.566000e-01	-1.948844e+00	-9.959069e-01
1.567000e-01	-1.946911e+00	-9.917384e-01
1.568000e-01	-1.945073e+00	-9.875254e-01
1.569000e-01	-1.943332e+00	-9.832691e-01
1.570000e-01	-1.941694e+00	-9.789708e-01
1.571000e-01	-1.940160e+00	-9.746318e-01
1.572000e-01	-1.938734e+00	-9.702534e-01
1.573000e-01	-1.937418e+00	-9.658368e-01
1.574000e-01	-1.936215e+00	-9.613833e-01
1.575000e-01	-1.935127e+00	-9.568942e-01
1.576000e-01	-1.934157e+00	-9.523707e-01
1.577000e-01	-1.933306e+00	-9.478140e-01
1.578000e-01	-1.932575e+00	-9.432253e-01
1.579000e-01	-1.931967e+00	-9.386057e-01
1.580000e-01	-1.931482e+00	-9.339564e-01
1.581000e-01	-1.931122e+00	-9.292784e-01
1.582000e-01	-1.930888e+00	-9.245729e-01
1.583000e-01	-1.930780e+00	-9.198408e-01
1.584000e-01	-1.930799e+00	-9.150831e-01
1.585000e-01	-1.930946e+00	-9.103008e-01
1.586000e-01	-1.931220e+00	-9.054949e-01
1.587000e-01	-1.931622e+00	-9.006661e-01
1.588000e-01	-1.932152e+00	-8.958155e-01
1.589000e-01	-1.932809e+00	-8.909437e-01
1.590000e-01	-1.933594e+00	-8.860518e-01
1.591000e-01	-1.934506e+00	-8.811404e-01
1.592000e-01	-1.935544e+00	-8.762103e-01
1.593000e-01	-1.936707e+00	-8.712623e-01
1.594000e-01	-1.937996e+00	-8.662972e-01
1.595000e-01	-1.939408e+00	-8.613158e-01
1.596000e-01	-1.940943e+00	-8.563187e-01
1.597000e-01	-1.942600e+00	-8.513067e-01
1.598000e-01	-1.944377e+00	-8.462807e-01
1.599000e-01	-1.946272e+00	-8.412414e-01
1.600000e-01	-1.948285e+00	-8.361895e-01
1.601000e-01	-1.950413e+00	-8.311260e-01
1.602000e-01	-1.952655e+00	-8.260515e-01
1.603000e-01	-1.955008e+00	-8.209670e-01
1.604000e-01	-1.957471e+00	-8.158732e-01
1.605000e-01	-1.960041e+00	-8.107711e-01
1.606000e-01	-1.962716e+00	-8.056615e-01
1.607000e-01	-1.965494e+00	-8.005453e-01
1.608000e-01	-1.968372e+00	-7.954234e-01
1.609000e-01	-1.971347e+00	-7.902970e-01
1.610000e-01	-1.974416e+00	-7.851667e-01
1.611000e-01	-1.977577e+00	-7.800336e-01
1.612000e-01	-1.980826e+00	-7.748987e-01
1.613000e-01	-1.984161e+00	-7.697629e-01
1.614000e-01	-1.987578e+00	-7.646271e-01
1.615000e-01	-1.991075e+00	-7.594924e-01
1.616000e-01	-1.994647e+00	-7.543596e-01
1.617000e-01	-1.998291e+00	-7.492298e-01
1.618000e-01	-2.002005e+00	-7.441038e-01
1.619000e-01	-2.005783e+00	-7.389825e-01
1.620000e-01	-2.009624e+00	-7.338668e-01
1.621000e-01	-2.013523e+00	-7.287577e-01
1.622000e-01	-2.017477e+00	-7.236558e-01
1.623000e-01	-2.021483e+00	-7.185619e-01
1.624000e-01	-2.025536e+00	-7.134769e-01
1.625000e-01	-2.029633e+00	-7.084013e-01
1.626000e-01	-2.033772e+00	-7.033359e-01
1.627000e-01	-2.037947e+00	-6.982812e-01
1.628000e-01	-2.042157e+00	-6.932379e-01
1.629000e-01	-2.046397e+00	-6.882064e-01
1.630000e-01	-2.050665e+00	-6.831873e-01
1.631000e-01	-2.054957e+00	-6.781809e-01
1.632000e-01	-2.059270e+00	-6.731876e-01
1.633000e-01	-2.063601e+00	-6.682079e-01
1.634000e-01	-2.067947e+00	-6.632419e-01
1.635000e-01	-2.072306e+00	-6.582900e-01
1.636000e-01	-2.076675e+00	-6.533525e-01
1.637000e-01	-2.081051e+00	-6.484295e-01
1.638000e-01	-2.085431e+00	-6.435212e-01
1.639000e-01	-2.089814e+00	-6.386278e-01
1.640000e-01	-2.094197e+00	-6.337495e-01
1.641000e-01	-2.098578e+00	-6.288865e-01
1.642000e-01	-2.102955e+00	-6.240388e-01
1.643000e-01	-2.107326e+00	-6.192066e-01
1.644000e-01	-2.111689e+00	-6.143901e-01
1.645000e-01	-2.116042e+00	-6.095895e-01
1.646000e-01	-2.120384e+00	-6.048048e-01
1.647000e-01	-2.124713e+00	-6.000364e-01
1.648000e-01	-2.129028e+00	-5.952844e-01
1.649000e-01	-2.133327e+00	-5.905491e-01
1.650000e-01	-2.137609e+00	-5.858307e-01
1.651000e-01	-2.141873e+00	-5.811296e-01
1.652000e-01	-2.146117e+00	-5.764459e-01
1.653000e-01	-2.150340e+00	-5.717802e-01
1.654000e-01	-2.154541e+00	-5.671328e-01
1.655000e-01	-2.158719e+00	-5.625040e-01
1.656000e-01	-2.162872e+00	-5.578944e-01
1.657000e-01	-2.167000e+00	-5.533044e-01
1.658000e-01	-2.171102e+00	-5.487345e-01
1.659000e-01	-2.175176e+00	-5.441851e-01
1.660000e-01	-2.179222e+00	-5.396569e-01
1.661000e-01	-2.183238e+00	-5.351503e-01
1.662000e-01	-2.187224e+00	-5.306660e-01
1.663000e-01	-2.191178e+00	-5.262044e-01
1.664000e-01	-2.195099e+00	-5.217662e-01
1.665000e-01	-2.198986e+00	-5.173519e-01
1.666000e-01	-2.202839e+00	-5.129620e-01
1.667000e-01	-2.206656e+00	-5.085972e-01
1.668000e-01	-2.210437e+00	-5.042579e-01
1.669000e-01	-2.214179e+00	-4.999446e-01
1.670000e-01	-2.217883e+00	-4.956579e-01
1.671000e-01	-2.221547e+00	-4.913982e-01
1.672000e-01	-2.225169e+00	-4.871659e-01
1.673000e-01	-2.228751e+00	-4.829614e-01
1.674000e-01	-2.232289e+00	-4.787851e-01
1.675000e-01	-2.235784e+00	-4.746374e-01
1.676000e-01	-2.239234e+00	-4.705185e-01
1.677000e-01	-2.242639e+00	-4.664287e-01
1.678000e-01	-2.245997e+00	-4.623681e-01
1.679000e-01	-2.249308e+00	-4.583371e-01
1.680000e-01	-2.252571e+00	-4.543358e-01
1.681000e-01	-2.255786e+00	-4.503642e-01
1.682000e-01	-2.258951e+00	-4.464224e-01
1.683000e-01	-2.262066e+00	-4.425106e-01
1.684000e-01	-2.265130e+00	-4.386288e-01
1.685000e-01	-2.268143e+00	-4.347770e-01
1.686000e-01	-2.271105e+00	-4.309552e-01
1.687000e-01	-2.274014e+00	-4.271633e-01
1.688000e-01	-2.276870e+00	-4.234015e-01
1.689000e-01	-2.279674e+00	-4.196696e-01
1.690000e-01	-2.282424e+00	-4.159677e-01
1.691000e-01	-2.285120e+00	-4.122957e-01
1.692000e-01	-2.287763e+00	-4.086537e-01
1.693000e-01	-2.290351e+00	-4.050417e-01
1.694000e-01	-2.292886e+00	-4.014596e-01
1.695000e-01	-2.295365e+00	-3.979076e-01
1.696000e-01	-2.297790e+00	-3.943857e-01
1.697000e-01	-2.300161e+00	-3.908940e-01
1.698000e-01	-2.302476e+00	-3.874327e-01
1.699000e-01	-2.304737e+00	-3.840019e-01
1.700000e-01	-2.306944e+00	-3.806018e-01
1.701000e-01	-2.309095e+00	-3.772325e-01
1.702000e-01	-2.311193e+00	-3.738944e-01
1.703000e-01	-2.313235e+00	-3.705877e-01
1.704000e-01	-2.315223e+00	-3.673127e-01
1.705000e-01	-2.317157e+00	-3.640696e-01
1.706000e-01	-2.319037e+00	-3.608589e-01
1.707000e-01	-2.320863e+00	-3.576808e-01
1.708000e-01	-2.322635e+00	-3.545358e-01
1.709000e-01	-2.324354e+00	-3.514241e-01
1.710000e-01	-2.326020e+00	-3.483461e-01
1.711000e-01	-2.327632e+00	-3.453022e-01
1.712000e-01	-2.329193e+00	-3.422928e-01
1.713000e-01	-2.330701e+00	-3.393181e-01
1.714000e-01	-2.332158e+00	-3.363785e-01
1.715000e-01	-2.333565e+00	-3.334743e-01
1.716000e-01	-2.334920e+00	-3.306057e-01
1.717000e-01	-2.336226e+00	-3.277730e-01
1.718000e-01	-2.337483e+00	-3.249764e-01
1.719000e-01	-2.338692e+00	-3.222159e-01
1.720000e-01	-2.339854e+00	-3.194919e-01
1.721000e-01	-2.340969e+00	-3.168042e-01
1.722000e-01	-2.342040e+00	-3.141529e-01
1.723000e-01	-2.343066e+00	-3.115381e-01
1.724000e-01	-2.344050e+00	-3.089595e-01
1.725000e-01	-2.344992e+00	-3.064171e-01
1.726000e-01	-2.345895e+00	-3.039107e-01
1.727000e-01	-2.346759e+00	-3.014401e-01
1.728000e-01	-2.347588e+00	-2.990050e-01
1.729000e-01	-2.348381e+00	-2.966050e-01
1.730000e-01	-2.349143e+00	-2.942399e-01
1.731000e-01	-2.349873e+00	-2.919091e-01
1.732000e-01	-2.350576e+00	-2.896124e-01
1.733000e-01	-2.351252e+00	-2.873491e-01
1.734000e-01	-2.351905e+00	-2.851189e-01
1.735000e-01	-2.352537e+00	-2.829212e-01
1.736000e-01	-2.353150e+00	-2.807554e-01
1.737000e-01	-2.353748e+00	-2.786211e-01
1.738000e-01	-2.354333e+00	-2.765178e-01
1.739000e-01	-2.354908e+00	-2.744447e-01
1.740000e-01	-2.355475e+00	-2.724016e-01
1.741000e-01	-2.356039e+00	-2.703877e-01
1.742000e-01	-2.356602e+00	-2.684026e-01
1.743000e-01	-2.357167e+00	-2.664458e-01
1.744000e-01	-2.357737e+00	-2.645168e-01
1.745000e-01	-2.358317e+00	-2.626152e-01
1.746000e-01	-2.358908e+00	-2.607405e-01
1.747000e-01	-2.359514e+00	-2.588924e-01
1.748000e-01	-2.360138e+00	-2.570705e-01
1.749000e-01	-2.360784e+00	-2.552743e-01
1.750000e-01	-2.361455e+00	-2.535037e-01
1.751000e-01	-2.362154e+00	-2.517584e-01
1.752000e-01	-2.362884e+00	-2.500381e-01
1.753000e-01	-2.363649e+00	-2.483425e-01
1.754000e-01	-2.364452e+00	-2.466715e-01
1.755000e-01	-2.365294e+00	-2.450250e-01
1.756000e-01	-2.366181e+00	-2.434027e-01
1.757000e-01	-2.367113e+00	-2.418046e-01
1.758000e-01	-2.368095e+00	-2.402305e-01
1.759000e-01	-2.369128e+00	-2.386803e-01
1.760000e-01	-2.370216e+00	-2.371540e-01
1.761000e-01	-2.371361e+00	-2.356513e-01
1.762000e-01	-2.372565e+00	-2.341723e-01
1.763000e-01	-2.373831e+00	-2.327168e-01
1.764000e-01	-2.375160e+00	-2.312847e-01
1.765000e-01	-2.376556e+00	-2.298758e-01
1.766000e-01	-2.378019e+00	-2.284901e-01
1.767000e-01	-2.379552e+00	-2.271275e-01
1.768000e-01	-2.381156e+00	-2.257876e-01
1.769000e-01	-2.382833e+00	-2.244704e-01
1.770000e-01	-2.384585e+00	-2.231756e-01
1.771000e-01	-2.386412e+00	-2.219031e-01
1.772000e-01	-2.388316e+00	-2.206525e-01
1.773000e-01	-2.390297e+00	-2.194236e-01
1.774000e-01	-2.392357e+00	-2.182161e-01
1.775000e-01	-2.394496e+00	-2.170297e-01
1.776000e-01	-2.396715e+00	-2.158641e-01
1.777000e-01	-2.399013e+00	-2.147190e-01
1.778000e-01	-2.401393e+00	-2.135940e-01
1.779000e-01	-2.403852e+00	-2.124888e-01
1.780000e-01	-2.406393e+00	-2.114031e-01
1.781000e-01	-2.409013e+00	-2.103365e-01
1.782000e-01	-2.411713e+00	-2.092887e-01
1.783000e-01	-2.414492e+00	-2.082594e-01
1.784000e-01	-2.417350e+00	-2.072483e-01
1.785000e-01	-2.420285e+00	-2.062552e-01
1.786000e-01	-2.423296e+00	-2.052798e-01
1.787000e-01	-2.426383e+00	-2.043218e-01
1.788000e-01	-2.429544e+00	-2.033812e-01
1.789000e-01	-2.432777e+00	-2.024578e-01
1.790000e-01	-2.436080e+00	-2.015515e-01
1.791000e-01	-2.439452e+00	-2.006622e-01
1.792000e-01	-2.442891e+00	-1.997901e-01
1.793000e-01	-2.446394e+00	-1.989351e-01
1.794000e-01	-2.449958e+00	-1.980974e-01
1.795000e-01	-2.453582e+00	-1.972772e-01
1.796000e-01	-2.457262e+00	-1.964746e-01
1.797000e-01	-2.460996e+00	-1.956900e-01
1.798000e-01	-2.464780e+00	-1.949237e-01
1.799000e-01	-2.468612e+00	-1.941761e-01
1.800000e-01	-2.472487e+00	-1.934476e-01
1.801000e-01	-2.476403e+00	-1.927387e-01
1.802000e-01	-2.480355e+00	-1.920499e-01
1.803000e-01	-2.484341e+00	-1.913818e-01
1.804000e-01	-2.488355e+00	-1.907350e-01
1.805000e-01	-2.492394e+00	-1.901101e-01
1.806000e-01	-2.496454e+00	-1.895078e-01
1.807000e-01	-2.500531e+00	-1.889287e-01
1.808000e-01	-2.504620e+00	-1.883735e-01
1.809000e-01	-2.508717e+00	-1.878429e-01
1.810000e-01	-2.512818e+00	-1.873376e-01
1.811000e-01	-2.516917e+00	-1.868584e-01
1.812000e-01	-2.521011e+00	-1.864058e-01
1.813000e-01	-2.525094e+00	-1.859805e-01
1.814000e-01	-2.529163e+00	-1.855833e-01
1.815000e-01	-2.533212e+00	-1.852148e-01
1.816000e-01	-2.537238e+00	-1.848755e-01
1.817000e-01	-2.541234e+00	-1.845662e-01
1.818000e-01	-2.545198e+00	-1.842872e-01
1.819000e-01	-2.549124e+00	-1.840393e-01
1.820000e-01	-2.553007e+00	-1.838228e-01
1.821000e-01	-2.556844e+00	-1.836382e-01
1.822000e-01	-2.560630e+00	-1.834861e-01
1.823000e-01	-2.564361e+00	-1.833667e-01
1.824000e-01	-2.568032e+00	-1.832805e-01
1.825000e-01	-2.571640e+00	-1.832277e-01
1.826000e-01	-2.575180e+00	-1.832088e-01
1.827000e-01	-2.578649e+00	-1.832239e-01
1.828000e-01	-2.582043e+00	-1.832734e-01
1.829000e-01	-2.585357e+00	-1.833574e-01
1.830000e-01	-2.588590e+00	-1.834763e-01
1.831000e-01	-2.591737e+00	-1.836302e-01
1.832000e-01	-2.594796e+00	-1.838193e-01
1.833000e-01	-2.597762e+00	-1.840439e-01
1.834000e-01	-2.600634e+00	-1.843041e-01
1.835000e-01	-2.603409e+00	-1.846000e-01
1.836000e-01	-2.606084e+00	-1.849320e-01
1.837000e-01	-2.608657e+00	-1.853003e-01
1.838000e-01	-2.611126e+00	-1.857050e-01
1.839000e-01	-2.613488e+00	-1.861463e-01
1.840000e-01	-2.615742e+00	-1.866246e-01
1.841000e-01	-2.617886e+00	-1.871401e-01
1.842000e-01	-2.619918e+00	-1.876931e-01
1.843000e-01	-2.621839e+00	-1.882839e-01
1.844000e-01	-2.623645e+00	-1.889128e-01
1.845000e-01	-2.625337e+00	-1.895801e-01
1.846000e-01	-2.626913e+00	-1.902863e-01
1.847000e-01	-2.628374e+00	-1.910317e-01
1.848000e-01	-2.629718e+00	-1.918166e-01
1.849000e-01	-2.630945e+00	-1.926416e-01
1.850000e-01	-2.632056e+00	-1.935069e-01
1.851000e-01	-2.633050e+00	-1.944131e-01
1.852000e-01	-2.633929e+00	-1.953605e-01
1.853000e-01	-2.634691e+00	-1.963496e-01
1.854000e-01	-2.635339e+00	-1.973807e-01
1.855000e-01	-2.635872e+00	-1.984543e-01
1.856000e-01	-2.636293e+00	-1.995708e-01
1.857000e-01	-2.636601e+00	-2.007304e-01
1.858000e-01	-2.636799e+00	-2.019337e-01
1.859000e-01	-2.636888e+00	-2.031808e-01
1.860000e-01	-2.636869e+00	-2.044722e-01
1.861000e-01	-2.636745e+00	-2.058079e-01
1.862000e-01	-2.636517e+00	-2.071883e-01
1.863000e-01	-2.636187e+00	-2.086136e-01
1.864000e-01	-2.635758e+00	-2.100838e-01
1.865000e-01	-2.635232e+00	-2.115991e-01
1.866000e-01	-2.634612e+00	-2.131595e-01
1.867000e-01	-2.633901e+00	-2.147650e-01
1.868000e-01	-2.633100e+00	-2.164157e-01
1.869000e-01	-2.632214e+00	-2.181112e-01
1.870000e-01	-2.631245e+00	-2.198516e-01
1.871000e-01	-2.630197e+00	-2.216367e-01
1.872000e-01	-2.629072e+00	-2.234661e-01
1.873000e-01	-2.627875e+00	-2.253396e-01
1.874000e-01	-2.626608e+00	-2.272569e-01
1.875000e-01	-2.625276e+00	-2.292176e-01
1.876000e-01	-2.623882e+00	-2.312214e-01
1.877000e-01	-2.622430e+00	-2.332679e-01
1.878000e-01	-2.620924e+00	-2.353565e-01
1.879000e-01	-2.619367e+00	-2.374870e-01
1.880000e-01	-2.617764e+00	-2.396587e-01
1.881000e-01	-2.616119e+00	-2.418713e-01
1.882000e-01	-2.614435e+00	-2.441243e-01
1.883000e-01	-2.612716e+00	-2.464171e-01
1.884000e-01	-2.610968e+00	-2.487495e-01
1.885000e-01	-2.609193e+00	-2.511208e-01
1.886000e-01	-2.607396e+00	-2.535306e-01
1.887000e-01	-2.605581e+00	-2.559786e-01
1.888000e-01	-2.603752e+00	-2.584643e-01
1.889000e-01	-2.601912e+00	-2.609873e-01
1.890000e-01	-2.600067e+00	-2.635473e-01
1.891000e-01	-2.598220e+00	-2.661440e-01
1.892000e-01	-2.596374e+00	-2.687770e-01
1.893000e-01	-2.594534e+00	-2.714461e-01
1.894000e-01	-2.592704e+00	-2.741509e-01
1.895000e-01	-2.590887e+00	-2.768914e-01
1.896000e-01	-2.589087e+00	-2.796673e-01
1.897000e-01	-2.587307e+00	-2.824783e-01
1.898000e-01	-2.585551e+00	-2.853245e-01
1.899000e-01	-2.583822e+00	-2.882055e-01
1.900000e-01	-2.582125e+00	-2.911213e-01
1.901000e-01	-2.580461e+00	-2.940718e-01
1.902000e-01	-2.578834e+00	-2.970569e-01
1.903000e-01	-2.577247e+00	-3.000765e-01
1.904000e-01	-2.575704e+00	-3.031305e-01
1.905000e-01	-2.574206e+00	-3.062188e-01
1.906000e-01	-2.572758e+00	-3.093412e-01
1.907000e-01	-2.571360e+00	-3.124978e-01
1.908000e-01	-2.570016e+00	-3.156883e-01
1.909000e-01	-2.568729e+00	-3.189127e-01
1.910000e-01	-2.567501e+00	-3.221708e-01
1.911000e-01	-2.566333e+00	-3.254623e-01
1.912000e-01	-2.565228e+00	-3.287871e-01
1.913000e-01	-2.564188e+00	-3.321450e-01
1.914000e-01	-2.563216e+00	-3.355358e-01
1.915000e-01	-2.562312e+00	-3.389590e-01
1.916000e-01	-2.561478e+00	-3.424145e-01
1.917000e-01	-2.560717e+00	-3.459019e-01
1.918000e-01	-2.560029e+00	-3.494209e-01
1.919000e-01	-2.559416e+00	-3.529710e-01
1.920000e-01	-2.558880e+00	-3.565519e-01
1.921000e-01	-2.558421e+00	-3.601631e-01
1.922000e-01	-2.558041e+00	-3.638041e-01
1.923000e-01	-2.557740e+00	-3.674746e-01
1.924000e-01	-2.557521e+00	-3.711740e-01
1.925000e-01	-2.557383e+00	-3.749019e-01
1.926000e-01	-2.557327e+00	-3.786577e-01
1.927000e-01	-2.557354e+00	-3.824410e-01
1.928000e-01	-2.557465e+00	-3.862514e-01
1.929000e-01	-2.557660e+00	-3.900882e-01
1.930000e-01	-2.557939e+00	-3.939510e-01
1.931000e-01	-2.558303e+00	-3.978394e-01
1.932000e-01	-2.558752e+00	-4.017529e-01
1.933000e-01	-2.559286e+00	-4.056911e-01
1.934000e-01	-2.559906e+00	-4.096535e-01
1.935000e-01	-2.560611e+00	-4.136398e-01
1.936000e-01	-2.561401e+00	-4.176496e-01
1.937000e-01	-2.562277e+00	-4.216826e-01
1.938000e-01	-2.563237e+00	-4.257385e-01
1.939000e-01	-2.564282e+00	-4.298169e-01
1.940000e-01	-2.565412e+00	-4.339177e-01
1.941000e-01	-2.566625e+00	-4.380406e-01
1.942000e-01	-2.567921e+00	-4.421854e-01
1.943000e-01	-2.569301e+00	-4.463519e-01
1.944000e-01	-2.570763e+00	-4.505400e-01
1.945000e-01	-2.572306e+00	-4.547495e-01
1.946000e-01	-2.573930e+00	-4.589804e-01
1.947000e-01	-2.575635e+00	-4.632325e-01
1.948000e-01	-2.577419e+00	-4.675058e-01
1.949000e-01	-2.579281e+00	-4.718001e-01
1.950000e-01	-2.581221e+00	-4.761155e-01
1.951000e-01	-2.583237e+00	-4.804517e-01
1.952000e-01	-2.585330e+00	-4.848088e-01
1.953000e-01	-2.587497e+00	-4.891866e-01
1.954000e-01	-2.589737e+00	-4.935850e-01
1.955000e-01	-2.592051e+00	-4.980040e-01
1.956000e-01	-2.594436e+00	-5.024433e-01
1.957000e-01	-2.596891e+00	-5.069028e-01
1.958000e-01	-2.599416e+00	-5.113824e-01
1.959000e-01	-2.602008e+00	-5.158817e-01
1.960000e-01	-2.604668e+00	-5.204005e-01
1.961000e-01	-2.607393e+00	-5.249386e-01
1.962000e-01	-2.610183e+00	-5.294955e-01
1.963000e-01	-2.613037e+00	-5.340710e-01
1.964000e-01	-2.615952e+00	-5.386646e-01
1.965000e-01	-2.618928e+00	-5.432759e-01
1.966000e-01	-2.621964e+00	-5.479044e-01
1.967000e-01	-2.625058e+00	-5.525495e-01
1.968000e-01	-2.628209e+00	-5.572107e-01
1.969000e-01	-2.631416e+00	-5.618875e-01
1.970000e-01	-2.634677e+00	-5.665791e-01
1.971000e-01	-2.637991e+00	-5.712849e-01
1.972000e-01	-2.641356e+00	-5.760042e-01
1.973000e-01	-2.644772e+00	-5.807363e-01
1.974000e-01	-2.648237e+00	-5.854804e-01
1.975000e-01	-2.651750e+00	-5.902359e-01
1.976000e-01	-2.655308e+00	-5.950019e-01
1.977000e-01	-2.658911e+00	-5.997776e-01
1.978000e-01	-2.662557e+00	-6.045623e-01
1.979000e-01	-2.666245e+00	-6.093551e-01
1.980000e-01	-2.669973e+00	-6.141553e-01
1.981000e-01	-2.673740e+00	-6.189620e-01
1.982000e-01	-2.677543e+00	-6.237744e-01
1.983000e-01	-2.681382e+00	-6.285918e-01
1.984000e-01	-2.685254e+00	-6.334133e-01
1.985000e-01	-2.689159e+00	-6.382382e-01
1.986000e-01	-2.693094e+00	-6.430657e-01
1.987000e-01	-2.697057e+00	-6.478950e-01
1.988000e-01	-2.701047e+00	-6.527255e-01
1.989000e-01	-2.705062e+00	-6.575563e-01
1.990000e-01	-2.709101e+00	-6.623868e-01
1.991000e-01	-2.713160e+00	-6.672163e-01
1.992000e-01	-2.717239e+00	-6.720440e-01
1.993000e-01	-2.721336e+00	-6.768692e-01
1.994000e-01	-2.725447e+00	-6.816914e-01
1.995000e-01	-2.729573e+00	-6.865098e-01
1.996000e-01	-2.733709e+00	-6.913237e-01
1.997000e-01	-2.737856e+00	-6.961324e-01
1.998000e-01	-2.742009e+00	-7.009353e-01
1.999000e-01	-2.746167e+00	-7.057317e-01
2.000000e-01	-2.750329e+00	-7.105210e-01
2.001000e-01	-2.754492e+00	-7.153023e-01
2.002000e-01	-2.758653e+00	-7.200750e-01
2.003000e-01	-2.762810e+00	-7.248383e-01
2.004000e-01	-2.766963e+00	-7.295915e-01
2.005000e-01	-2.771107e+00	-7.343338e-01
2.006000e-01	-2.775241e+00	-7.390644e-01
2.007000e-01	-2.779363e+00	-7.437825e-01
2.008000e-01	-2.783470e+00	-7.484872e-01
2.009000e-01	-2.787560e+00	-7.531776e-01
2.010000e-01	-2.791632e+00	-7.578528e-01
2.011000e-01	-2.795682e+00	-7.625119e-01
2.012000e-01	-2.799709e+00	-7.671539e-01
2.013000e-01	-2.803710e+00	-7.717779e-01
2.014000e-01	-2.807683e+00	-7.763827e-01
2.015000e-01	-2.811626e+00	-7.809673e-01
2.016000e-01	-2.815537e+00	-7.855307e-01
2.017000e-01	-2.819413e+00	-7.900717e-01
2.018000e-01	-2.823253e+00	-7.945894e-01
2.019000e-01	-2.827054e+00	-7.990824e-01
2.020000e-01	-2.830814e+00	-8.035497e-01
2.021000e-01	-2.834532e+00	-8.079901e-01
2.022000e-01	-2.838204e+00	-8.124025e-01
2.023000e-01	-2.841830e+00	-8.167858e-01
2.024000e-01	-2.845407e+00	-8.211387e-01
2.025000e-01	-2.848933e+00	-8.254602e-01
2.026000e-01	-2.852407e+00	-8.297490e-01
2.027000e-01	-2.855826e+00	-8.340042e-01
2.028000e-01	-2.859189e+00	-8.382245e-01
2.029000e-01	-2.862494e+00	-8.424089e-01
2.030000e-01	-2.865739e+00	-8.465564e-01
2.031000e-01	-2.868923e+00	-8.506658e-01
2.032000e-01	-2.872044e+00	-8.547364e-01
2.033000e-01	-2.875101e+00	-8.587669e-01
2.034000e-01	-2.878092e+00	-8.627567e-01
2.035000e-01	-2.881016e+00	-8.667046e-01
2.036000e-01	-2.883872e+00	-8.706100e-01
2.037000e-01	-2.886658e+00	-8.744719e-01
2.038000e-01	-2.889374e+00	-8.782896e-01
2.039000e-01	-2.892018e+00	-8.820623e-01
2.040000e-01	-2.894589e+00	-8.857894e-01
2.041000e-01	-2.897086e+00	-8.894701e-01
2.042000e-01	-2.899510e+00	-8.931039e-01
2.043000e-01	-2.901858e+00	-8.966901e-01
2.044000e-01	-2.904131e+00	-9.002281e-01
2.045000e-01	-2.906329e+00	-9.037175e-01
2.046000e-01	-2.908450e+00	-9.071576e-01
2.047000e-01	-2.910494e+00	-9.105480e-01
2.048000e-01	-2.912462e+00	-9.138883e-01
2.049000e-01	-2.914354e+00	-9.171780e-01
2.050000e-01	-2.916169e+00	-9.204166e-01
2.051000e-01	-2.917908e+00	-9.236038e-01
2.052000e-01	-2.919571e+00	-9.267391e-01
2.053000e-01	-2.921159e+00	-9.298221e-01
2.054000e-01	-2.922672e+00	-9.328525e-01
2.055000e-01	-2.924111e+00	-9.358298e-01
2.056000e-01	-2.925477e+00	-9.387537e-01
2.057000e-01	-2.926771e+00	-9.416238e-01
2.058000e-01	-2.927993e+00	-9.444398e-01
2.059000e-01	-2.929146e+00	-9.472013e-01
2.060000e-01	-2.930230e+00	-9.499079e-01
2.061000e-01	-2.931247e+00	-9.525592e-01
2.062000e-01	-2.932198e+00	-9.551549e-01
2.063000e-01	-2.933085e+00	-9.576947e-01
2.064000e-01	-2.933910e+00	-9.601781e-01
2.065000e-01	-2.934674e+00	-9.626048e-01
2.066000e-01	-2.935380e+00	-9.649746e-01
2.067000e-01	-2.936029e+00	-9.672870e-01
2.068000e-01	-2.936624e+00	-9.695418e-01
2.069000e-01	-2.937167e+00	-9.717386e-01
2.070000e-01	-2.937659e+00	-9.738771e-01
2.071000e-01	-2.938105e+00	-9.759572e-01
2.072000e-01	-2.938505e+00	-9.779784e-01
2.073000e-01	-2.938863e+00	-9.799407e-01
2.074000e-01	-2.939180e+00	-9.818439e-01
2.075000e-01	-2.939461e+00	-9.836877e-01
2.076000e-01	-2.939706e+00	-9.854720e-01
2.077000e-01	-2.939920e+00	-9.871968e-01
2.078000e-01	-2.940104e+00	-9.888619e-01
2.079000e-01	-2.940261e+00	-9.904673e-01
2.080000e-01	-2.940395e+00	-9.920131e-01
2.081000e-01	-2.940509e+00	-9.934993e-01
2.082000e-01	-2.940604e+00	-9.949260e-01
2.083000e-01	-2.940684e+00	-9.962933e-01
2.084000e-01	-2.940751e+00	-9.976013e-01
2.085000e-01	-2.940810e+00	-9.988504e-01
2.086000e-01	-2.940862e+00	-1.000041e+00
2.087000e-01	-2.940910e+00	-1.001172e+00
2.088000e-01	-2.940957e+00	-1.002246e+00
2.089000e-01	-2.941007e+00	-1.003262e+00
2.090000e-01	-2.941061e+00	-1.004220e+00
2.091000e-01	-2.941123e+00	-1.005122e+00
2.092000e-01	-2.941196e+00	-1.005967e+00
2.093000e-01	-2.941282e+00	-1.006756e+00
2.094000e-01	-2.941383e+00	-1.007489e+00
2.095000e-01	-2.941504e+00	-1.008167e+00
2.096000e-01	-2.941645e+00	-1.008790e+00
2.097000e-01	-2.941810e+00	-1.009360e+00
2.098000e-01	-2.942001e+00	-1.009876e+00
2.099000e-01	-2.942221e+00	-1.010339e+00
2.100000e-01	-2.942472e+00	-1.010750e+00
2.101000e-01	-2.942756e+00	-1.011108e+00
2.102000e-01	-2.943075e+00	-1.011416e+00
2.103000e-01	-2.943432e+00	-1.011673e+00
2.104000e-01	-2.943829e+00	-1.011879e+00
2.105000e-01	-2.944267e+00	-1.012036e+00
2.106000e-01	-2.944749e+00	-1.012143e+00
2.107000e-01	-2.945276e+00	-1.012202e+00
2.108000e-01	-2.945850e+00	-1.012213e+00
2.109000e-01	-2.946472e+00	-1.012176e+00
2.110000e-01	-2.947145e+00	-1.012091e+00
2.111000e-01	-2.947869e+00	-1.011960e+00
2.112000e-01	-2.948645e+00	-1.011783e+00
2.113000e-01	-2.949475e+00	-1.011559e+00
2.114000e-01	-2.950360e+00	-1.011290e+00
2.115000e-01	-2.951301e+00	-1.010975e+00
2.116000e-01	-2.952298e+00	-1.010616e+00
2.117000e-01	-2.953352e+00	-1.010213e+00
2.118000e-01	-2.954463e+00	-1.009765e+00
2.119000e-01	-2.955633e+00	-1.009274e+00
2.120000e-01	-2.956861e+00	-1.008739e+00
2.121000e-01	-2.958147e+00	-1.008162e+00
2.122000e-01	-2.959492e+00	-1.007542e+00
2.123000e-01	-2.960895e+00	-1.006880e+00
2.124000e-01	-2.962357e+00	-1.006176e+00
2.125000e-01	-2.963876e+00	-1.005430e+00
2.126000e-01	-2.965452e+00	-1.004644e+00
2.127000e-01	-2.967085e+00	-1.003817e+00
2.128000e-01	-2.968774e+00	-1.002951e+00
2.129000e-01	-2.970518e+00	-1.002044e+00
2.130000e-01	-2.972316e+00	-1.001098e+00
2.131000e-01	-2.974167e+00	-1.000114e+00
2.132000e-01	-2.976071e+00	-9.990910e-01
2.133000e-01	-2.978025e+00	-9.980306e-01
2.134000e-01	-2.980028e+00	-9.969329e-01
2.135000e-01	-2.982080e+00	-9.957986e-01
2.136000e-01	-2.984178e+00	-9.946281e-01
2.137000e-01	-2.986320e+00	-9.934220e-01
2.138000e-01	-2.988506e+00	-9.921810e-01
2.139000e-01	-2.990733e+00	-9.909055e-01
2.140000e-01	-2.993000e+00	-9.895962e-01
2.141000e-01	-2.995305e+00	-9.882536e-01
2.142000e-01	-2.997645e+00	-9.868784e-01
2.143000e-01	-3.000019e+00	-9.854711e-01
2.144000e-01	-3.002425e+00	-9.840324e-01
2.145000e-01	-3.004861e+00	-9.825628e-01
2.146000e-01	-3.007325e+00	-9.810628e-01
2.147000e-01	-3.009814e+00	-9.795332e-01
2.148000e-01	-3.012326e+00	-9.779744e-01
2.149000e-01	-3.014860e+00	-9.763869e-01
2.150000e-01	-3.017412e+00	-9.747714e-01
2.151000e-01	-3.019982e+00	-9.731283e-01
2.152000e-01	-3.022567e+00	-9.714582e-01
2.153000e-01	-3.025164e+00	-9.697615e-01
2.154000e-01	-3.027772e+00	-9.680386e-01
2.155000e-01	-3.030388e+00	-9.662901e-01
2.156000e-01	-3.033010e+00	-9.645164e-01
2.157000e-01	-3.035636e+00	-9.627178e-01
2.158000e-01	-3.038265e+00	-9.608947e-01
2.159000e-01	-3.040893e+00	-9.590475e-01
2.160000e-01	-3.043520e+00	-9.571766e-01
2.161000e-01	-3.046142e+00	-9.552822e-01
2.162000e-01	-3.048759e+00	-9.533647e-01
2.163000e-01	-3.051367e+00	-9.514244e-01
2.164000e-01	-3.053966e+00	-9.494614e-01
2.165000e-01	-3.056553e+00	-9.474762e-01
2.166000e-01	-3.059127e+00	-9.454689e-01
2.167000e-01	-3.061686e+00	-9.434398e-01
2.168000e-01	-3.064229e+00	-9.413891e-01
2.169000e-01	-3.066752e+00	-9.393171e-01
2.170000e-01	-3.069257e+00	-9.372239e-01
2.171000e-01	-3.071739e+00	-9.351098e-01
2.172000e-01	-3.074199e+00	-9.329750e-01
2.173000e-01	-3.076635e+00	-9.308198e-01
2.174000e-01	-3.079045e+00	-9.286443e-01
2.175000e-01	-3.081428e+00	-9.264488e-01
2.176000e-01	-3.083784e+00	-9.242335e-01
2.177000e-01	-3.086111e+00	-9.219987e-01
2.178000e-01	-3.088407e+00	-9.197447e-01
2.179000e-01	-3.090673e+00	-9.174716e-01
2.180000e-01	-3.092907e+00	-9.151797e-01
2.181000e-01	-3.095109e+00	-9.128693e-01
2.182000e-01	-3.097277e+00	-9.105407e-01
2.183000e-01	-3.099411e+00	-9.081942e-01
2.184000e-01	-3.101511e+00	-9.058300e-01
2.185000e-01	-3.103576e+00	-9.034484e-01
2.186000e-01	-3.105606e+00	-9.010497e-01
2.187000e-01	-3.107601e+00	-8.986343e-01
2.188000e-01	-3.109560e+00	-8.962023e-01
2.189000e-01	-3.111483e+00	-8.937541e-01
2.190000e-01	-3.113370e+00	-8.912900e-01
2.191000e-01	-3.115221e+00	-8.888102e-01
2.192000e-01	-3.117037e+00	-8.863150e-01
2.193000e-01	-3.118818e+00	-8.838046e-01
2.194000e-01	-3.120563e+00	-8.812793e-01
2.195000e-01	-3.122274e+00	-8.787394e-01
2.196000e-01	-3.123951e+00	-8.761849e-01
2.197000e-01	-3.125594e+00	-8.736161e-01
2.198000e-01	-3.127203e+00	-8.710332e-01
2.199000e-01	-3.128781e+00	-8.684363e-01
2.200000e-01	-3.130327e+00	-8.658255e-01
2.201000e-01	-3.131842e+00	-8.632010e-01
2.202000e-01	-3.133326e+00	-8.605627e-01
2.203000e-01	-3.134782e+00	-8.579107e-01
2.204000e-01	-3.136210e+00	-8.552450e-01
2.205000e-01	-3.137611e+00	-8.525656e-01
2.206000e-01	-3.138985e+00	-8.498725e-01
2.207000e-01	-3.140335e+00	-8.471655e-01
2.208000e-01	-3.141661e+00	-8.444447e-01
2.209000e-01	-3.142964e+00	-8.417098e-01
2.210000e-01	-3.144246e+00	-8.389607e-01
2.211000e-01	-3.145507e+00	-8.361972e-01
2.212000e-01	-3.146749e+00	-8.334192e-01
2.213000e-01	-3.147974e+00	-8.306263e-01
2.214000e-01	-3.149182e+00	-8.278185e-01
2.215000e-01	-3.150374e+00	-8.249954e-01
2.216000e-01	-3.151553e+00	-8.221567e-01
2.217000e-01	-3.152719e+00	-8.193022e-01
2.218000e-01	-3.153873e+00	-8.164316e-01
2.219000e-01	-3.155016e+00	-8.135446e-01
2.220000e-01	-3.156151e+00	-8.106408e-01
2.221000e-01	-3.157278e+00	-8.077199e-01
2.222000e-01	-3.158397e+00	-8.047816e-01
2.223000e-01	-3.159512e+00	-8.018256e-01
2.224000e-01	-3.160622e+00	-7.988516e-01
2.225000e-01	-3.161728e+00	-7.958591e-01
2.226000e-01	-3.162833e+00	-7.928480e-01
2.227000e-01	-3.163936e+00	-7.898178e-01
2.228000e-01	-3.165039e+00	-7.867682e-01
2.229000e-01	-3.166144e+00	-7.836990e-01
2.230000e-01	-3.167250e+00	-7.806097e-01
2.231000e-01	-3.168359e+00	-7.775001e-01
2.232000e-01	-3.169473e+00	-7.743699e-01
2.233000e-01	-3.170591e+00	-7.712187e-01
2.234000e-01	-3.171715e+00	-7.680463e-01
2.235000e-01	-3.172846e+00	-7.648523e-01
2.236000e-01	-3.173984e+00	-7.616365e-01
2.237000e-01	-3.175131e+00	-7.583985e-01
2.238000e-01	-3.176286e+00	-7.551382e-01
2.239000e-01	-3.177452e+00	-7.518551e-01
2.240000e-01	-3.178628e+00	-7.485490e-01
2.241000e-01	-3.179816e+00	-7.452196e-01
2.242000e-01	-3.181016e+00	-7.418666e-01
2.243000e-01	-3.182228e+00	-7.384897e-01
2.244000e-01	-3.183454e+00	-7.350886e-01
2.245000e-01	-3.184694e+00	-7.316631e-01
2.246000e-01	-3.185948e+00	-7.282128e-01
2.247000e-01	-3.187218e+00	-7.247374e-01
2.248000e-01	-3.188503e+00	-7.212366e-01
2.249000e-01	-3.189805e+00	-7.177101e-01
2.250000e-01	-3.191123e+00	-7.141576e-01
2.251000e-01	-3.192459e+00	-7.105787e-01
2.252000e-01	-3.193812e+00	-7.069733e-01
2.253000e-01	-3.195182e+00	-7.033408e-01
2.254000e-01	-3.196572e+00	-6.996811e-01
2.255000e-01	-3.197980e+00	-6.959938e-01
2.256000e-01	-3.199407e+00	-6.922786e-01
2.257000e-01	-3.200853e+00	-6.885352e-01
2.258000e-01	-3.202319e+00	-6.847632e-01
2.259000e-01	-3.203805e+00	-6.809625e-01
2.260000e-01	-3.205311e+00	-6.771327e-01
2.261000e-01	-3.206837e+00	-6.732735e-01
2.262000e-01	-3.208383e+00	-6.693847e-01
2.263000e-01	-3.209950e+00	-6.654661e-01
2.264000e-01	-3.211537e+00	-6.615174e-01
2.265000e-01	-3.213145e+00	-6.575385e-01
2.266000e-01	-3.214773e+00	-6.535291e-01
2.267000e-01	-3.216422e+00	-6.494892e-01
2.268000e-01	-3.218092e+00	-6.454185e-01
2.269000e-01	-3.219782e+00	-6.413170e-01
2.270000e-01	-3.221493e+00	-6.371847e-01
2.271000e-01	-3.223224e+00	-6.330215e-01
2.272000e-01	-3.224976e+00	-6.288275e-01
2.273000e-01	-3.226748e+00	-6.246026e-01
2.274000e-01	-3.228539e+00	-6.203469e-01
2.275000e-01	-3.230351e+00	-6.160607e-01
2.276000e-01	-3.232183e+00	-6.117440e-01
2.277000e-01	-3.234034e+00	-6.073970e-01
2.278000e-01	-3.235904e+00	-6.030199e-01
2.279000e-01	-3.237794e+00	-5.986132e-01
2.280000e-01	-3.239703e+00	-5.941769e-01
2.281000e-01	-3.241630e+00	-5.897116e-01
2.282000e-01	-3.243577e+00	-5.852177e-01
2.283000e-01	-3.245541e+00	-5.806955e-01
2.284000e-01	-3.247524e+00	-5.761455e-01
2.285000e-01	-3.249525e+00	-5.715682e-01
2.286000e-01	-3.251544e+00	-5.669643e-01
2.287000e-01	-3.253581e+00	-5.623342e-01
2.288000e-01	-3.255635e+00	-5.576786e-01
2.289000e-01	-3.257706e+00	-5.529982e-01
2.290000e-01	-3.259795e+00	-5.482935e-01
2.291000e-01	-3.261900e+00	-5.435654e-01
2.292000e-01	-3.264023e+00	-5.388145e-01
2.293000e-01	-3.266162e+00	-5.340417e-01
2.294000e-01	-3.268318e+00	-5.292477e-01
2.295000e-01	-3.270490e+00	-5.244333e-01
2.296000e-01	-3.272678e+00	-5.195994e-01
2.297000e-01	-3.274882e+00	-5.147467e-01
2.298000e-01	-3.277102e+00	-5.098763e-01
2.299000e-01	-3.279338e+00	-5.049891e-01
2.300000e-01	-3.281590e+00	-5.000858e-01
2.301000e-01	-3.283856e+00	-4.951675e-01
2.302000e-01	-3.286139e+00	-4.902351e-01
2.303000e-01	-3.288436e+00	-4.852896e-01
2.304000e-01	-3.290748e+00	-4.803321e-01
2.305000e-01	-3.293074e+00	-4.753634e-01
2.306000e-01	-3.295415e+00	-4.703847e-01
2.307000e-01	-3.297770e+00	-4.653969e-01
2.308000e-01	-3.300138e+00	-4.604012e-01
2.309000e-01	-3.302520e+00	-4.553986e-01
2.310000e-01	-3.304915e+00	-4.503903e-01
2.311000e-01	-3.307323e+00	-4.453773e-01
2.312000e-01	-3.309743e+00	-4.403607e-01
2.313000e-01	-3.312175e+00	-4.353418e-01
2.314000e-01	-3.314619e+00	-4.303216e-01
2.315000e-01	-3.317073e+00	-4.253014e-01
2.316000e-01	-3.319538e+00	-4.202824e-01
2.317000e-01	-3.322012e+00	-4.152658e-01
2.318000e-01	-3.324496e+00	-4.102529e-01
2.319000e-01	-3.326988e+00	-4.052448e-01
2.320000e-01	-3.329488e+00	-4.002430e-01
2.321000e-01	-3.331996e+00	-3.952486e-01
2.322000e-01	-3.334509e+00	-3.902630e-01
2.323000e-01	-3.337029e+00	-3.852875e-01
2.324000e-01	-3.339553e+00	-3.803235e-01
2.325000e-01	-3.342081e+00	-3.753723e-01
2.326000e-01	-3.344613e+00	-3.704353e-01
2.327000e-01	-3.347146e+00	-3.655138e-01
2.328000e-01	-3.349681e+00	-3.606094e-01
2.329000e-01	-3.352217e+00	-3.557233e-01
2.330000e-01	-3.354751e+00	-3.508570e-01
2.331000e-01	-3.357285e+00	-3.460119e-01
2.332000e-01	-3.359815e+00	-3.411895e-01
2.333000e-01	-3.362342e+00	-3.363911e-01
2.334000e-01	-3.364864e+00	-3.316182e-01
2.335000e-01	-3.367381e+00	-3.268723e-01
2.336000e-01	-3.369891e+00	-3.221547e-01
2.337000e-01	-3.372393e+00	-3.174670e-01
2.338000e-01	-3.374886e+00	-3.128104e-01
2.339000e-01	-3.377368e+00	-3.081864e-01
2.340000e-01	-3.379840e+00	-3.035965e-01
2.341000e-01	-3.382299e+00	-2.990419e-01
2.342000e-01	-3.384745e+00	-2.945242e-01
2.343000e-01	-3.387176e+00	-2.900446e-01
2.344000e-01	-3.389591e+00	-2.856046e-01
2.345000e-01	-3.391990e+00	-2.812054e-01
2.346000e-01	-3.394371e+00	-2.768483e-01
2.347000e-01	-3.396732e+00	-2.725348e-01
2.348000e-01	-3.399073e+00	-2.682659e-01
2.349000e-01	-3.401393e+00	-2.640431e-01
2.350000e-01	-3.403690e+00	-2.598675e-01
2.351000e-01	-3.405964e+00	-2.557404e-01
2.352000e-01	-3.408213e+00	-2.516630e-01
2.353000e-01	-3.410436e+00	-2.476363e-01
2.354000e-01	-3.412632e+00	-2.436617e-01
2.355000e-01	-3.414800e+00	-2.397401e-01
2.356000e-01	-3.416938e+00	-2.358728e-01
2.357000e-01	-3.419047e+00	-2.320608e-01
2.358000e-01	-3.421125e+00	-2.283052e-01
2.359000e-01	-3.423170e+00	-2.246070e-01
2.360000e-01	-3.425182e+00	-2.209672e-01
2.361000e-01	-3.427160e+00	-2.173869e-01
2.362000e-01	-3.429102e+00	-2.138670e-01
2.363000e-01	-3.431009e+00	-2.104085e-01
2.364000e-01	-3.432878e+00	-2.070123e-01
2.365000e-01	-3.434710e+00	-2.036795e-01
2.366000e-01	-3.436503e+00	-2.004108e-01
2.367000e-01	-3.438256e+00	-1.972072e-01
2.368000e-01	-3.439970e+00	-1.940696e-01
2.369000e-01	-3.441642e+00	-1.909988e-01
2.370000e-01	-3.443272e+00	-1.879956e-01
2.371000e-01	-3.444861e+00	-1.850610e-01
2.372000e-01	-3.446407e+00	-1.821957e-01
2.373000e-01	-3.447909e+00	-1.794005e-01
2.374000e-01	-3.449368e+00	-1.766761e-01
2.375000e-01	-3.450783e+00	-1.740234e-01
2.376000e-01	-3.452153e+00	-1.714432e-01
2.377000e-01	-3.453479e+00	-1.689360e-01
2.378000e-01	-3.454761e+00	-1.665027e-01
2.379000e-01	-3.455997e+00	-1.641439e-01
2.380000e-01	-3.457189e+00	-1.618603e-01
2.381000e-01	-3.458336e+00	-1.596526e-01
2.382000e-01	-3.459439e+00	-1.575214e-01
2.383000e-01	-3.460498e+00	-1.554673e-01
2.384000e-01	-3.461512e+00	-1.534909e-01
2.385000e-01	-3.462483e+00	-1.515927e-01
2.386000e-01	-3.463411e+00	-1.497734e-01
2.387000e-01	-3.464297e+00	-1.480335e-01
2.388000e-01	-3.465140e+00	-1.463734e-01
2.389000e-01	-3.465943e+00	-1.447937e-01
2.390000e-01	-3.466706e+00	-1.432947e-01
2.391000e-01	-3.467429e+00	-1.418770e-01
2.392000e-01	-3.468114e+00	-1.405408e-01
2.393000e-01	-3.468762e+00	-1.392867e-01
2.394000e-01	-3.469374e+00	-1.381148e-01
2.395000e-01	-3.469951e+00	-1.370257e-01
2.396000e-01	-3.470495e+00	-1.360194e-01
2.397000e-01	-3.471006e+00	-1.350963e-01
2.398000e-01	-3.471487e+00	-1.342567e-01
2.399000e-01	-3.471938e+00	-1.335007e-01
2.400000e-01	-3.472362e+00	-1.328285e-01
2.401000e-01	-3.472760e+00	-1.322403e-01
2.402000e-01	-3.473134e+00	-1.317362e-01
2.403000e-01	-3.473484e+00	-1.313163e-01
2.404000e-01	-3.473814e+00	-1.309807e-01
2.405000e-01	-3.474125e+00	-1.307293e-01
2.406000e-01	-3.474418e+00	-1.305623e-01
2.407000e-01	-3.474696e+00	-1.304797e-01
2.408000e-01	-3.474961e+00	-1.304813e-01
2.409000e-01	-3.475213e+00	-1.305672e-01
2.410000e-01	-3.475456e+00	-1.307373e-01
2.411000e-01	-3.475692e+00	-1.309915e-01
2.412000e-01	-3.475921e+00	-1.313297e-01
2.413000e-01	-3.476147e+00	-1.317517e-01
2.414000e-01	-3.476371e+00	-1.322574e-01
2.415000e-01	-3.476595e+00	-1.328466e-01
2.416000e-01	-3.476821e+00	-1.335192e-01
2.417000e-01	-3.477051e+00	-1.342748e-01
2.418000e-01	-3.477288e+00	-1.351133e-01
2.419000e-01	-3.477533e+00	-1.360345e-01
2.420000e-01	-3.477787e+00	-1.370380e-01
2.421000e-01	-3.478054e+00	-1.381235e-01
2.422000e-01	-3.478335e+00	-1.392909e-01
2.423000e-01	-3.478631e+00	-1.405397e-01
2.424000e-01	-3.478946e+00	-1.418696e-01
2.425000e-01	-3.479280e+00	-1.432803e-01
2.426000e-01	-3.479636e+00	-1.447714e-01
2.427000e-01	-3.480015e+00	-1.463425e-01
2.428000e-01	-3.480419e+00	-1.479932e-01
2.429000e-01	-3.480850e+00	-1.497231e-01
2.430000e-01	-3.481309e+00	-1.515317e-01
2.431000e-01	-3.481799e+00	-1.534185e-01
2.432000e-01	-3.482321e+00	-1.553832e-01
2.433000e-01	-3.482876e+00	-1.574252e-01
2.434000e-01	-3.483467e+00	-1.595439e-01
2.435000e-01	-3.484093e+00	-1.617389e-01
2.436000e-01	-3.484758e+00	-1.640096e-01
2.437000e-01	-3.485462e+00	-1.663554e-01
2.438000e-01	-3.486207e+00	-1.687757e-01
2.439000e-01	-3.486994e+00	-1.712699e-01
2.440000e-01	-3.487824e+00	-1.738374e-01
2.441000e-01	-3.488698e+00	-1.764775e-01
2.442000e-01	-3.489618e+00	-1.791895e-01
2.443000e-01	-3.490584e+00	-1.819727e-01
2.444000e-01	-3.491597e+00	-1.848264e-01
2.445000e-01	-3.492658e+00	-1.877499e-01
2.446000e-01	-3.493768e+00	-1.907424e-01
2.447000e-01	-3.494927e+00	-1.938031e-01
2.448000e-01	-3.496137e+00	-1.969313e-01
2.449000e-01	-3.497397e+00	-2.001260e-01
2.450000e-01	-3.498708e+00	-2.033865e-01
2.451000e-01	-3.500071e+00	-2.067120e-01
2.452000e-01	-3.501485e+00	-2.101015e-01
2.453000e-01	-3.502950e+00	-2.135542e-01
2.454000e-01	-3.504468e+00	-2.170691e-01
2.455000e-01	-3.506037e+00	-2.206453e-01
2.456000e-01	-3.507658e+00	-2.242820e-01
2.457000e-01	-3.509331e+00	-2.279782e-01
2.458000e-01	-3.511054e+00	-2.317328e-01
2.459000e-01	-3.512829e+00	-2.355450e-01
2.460000e-01	-3.514653e+00	-2.394137e-01
2.461000e-01	-3.516527e+00	-2.433380e-01
2.462000e-01	-3.518451e+00	-2.473168e-01
2.463000e-01	-3.520423e+00	-2.513492e-01
2.464000e-01	-3.522442e+00	-2.554341e-01
2.465000e-01	-3.524508e+00	-2.595705e-01
2.466000e-01	-3.526620e+00	-2.637573e-01
2.467000e-01	-3.528777e+00	-2.679936e-01
2.468000e-01	-3.530977e+00	-2.722783e-01
2.469000e-01	-3.533221e+00	-2.766102e-01
2.470000e-01	-3.535505e+00	-2.809885e-01
2.471000e-01	-3.537830e+00	-2.854119e-01
2.472000e-01	-3.540193e+00	-2.898796e-01
2.473000e-01	-3.542594e+00	-2.943902e-01
2.474000e-01	-3.545032e+00	-2.989430e-01
2.475000e-01	-3.547504e+00	-3.035366e-01
2.476000e-01	-3.550009e+00	-3.081701e-01
2.477000e-01	-3.552547e+00	-3.128425e-01
2.478000e-01	-3.555114e+00	-3.175525e-01
2.479000e-01	-3.557711e+00	-3.222993e-01
2.480000e-01	-3.560335e+00	-3.270815e-01
2.481000e-01	-3.562984e+00	-3.318983e-01
2.482000e-01	-3.565658e+00	-3.367486e-01
2.483000e-01	-3.568355e+00	-3.416311e-01
2.484000e-01	-3.571072e+00	-3.465450e-01
2.485000e-01	-3.573809e+00	-3.514890e-01
2.486000e-01	-3.576564e+00	-3.564621e-01
2.487000e-01	-3.579335e+00	-3.614634e-01
2.488000e-01	-3.582121e+00	-3.664916e-01
2.489000e-01	-3.584921e+00	-3.715457e-01
2.490000e-01	-3.587732e+00	-3.766246e-01
2.491000e-01	-3.590553e+00	-3.817273e-01
2.492000e-01	-3.593383e+00	-3.868528e-01
2.493000e-01	-3.596220e+00	-3.919999e-01
2.494000e-01	-3.599062e+00	-3.971676e-01
2.495000e-01	-3.601909e+00	-4.023549e-01
2.496000e-01	-3.604758e+00	-4.075607e-01
2.497000e-01	-3.607609e+00	-4.127839e-01
2.498000e-01	-3.610460e+00	-4.180237e-01
2.499000e-01	-3.613309e+00	-4.232788e-01
2.500000e-01	-3.616156e+00	-4.285483e-01
2.501000e-01	-3.618998e+00	-4.338312e-01
2.502000e-01	-3.621835e+00	-4.391265e-01
2.503000e-01	-3.624665e+00	-4.444332e-01
2.504000e-01	-3.627487e+00	-4.497503e-01
2.505000e-01	-3.630300e+00	-4.550768e-01
2.506000e-01	-3.633103e+00	-4.604118e-01
2.507000e-01	-3.635894e+00	-4.657543e-01
2.508000e-01	-3.638672e+00	-4.711034e-01
2.509000e-01	-3.641437e+00	-4.764581e-01
2.510000e-01	-3.644188e+00	-4.818176e-01
2.511000e-01	-3.646922e+00	-4.871809e-01
2.512000e-01	-3.649640e+00	-4.925471e-01
2.513000e-01	-3.652340e+00	-4.979155e-01
2.514000e-01	-3.655022e+00	-5.032850e-01
2.515000e-01	-3.657685e+00	-5.086549e-01
2.516000e-01	-3.660327e+00	-5.140244e-01
2.517000e-01	-3.662949e+00	-5.193927e-01
2.518000e-01	-3.665549e+00	-5.247588e-01
2.519000e-01	-3.668127e+00	-5.301222e-01
2.520000e-01	-3.670682e+00	-5.354820e-01
2.521000e-01	-3.673214e+00	-5.408374e-01
2.522000e-01	-3.675722e+00	-5.461878e-01
2.523000e-01	-3.678206e+00	-5.515325e-01
2.524000e-01	-3.680665e+00	-5.568707e-01
2.525000e-01	-3.683099e+00	-5.622017e-01
2.526000e-01	-3.685507e+00	-5.675251e-01
2.527000e-01	-3.687890e+00	-5.728400e-01
2.528000e-01	-3.690247e+00	-5.781458e-01
2.529000e-01	-3.692578e+00	-5.834421e-01
2.530000e-01	-3.694882e+00	-5.887281e-01
2.531000e-01	-3.697160e+00	-5.940033e-01
2.532000e-01	-3.699412e+00	-5.992672e-01
2.533000e-01	-3.701638e+00	-6.045193e-01
2.534000e-01	-3.703837e+00	-6.097589e-01
2.535000e-01	-3.706010e+00	-6.149856e-01
2.536000e-01	-3.708157e+00	-6.201990e-01
2.537000e-01	-3.710277e+00	-6.253985e-01
2.538000e-01	-3.712372e+00	-6.305838e-01
2.539000e-01	-3.714441e+00	-6.357543e-01
2.540000e-01	-3.716485e+00	-6.409096e-01
2.541000e-01	-3.718504e+00	-6.460494e-01
2.542000e-01	-3.720497e+00	-6.511732e-01
2.543000e-01	-3.722466e+00	-6.562807e-01
2.544000e-01	-3.724411e+00	-6.613714e-01
2.545000e-01	-3.726331e+00	-6.664452e-01
2.546000e-01	-3.728228e+00	-6.715015e-01
2.547000e-01	-3.730101e+00	-6.765402e-01
2.548000e-01	-3.731952e+00	-6.815608e-01
2.549000e-01	-3.733779e+00	-6.865631e-01
2.550000e-01	-3.735584e+00	-6.915468e-01
2.551000e-01	-3.737367e+00	-6.965116e-01
2.552000e-01	-3.739129e+00	-7.014573e-01
2.553000e-01	-3.740868e+00	-7.063836e-01
2.554000e-01	-3.742587e+00	-7.112904e-01
2.555000e-01	-3.744286e+00	-7.161773e-01
2.556000e-01	-3.745963e+00	-7.210441e-01
2.557000e-01	-3.747621e+00	-7.258907e-01
2.558000e-01	-3.749259e+00	-7.307168e-01
2.559000e-01	-3.750878e+00	-7.355223e-01
2.560000e-01	-3.752477e+00	-7.403070e-01
2.561000e-01	-3.754058e+00	-7.450707e-01
2.562000e-01	-3.755620e+00	-7.498133e-01
2.563000e-01	-3.757163e+00	-7.545347e-01
2.564000e-01	-3.758689e+00	-7.592346e-01
2.565000e-01	-3.760197e+00	-7.639129e-01
2.566000e-01	-3.761687e+00	-7.685697e-01
2.567000e-01	-3.763161e+00	-7.732046e-01
2.568000e-01	-3.764617e+00	-7.778176e-01
2.569000e-01	-3.766057e+00	-7.824086e-01
2.570000e-01	-3.767480e+00	-7.869776e-01
2.571000e-01	-3.768887e+00	-7.915243e-01
2.572000e-01	-3.770278e+00	-7.960488e-01
2.573000e-01	-3.771653e+00	-8.005509e-01
2.574000e-01	-3.773013e+00	-8.050305e-01
2.575000e-01	-3.774358e+00	-8.094877e-01
2.576000e-01	-3.775688e+00	-8.139222e-01
2.577000e-01	-3.777004e+00	-8.183341e-01
2.578000e-01	-3.778305e+00	-8.227232e-01
2.579000e-01	-3.779593e+00	-8.270896e-01
2.580000e-01	-3.780866e+00	-8.314330e-01
2.581000e-01	-3.782127e+00	-8.357536e-01
2.582000e-01	-3.783374e+00	-8.400512e-01
2.583000e-01	-3.784609e+00	-8.443257e-01
2.584000e-01	-3.785831e+00	-8.485771e-01
2.585000e-01	-3.787041e+00	-8.528053e-01
2.586000e-01	-3.788240e+00	-8.570103e-01
2.587000e-01	-3.789427e+00	-8.611920e-01
2.588000e-01	-3.790604e+00	-8.653503e-01
2.589000e-01	-3.791770e+00	-8.694852e-01
2.590000e-01	-3.792926e+00	-8.735965e-01
2.591000e-01	-3.794072e+00	-8.776843e-01
2.592000e-01	-3.795209e+00	-8.817483e-01
2.593000e-01	-3.796337e+00	-8.857886e-01
2.594000e-01	-3.797457e+00	-8.898051e-01
2.595000e-01	-3.798569e+00	-8.937976e-01
2.596000e-01	-3.799673e+00	-8.977661e-01
2.597000e-01	-3.800770e+00	-9.017104e-01
2.598000e-01	-3.801861e+00	-9.056304e-01
2.599000e-01	-3.802945e+00	-9.095261e-01
2.600000e-01	-3.804024e+00	-9.133972e-01
2.601000e-01	-3.805098e+00	-9.172437e-01
2.602000e-01	-3.806167e+00	-9.210655e-01
2.603000e-01	-3.807232e+00	-9.248623e-01
2.604000e-01	-3.808294e+00	-9.286340e-01
2.605000e-01	-3.809353e+00	-9.323804e-01
2.606000e-01	-3.810409e+00	-9.361014e-01
2.607000e-01	-3.811463e+00	-9.397968e-01
2.608000e-01	-3.812516e+00	-9.434664e-01
2.609000e-01	-3.813569e+00	-9.471100e-01
2.610000e-01	-3.814621e+00	-9.507274e-01
2.611000e-01	-3.815674e+00	-9.543183e-01
2.612000e-01	-3.816728e+00	-9.578825e-01
2.613000e-01	-3.817784e+00	-9.614199e-01
2.614000e-01	-3.818842e+00	-9.649300e-01
2.615000e-01	-3.819903e+00	-9.684127e-01
2.616000e-01	-3.820968e+00	-9.718676e-01
2.617000e-01	-3.822038e+00	-9.752946e-01
2.618000e-01	-3.823113e+00	-9.786932e-01
2.619000e-01	-3.824195e+00	-9.820633e-01
2.620000e-01	-3.825283e+00	-9.854044e-01
2.621000e-01	-3.826378e+00	-9.887162e-01
2.622000e-01	-3.827482e+00	-9.919984e-01
2.623000e-01	-3.828595e+00	-9.952507e-01
2.624000e-01	-3.829718e+00	-9.984727e-01
2.625000e-01	-3.830852e+00	-1.001664e+00
2.626000e-01	-3.831998e+00	-1.004824e+00
2.627000e-01	-3.833156e+00	-1.007953e+00
2.628000e-01	-3.834328e+00	-1.011050e+00
2.629000e-01	-3.835514e+00	-1.014115e+00
2.630000e-01	-3.836715e+00	-1.017147e+00
2.631000e-01	-3.837932e+00	-1.020145e+00
2.632000e-01	-3.839165e+00	-1.023111e+00
2.633000e-01	-3.840417e+00	-1.026042e+00
2.634000e-01	-3.841687e+00	-1.028939e+00
2.635000e-01	-3.842977e+00	-1.031800e+00
2.636000e-01	-3.844286e+00	-1.034627e+00
2.637000e-01	-3.845617e+00	-1.037417e+00
2.638000e-01	-3.846970e+00	-1.040171e+00
2.639000e-01	-3.848345e+00	-1.042888e+00
2.640000e-01	-3.849744e+00	-1.045568e+00
2.641000e-01	-3.851167e+00	-1.048210e+00
2.642000e-01	-3.852616e+00	-1.050813e+00
2.643000e-01	-3.854089e+00	-1.053377e+00
2.644000e-01	-3.855589e+00	-1.055902e+00
2.645000e-01	-3.857116e+00	-1.058387e+00
2.646000e-01	-3.858670e+00	-1.060830e+00
2.647000e-01	-3.860253e+00	-1.063233e+00
2.648000e-01	-3.861863e+00	-1.065593e+00
2.649000e-01	-3.863503e+00	-1.067912e+00
2.650000e-01	-3.865172e+00	-1.070187e+00
2.651000e-01	-3.866871e+00	-1.072418e+00
2.652000e-01	-3.868600e+00	-1.074605e+00
2.653000e-01	-3.870359e+00	-1.076748e+00
2.654000e-01	-3.872149e+00	-1.078844e+00
2.655000e-01	-3.873969e+00	-1.080895e+00
2.656000e-01	-3.875821e+00	-1.082898e+00
2.657000e-01	-3.877703e+00	-1.084855e+00
2.658000e-01	-3.879616e+00	-1.086763e+00
2.659000e-01	-3.881560e+00	-1.088622e+00
2.660000e-01	-3.883534e+00	-1.090432e+00
2.661000e-01	-3.885539e+00	-1.092191e+00
2.662000e-01	-3.887575e+00	-1.093900e+00
2.663000e-01	-3.889640e+00	-1.095558e+00
2.664000e-01	-3.891736e+00	-1.097163e+00
2.665000e-01	-3.893860e+00	-1.098715e+00
2.666000e-01	-3.896014e+00	-1.100213e+00
2.667000e-01	-3.898196e+00	-1.101658e+00
2.668000e-01	-3.900406e+00	-1.103047e+00
2.669000e-01	-3.902644e+00	-1.104381e+00
2.670000e-01	-3.904908e+00	-1.105658e+00
2.671000e-01	-3.907198e+00	-1.106878e+00
2.672000e-01	-3.909514e+00	-1.108041e+00
2.673000e-01	-3.911855e+00	-1.109145e+00
2.674000e-01	-3.914219e+00	-1.110189e+00
2.675000e-01	-3.916606e+00	-1.111174e+00
2.676000e-01	-3.919015e+00	-1.112099e+00
2.677000e-01	-3.921445e+00	-1.112962e+00
2.678000e-01	-3.923896e+00	-1.113764e+00
2.679000e-01	-3.926365e+00	-1.114502e+00
2.680000e-01	-3.928852e+00	-1.115178e+00
2.681000e-01	-3.931357e+00	-1.115790e+00
2.682000e-01	-3.933877e+00	-1.116337e+00
2.683000e-01	-3.936412e+00	-1.116819e+00
2.684000e-01	-3.938960e+00	-1.117236e+00
2.685000e-01	-3.941520e+00	-1.117585e+00
2.686000e-01	-3.944091e+00	-1.117868e+00
2.687000e-01	-3.946672e+00	-1.118084e+00
2.688000e-01	-3.949261e+00	-1.118231e+00
2.689000e-01	-3.951857e+00	-1.118309e+00
2.690000e-01	-3.954458e+00	-1.118319e+00
2.691000e-01	-3.957064e+00	-1.118258e+00
2.692000e-01	-3.959672e+00	-1.118127e+00
2.693000e-01	-3.962281e+00	-1.117925e+00
2.694000e-01	-3.964890e+00	-1.117651e+00
2.695000e-01	-3.967498e+00	-1.117306e+00
2.696000e-01	-3.970102e+00	-1.116888e+00
2.697000e-01	-3.972702e+00	-1.116397e+00
2.698000e-01	-3.975295e+00	-1.115833e+00
2.699000e-01	-3.977881e+00	-1.115195e+00
2.700000e-01	-3.980457e+00	-1.114483e+00
2.701000e-01	-3.983023e+00	-1.113697e+00
2.702000e-01	-3.985576e+00	-1.112835e+00
2.703000e-01	-3.988116e+00	-1.111898e+00
2.704000e-01	-3.990641e+00	-1.110885e+00
2.705000e-01	-3.993149e+00	-1.109796e+00
2.706000e-01	-3.995639e+00	-1.108631e+00
2.707000e-01	-3.998110e+00	-1.107389e+00
2.708000e-01	-4.000559e+00	-1.106070e+00
2.709000e-01	-4.002987e+00	-1.104673e+00
2.710000e-01	-4.005391e+00	-1.103199e+00
2.711000e-01	-4.007770e+00	-1.101647e+00
2.712000e-01	-4.010124e+00	-1.100017e+00
2.713000e-01	-4.012450e+00	-1.098309e+00
2.714000e-01	-4.014747e+00	-1.096523e+00
2.715000e-01	-4.017015e+00	-1.094658e+00
2.716000e-01	-4.019253e+00	-1.092714e+00
2.717000e-01	-4.021459e+00	-1.090691e+00
2.718000e-01	-4.023632e+00	-1.088589e+00
2.719000e-01	-4.025772e+00	-1.086409e+00
2.720000e-01	-4.027877e+00	-1.084149e+00
2.721000e-01	-4.029947e+00	-1.081810e+00
2.722000e-01	-4.031982e+00	-1.079392e+00
2.723000e-01	-4.033980e+00	-1.076895e+00
2.724000e-01	-4.035941e+00	-1.074319e+00
2.725000e-01	-4.037865e+00	-1.071665e+00
2.726000e-01	-4.039750e+00	-1.068931e+00
2.727000e-01	-4.041597e+00	-1.066119e+00
2.728000e-01	-4.043406e+00	-1.063228e+00
2.729000e-01	-4.045175e+00	-1.060258e+00
2.730000e-01	-4.046905e+00	-1.057211e+00
2.731000e-01	-4.048595e+00	-1.054086e+00
2.732000e-01	-4.050247e+00	-1.050883e+00
2.733000e-01	-4.051859e+00	-1.047603e+00
2.734000e-01	-4.053431e+00	-1.044246e+00
2.735000e-01	-4.054964e+00	-1.040812e+00
2.736000e-01	-4.056459e+00	-1.037302e+00
2.737000e-01	-4.057914e+00	-1.033716e+00
2.738000e-01	-4.059331e+00	-1.030055e+00
2.739000e-01	-4.060710e+00	-1.026319e+00
2.740000e-01	-4.062052e+00	-1.022508e+00
2.741000e-01	-4.063356e+00	-1.018624e+00
2.742000e-01	-4.064623e+00	-1.014666e+00
2.743000e-01	-4.065854e+00	-1.010636e+00
2.744000e-01	-4.067050e+00	-1.006533e+00
2.745000e-01	-4.068211e+00	-1.002359e+00
2.746000e-01	-4.069338e+00	-9.981145e-01
2.747000e-01	-4.070432e+00	-9.937997e-01
2.748000e-01	-4.071494e+00	-9.894154e-01
2.749000e-01	-4.072523e+00	-9.849625e-01
2.750000e-01	-4.073523e+00	-9.804417e-01
2.751000e-01	-4.074492e+00	-9.758538e-01
2.752000e-01	-4.075432e+00	-9.711996e-01
2.753000e-01	-4.076345e+00	-9.664801e-01
2.754000e-01	-4.077231e+00	-9.616960e-01
2.755000e-01	-4.078092e+00	-9.568482e-01
2.756000e-01	-4.078927e+00	-9.519377e-01
2.757000e-01	-4.079740e+00	-9.469653e-01
2.758000e-01	-4.080530e+00	-9.419321e-01
2.759000e-01	-4.081299e+00	-9.368390e-01
2.760000e-01	-4.082048e+00	-9.316871e-01
2.761000e-01	-4.082778e+00	-9.264773e-01
2.762000e-01	-4.083491e+00	-9.212106e-01
2.763000e-01	-4.084188e+00	-9.158883e-01
2.764000e-01	-4.084870e+00	-9.105112e-01
2.765000e-01	-4.085538e+00	-9.050806e-01
2.766000e-01	-4.086194e+00	-8.995976e-01
2.767000e-01	-4.086839e+00	-8.940633e-01
2.768000e-01	-4.087474e+00	-8.884788e-01
2.769000e-01	-4.088101e+00	-8.828455e-01
2.770000e-01	-4.088721e+00	-8.771644e-01
2.771000e-01	-4.089335e+00	-8.714367e-01
2.772000e-01	-4.089945e+00	-8.656638e-01
2.773000e-01	-4.090551e+00	-8.598469e-01
2.774000e-01	-4.091156e+00	-8.539873e-01
2.775000e-01	-4.091760e+00	-8.480862e-01
2.776000e-01	-4.092365e+00	-8.421450e-01
2.777000e-01	-4.092973e+00	-8.361651e-01
2.778000e-01	-4.093583e+00	-8.301476e-01
2.779000e-01	-4.094198e+00	-8.240941e-01
2.780000e-01	-4.094819e+00	-8.180058e-01
2.781000e-01	-4.095448e+00	-8.118842e-01
2.782000e-01	-4.096084e+00	-8.057307e-01
2.783000e-01	-4.096730e+00	-7.995467e-01
2.784000e-01	-4.097386e+00	-7.933335e-01
2.785000e-01	-4.098054e+00	-7.870928e-01
2.786000e-01	-4.098734e+00	-7.808258e-01
2.787000e-01	-4.099429e+00	-7.745340e-01
2.788000e-01	-4.100138e+00	-7.682190e-01
2.789000e-01	-4.100863e+00	-7.618821e-01
2.790000e-01	-4.101605e+00	-7.555249e-01
2.791000e-01	-4.102364e+00	-7.491488e-01
2.792000e-01	-4.103142e+00	-7.427553e-01
2.793000e-01	-4.103939e+00	-7.363459e-01
2.794000e-01	-4.104756e+00	-7.299220e-01
2.795000e-01	-4.105594e+00	-7.234852e-01
2.796000e-01	-4.106454e+00	-7.170369e-01
2.797000e-01	-4.107336e+00	-7.105787e-01
2.798000e-01	-4.108241e+00	-7.041119e-01
2.799000e-01	-4.109170e+00	-6.976381e-01
2.800000e-01	-4.110122e+00	-6.911587e-01
2.801000e-01	-4.111100e+00	-6.846752e-01
2.802000e-01	-4.112102e+00	-6.781890e-01
2.803000e-01	-4.113131e+00	-6.717016e-01
2.804000e-01	-4.114185e+00	-6.652143e-01
2.805000e-01	-4.115266e+00	-6.587287e-01
2.806000e-01	-4.116374e+00	-6.522461e-01
2.807000e-01	-4.117509e+00	-6.457679e-01
2.808000e-01	-4.118672e+00	-6.392956e-01
2.809000e-01	-4.119862e+00	-6.328304e-01
2.810000e-01	-4.121081e+00	-6.263737e-01
2.811000e-01	-4.122328e+00	-6.199269e-01
2.812000e-01	-4.123603e+00	-6.134913e-01
2.813000e-01	-4.124908e+00	-6.070682e-01
2.814000e-01	-4.126241e+00	-6.006589e-01
2.815000e-01	-4.127603e+00	-5.942646e-01
2.816000e-01	-4.128994e+00	-5.878868e-01
2.817000e-01	-4.130415e+00	-5.815265e-01
2.818000e-01	-4.131865e+00	-5.751850e-01
2.819000e-01	-4.133344e+00	-5.688635e-01
2.820000e-01	-4.134853e+00	-5.625633e-01
2.821000e-01	-4.136392e+00	-5.562855e-01
2.822000e-01	-4.137960e+00	-5.500312e-01
2.823000e-01	-4.139557e+00	-5.438016e-01
2.824000e-01	-4.141184e+00	-5.375978e-01
2.825000e-01	-4.142840e+00	-5.314209e-01
2.826000e-01	-4.144526e+00	-5.252720e-01
2.827000e-01	-4.146241e+00	-5.191522e-01
2.828000e-01	-4.147986e+00	-5.130625e-01
2.829000e-01	-4.149759e+00	-5.070040e-01
2.830000e-01	-4.151562e+00	-5.009775e-01
2.831000e-01	-4.153393e+00	-4.949842e-01
2.832000e-01	-4.155254e+00	-4.890250e-01
2.833000e-01	-4.157143e+00	-4.831008e-01
2.834000e-01	-4.159061e+00	-4.772126e-01
2.835000e-01	-4.161007e+00	-4.713612e-01
2.836000e-01	-4.162981e+00	-4.655476e-01
2.837000e-01	-4.164984e+00	-4.597725e-01
2.838000e-01	-4.167014e+00	-4.540369e-01
2.839000e-01	-4.169071e+00	-4.483415e-01
2.840000e-01	-4.171156e+00	-4.426871e-01
2.841000e-01	-4.173269e+00	-4.370746e-01
2.842000e-01	-4.175408e+00	-4.315045e-01
2.843000e-01	-4.177573e+00	-4.259777e-01
2.844000e-01	-4.179765e+00	-4.204949e-01
2.845000e-01	-4.181982e+00	-4.150567e-01
2.846000e-01	-4.184226e+00	-4.096637e-01
2.847000e-01	-4.186494e+00	-4.043166e-01
2.848000e-01	-4.188788e+00	-3.990159e-01
2.849000e-01	-4.191106e+00	-3.937623e-01
2.850000e-01	-4.193449e+00	-3.885563e-01
2.851000e-01	-4.195815e+00	-3.833983e-01
2.852000e-01	-4.198205e+00	-3.782890e-01
2.853000e-01	-4.200618e+00	-3.732287e-01
2.854000e-01	-4.203054e+00	-3.682179e-01
2.855000e-01	-4.205512e+00	-3.632570e-01
2.856000e-01	-4.207992e+00	-3.583464e-01
2.857000e-01	-4.210493e+00	-3.534866e-01
2.858000e-01	-4.213015e+00	-3.486778e-01
2.859000e-01	-4.215558e+00	-3.439204e-01
2.860000e-01	-4.218120e+00	-3.392146e-01
2.861000e-01	-4.220702e+00	-3.345609e-01
2.862000e-01	-4.223303e+00	-3.299594e-01
2.863000e-01	-4.225923e+00	-3.254104e-01
2.864000e-01	-4.228560e+00	-3.209141e-01
2.865000e-01	-4.231215e+00	-3.164707e-01
2.866000e-01	-4.233887e+00	-3.120806e-01
2.867000e-01	-4.236575e+00	-3.077437e-01
2.868000e-01	-4.239278e+00	-3.034603e-01
2.869000e-01	-4.241997e+00	-2.992306e-01
2.870000e-01	-4.244730e+00	-2.950546e-01
2.871000e-01	-4.247477e+00	-2.909325e-01
2.872000e-01	-4.250238e+00	-2.868645e-01
2.873000e-01	-4.253010e+00	-2.828505e-01
2.874000e-01	-4.255795e+00	-2.788908e-01
2.875000e-01	-4.258591e+00	-2.749853e-01
2.876000e-01	-4.261397e+00	-2.711342e-01
2.877000e-01	-4.264213e+00	-2.673376e-01
2.878000e-01	-4.267038e+00	-2.635954e-01
2.879000e-01	-4.269872e+00	-2.599077e-01
2.880000e-01	-4.272712e+00	-2.562746e-01
2.881000e-01	-4.275560e+00	-2.526960e-01
2.882000e-01	-4.278413e+00	-2.491721e-01
2.883000e-01	-4.281271e+00	-2.457028e-01
2.884000e-01	-4.284134e+00	-2.422882e-01
2.885000e-01	-4.287000e+00	-2.389282e-01
2.886000e-01	-4.289868e+00	-2.356229e-01
2.887000e-01	-4.292737e+00	-2.323723e-01
2.888000e-01	-4.295607e+00	-2.291763e-01
2.889000e-01	-4.298477e+00	-2.260349e-01
2.890000e-01	-4.301346e+00	-2.229482e-01
2.891000e-01	-4.304212e+00	-2.199160e-01
2.892000e-01	-4.307075e+00	-2.169384e-01
2.893000e-01	-4.309933e+00	-2.140153e-01
2.894000e-01	-4.312786e+00	-2.111468e-01
2.895000e-01	-4.315633e+00	-2.083327e-01
2.896000e-01	-4.318473e+00	-2.055730e-01
2.897000e-01	-4.321304e+00	-2.028676e-01
2.898000e-01	-4.324126e+00	-2.002166e-01
2.899000e-01	-4.326938e+00	-1.976198e-01
2.900000e-01	-4.329738e+00	-1.950772e-01
2.901000e-01	-4.332525e+00	-1.925887e-01
2.902000e-01	-4.335299e+00	-1.901543e-01
2.903000e-01	-4.338058e+00	-1.877738e-01
2.904000e-01	-4.340802e+00	-1.854473e-01
2.905000e-01	-4.343529e+00	-1.831746e-01
2.906000e-01	-4.346239e+00	-1.809556e-01
2.907000e-01	-4.348929e+00	-1.787904e-01
2.908000e-01	-4.351601e+00	-1.766787e-01
2.909000e-01	-4.354251e+00	-1.746206e-01
2.910000e-01	-4.356880e+00	-1.726159e-01
2.911000e-01	-4.359487e+00	-1.706644e-01
2.912000e-01	-4.362070e+00	-1.687661e-01
2.913000e-01	-4.364628e+00	-1.669209e-01
2.914000e-01	-4.367161e+00	-1.651287e-01
2.915000e-01	-4.369668e+00	-1.633892e-01
2.916000e-01	-4.372148e+00	-1.617026e-01
2.917000e-01	-4.374600e+00	-1.600686e-01
2.918000e-01	-4.377024e+00	-1.584872e-01
2.919000e-01	-4.379418e+00	-1.569584e-01
2.920000e-01	-4.381782e+00	-1.554820e-01
2.921000e-01	-4.384115e+00	-1.540580e-01
2.922000e-01	-4.386418e+00	-1.526864e-01
2.923000e-01	-4.388688e+00	-1.513670e-01
2.924000e-01	-4.390925e+00	-1.500991e-01
2.925000e-01	-4.393126e+00	-1.488793e-01
2.926000e-01	-4.395289e+00	-1.477041e-01
2.927000e-01	-4.397410e+00	-1.465702e-01
2.928000e-01	-4.399487e+00	-1.454740e-01
2.929000e-01	-4.401517e+00	-1.444124e-01
2.930000e-01	-4.403497e+00	-1.433820e-01
2.931000e-01	-4.405426e+00	-1.423797e-01
2.932000e-01	-4.407301e+00	-1.414025e-01
2.933000e-01	-4.409120e+00	-1.404476e-01
2.934000e-01	-4.410881e+00	-1.395122e-01
2.935000e-01	-4.412583e+00	-1.385939e-01
2.936000e-01	-4.414225e+00	-1.376903e-01
2.937000e-01	-4.415804e+00	-1.367993e-01
2.938000e-01	-4.417321e+00	-1.359189e-01
2.939000e-01	-4.418774e+00	-1.350474e-01
2.940000e-01	-4.420163e+00	-1.341832e-01
2.941000e-01	-4.421488e+00	-1.333253e-01
2.942000e-01	-4.422748e+00	-1.324724e-01
2.943000e-01	-4.423945e+00	-1.316239e-01
2.944000e-01	-4.425079e+00	-1.307792e-01
2.945000e-01	-4.426150e+00	-1.299380e-01
2.946000e-01	-4.427160e+00	-1.291004e-01
2.947000e-01	-4.428110e+00	-1.282666e-01
2.948000e-01	-4.429003e+00	-1.274371e-01
2.949000e-01	-4.429838e+00	-1.266127e-01
2.950000e-01	-4.430620e+00	-1.257943e-01
2.951000e-01	-4.431350e+00	-1.249831e-01
2.952000e-01	-4.432031e+00	-1.241807e-01
2.953000e-01	-4.432666e+00	-1.233888e-01
2.954000e-01	-4.433257e+00	-1.226092e-01
2.955000e-01	-4.433809e+00	-1.218442e-01
2.956000e-01	-4.434323e+00	-1.210960e-01
2.957000e-01	-4.434805e+00	-1.203672e-01
2.958000e-01	-4.435258e+00	-1.196604e-01
2.959000e-01	-4.435685e+00	-1.189786e-01
2.960000e-01	-4.436091e+00	-1.183247e-01
2.961000e-01	-4.436479e+00	-1.177019e-01
2.962000e-01	-4.436855e+00	-1.171133e-01
2.963000e-01	-4.437221e+00	-1.165624e-01
2.964000e-01	-4.437583e+00	-1.160525e-01
2.965000e-01	-4.437944e+00	-1.155870e-01
2.966000e-01	-4.438310e+00	-1.151696e-01
2.967000e-01	-4.438683e+00	-1.148037e-01
2.968000e-01	-4.439069e+00	-1.144928e-01
2.969000e-01	-4.439471e+00	-1.142405e-01
2.970000e-01	-4.439893e+00	-1.140503e-01
2.971000e-01	-4.440340e+00	-1.139257e-01
2.972000e-01	-4.440816e+00	-1.138698e-01
2.973000e-01	-4.441324e+00	-1.138861e-01
2.974000e-01	-4.441867e+00	-1.139776e-01
2.975000e-01	-4.442449e+00	-1.141473e-01
2.976000e-01	-4.443072e+00	-1.143978e-01
2.977000e-01	-4.443741e+00	-1.147313e-01
2.978000e-01	-4.444456e+00	-1.151498e-01
2.979000e-01	-4.445220e+00	-1.156548e-01
2.980000e-01	-4.446034e+00	-1.162473e-01
2.981000e-01	-4.446899e+00	-1.169279e-01
2.982000e-01	-4.447816e+00	-1.176966e-01
2.983000e-01	-4.448786e+00	-1.185533e-01
2.984000e-01	-4.449807e+00	-1.194971e-01
2.985000e-01	-4.450880e+00	-1.205267e-01
2.986000e-01	-4.452002e+00	-1.216406e-01
2.987000e-01	-4.453174e+00	-1.228368e-01
2.988000e-01	-4.454393e+00	-1.241128e-01
2.989000e-01	-4.455657e+00	-1.254661e-01
2.990000e-01	-4.456964e+00	-1.268937e-01
2.991000e-01	-4.458311e+00	-1.283926e-01
2.992000e-01	-4.459696e+00	-1.299592e-01
2.993000e-01	-4.461116e+00	-1.315903e-01
2.994000e-01	-4.462568e+00	-1.332824e-01
2.995000e-01	-4.464048e+00	-1.350323e-01
2.996000e-01	-4.465555e+00	-1.368362e-01
2.997000e-01	-4.467085e+00	-1.386911e-01
2.998000e-01	-4.468635e+00	-1.405938e-01
2.999000e-01	-4.470203e+00	-1.425414e-01
3.000000e-01	-4.471785e+00	-1.445313e-01
3.001000e-01	-4.473380e+00	-1.465612e-01
3.002000e-01	-4.474985e+00	-1.486290e-01
3.003000e-01	-4.476598e+00	-1.507333e-01
3.004000e-01	-4.478218e+00	-1.528727e-01
3.005000e-01	-4.479844e+00	-1.550464e-01
3.006000e-01	-4.481473e+00	-1.572540e-01
3.007000e-01	-4.483106e+00	-1.594956e-01
3.008000e-01	-4.484741e+00	-1.617715e-01
3.009000e-01	-4.486380e+00	-1.640827e-01
3.010000e-01	-4.488020e+00	-1.664303e-01
3.011000e-01	-4.489664e+00	-1.688160e-01
3.012000e-01	-4.491311e+00	-1.712417e-01
3.013000e-01	-4.492962e+00	-1.737098e-01
3.014000e-01	-4.494618e+00	-1.762227e-01
3.015000e-01	-4.496280e+00	-1.787830e-01
3.016000e-01	-4.497950e+00	-1.813936e-01
3.017000e-01	-4.499628e+00	-1.840574e-01
3.018000e-01	-4.501316e+00	-1.867775e-01
3.019000e-01	-4.503015e+00	-1.895570e-01
3.020000e-01	-4.504727e+00	-1.923987e-01
3.021000e-01	-4.506452e+00	-1.953057e-01
3.022000e-01	-4.508192e+00	-1.982808e-01
3.023000e-01	-4.509948e+00	-2.013264e-01
3.024000e-01	-4.511720e+00	-2.044449e-01
3.025000e-01	-4.513510e+00	-2.076385e-01
3.026000e-01	-4.515317e+00	-2.109088e-01
3.027000e-01	-4.517142e+00	-2.142573e-01
3.028000e-01	-4.518984e+00	-2.176850e-01
3.029000e-01	-4.520844e+00	-2.211926e-01
3.030000e-01	-4.522720e+00	-2.247803e-01
3.031000e-01	-4.524612e+00	-2.284479e-01
3.032000e-01	-4.526518e+00	-2.321949e-01
3.033000e-01	-4.528436e+00	-2.360203e-01
3.034000e-01	-4.530366e+00	-2.399227e-01
3.035000e-01	-4.532305e+00	-2.439004e-01
3.036000e-01	-4.534251e+00	-2.479514e-01
3.037000e-01	-4.536202e+00	-2.520732e-01
3.038000e-01	-4.538154e+00	-2.562630e-01
3.039000e-01	-4.540105e+00	-2.605181e-01
3.040000e-01	-4.542053e+00	-2.648353e-01
3.041000e-01	-4.543995e+00	-2.692112e-01
3.042000e-01	-4.545927e+00	-2.736426e-01
3.043000e-01	-4.547848e+00	-2.781259e-01
3.044000e-01	-4.549753e+00	-2.826577e-01
3.045000e-01	-4.551641e+00	-2.872346e-01
3.046000e-01	-4.553509e+00	-2.918532e-01
3.047000e-01	-4.555354e+00	-2.965105e-01
3.048000e-01	-4.557174e+00	-3.012033e-01
3.049000e-01	-4.558968e+00	-3.059289e-01
3.050000e-01	-4.560734e+00	-3.106847e-01
3.051000e-01	-4.562470e+00	-3.154686e-01
3.052000e-01	-4.564175e+00	-3.202786e-01
3.053000e-01	-4.565849e+00	-3.251132e-01
3.054000e-01	-4.567490e+00	-3.299711e-01
3.055000e-01	-4.569100e+00	-3.348515e-01
3.056000e-01	-4.570677e+00	-3.397539e-01
3.057000e-01	-4.572223e+00	-3.446782e-01
3.058000e-01	-4.573738e+00	-3.496246e-01
3.059000e-01	-4.575224e+00	-3.545938e-01
3.060000e-01	-4.576682e+00	-3.595865e-01
3.061000e-01	-4.578114e+00	-3.646041e-01
3.062000e-01	-4.579521e+00	-3.696480e-01
3.063000e-01	-4.580906e+00	-3.747200e-01
3.064000e-01	-4.582271e+00	-3.798218e-01
3.065000e-01	-4.583619e+00	-3.849557e-01
3.066000e-01	-4.584951e+00	-3.901236e-01
3.067000e-01	-4.586271e+00	-3.953279e-01
3.068000e-01	-4.587582e+00	-4.005708e-01
3.069000e-01	-4.588885e+00	-4.058545e-01
3.070000e-01	-4.590184e+00	-4.111810e-01
3.071000e-01	-4.591481e+00	-4.165524e-01
3.072000e-01	-4.592777e+00	-4.219703e-01
3.073000e-01	-4.594076e+00	-4.274367e-01
3.074000e-01	-4.595379e+00	-4.329530e-01
3.075000e-01	-4.596687e+00	-4.385206e-01
3.076000e-01	-4.598002e+00	-4.441404e-01
3.077000e-01	-4.599325e+00	-4.498130e-01
3.078000e-01	-4.600656e+00	-4.555386e-01
3.079000e-01	-4.601996e+00	-4.613171e-01
3.080000e-01	-4.603346e+00	-4.671478e-01
3.081000e-01	-4.604705e+00	-4.730299e-01
3.082000e-01	-4.606073e+00	-4.789619e-01
3.083000e-01	-4.607449e+00	-4.849422e-01
3.084000e-01	-4.608834e+00	-4.909685e-01
3.085000e-01	-4.610226e+00	-4.970384e-01
3.086000e-01	-4.611625e+00	-5.031491e-01
3.087000e-01	-4.613029e+00	-5.092974e-01
3.088000e-01	-4.614438e+00	-5.154800e-01
3.089000e-01	-4.615849e+00	-5.216932e-01
3.090000e-01	-4.617261e+00	-5.279334e-01
3.091000e-01	-4.618675e+00	-5.341966e-01
3.092000e-01	-4.620086e+00	-5.404789e-01
3.093000e-01	-4.621496e+00	-5.467761e-01
3.094000e-01	-4.622902e+00	-5.530844e-01
3.095000e-01	-4.624303e+00	-5.593997e-01
3.096000e-01	-4.625699e+00	-5.657183e-01
3.097000e-01	-4.627087e+00	-5.720365e-01
3.098000e-01	-4.628469e+00	-5.783507e-01
3.099000e-01	-4.629842e+00	-5.846579e-01
3.100000e-01	-4.631207e+00	-5.909549e-01
3.101000e-01	-4.632564e+00	-5.972391e-01
3.102000e-01	-4.633912e+00	-6.035081e-01
3.103000e-01	-4.635252e+00	-6.097600e-01
3.104000e-01	-4.636584e+00	-6.159930e-01
3.105000e-01	-4.637910e+00	-6.222059e-01
3.106000e-01	-4.639229e+00	-6.283978e-01
3.107000e-01	-4.640544e+00	-6.345679e-01
3.108000e-01	-4.641855e+00	-6.407161e-01
3.109000e-01	-4.643164e+00	-6.468425e-01
3.110000e-01	-4.644472e+00	-6.529474e-01
3.111000e-01	-4.645782e+00	-6.590316e-01
3.112000e-01	-4.647094e+00	-6.650958e-01
3.113000e-01	-4.648412e+00	-6.711414e-01
3.114000e-01	-4.649737e+00	-6.771694e-01
3.115000e-01	-4.651071e+00	-6.831815e-01
3.116000e-01	-4.652416e+00	-6.891790e-01
3.117000e-01	-4.653774e+00	-6.951635e-01
3.118000e-01	-4.655146e+00	-7.011366e-01
3.119000e-01	-4.656536e+00	-7.070997e-01
3.120000e-01	-4.657945e+00	-7.130543e-01
3.121000e-01	-4.659373e+00	-7.190018e-01
3.122000e-01	-4.660820e+00	-7.249445e-01
3.123000e-01	-4.662286e+00	-7.308846e-01
3.124000e-01	-4.663768e+00	-7.368244e-01
3.125000e-01	-4.665265e+00	-7.427656e-01
3.126000e-01	-4.666775e+00	-7.487096e-01
3.127000e-01	-4.668297e+00	-7.546576e-01
3.128000e-01	-4.669828e+00	-7.606102e-01
3.129000e-01	-4.671367e+00	-7.665679e-01
3.130000e-01	-4.672911e+00	-7.725306e-01
3.131000e-01	-4.674459e+00	-7.784979e-01
3.132000e-01	-4.676007e+00	-7.844691e-01
3.133000e-01	-4.677554e+00	-7.904427e-01
3.134000e-01	-4.679097e+00	-7.964175e-01
3.135000e-01	-4.680635e+00	-8.023913e-01
3.136000e-01	-4.682166e+00	-8.083620e-01
3.137000e-01	-4.683687e+00	-8.143269e-01
3.138000e-01	-4.685196e+00	-8.202834e-01
3.139000e-01	-4.686694e+00	-8.262283e-01
3.140000e-01	-4.688177e+00	-8.321584e-01
3.141000e-01	-4.689645e+00	-8.380703e-01
3.142000e-01	-4.691098e+00	-8.439605e-01
3.143000e-01	-4.692535e+00	-8.498252e-01
3.144000e-01	-4.693956e+00	-8.556609e-01
3.145000e-01	-4.695361e+00	-8.614639e-01
3.146000e-01	-4.696751e+00	-8.672306e-01
3.147000e-01	-4.698128e+00	-8.729573e-01
3.148000e-01	-4.699492e+00	-8.786408e-01
3.149000e-01	-4.700847e+00	-8.842775e-01
3.150000e-01	-4.702193e+00	-8.898644e-01
3.151000e-01	-4.703535e+00	-8.953986e-01
3.152000e-01	-4.704875e+00	-9.008772e-01
3.153000e-01	-4.706217e+00	-9.062977e-01
3.154000e-01	-4.707565e+00	-9.116578e-01
3.155000e-01	-4.708924e+00	-9.169554e-01
3.156000e-01	-4.710297e+00	-9.221889e-01
3.157000e-01	-4.711691e+00	-9.273565e-01
3.158000e-01	-4.713110e+00	-9.324571e-01
3.159000e-01	-4.714559e+00	-9.374894e-01
3.160000e-01	-4.716043e+00	-9.424527e-01
3.161000e-01	-4.717570e+00	-9.473462e-01
3.162000e-01	-4.719143e+00	-9.521695e-01
3.163000e-01	-4.720769e+00	-9.569223e-01
3.164000e-01	-4.722453e+00	-9.616043e-01
3.165000e-01	-4.724201e+00	-9.662156e-01
3.166000e-01	-4.726017e+00	-9.707563e-01
3.167000e-01	-4.727905e+00	-9.752266e-01
3.168000e-01	-4.729871e+00	-9.796267e-01
3.169000e-01	-4.731918e+00	-9.839572e-01
3.170000e-01	-4.734049e+00	-9.882186e-01
3.171000e-01	-4.736266e+00	-9.924114e-01
3.172000e-01	-4.738572e+00	-9.965362e-01
3.173000e-01	-4.740967e+00	-1.000594e+00
3.174000e-01	-4.743453e+00	-1.004584e+00
3.175000e-01	-4.746027e+00	-1.008509e+00
3.176000e-01	-4.748691e+00	-1.012368e+00
3.177000e-01	-4.751441e+00	-1.016163e+00
3.178000e-01	-4.754275e+00	-1.019893e+00
3.179000e-01	-4.757190e+00	-1.023559e+00
3.180000e-01	-4.760181e+00	-1.027162e+00
3.181000e-01	-4.763246e+00	-1.030701e+00
3.182000e-01	-4.766378e+00	-1.034177e+00
3.183000e-01	-4.769572e+00	-1.037590e+00
3.184000e-01	-4.772823e+00	-1.040940e+00
3.185000e-01	-4.776124e+00	-1.044227e+00
3.186000e-01	-4.779469e+00	-1.047450e+00
3.187000e-01	-4.782850e+00	-1.050609e+00
3.188000e-01	-4.786263e+00	-1.053703e+00
3.189000e-01	-4.789699e+00	-1.056732e+00
3.190000e-01	-4.793153e+00	-1.059695e+00
3.191000e-01	-4.796618e+00	-1.062591e+00
3.192000e-01	-4.800088e+00	-1.065419e+00
3.193000e-01	-4.803557e+00	-1.068178e+00
3.194000e-01	-4.807020e+00	-1.070866e+00
3.195000e-01	-4.810471e+00	-1.073484e+00
3.196000e-01	-4.813906e+00	-1.076029e+00
3.197000e-01	-4.817322e+00	-1.078501e+00
3.198000e-01	-4.820714e+00	-1.080898e+00
3.199000e-01	-4.824079e+00	-1.083219e+00
3.200000e-01	-4.827416e+00	-1.085463e+00
3.201000e-01	-4.830722e+00	-1.087630e+00
3.202000e-01	-4.833997e+00	-1.089717e+00
3.203000e-01	-4.837239e+00	-1.091725e+00
3.204000e-01	-4.840448e+00	-1.093653e+00
3.205000e-01	-4.843624e+00	-1.095499e+00
3.206000e-01	-4.846769e+00	-1.097265e+00
3.207000e-01	-4.849883e+00	-1.098948e+00
3.208000e-01	-4.852966e+00	-1.100550e+00
3.209000e-01	-4.856022e+00	-1.102069e+00
3.210000e-01	-4.859051e+00	-1.103507e+00
3.211000e-01	-4.862055e+00	-1.104864e+00
3.212000e-01	-4.865035e+00	-1.106140e+00
3.213000e-01	-4.867995e+00	-1.107335e+00
3.214000e-01	-4.870934e+00	-1.108452e+00
3.215000e-01	-4.873856e+00	-1.109489e+00
3.216000e-01	-4.876760e+00	-1.110450e+00
3.217000e-01	-4.879648e+00	-1.111333e+00
3.218000e-01	-4.882520e+00	-1.112142e+00
3.219000e-01	-4.885378e+00	-1.112878e+00
3.220000e-01	-4.888219e+00	-1.113541e+00
3.221000e-01	-4.891044e+00	-1.114133e+00
3.222000e-01	-4.893852e+00	-1.114655e+00
3.223000e-01	-4.896641e+00	-1.115110e+00
3.224000e-01	-4.899410e+00	-1.115499e+00
3.225000e-01	-4.902155e+00	-1.115822e+00
3.226000e-01	-4.904874e+00	-1.116082e+00
3.227000e-01	-4.907564e+00	-1.116279e+00
3.228000e-01	-4.910221e+00	-1.116415e+00
3.229000e-01	-4.912841e+00	-1.116490e+00
3.230000e-01	-4.915420e+00	-1.116507e+00
3.231000e-01	-4.917955e+00	-1.116464e+00
3.232000e-01	-4.920439e+00	-1.116364e+00
3.233000e-01	-4.922870e+00	-1.116207e+00
3.234000e-01	-4.925242e+00	-1.115992e+00
3.235000e-01	-4.927551e+00	-1.115721e+00
3.236000e-01	-4.929793e+00	-1.115393e+00
3.237000e-01	-4.931964e+00	-1.115008e+00
3.238000e-01	-4.934059e+00	-1.114565e+00
3.239000e-01	-4.936076e+00	-1.114065e+00
3.240000e-01	-4.938011e+00	-1.113506e+00
3.241000e-01	-4.939862e+00	-1.112888e+00
3.242000e-01	-4.941627e+00	-1.112211e+00
3.243000e-01	-4.943303e+00	-1.111472e+00
3.244000e-01	-4.944891e+00	-1.110672e+00
3.245000e-01	-4.946389e+00	-1.109810e+00
3.246000e-01	-4.947799e+00	-1.108884e+00
3.247000e-01	-4.949120e+00	-1.107893e+00
3.248000e-01	-4.950354e+00	-1.106836e+00
3.249000e-01	-4.951503e+00	-1.105713e+00
3.250000e-01	-4.952570e+00	-1.104522e+00
3.251000e-01	-4.953557e+00	-1.103262e+00
3.252000e-01	-4.954469e+00	-1.101934e+00
3.253000e-01	-4.955310e+00	-1.100535e+00
3.254000e-01	-4.956083e+00	-1.099067e+00
3.255000e-01	-4.956794e+00	-1.097528e+00
3.256000e-01	-4.957448e+00	-1.095918e+00
3.257000e-01	-4.958050e+00	-1.094237e+00
3.258000e-01	-4.958605e+00	-1.092486e+00
3.259000e-01	-4.959120e+00	-1.090665e+00
3.260000e-01	-4.959600e+00	-1.088774e+00
3.261000e-01	-4.960050e+00	-1.086814e+00
3.262000e-01	-4.960475e+00	-1.084786e+00
3.263000e-01	-4.960882e+00	-1.082691e+00
3.264000e-01	-4.961274e+00	-1.080530e+00
3.265000e-01	-4.961658e+00	-1.078304e+00
3.266000e-01	-4.962036e+00	-1.076015e+00
3.267000e-01	-4.962413e+00	-1.073665e+00
3.268000e-01	-4.962793e+00	-1.071254e+00
3.269000e-01	-4.963178e+00	-1.068786e+00
3.270000e-01	-4.963572e+00	-1.066261e+00
3.271000e-01	-4.963976e+00	-1.063681e+00
3.272000e-01	-4.964392e+00	-1.061048e+00
3.273000e-01	-4.964822e+00	-1.058364e+00
3.274000e-01	-4.965267e+00	-1.055631e+00
3.275000e-01	-4.965726e+00	-1.052850e+00
3.276000e-01	-4.966200e+00	-1.050022e+00
3.277000e-01	-4.966688e+00	-1.047149e+00
3.278000e-01	-4.967189e+00	-1.044233e+00
3.279000e-01	-4.967704e+00	-1.041275e+00
3.280000e-01	-4.968229e+00	-1.038275e+00
3.281000e-01	-4.968765e+00	-1.035234e+00
3.282000e-01	-4.969310e+00	-1.032154e+00
3.283000e-01	-4.969861e+00	-1.029034e+00
3.284000e-01	-4.970418e+00	-1.025875e+00
3.285000e-01	-4.970979e+00	-1.022676e+00
3.286000e-01	-4.971543e+00	-1.019439e+00
3.287000e-01	-4.972108e+00	-1.016163e+00
3.288000e-01	-4.972673e+00	-1.012847e+00
3.289000e-01	-4.973238e+00	-1.009491e+00
3.290000e-01	-4.973801e+00	-1.006094e+00
3.291000e-01	-4.974364e+00	-1.002655e+00
3.292000e-01	-4.974926e+00	-9.991745e-01
3.293000e-01	-4.975487e+00	-9.956502e-01
3.294000e-01	-4.976048e+00	-9.920817e-01
3.295000e-01	-4.976611e+00	-9.884678e-01
3.296000e-01	-4.977178e+00	-9.848076e-01
3.297000e-01	-4.977749e+00	-9.811000e-01
3.298000e-01	-4.978328e+00	-9.773441e-01
3.299000e-01	-4.978917e+00	-9.735391e-01
3.300000e-01	-4.979518e+00	-9.696841e-01
3.301000e-01	-4.980136e+00	-9.657784e-01
3.302000e-01	-4.980772e+00	-9.618214e-01
3.303000e-01	-4.981431e+00	-9.578128e-01
3.304000e-01	-4.982117e+00	-9.537522e-01
3.305000e-01	-4.982832e+00	-9.496396e-01
3.306000e-01	-4.983580e+00	-9.454749e-01
3.307000e-01	-4.984366e+00	-9.412586e-01
3.308000e-01	-4.985191e+00	-9.369909e-01
3.309000e-01	-4.986059e+00	-9.326726e-01
3.310000e-01	-4.986974e+00	-9.283044e-01
3.311000e-01	-4.987938e+00	-9.238873e-01
3.312000e-01	-4.988954e+00	-9.194224e-01
3.313000e-01	-4.990023e+00	-9.149112e-01
3.314000e-01	-4.991147e+00	-9.103549e-01
3.315000e-01	-4.992328e+00	-9.057552e-01
3.316000e-01	-4.993566e+00	-9.011138e-01
3.317000e-01	-4.994862e+00	-8.964323e-01
3.318000e-01	-4.996215e+00	-8.917126e-01
3.319000e-01	-4.997626e+00	-8.869565e-01
3.320000e-01	-4.999093e+00	-8.821659e-01
3.321000e-01	-5.000615e+00	-8.773426e-01
3.322000e-01	-5.002190e+00	-8.724885e-01
3.323000e-01	-5.003817e+00	-8.676052e-01
3.324000e-01	-5.005491e+00	-8.626945e-01
3.325000e-01	-5.007212e+00	-8.577579e-01
3.326000e-01	-5.008975e+00	-8.527969e-01
3.327000e-01	-5.010777e+00	-8.478127e-01
3.328000e-01	-5.012616e+00	-8.428065e-01
3.329000e-01	-5.014487e+00	-8.377793e-01
3.330000e-01	-5.016386e+00	-8.327319e-01
3.331000e-01	-5.018311e+00	-8.276648e-01
3.332000e-01	-5.020257e+00	-8.225786e-01
3.333000e-01	-5.022221e+00	-8.174734e-01
3.334000e-01	-5.024199e+00	-8.123494e-01
3.335000e-01	-5.026189e+00	-8.072063e-01
3.336000e-01	-5.028187e+00	-8.020439e-01
3.337000e-01	-5.030191e+00	-7.968618e-01
3.338000e-01	-5.032198e+00	-7.916592e-01
3.339000e-01	-5.034206e+00	-7.864356e-01
3.340000e-01	-5.036214e+00	-7.811900e-01
3.341000e-01	-5.038220e+00	-7.759216e-01
3.342000e-01	-5.040222e+00	-7.706293e-01
3.343000e-01	-5.042222e+00	-7.653122e-01
3.344000e-01	-5.044217e+00	-7.599691e-01
3.345000e-01	-5.046209e+00	-7.545991e-01
3.346000e-01	-5.048197e+00	-7.492011e-01
3.347000e-01	-5.050183e+00	-7.437743e-01
3.348000e-01	-5.052167e+00	-7.383177e-01
3.349000e-01	-5.054151e+00	-7.328306e-01
3.350000e-01	-5.056136e+00	-7.273124e-01
3.351000e-01	-5.058124e+00	-7.217625e-01
3.352000e-01	-5.060116e+00	-7.161808e-01
3.353000e-01	-5.062116e+00	-7.105669e-01
3.354000e-01	-5.064123e+00	-7.049211e-01
3.355000e-01	-5.066142e+00	-6.992435e-01
3.356000e-01	-5.068172e+00	-6.935345e-01
3.357000e-01	-5.070217e+00	-6.877948e-01
3.358000e-01	-5.072277e+00	-6.820252e-01
3.359000e-01	-5.074355e+00	-6.762268e-01
3.360000e-01	-5.076451e+00	-6.704008e-01
3.361000e-01	-5.078566e+00	-6.645486e-01
3.362000e-01	-5.080702e+00	-6.586717e-01
3.363000e-01	-5.082858e+00	-6.527718e-01
3.364000e-01	-5.085036e+00	-6.468509e-01
3.365000e-01	-5.087233e+00	-6.409108e-01
3.366000e-01	-5.089451e+00	-6.349536e-01
3.367000e-01	-5.091689e+00	-6.289814e-01
3.368000e-01	-5.093944e+00	-6.229963e-01
3.369000e-01	-5.096216e+00	-6.170004e-01
3.370000e-01	-5.098502e+00	-6.109959e-01
3.371000e-01	-5.100801e+00	-6.049849e-01
3.372000e-01	-5.103111e+00	-5.989694e-01
3.373000e-01	-5.105429e+00	-5.929514e-01
3.374000e-01	-5.107752e+00	-5.869327e-01
3.375000e-01	-5.110078e+00	-5.809151e-01
3.376000e-01	-5.112403e+00	-5.749001e-01
3.377000e-01	-5.114725e+00	-5.688891e-01
3.378000e-01	-5.117040e+00	-5.628835e-01
3.379000e-01	-5.119346e+00	-5.568843e-01
3.380000e-01	-5.121640e+00	-5.508924e-01
3.381000e-01	-5.123919e+00	-5.449086e-01
3.382000e-01	-5.126181e+00	-5.389333e-01
3.383000e-01	-5.128422e+00	-5.329670e-01
3.384000e-01	-5.130642e+00	-5.270098e-01
3.385000e-01	-5.132837e+00	-5.210618e-01
3.386000e-01	-5.135006e+00	-5.151228e-01
3.387000e-01	-5.137148e+00	-5.091926e-01
3.388000e-01	-5.139261e+00	-5.032708e-01
3.389000e-01	-5.141345e+00	-4.973570e-01
3.390000e-01	-5.143399e+00	-4.914506e-01
3.391000e-01	-5.145423e+00	-4.855510e-01
3.392000e-01	-5.147418e+00	-4.796577e-01
3.393000e-01	-5.149383e+00	-4.737700e-01
3.394000e-01	-5.151319e+00	-4.678874e-01
3.395000e-01	-5.153227e+00	-4.620092e-01
3.396000e-01	-5.155109e+00	-4.561352e-01
3.397000e-01	-5.156965e+00	-4.502649e-01
3.398000e-01	-5.158797e+00	-4.443980e-01
3.399000e-01	-5.160607e+00	-4.385345e-01
3.400000e-01	-5.162397e+00	-4.326744e-01
3.401000e-01	-5.164167e+00	-4.268180e-01
3.402000e-01	-5.165921e+00	-4.209657e-01
3.403000e-01	-5.167659e+00	-4.151180e-01
3.404000e-01	-5.169384e+00	-4.092759e-01
3.405000e-01	-5.171098e+00	-4.034401e-01
3.406000e-01	-5.172800e+00	-3.976121e-01
3.407000e-01	-5.174494e+00	-3.917932e-01
3.408000e-01	-5.176180e+00	-3.859849e-01
3.409000e-01	-5.177858e+00	-3.801890e-01
3.410000e-01	-5.179531e+00	-3.744075e-01
3.411000e-01	-5.181197e+00	-3.686425e-01
3.412000e-01	-5.182858e+00	-3.628962e-01
3.413000e-01	-5.184513e+00	-3.571709e-01
3.414000e-01	-5.186163e+00	-3.514689e-01
3.415000e-01	-5.187805e+00	-3.457930e-01
3.416000e-01	-5.189441e+00	-3.401454e-01
3.417000e-01	-5.191068e+00	-3.345289e-01
3.418000e-01	-5.192685e+00	-3.289459e-01
3.419000e-01	-5.194292e+00	-3.233989e-01
3.420000e-01	-5.195885e+00	-3.178903e-01
3.421000e-01	-5.197465e+00	-3.124226e-01
3.422000e-01	-5.199028e+00	-3.069980e-01
3.423000e-01	-5.200574e+00	-3.016185e-01
3.424000e-01	-5.202100e+00	-2.962861e-01
3.425000e-01	-5.203604e+00	-2.910027e-01
3.426000e-01	-5.205085e+00	-2.857699e-01
3.427000e-01	-5.206540e+00	-2.805892e-01
3.428000e-01	-5.207969e+00	-2.754616e-01
3.429000e-01	-5.209369e+00	-2.703884e-01
3.430000e-01	-5.210740e+00	-2.653704e-01
3.431000e-01	-5.212080e+00	-2.604082e-01
3.432000e-01	-5.213389e+00	-2.555022e-01
3.433000e-01	-5.214666e+00	-2.506527e-01
3.434000e-01	-5.215911e+00	-2.458598e-01
3.435000e-01	-5.217123e+00	-2.411235e-01
3.436000e-01	-5.218304e+00	-2.364435e-01
3.437000e-01	-5.219454e+00	-2.318194e-01
3.438000e-01	-5.220573e+00	-2.272509e-01
3.439000e-01	-5.221663e+00	-2.227373e-01
3.440000e-01	-5.222726e+00	-2.182782e-01
3.441000e-01	-5.223763e+00	-2.138729e-01
3.442000e-01	-5.224777e+00	-2.095207e-01
3.443000e-01	-5.225769e+00	-2.052211e-01
3.444000e-01	-5.226742e+00	-2.009733e-01
3.445000e-01	-5.227700e+00	-1.967770e-01
3.446000e-01	-5.228644e+00	-1.926317e-01
3.447000e-01	-5.229578e+00	-1.885371e-01
3.448000e-01	-5.230506e+00	-1.844928e-01
3.449000e-01	-5.231429e+00	-1.804989e-01
3.450000e-01	-5.232351e+00	-1.765554e-01
3.451000e-01	-5.233276e+00	-1.726625e-01
3.452000e-01	-5.234206e+00	-1.688206e-01
3.453000e-01	-5.235145e+00	-1.650303e-01
3.454000e-01	-5.236095e+00	-1.612923e-01
3.455000e-01	-5.237059e+00	-1.576075e-01
3.456000e-01	-5.238040e+00	-1.539769e-01
3.457000e-01	-5.239040e+00	-1.504018e-01
3.458000e-01	-5.240062e+00	-1.468836e-01
3.459000e-01	-5.241107e+00	-1.434236e-01
3.460000e-01	-5.242177e+00	-1.400236e-01
3.461000e-01	-5.243274e+00	-1.366852e-01
3.462000e-01	-5.244400e+00	-1.334102e-01
3.463000e-01	-5.245555e+00	-1.302004e-01
3.464000e-01	-5.246739e+00	-1.270576e-01
3.465000e-01	-5.247955e+00	-1.239837e-01
3.466000e-01	-5.249202e+00	-1.209805e-01
3.467000e-01	-5.250481e+00	-1.180498e-01
3.468000e-01	-5.251792e+00	-1.151932e-01
3.469000e-01	-5.253135e+00	-1.124125e-01
3.470000e-01	-5.254509e+00	-1.097090e-01
3.471000e-01	-5.255916e+00	-1.070842e-01
3.472000e-01	-5.257353e+00	-1.045392e-01
3.473000e-01	-5.258822e+00	-1.020751e-01
3.474000e-01	-5.260321e+00	-9.969266e-02
3.475000e-01	-5.261851e+00	-9.739261e-02
3.476000e-01	-5.263411e+00	-9.517535e-02
3.477000e-01	-5.265002e+00	-9.304113e-02
3.478000e-01	-5.266622e+00	-9.098996e-02
3.479000e-01	-5.268272e+00	-8.902166e-02
3.480000e-01	-5.269953e+00	-8.713584e-02
3.481000e-01	-5.271663e+00	-8.533192e-02
3.482000e-01	-5.273405e+00	-8.360911e-02
3.483000e-01	-5.275177e+00	-8.196649e-02
3.484000e-01	-5.276982e+00	-8.040294e-02
3.485000e-01	-5.278819e+00	-7.891724e-02
3.486000e-01	-5.280689e+00	-7.750802e-02
3.487000e-01	-5.282594e+00	-7.617383e-02
3.488000e-01	-5.284535e+00	-7.491317e-02
3.489000e-01	-5.286513e+00	-7.372444e-02
3.490000e-01	-5.288529e+00	-7.260607e-02
3.491000e-01	-5.290585e+00	-7.155647e-02
3.492000e-01	-5.292682e+00	-7.057406e-02
3.493000e-01	-5.294821e+00	-6.965732e-02
3.494000e-01	-5.297004e+00	-6.880482e-02
3.495000e-01	-5.299233e+00	-6.801520e-02
3.496000e-01	-5.301508e+00	-6.728722e-02
3.497000e-01	-5.303831e+00	-6.661977e-02
3.498000e-01	-5.306203e+00	-6.601187e-02
3.499000e-01	-5.308624e+00	-6.546270e-02
3.500000e-01	-5.311096e+00	-6.497163e-02
3.501000e-01	-5.313619e+00	-6.453815e-02
3.502000e-01	-5.316193e+00	-6.416197e-02
3.503000e-01	-5.318818e+00	-6.384294e-02
3.504000e-01	-5.321494e+00	-6.358109e-02
3.505000e-01	-5.324221e+00	-6.337662e-02
3.506000e-01	-5.326998e+00	-6.322987e-02
3.507000e-01	-5.329823e+00	-6.314133e-02
3.508000e-01	-5.332696e+00	-6.311161e-02
3.509000e-01	-5.335615e+00	-6.314144e-02
3.510000e-01	-5.338578e+00	-6.323164e-02
3.511000e-01	-5.341583e+00	-6.338308e-02
3.512000e-01	-5.344627e+00	-6.359671e-02
3.513000e-01	-5.347709e+00	-6.387349e-02
3.514000e-01	-5.350824e+00	-6.421439e-02
3.515000e-01	-5.353971e+00	-6.462036e-02
3.516000e-01	-5.357146e+00	-6.509230e-02
3.517000e-01	-5.360346e+00	-6.563106e-02
3.518000e-01	-5.363567e+00	-6.623739e-02
3.519000e-01	-5.366806e+00	-6.691195e-02
3.520000e-01	-5.370059e+00	-6.765527e-02
3.521000e-01	-5.373323e+00	-6.846774e-02
3.522000e-01	-5.376594e+00	-6.934959e-02
3.523000e-01	-5.379869e+00	-7.030089e-02
3.524000e-01	-5.383144e+00	-7.132156e-02
3.525000e-01	-5.386416e+00	-7.241131e-02
3.526000e-01	-5.389681e+00	-7.356969e-02
3.527000e-01	-5.392936e+00	-7.479606e-02
3.528000e-01	-5.396179e+00	-7.608960e-02
3.529000e-01	-5.399406e+00	-7.744935e-02
3.530000e-01	-5.402614e+00	-7.887415e-02
3.531000e-01	-5.405802e+00	-8.036272e-02
3.532000e-01	-5.408966e+00	-8.191362e-02
3.533000e-01	-5.412105e+00	-8.352533e-02
3.534000e-01	-5.415216e+00	-8.519619e-02
3.535000e-01	-5.418298e+00	-8.692448e-02
3.536000e-01	-5.421348e+00	-8.870843e-02
3.537000e-01	-5.424366e+00	-9.054624e-02
3.538000e-01	-5.427350e+00	-9.243606e-02
3.539000e-01	-5.430299e+00	-9.437610e-02
3.540000e-01	-5.433212e+00	-9.636457e-02
3.541000e-01	-5.436087e+00	-9.839975e-02
3.542000e-01	-5.438924e+00	-1.004800e-01
3.543000e-01	-5.441723e+00	-1.026038e-01
3.544000e-01	-5.444481e+00	-1.047697e-01
3.545000e-01	-5.447199e+00	-1.069763e-01
3.546000e-01	-5.449876e+00	-1.092227e-01
3.547000e-01	-5.452510e+00	-1.115077e-01
3.548000e-01	-5.455102e+00	-1.138305e-01
3.549000e-01	-5.457650e+00	-1.161905e-01
3.550000e-01	-5.460154e+00	-1.185873e-01
3.551000e-01	-5.462613e+00	-1.210205e-01
3.552000e-01	-5.465025e+00	-1.234900e-01
3.553000e-01	-5.467391e+00	-1.259959e-01
3.554000e-01	-5.469708e+00	-1.285384e-01
3.555000e-01	-5.471975e+00	-1.311178e-01
3.556000e-01	-5.474193e+00	-1.337348e-01
3.557000e-01	-5.476358e+00	-1.363898e-01
3.558000e-01	-5.478470e+00	-1.390837e-01
3.559000e-01	-5.480528e+00	-1.418173e-01
3.560000e-01	-5.482530e+00	-1.445914e-01
3.561000e-01	-5.484475e+00	-1.474071e-01
3.562000e-01	-5.486361e+00	-1.502652e-01
3.563000e-01	-5.488188e+00	-1.531668e-01
3.564000e-01	-5.489953e+00	-1.561127e-01
3.565000e-01	-5.491656e+00	-1.591040e-01
3.566000e-01	-5.493296e+00	-1.621414e-01
3.567000e-01	-5.494871e+00	-1.652257e-01
3.568000e-01	-5.496380e+00	-1.683575e-01
3.569000e-01	-5.497824e+00	-1.715375e-01
3.570000e-01	-5.499200e+00	-1.747660e-01
3.571000e-01	-5.500510e+00	-1.780434e-01
3.572000e-01	-5.501752e+00	-1.813696e-01
3.573000e-01	-5.502926e+00	-1.847448e-01
3.574000e-01	-5.504033e+00	-1.881688e-01
3.575000e-01	-5.505074e+00	-1.916411e-01
3.576000e-01	-5.506048e+00	-1.951614e-01
3.577000e-01	-5.506956e+00	-1.987288e-01
3.578000e-01	-5.507801e+00	-2.023427e-01
3.579000e-01	-5.508582e+00	-2.060022e-01
3.580000e-01	-5.509303e+00	-2.097060e-01
3.581000e-01	-5.509964e+00	-2.134531e-01
3.582000e-01	-5.510567e+00	-2.172422e-01
3.583000e-01	-5.511115e+00	-2.210720e-01
3.584000e-01	-5.511610e+00	-2.249411e-01
3.585000e-01	-5.512055e+00	-2.288481e-01
3.586000e-01	-5.512452e+00	-2.327915e-01
3.587000e-01	-5.512804e+00	-2.367698e-01
3.588000e-01	-5.513114e+00	-2.407815e-01
3.589000e-01	-5.513385e+00	-2.448253e-01
3.590000e-01	-5.513620e+00	-2.488998e-01
3.591000e-01	-5.513823e+00	-2.530039e-01
3.592000e-01	-5.513996e+00	-2.571365e-01
3.593000e-01	-5.514142e+00	-2.612965e-01
3.594000e-01	-5.514264e+00	-2.654832e-01
3.595000e-01	-5.514366e+00	-2.696957e-01
3.596000e-01	-5.514450e+00	-2.739336e-01
3.597000e-01	-5.514520e+00	-2.781964e-01
3.598000e-01	-5.514577e+00	-2.824839e-01
3.599000e-01	-5.514625e+00	-2.867960e-01
3.600000e-01	-5.514666e+00	-2.911328e-01
3.601000e-01	-5.514703e+00	-2.954945e-01
3.602000e-01	-5.514738e+00	-2.998816e-01
3.603000e-01	-5.514772e+00	-3.042946e-01
3.604000e-01	-5.514808e+00	-3.087342e-01
3.605000e-01	-5.514849e+00	-3.132010e-01
3.606000e-01	-5.514895e+00	-3.176961e-01
3.607000e-01	-5.514948e+00	-3.222204e-01
3.608000e-01	-5.515010e+00	-3.267749e-01
3.609000e-01	-5.515082e+00	-3.313607e-01
3.610000e-01	-5.515165e+00	-3.359788e-01
3.611000e-01	-5.515262e+00	-3.406304e-01
3.612000e-01	-5.515371e+00	-3.453163e-01
3.613000e-01	-5.515496e+00	-3.500378e-01
3.614000e-01	-5.515637e+00	-3.547956e-01
3.615000e-01	-5.515795e+00	-3.595907e-01
3.616000e-01	-5.515971e+00	-3.644238e-01
3.617000e-01	-5.516166e+00	-3.692956e-01
3.618000e-01	-5.516381e+00	-3.742067e-01
3.619000e-01	-5.516617e+00	-3.791573e-01
3.620000e-01	-5.516875e+00	-3.841479e-01
3.621000e-01	-5.517157e+00	-3.891784e-01
3.622000e-01	-5.517464e+00	-3.942488e-01
3.623000e-01	-5.517795e+00	-3.993575e-01
3.624000e-01	-5.518150e+00	-4.045019e-01
3.625000e-01	-5.518530e+00	-4.096793e-01
3.626000e-01	-5.518934e+00	-4.148871e-01
3.627000e-01	-5.519362e+00	-4.201224e-01
3.628000e-01	-5.519815e+00	-4.253825e-01
3.629000e-01	-5.520292e+00	-4.306644e-01
3.630000e-01	-5.520794e+00	-4.359652e-01
3.631000e-01	-5.521321e+00	-4.412820e-01
3.632000e-01	-5.521874e+00	-4.466117e-01
3.633000e-01	-5.522454e+00	-4.519516e-01
3.634000e-01	-5.523062e+00	-4.572988e-01
3.635000e-01	-5.523697e+00	-4.626506e-01
3.636000e-01	-5.524362e+00	-4.680043e-01
3.637000e-01	-5.525057e+00	-4.733575e-01
3.638000e-01	-5.525782e+00	-4.787077e-01
3.639000e-01	-5.526540e+00	-4.840528e-01
3.640000e-01	-5.527331e+00	-4.893908e-01
3.641000e-01	-5.528155e+00	-4.947198e-01
3.642000e-01	-5.529014e+00	-5.000382e-01
3.643000e-01	-5.529909e+00	-5.053446e-01
3.644000e-01	-5.530840e+00	-5.106378e-01
3.645000e-01	-5.531809e+00	-5.159170e-01
3.646000e-01	-5.532816e+00	-5.211814e-01
3.647000e-01	-5.533862e+00	-5.264306e-01
3.648000e-01	-5.534947e+00	-5.316643e-01
3.649000e-01	-5.536072e+00	-5.368826e-01
3.650000e-01	-5.537238e+00	-5.420858e-01
3.651000e-01	-5.538444e+00	-5.472743e-01
3.652000e-01	-5.539692e+00	-5.524489e-01
3.653000e-01	-5.540982e+00	-5.576104e-01
3.654000e-01	-5.542314e+00	-5.627600e-01
3.655000e-01	-5.543688e+00	-5.678989e-01
3.656000e-01	-5.545105e+00	-5.730285e-01
3.657000e-01	-5.546564e+00	-5.781503e-01
3.658000e-01	-5.548067e+00	-5.832661e-01
3.659000e-01	-5.549614e+00	-5.883775e-01
3.660000e-01	-5.551204e+00	-5.934864e-01
3.661000e-01	-5.552838e+00	-5.985946e-01
3.662000e-01	-5.554517e+00	-6.037040e-01
3.663000e-01	-5.556241e+00	-6.088164e-01
3.664000e-01	-5.558011e+00	-6.139339e-01
3.665000e-01	-5.559827e+00	-6.190581e-01
3.666000e-01	-5.561690e+00	-6.241909e-01
3.667000e-01	-5.563600e+00	-6.293338e-01
3.668000e-01	-5.565559e+00	-6.344884e-01
3.669000e-01	-5.567567e+00	-6.396563e-01
3.670000e-01	-5.569625e+00	-6.448386e-01
3.671000e-01	-5.571734e+00	-6.500365e-01
3.672000e-01	-5.573896e+00	-6.552511e-01
3.673000e-01	-5.576110e+00	-6.604829e-01
3.674000e-01	-5.578379e+00	-6.657326e-01
3.675000e-01	-5.580702e+00	-6.710002e-01
3.676000e-01	-5.583081e+00	-6.762856e-01
3.677000e-01	-5.585517e+00	-6.815884e-01
3.678000e-01	-5.588009e+00	-6.869079e-01
3.679000e-01	-5.590557e+00	-6.922430e-01
3.680000e-01	-5.593163e+00	-6.975923e-01
3.681000e-01	-5.595825e+00	-7.029540e-01
3.682000e-01	-5.598543e+00	-7.083262e-01
3.683000e-01	-5.601317e+00	-7.137065e-01
3.684000e-01	-5.604145e+00	-7.190924e-01
3.685000e-01	-5.607026e+00	-7.244808e-01
3.686000e-01	-5.609959e+00	-7.298689e-01
3.687000e-01	-5.612941e+00	-7.352531e-01
3.688000e-01	-5.615970e+00	-7.406301e-01
3.689000e-01	-5.619044e+00	-7.459965e-01
3.690000e-01	-5.622161e+00	-7.513486e-01
3.691000e-01	-5.625317e+00	-7.566829e-01
3.692000e-01	-5.628509e+00	-7.619955e-01
3.693000e-01	-5.631734e+00	-7.672828e-01
3.694000e-01	-5.634988e+00	-7.725413e-01
3.695000e-01	-5.638268e+00	-7.777675e-01
3.696000e-01	-5.641570e+00	-7.829580e-01
3.697000e-01	-5.644889e+00	-7.881096e-01
3.698000e-01	-5.648224e+00	-7.932193e-01
3.699000e-01	-5.651568e+00	-7.982843e-01
3.700000e-01	-5.654919e+00	-8.033022e-01
3.701000e-01	-5.658273e+00	-8.082707e-01
3.702000e-01	-5.661626e+00	-8.131876e-01
3.703000e-01	-5.664975e+00	-8.180515e-01
3.704000e-01	-5.668315e+00	-8.228606e-01
3.705000e-01	-5.671645e+00	-8.276141e-01
3.706000e-01	-5.674961e+00	-8.323108e-01
3.707000e-01	-5.678259e+00	-8.369503e-01
3.708000e-01	-5.681539e+00	-8.415322e-01
3.709000e-01	-5.684797e+00	-8.460564e-01
3.710000e-01	-5.688030e+00	-8.505229e-01
3.711000e-01	-5.691239e+00	-8.549321e-01
3.712000e-01	-5.694420e+00	-8.592843e-01
3.713000e-01	-5.697574e+00	-8.635802e-01
3.714000e-01	-5.700698e+00	-8.678205e-01
3.715000e-01	-5.703792e+00	-8.720058e-01
3.716000e-01	-5.706855e+00	-8.761370e-01
3.717000e-01	-5.709887e+00	-8.802149e-01
3.718000e-01	-5.712889e+00	-8.842402e-01
3.719000e-01	-5.715859e+00	-8.882136e-01
3.720000e-01	-5.718798e+00	-8.921357e-01
3.721000e-01	-5.721706e+00	-8.960070e-01
3.722000e-01	-5.724584e+00	-8.998278e-01
3.723000e-01	-5.727431e+00	-9.035983e-01
3.724000e-01	-5.730249e+00	-9.073184e-01
3.725000e-01	-5.733036e+00	-9.109878e-01
3.726000e-01	-5.735794e+00	-9.146062e-01
3.727000e-01	-5.738523e+00	-9.181728e-01
3.728000e-01	-5.741223e+00	-9.216867e-01
3.729000e-01	-5.743893e+00	-9.251467e-01
3.730000e-01	-5.746533e+00	-9.285514e-01
3.731000e-01	-5.749143e+00	-9.318992e-01
3.732000e-01	-5.751722e+00	-9.351883e-01
3.733000e-01	-5.754270e+00	-9.384168e-01
3.734000e-01	-5.756785e+00	-9.415823e-01
3.735000e-01	-5.759267e+00	-9.446825e-01
3.736000e-01	-5.761713e+00	-9.477150e-01
3.737000e-01	-5.764123e+00	-9.506773e-01
3.738000e-01	-5.766494e+00	-9.535666e-01
3.739000e-01	-5.768825e+00	-9.563803e-01
3.740000e-01	-5.771114e+00	-9.591157e-01
3.741000e-01	-5.773358e+00	-9.617702e-01
3.742000e-01	-5.775555e+00	-9.643412e-01
3.743000e-01	-5.777704e+00	-9.668261e-01
3.744000e-01	-5.779800e+00	-9.692226e-01
3.745000e-01	-5.781843e+00	-9.715285e-01
3.746000e-01	-5.783829e+00	-9.737415e-01
3.747000e-01	-5.785757e+00	-9.758600e-01
3.748000e-01	-5.787624e+00	-9.778821e-01
3.749000e-01	-5.789428e+00	-9.798066e-01
3.750000e-01	-5.791167e+00	-9.816323e-01
3.751000e-01	-5.792839e+00	-9.833582e-01
3.752000e-01	-5.794443e+00	-9.849836e-01
3.753000e-01	-5.795978e+00	-9.865084e-01
3.754000e-01	-5.797442e+00	-9.879323e-01
3.755000e-01	-5.798835e+00	-9.892555e-01
3.756000e-01	-5.800156e+00	-9.904785e-01
3.757000e-01	-5.801405e+00	-9.916020e-01
3.758000e-01	-5.802582e+00	-9.926268e-01
3.759000e-01	-5.803687e+00	-9.935541e-01
3.760000e-01	-5.804722e+00	-9.943852e-01
3.761000e-01	-5.805687e+00	-9.951215e-01
3.762000e-01	-5.806584e+00	-9.957648e-01
3.763000e-01	-5.807414e+00	-9.963167e-01
3.764000e-01	-5.808179e+00	-9.967790e-01
3.765000e-01	-5.808882e+00	-9.971536e-01
3.766000e-01	-5.809525e+00	-9.974424e-01
3.767000e-01	-5.810109e+00	-9.976472e-01
3.768000e-01	-5.810639e+00	-9.977700e-01
3.769000e-01	-5.811117e+00	-9.978125e-01
3.770000e-01	-5.811546e+00	-9.977764e-01
3.771000e-01	-5.811928e+00	-9.976633e-01
3.772000e-01	-5.812268e+00	-9.974747e-01
3.773000e-01	-5.812568e+00	-9.972118e-01
3.774000e-01	-5.812831e+00	-9.968757e-01
3.775000e-01	-5.813061e+00	-9.964675e-01
3.776000e-01	-5.813260e+00	-9.959879e-01
3.777000e-01	-5.813431e+00	-9.954373e-01
3.778000e-01	-5.813576e+00	-9.948163e-01
3.779000e-01	-5.813700e+00	-9.941248e-01
3.780000e-01	-5.813802e+00	-9.933630e-01
3.781000e-01	-5.813887e+00	-9.925305e-01
3.782000e-01	-5.813956e+00	-9.916269e-01
3.783000e-01	-5.814010e+00	-9.906518e-01
3.784000e-01	-5.814052e+00	-9.896044e-01
3.785000e-01	-5.814082e+00	-9.884838e-01
3.786000e-01	-5.814102e+00	-9.872891e-01
3.787000e-01	-5.814113e+00	-9.860193e-01
3.788000e-01	-5.814116e+00	-9.846734e-01
3.789000e-01	-5.814111e+00	-9.832503e-01
3.790000e-01	-5.814100e+00	-9.817488e-01
3.791000e-01	-5.814081e+00	-9.801678e-01
3.792000e-01	-5.814057e+00	-9.785065e-01
3.793000e-01	-5.814027e+00	-9.767637e-01
3.794000e-01	-5.813991e+00	-9.749387e-01
3.795000e-01	-5.813949e+00	-9.730308e-01
3.796000e-01	-5.813903e+00	-9.710393e-01
3.797000e-01	-5.813852e+00	-9.689639e-01
3.798000e-01	-5.813797e+00	-9.668043e-01
3.799000e-01	-5.813739e+00	-9.645604e-01
3.800000e-01	-5.813677e+00	-9.622323e-01
3.801000e-01	-5.813614e+00	-9.598205e-01
3.802000e-01	-5.813550e+00	-9.573255e-01
3.803000e-01	-5.813486e+00	-9.547480e-01
3.804000e-01	-5.813424e+00	-9.520890e-01
3.805000e-01	-5.813366e+00	-9.493496e-01
3.806000e-01	-5.813313e+00	-9.465312e-01
3.807000e-01	-5.813268e+00	-9.436353e-01
3.808000e-01	-5.813233e+00	-9.406637e-01
3.809000e-01	-5.813210e+00	-9.376180e-01
3.810000e-01	-5.813204e+00	-9.345004e-01
3.811000e-01	-5.813215e+00	-9.313127e-01
3.812000e-01	-5.813249e+00	-9.280572e-01
3.813000e-01	-5.813308e+00	-9.247359e-01
3.814000e-01	-5.813395e+00	-9.213512e-01
3.815000e-01	-5.813515e+00	-9.179051e-01
3.816000e-01	-5.813671e+00	-9.144000e-01
3.817000e-01	-5.813866e+00	-9.108378e-01
3.818000e-01	-5.814105e+00	-9.072207e-01
3.819000e-01	-5.814392e+00	-9.035505e-01
3.820000e-01	-5.814729e+00	-8.998292e-01
3.821000e-01	-5.815121e+00	-8.960585e-01
3.822000e-01	-5.815571e+00	-8.922398e-01
3.823000e-01	-5.816082e+00	-8.883747e-01
3.824000e-01	-5.816658e+00	-8.844641e-01
3.825000e-01	-5.817302e+00	-8.805093e-01
3.826000e-01	-5.818015e+00	-8.765110e-01
3.827000e-01	-5.818801e+00	-8.724697e-01
3.828000e-01	-5.819662e+00	-8.683860e-01
3.829000e-01	-5.820600e+00	-8.642601e-01
3.830000e-01	-5.821615e+00	-8.600920e-01
3.831000e-01	-5.822710e+00	-8.558815e-01
3.832000e-01	-5.823886e+00	-8.516284e-01
3.833000e-01	-5.825143e+00	-8.473323e-01
3.834000e-01	-5.826480e+00	-8.429924e-01
3.835000e-01	-5.827900e+00	-8.386082e-01
3.836000e-01	-5.829400e+00	-8.341788e-01
3.837000e-01	-5.830980e+00	-8.297034e-01
3.838000e-01	-5.832641e+00	-8.251809e-01
3.839000e-01	-5.834380e+00	-8.206106e-01
3.840000e-01	-5.836196e+00	-8.159914e-01
3.841000e-01	-5.838088e+00	-8.113224e-01
3.842000e-01	-5.840055e+00	-8.066026e-01
3.843000e-01	-5.842094e+00	-8.018313e-01
3.844000e-01	-5.844204e+00	-7.970078e-01
3.845000e-01	-5.846383e+00	-7.921314e-01
3.846000e-01	-5.848629e+00	-7.872015e-01
3.847000e-01	-5.850940e+00	-7.822178e-01
3.848000e-01	-5.853314e+00	-7.771801e-01
3.849000e-01	-5.855750e+00	-7.720883e-01
3.850000e-01	-5.858246e+00	-7.669425e-01
3.851000e-01	-5.860800e+00	-7.617430e-01
3.852000e-01	-5.863410e+00	-7.564902e-01
3.853000e-01	-5.866075e+00	-7.511849e-01
3.854000e-01	-5.868795e+00	-7.458277e-01
3.855000e-01	-5.871567e+00	-7.404196e-01
3.856000e-01	-5.874390e+00	-7.349619e-01
3.857000e-01	-5.877265e+00	-7.294556e-01
3.858000e-01	-5.880190e+00	-7.239024e-01
3.859000e-01	-5.883164e+00	-7.183036e-01
3.860000e-01	-5.886188e+00	-7.126610e-01
3.861000e-01	-5.889260e+00	-7.069761e-01
3.862000e-01	-5.892381e+00	-7.012509e-01
3.863000e-01	-5.895550e+00	-6.954870e-01
3.864000e-01	-5.898768e+00	-6.896864e-01
3.865000e-01	-5.902034e+00	-6.838508e-01
3.866000e-01	-5.905348e+00	-6.779821e-01
3.867000e-01	-5.908710e+00	-6.720818e-01
3.868000e-01	-5.912120e+00	-6.661520e-01
3.869000e-01	-5.915577e+00	-6.601940e-01
3.870000e-01	-5.919081e+00	-6.542096e-01
3.871000e-01	-5.922632e+00	-6.482001e-01
3.872000e-01	-5.926229e+00	-6.421669e-01
3.873000e-01	-5.929871e+00	-6.361110e-01
3.874000e-01	-5.933556e+00	-6.300335e-01
3.875000e-01	-5.937281e+00	-6.239364e-01
3.876000e-01	-5.941043e+00	-6.178217e-01
3.877000e-01	-5.944836e+00	-6.116911e-01
3.878000e-01	-5.948657e+00	-6.055462e-01
3.879000e-01	-5.952501e+00	-5.993885e-01
3.880000e-01	-5.956362e+00	-5.932191e-01
3.881000e-01	-5.960237e+00	-5.870391e-01
3.882000e-01	-5.964121e+00	-5.808491e-01
3.883000e-01	-5.968007e+00	-5.746498e-01
3.884000e-01	-5.971893e+00	-5.684417e-01
3.885000e-01	-5.975772e+00	-5.622249e-01
3.886000e-01	-5.979640e+00	-5.559996e-01
3.887000e-01	-5.983493e+00	-5.497657e-01
3.888000e-01	-5.987325e+00	-5.435230e-01
3.889000e-01	-5.991133e+00	-5.372713e-01
3.890000e-01	-5.994912e+00	-5.310102e-01
3.891000e-01	-5.998658e+00	-5.247393e-01
3.892000e-01	-6.002368e+00	-5.184581e-01
3.893000e-01	-6.006038e+00	-5.121661e-01
3.894000e-01	-6.009666e+00	-5.058627e-01
3.895000e-01	-6.013248e+00	-4.995476e-01
3.896000e-01	-6.016782e+00	-4.932202e-01
3.897000e-01	-6.020265e+00	-4.868802e-01
3.898000e-01	-6.023697e+00	-4.805273e-01
3.899000e-01	-6.027076e+00	-4.741611e-01
3.900000e-01	-6.030401e+00	-4.677816e-01
3.901000e-01	-6.033671e+00	-4.613886e-01
3.902000e-01	-6.036887e+00	-4.549822e-01
3.903000e-01	-6.040047e+00	-4.485627e-01
3.904000e-01	-6.043154e+00	-4.421302e-01
3.905000e-01	-6.046206e+00	-4.356851e-01
3.906000e-01	-6.049207e+00	-4.292280e-01
3.907000e-01	-6.052156e+00	-4.227596e-01
3.908000e-01	-6.055056e+00	-4.162804e-01
3.909000e-01	-6.057907e+00	-4.097914e-01
3.910000e-01	-6.060713e+00	-4.032934e-01
3.911000e-01	-6.063476e+00	-3.967874e-01
3.912000e-01	-6.066196e+00	-3.902745e-01
3.913000e-01	-6.068878e+00	-3.837558e-01
3.914000e-01	-6.071522e+00	-3.772323e-01
3.915000e-01	-6.074131e+00	-3.707054e-01
3.916000e-01	-6.076708e+00	-3.641761e-01
3.917000e-01	-6.079254e+00	-3.576457e-01
3.918000e-01	-6.081771e+00	-3.511156e-01
3.919000e-01	-6.084261e+00	-3.445870e-01
3.920000e-01	-6.086724e+00	-3.380612e-01
3.921000e-01	-6.089162e+00	-3.315397e-01
3.922000e-01	-6.091575e+00	-3.250236e-01
3.923000e-01	-6.093962e+00	-3.185146e-01
3.924000e-01	-6.096325e+00	-3.120138e-01
3.925000e-01	-6.098661e+00	-3.055227e-01
3.926000e-01	-6.100971e+00	-2.990427e-01
3.927000e-01	-6.103252e+00	-2.925749e-01
3.928000e-01	-6.105502e+00	-2.861208e-01
3.929000e-01	-6.107719e+00	-2.796816e-01
3.930000e-01	-6.109901e+00	-2.732585e-01
3.931000e-01	-6.112045e+00	-2.668529e-01
3.932000e-01	-6.114148e+00	-2.604659e-01
3.933000e-01	-6.116205e+00	-2.540986e-01
3.934000e-01	-6.118215e+00	-2.477523e-01
3.935000e-01	-6.120173e+00	-2.414280e-01
3.936000e-01	-6.122076e+00	-2.351267e-01
3.937000e-01	-6.123920e+00	-2.288494e-01
3.938000e-01	-6.125702e+00	-2.225972e-01
3.939000e-01	-6.127418e+00	-2.163709e-01
3.940000e-01	-6.129065e+00	-2.101716e-01
3.941000e-01	-6.130640e+00	-2.039999e-01
3.942000e-01	-6.132142e+00	-1.978569e-01
3.943000e-01	-6.133566e+00	-1.917434e-01
3.944000e-01	-6.134912e+00	-1.856601e-01
3.945000e-01	-6.136179e+00	-1.796079e-01
3.946000e-01	-6.137364e+00	-1.735875e-01
3.947000e-01	-6.138468e+00	-1.675998e-01
3.948000e-01	-6.139490e+00	-1.616455e-01
3.949000e-01	-6.140431e+00	-1.557256e-01
3.950000e-01	-6.141292e+00	-1.498408e-01
3.951000e-01	-6.142074e+00	-1.439919e-01
3.952000e-01	-6.142779e+00	-1.381799e-01
3.953000e-01	-6.143409e+00	-1.324058e-01
3.954000e-01	-6.143967e+00	-1.266704e-01
3.955000e-01	-6.144456e+00	-1.209748e-01
3.956000e-01	-6.144880e+00	-1.153200e-01
3.957000e-01	-6.145242e+00	-1.097071e-01
3.958000e-01	-6.145545e+00	-1.041373e-01
3.959000e-01	-6.145795e+00	-9.861190e-02
3.960000e-01	-6.145996e+00	-9.313205e-02
3.961000e-01	-6.146151e+00	-8.769911e-02
3.962000e-01	-6.146265e+00	-8.231446e-02
3.963000e-01	-6.146344e+00	-7.697953e-02
3.964000e-01	-6.146390e+00	-7.169580e-02
3.965000e-01	-6.146408e+00	-6.646479e-02
3.966000e-01	-6.146402e+00	-6.128808e-02
3.967000e-01	-6.146377e+00	-5.616725e-02
3.968000e-01	-6.146335e+00	-5.110395e-02
3.969000e-01	-6.146279e+00	-4.609981e-02
3.970000e-01	-6.146213e+00	-4.115651e-02
3.971000e-01	-6.146140e+00	-3.627572e-02
3.972000e-01	-6.146061e+00	-3.145911e-02
3.973000e-01	-6.145978e+00	-2.670836e-02
3.974000e-01	-6.145894e+00	-2.202512e-02
3.975000e-01	-6.145808e+00	-1.741100e-02
3.976000e-01	-6.145723e+00	-1.286762e-02
3.977000e-01	-6.145639e+00	-8.396522e-03
3.978000e-01	-6.145556e+00	-3.999228e-03
3.979000e-01	-6.145474e+00	3.228036e-04
3.980000e-01	-6.145392e+00	4.568169e-03
3.981000e-01	-6.145312e+00	8.735527e-03
3.982000e-01	-6.145231e+00	1.282360e-02
3.983000e-01	-6.145150e+00	1.683119e-02
3.984000e-01	-6.145068e+00	2.075717e-02
3.985000e-01	-6.144984e+00	2.460046e-02
3.986000e-01	-6.144897e+00	2.836009e-02
3.987000e-01	-6.144808e+00	3.203515e-02
3.988000e-01	-6.144716e+00	3.562479e-02
3.989000e-01	-6.144620e+00	3.912825e-02
3.990000e-01	-6.144521e+00	4.254481e-02
3.991000e-01	-6.144419e+00	4.587384e-02
3.992000e-01	-6.144315e+00	4.911473e-02
3.993000e-01	-6.144209e+00	5.226694e-02
3.994000e-01	-6.144103e+00	5.532998e-02
3.995000e-01	-6.143999e+00	5.830338e-02
3.996000e-01	-6.143898e+00	6.118671e-02
3.997000e-01	-6.143803e+00	6.397953e-02
3.998000e-01	-6.143716e+00	6.668145e-02
3.999000e-01	-6.143640e+00	6.929207e-02
4.000000e-01	-6.143579e+00	7.181097e-02
4.001000e-01	-6.143535e+00	7.423775e-02
4.002000e-01	-6.143514e+00	7.657196e-02
4.003000e-01	-6.143519e+00	7.881315e-02
4.004000e-01	-6.143553e+00	8.096082e-02
4.005000e-01	-6.143623e+00	8.301446e-02
4.006000e-01	-6.143731e+00	8.497350e-02
4.007000e-01	-6.143883e+00	8.683733e-02
4.008000e-01	-6.144082e+00	8.860531e-02
4.009000e-01	-6.144334e+00	9.027674e-02
4.010000e-01	-6.144643e+00	9.185088e-02
4.011000e-01	-6.145013e+00	9.332697e-02
4.012000e-01	-6.145447e+00	9.470418e-02
4.013000e-01	-6.145950e+00	9.598165e-02
4.014000e-01	-6.146525e+00	9.715850e-02
4.015000e-01	-6.147174e+00	9.823382e-02
4.016000e-01	-6.147902e+00	9.920667e-02
4.017000e-01	-6.148710e+00	1.000761e-01
4.018000e-01	-6.149599e+00	1.008412e-01
4.019000e-01	-6.150573e+00	1.015011e-01
4.020000e-01	-6.151631e+00	1.020547e-01
4.021000e-01	-6.152774e+00	1.025012e-01
4.022000e-01	-6.154003e+00	1.028398e-01
4.023000e-01	-6.155318e+00	1.030696e-01
4.024000e-01	-6.156717e+00	1.031898e-01
4.025000e-01	-6.158200e+00	1.031998e-01
4.026000e-01	-6.159765e+00	1.030990e-01
4.027000e-01	-6.161411e+00	1.028867e-01
4.028000e-01	-6.163135e+00	1.025626e-01
4.029000e-01	-6.164936e+00	1.021262e-01
4.030000e-01	-6.166810e+00	1.015773e-01
4.031000e-01	-6.168756e+00	1.009158e-01
4.032000e-01	-6.170770e+00	1.001416e-01
4.033000e-01	-6.172850e+00	9.925480e-02
4.034000e-01	-6.174992e+00	9.825549e-02
4.035000e-01	-6.177193e+00	9.714400e-02
4.036000e-01	-6.179451e+00	9.592071e-02
4.037000e-01	-6.181763e+00	9.458611e-02
4.038000e-01	-6.184126e+00	9.314081e-02
4.039000e-01	-6.186538e+00	9.158550e-02
4.040000e-01	-6.188995e+00	8.992096e-02
4.041000e-01	-6.191497e+00	8.814804e-02
4.042000e-01	-6.194040e+00	8.626769e-02
4.043000e-01	-6.196624e+00	8.428091e-02
4.044000e-01	-6.199247e+00	8.218875e-02
4.045000e-01	-6.201906e+00	7.999232e-02
4.046000e-01	-6.204603e+00	7.769273e-02
4.047000e-01	-6.207335e+00	7.529116e-02
4.048000e-01	-6.210103e+00	7.278876e-02
4.049000e-01	-6.212905e+00	7.018672e-02
4.050000e-01	-6.215742e+00	6.748620e-02
4.051000e-01	-6.218614e+00	6.468834e-02
4.052000e-01	-6.221521e+00	6.179426e-02
4.053000e-01	-6.224463e+00	5.880507e-02
4.054000e-01	-6.227441e+00	5.572181e-02
4.055000e-01	-6.230455e+00	5.254549e-02
4.056000e-01	-6.233505e+00	4.927706e-02
4.057000e-01	-6.236591e+00	4.591743e-02
4.058000e-01	-6.239714e+00	4.246744e-02
4.059000e-01	-6.242874e+00	3.892790e-02
4.060000e-01	-6.246071e+00	3.529955e-02
4.061000e-01	-6.249304e+00	3.158306e-02
4.062000e-01	-6.252573e+00	2.777909e-02
4.063000e-01	-6.255877e+00	2.388821e-02
4.064000e-01	-6.259215e+00	1.991100e-02
4.065000e-01	-6.262586e+00	1.584797e-02
4.066000e-01	-6.265988e+00	1.169961e-02
4.067000e-01	-6.269420e+00	7.466418e-03
4.068000e-01	-6.272879e+00	3.148860e-03
4.069000e-01	-6.276362e+00	-1.252583e-03
4.070000e-01	-6.279867e+00	-5.737423e-03
4.071000e-01	-6.283390e+00	-1.030515e-02
4.072000e-01	-6.286930e+00	-1.495521e-02
4.073000e-01	-6.290481e+00	-1.968703e-02
4.074000e-01	-6.294039e+00	-2.449996e-02
4.075000e-01	-6.297602e+00	-2.939331e-02
4.076000e-01	-6.301165e+00	-3.436632e-02
4.077000e-01	-6.304724e+00	-3.941813e-02
4.078000e-01	-6.308274e+00	-4.454784e-02
4.079000e-01	-6.311812e+00	-4.975444e-02
4.080000e-01	-6.315332e+00	-5.503682e-02
4.081000e-01	-6.318831e+00	-6.039380e-02
4.082000e-01	-6.322304e+00	-6.582410e-02
4.083000e-01	-6.325748e+00	-7.132633e-02
4.084000e-01	-6.329158e+00	-7.689904e-02
4.085000e-01	-6.332532e+00	-8.254067e-02
4.086000e-01	-6.335865e+00	-8.824958e-02
4.087000e-01	-6.339155e+00	-9.402405e-02
4.088000e-01	-6.342399e+00	-9.986230e-02
4.089000e-01	-6.345594e+00	-1.057625e-01
4.090000e-01	-6.348738e+00	-1.117227e-01
4.091000e-01	-6.351829e+00	-1.177410e-01
4.092000e-01	-6.354866e+00	-1.238154e-01
4.093000e-01	-6.357847e+00	-1.299439e-01
4.094000e-01	-6.360773e+00	-1.361245e-01
4.094671e-01	-6.362703e+00	-1.402980e-01
4.095000e-01	-6.363641e+00	-1.423554e-01
4.096000e-01	-6.366453e+00	-1.486345e-01
4.097000e-01	-6.369208e+00	-1.549596e-01
4.098000e-01	-6.371906e+00	-1.613288e-01
4.099000e-01	-6.374549e+00	-1.677405e-01
4.099700e-01	-6.376366e+00	-1.722528e-01
4.100000e-01	-6.377136e+00	-1.741926e-01
4.100600e-01	-6.378663e+00	-1.780827e-01
4.101000e-01	-6.379670e+00	-1.806837e-01
4.101800e-01	-6.381659e+00	-1.859034e-01
4.102000e-01	-6.382151e+00	-1.872120e-01
4.102333e-01	-6.382966e+00	-1.893962e-01
4.103000e-01	-6.384579e+00	-1.937763e-01
4.103850e-01	-6.386604e+00	-1.993830e-01
4.104000e-01	-6.386957e+00	-2.003749e-01
4.104300e-01	-6.387661e+00	-2.023611e-01
4.104650e-01	-6.388476e+00	-2.046821e-01
4.105000e-01	-6.389285e+00	-2.070070e-01
4.105700e-01	-6.390886e+00	-2.116686e-01
4.106000e-01	-6.391565e+00	-2.136712e-01
4.107000e-01	-6.393797e+00	-2.203666e-01
4.108000e-01	-6.395982e+00	-2.270922e-01
4.109000e-01	-6.398122e+00	-2.338473e-01
4.110000e-01	-6.400216e+00	-2.406312e-01
4.111000e-01	-6.402267e+00	-2.474432e-01
4.112000e-01	-6.404273e+00	-2.542829e-01
4.113000e-01	-6.406237e+00	-2.611497e-01
4.114000e-01	-6.408156e+00	-2.680431e-01
4.115000e-01	-6.410033e+00	-2.749629e-01
4.116000e-01	-6.411867e+00	-2.819087e-01
4.117000e-01	-6.413657e+00	-2.888800e-01
4.118000e-01	-6.415402e+00	-2.958768e-01
4.119000e-01	-6.417103e+00	-3.028985e-01
4.120000e-01	-6.418759e+00	-3.099450e-01
4.121000e-01	-6.420368e+00	-3.170158e-01
4.122000e-01	-6.421930e+00	-3.241106e-01
4.123000e-01	-6.423443e+00	-3.312289e-01
4.124000e-01	-6.424907e+00	-3.383704e-01
4.125000e-01	-6.426321e+00	-3.455344e-01
4.126000e-01	-6.427682e+00	-3.527203e-01
4.127000e-01	-6.428991e+00	-3.599274e-01
4.128000e-01	-6.430246e+00	-3.671550e-01
4.129000e-01	-6.431446e+00	-3.744022e-01
4.130000e-01	-6.432591e+00	-3.816681e-01
4.131000e-01	-6.433680e+00	-3.889514e-01
4.132000e-01	-6.434713e+00	-3.962512e-01
4.133000e-01	-6.435689e+00	-4.035662e-01
4.134000e-01	-6.436608e+00	-4.108950e-01
4.135000e-01	-6.437471e+00	-4.182363e-01
4.136000e-01	-6.438278e+00	-4.255885e-01
4.137000e-01	-6.439031e+00	-4.329500e-01
4.138000e-01	-6.439729e+00	-4.403193e-01
4.139000e-01	-6.440376e+00	-4.476946e-01
4.140000e-01	-6.440972e+00	-4.550743e-01
4.141000e-01	-6.441519e+00	-4.624565e-01
4.142000e-01	-6.442020e+00	-4.698395e-01
4.143000e-01	-6.442477e+00	-4.772216e-01
4.144000e-01	-6.442894e+00	-4.846009e-01
4.145000e-01	-6.443272e+00	-4.919757e-01
4.146000e-01	-6.443615e+00	-4.993442e-01
4.147000e-01	-6.443927e+00	-5.067048e-01
4.148000e-01	-6.444210e+00	-5.140558e-01
4.149000e-01	-6.444469e+00	-5.213957e-01
4.150000e-01	-6.444708e+00	-5.287228e-01
4.151000e-01	-6.444929e+00	-5.360358e-01
4.152000e-01	-6.445136e+00	-5.433333e-01
4.153000e-01	-6.445334e+00	-5.506140e-01
4.154000e-01	-6.445526e+00	-5.578768e-01
4.155000e-01	-6.445716e+00	-5.651205e-01
4.156000e-01	-6.445906e+00	-5.723441e-01
4.157000e-01	-6.446100e+00	-5.795468e-01
4.158000e-01	-6.446301e+00	-5.867277e-01
4.159000e-01	-6.446512e+00	-5.938860e-01
4.160000e-01	-6.446736e+00	-6.010212e-01
4.161000e-01	-6.446976e+00	-6.081325e-01
4.162000e-01	-6.447232e+00	-6.152196e-01
4.163000e-01	-6.447508e+00	-6.222818e-01
4.164000e-01	-6.447805e+00	-6.293188e-01
4.165000e-01	-6.448125e+00	-6.363302e-01
4.166000e-01	-6.448468e+00	-6.433156e-01
4.167000e-01	-6.448836e+00	-6.502746e-01
4.168000e-01	-6.449230e+00	-6.572069e-01
4.169000e-01	-6.449650e+00	-6.641120e-01
4.170000e-01	-6.450096e+00	-6.709896e-01
4.171000e-01	-6.450569e+00	-6.778392e-01
4.172000e-01	-6.451068e+00	-6.846604e-01
4.173000e-01	-6.451594e+00	-6.914525e-01
4.174000e-01	-6.452147e+00	-6.982150e-01
4.175000e-01	-6.452725e+00	-7.049472e-01
4.176000e-01	-6.453330e+00	-7.116484e-01
4.177000e-01	-6.453960e+00	-7.183176e-01
4.178000e-01	-6.454615e+00	-7.249540e-01
4.179000e-01	-6.455296e+00	-7.315566e-01
4.180000e-01	-6.456001e+00	-7.381242e-01
4.181000e-01	-6.456730e+00	-7.446557e-01
4.182000e-01	-6.457484e+00	-7.511498e-01
4.183000e-01	-6.458263e+00	-7.576051e-01
4.184000e-01	-6.459066e+00	-7.640203e-01
4.185000e-01	-6.459894e+00	-7.703939e-01
4.186000e-01	-6.460748e+00	-7.767242e-01
4.187000e-01	-6.461627e+00	-7.830099e-01
4.188000e-01	-6.462534e+00	-7.892491e-01
4.189000e-01	-6.463467e+00	-7.954403e-01
4.190000e-01	-6.464429e+00	-8.015819e-01
4.191000e-01	-6.465421e+00	-8.076720e-01
4.192000e-01	-6.466443e+00	-8.137092e-01
4.193000e-01	-6.467498e+00	-8.196918e-01
4.194000e-01	-6.468585e+00	-8.256181e-01
4.195000e-01	-6.469707e+00	-8.314866e-01
4.196000e-01	-6.470866e+00	-8.372959e-01
4.197000e-01	-6.472062e+00	-8.430445e-01
4.198000e-01	-6.473296e+00	-8.487311e-01
4.199000e-01	-6.474571e+00	-8.543543e-01
4.200000e-01	-6.475888e+00	-8.599131e-01
4.201000e-01	-6.477247e+00	-8.654063e-01
4.202000e-01	-6.478650e+00	-8.708329e-01
4.203000e-01	-6.480098e+00	-8.761921e-01
4.204000e-01	-6.481591e+00	-8.814831e-01
4.205000e-01	-6.483130e+00	-8.867051e-01
4.206000e-01	-6.484716e+00	-8.918577e-01
4.207000e-01	-6.486348e+00	-8.969403e-01
4.208000e-01	-6.488028e+00	-9.019526e-01
4.209000e-01	-6.489754e+00	-9.068941e-01
4.210000e-01	-6.491525e+00	-9.117646e-01
4.211000e-01	-6.493343e+00	-9.165641e-01
4.212000e-01	-6.495204e+00	-9.212922e-01
4.213000e-01	-6.497110e+00	-9.259489e-01
4.214000e-01	-6.499057e+00	-9.305342e-01
4.215000e-01	-6.501045e+00	-9.350480e-01
4.216000e-01	-6.503073e+00	-9.394902e-01
4.217000e-01	-6.505137e+00	-9.438609e-01
4.218000e-01	-6.507237e+00	-9.481599e-01
4.219000e-01	-6.509370e+00	-9.523871e-01
4.220000e-01	-6.511535e+00	-9.565425e-01
4.221000e-01	-6.513728e+00	-9.606257e-01
4.222000e-01	-6.515948e+00	-9.646366e-01
4.223000e-01	-6.518192e+00	-9.685749e-01
4.224000e-01	-6.520459e+00	-9.724400e-01
4.225000e-01	-6.522746e+00	-9.762316e-01
4.226000e-01	-6.525050e+00	-9.799490e-01
4.227000e-01	-6.527371e+00	-9.835917e-01
4.228000e-01	-6.529705e+00	-9.871588e-01
4.229000e-01	-6.532051e+00	-9.906495e-01
4.230000e-01	-6.534408e+00	-9.940630e-01
4.231000e-01	-6.536773e+00	-9.973980e-01
4.232000e-01	-6.539146e+00	-1.000654e+00
4.233000e-01	-6.541525e+00	-1.003829e+00
4.234000e-01	-6.543908e+00	-1.006922e+00
4.235000e-01	-6.546297e+00	-1.009932e+00
4.236000e-01	-6.548688e+00	-1.012858e+00
4.237000e-01	-6.551083e+00	-1.015698e+00
4.238000e-01	-6.553480e+00	-1.018450e+00
4.239000e-01	-6.555880e+00	-1.021115e+00
4.240000e-01	-6.558282e+00	-1.023689e+00
4.241000e-01	-6.560686e+00	-1.026171e+00
4.242000e-01	-6.563093e+00	-1.028561e+00
4.243000e-01	-6.565502e+00	-1.030857e+00
4.244000e-01	-6.567915e+00	-1.033057e+00
4.245000e-01	-6.570331e+00	-1.035161e+00
4.246000e-01	-6.572751e+00	-1.037166e+00
4.247000e-01	-6.575175e+00	-1.039073e+00
4.248000e-01	-6.577604e+00	-1.040880e+00
4.249000e-01	-6.580037e+00	-1.042586e+00
4.250000e-01	-6.582476e+00	-1.044190e+00
4.251000e-01	-6.584921e+00	-1.045692e+00
4.252000e-01	-6.587370e+00	-1.047091e+00
4.253000e-01	-6.589826e+00	-1.048386e+00
4.254000e-01	-6.592287e+00	-1.049576e+00
4.255000e-01	-6.594753e+00	-1.050663e+00
4.256000e-01	-6.597223e+00	-1.051644e+00
4.257000e-01	-6.599699e+00	-1.052521e+00
4.258000e-01	-6.602177e+00	-1.053292e+00
4.259000e-01	-6.604659e+00	-1.053959e+00
4.260000e-01	-6.607142e+00	-1.054520e+00
4.261000e-01	-6.609627e+00	-1.054976e+00
4.262000e-01	-6.612110e+00	-1.055327e+00
4.263000e-01	-6.614592e+00	-1.055573e+00
4.264000e-01	-6.617071e+00	-1.055715e+00
4.265000e-01	-6.619545e+00	-1.055752e+00
4.266000e-01	-6.622013e+00	-1.055684e+00
4.267000e-01	-6.624472e+00	-1.055512e+00
4.268000e-01	-6.626922e+00	-1.055236e+00
4.269000e-01	-6.629360e+00	-1.054856e+00
4.270000e-01	-6.631784e+00	-1.054372e+00
4.271000e-01	-6.634194e+00	-1.053783e+00
4.272000e-01	-6.636587e+00	-1.053090e+00
4.272423e-01	-6.637594e+00	-1.052765e+00
4.273000e-01	-6.638962e+00	-1.052292e+00
4.274000e-01	-6.641317e+00	-1.051390e+00
4.275000e-01	-6.643650e+00	-1.050383e+00
4.275778e-01	-6.645449e+00	-1.049528e+00
4.276000e-01	-6.645961e+00	-1.049271e+00
4.276356e-01	-6.646778e+00	-1.048849e+00
4.276678e-01	-6.647514e+00	-1.048457e+00
4.277000e-01	-6.648247e+00	-1.048054e+00
4.277333e-01	-6.649004e+00	-1.047624e+00
4.277667e-01	-6.649757e+00	-1.047183e+00
4.278000e-01	-6.650508e+00	-1.046730e+00
4.278333e-01	-6.651255e+00	-1.046265e+00
4.278667e-01	-6.652000e+00	-1.045789e+00
4.279000e-01	-6.652741e+00	-1.045300e+00
4.279333e-01	-6.653479e+00	-1.044800e+00
4.279667e-01	-6.654214e+00	-1.044288e+00
4.280000e-01	-6.654946e+00	-1.043765e+00
4.280333e-01	-6.655674e+00	-1.043229e+00
4.280667e-01	-6.656398e+00	-1.042681e+00
4.281000e-01	-6.657120e+00	-1.042122e+00
4.281412e-01	-6.658006e+00	-1.041415e+00
4.281706e-01	-6.658635e+00	-1.040899e+00
4.282000e-01	-6.659262e+00	-1.040373e+00
4.283000e-01	-6.661371e+00	-1.038517e+00
4.284000e-01	-6.663446e+00	-1.036554e+00
4.285000e-01	-6.665486e+00	-1.034484e+00
4.286000e-01	-6.667489e+00	-1.032307e+00
4.287000e-01	-6.669456e+00	-1.030021e+00
4.288000e-01	-6.671385e+00	-1.027628e+00
4.289000e-01	-6.673275e+00	-1.025127e+00
4.290000e-01	-6.675128e+00	-1.022518e+00
4.291000e-01	-6.676941e+00	-1.019801e+00
4.292000e-01	-6.678716e+00	-1.016976e+00
4.293000e-01	-6.680453e+00	-1.014043e+00
4.294000e-01	-6.682150e+00	-1.011001e+00
4.294676e-01	-6.683275e+00	-1.008886e+00
4.295000e-01	-6.683809e+00	-1.007853e+00
4.295649e-01	-6.684864e+00	-1.005752e+00
4.296000e-01	-6.685429e+00	-1.004597e+00
4.296701e-01	-6.686542e+00	-1.002251e+00
4.297000e-01	-6.687011e+00	-1.001234e+00
4.297598e-01	-6.687939e+00	-9.991715e-01
4.298000e-01	-6.688554e+00	-9.977646e-01
4.298775e-01	-6.689725e+00	-9.950039e-01
4.299000e-01	-6.690060e+00	-9.941897e-01
4.299333e-01	-6.690554e+00	-9.929747e-01
4.300000e-01	-6.691528e+00	-9.905098e-01
4.300807e-01	-6.692686e+00	-9.874645e-01
4.301000e-01	-6.692959e+00	-9.867258e-01
4.301333e-01	-6.693428e+00	-9.854414e-01
4.302000e-01	-6.694353e+00	-9.828384e-01
4.303000e-01	-6.695709e+00	-9.788489e-01
4.304000e-01	-6.697028e+00	-9.747583e-01
4.305000e-01	-6.698311e+00	-9.705678e-01
4.306000e-01	-6.699556e+00	-9.662786e-01
4.307000e-01	-6.700765e+00	-9.618923e-01
4.308000e-01	-6.701937e+00	-9.574101e-01
4.309000e-01	-6.703072e+00	-9.528338e-01
4.310000e-01	-6.704169e+00	-9.481648e-01
4.311000e-01	-6.705230e+00	-9.434050e-01
4.312000e-01	-6.706252e+00	-9.385558e-01
4.313000e-01	-6.707237e+00	-9.336192e-01
4.314000e-01	-6.708184e+00	-9.285968e-01
4.315000e-01	-6.709092e+00	-9.234904e-01
4.316000e-01	-6.709961e+00	-9.183018e-01
4.317000e-01	-6.710792e+00	-9.130329e-01
4.318000e-01	-6.711583e+00	-9.076854e-01
4.319000e-01	-6.712335e+00	-9.022611e-01
4.320000e-01	-6.713047e+00	-8.967617e-01
4.321000e-01	-6.713720e+00	-8.911890e-01
4.322000e-01	-6.714354e+00	-8.855445e-01
4.323000e-01	-6.714950e+00	-8.798298e-01
4.324000e-01	-6.715507e+00	-8.740465e-01
4.325000e-01	-6.716027e+00	-8.681960e-01
4.326000e-01	-6.716511e+00	-8.622798e-01
4.327000e-01	-6.716959e+00	-8.562991e-01
4.328000e-01	-6.717372e+00	-8.502553e-01
4.329000e-01	-6.717753e+00	-8.441497e-01
4.330000e-01	-6.718103e+00	-8.379835e-01
4.331000e-01	-6.718424e+00	-8.317578e-01
4.332000e-01	-6.718717e+00	-8.254737e-01
4.333000e-01	-6.718985e+00	-8.191325e-01
4.334000e-01	-6.719229e+00	-8.127352e-01
4.335000e-01	-6.719454e+00	-8.062830e-01
4.336000e-01	-6.719660e+00	-7.997770e-01
4.337000e-01	-6.719851e+00	-7.932183e-01
4.338000e-01	-6.720029e+00	-7.866083e-01
4.339000e-01	-6.720197e+00	-7.799480e-01
4.340000e-01	-6.720358e+00	-7.732389e-01
4.341000e-01	-6.720515e+00	-7.664823e-01
4.342000e-01	-6.720670e+00	-7.596795e-01
4.343000e-01	-6.720826e+00	-7.528322e-01
4.344000e-01	-6.720987e+00	-7.459419e-01
4.345000e-01	-6.721154e+00	-7.390103e-01
4.346000e-01	-6.721330e+00	-7.320392e-01
4.347000e-01	-6.721518e+00	-7.250305e-01
4.348000e-01	-6.721721e+00	-7.179860e-01
4.349000e-01	-6.721940e+00	-7.109079e-01
4.350000e-01	-6.722179e+00	-7.037982e-01
4.351000e-01	-6.722438e+00	-6.966593e-01
4.352000e-01	-6.722721e+00	-6.894934e-01
4.353000e-01	-6.723028e+00	-6.823029e-01
4.354000e-01	-6.723362e+00	-6.750903e-01
4.355000e-01	-6.723724e+00	-6.678581e-01
4.356000e-01	-6.724115e+00	-6.606088e-01
4.357000e-01	-6.724537e+00	-6.533451e-01
4.358000e-01	-6.724991e+00	-6.460692e-01
4.359000e-01	-6.725478e+00	-6.387844e-01
4.360000e-01	-6.725999e+00	-6.314929e-01
4.361000e-01	-6.726554e+00	-6.241976e-01
4.362000e-01	-6.727145e+00	-6.169011e-01
4.363000e-01	-6.727771e+00	-6.096056e-01
4.364000e-01	-6.728432e+00	-6.023125e-01
4.365000e-01	-6.729128e+00	-5.950230e-01
4.366000e-01	-6.729857e+00	-5.877383e-01
4.367000e-01	-6.730619e+00	-5.804598e-01
4.368000e-01	-6.731414e+00	-5.731885e-01
4.369000e-01	-6.732240e+00	-5.659257e-01
4.370000e-01	-6.733097e+00	-5.586725e-01
4.371000e-01	-6.733985e+00	-5.514299e-01
4.372000e-01	-6.734903e+00	-5.441990e-01
4.373000e-01	-6.735851e+00	-5.369808e-01
4.374000e-01	-6.736828e+00	-5.297763e-01
4.375000e-01	-6.737835e+00	-5.225866e-01
4.376000e-01	-6.738872e+00	-5.154127e-01
4.377000e-01	-6.739938e+00	-5.082554e-01
4.378000e-01	-6.741035e+00	-5.011159e-01
4.379000e-01	-6.742161e+00	-4.939952e-01
4.380000e-01	-6.743319e+00	-4.868942e-01
4.381000e-01	-6.744508e+00	-4.798141e-01
4.382000e-01	-6.745730e+00	-4.727559e-01
4.383000e-01	-6.746984e+00	-4.657208e-01
4.384000e-01	-6.748273e+00	-4.587100e-01
4.385000e-01	-6.749596e+00	-4.517247e-01
4.386000e-01	-6.750954e+00	-4.447662e-01
4.387000e-01	-6.752349e+00	-4.378359e-01
4.388000e-01	-6.753782e+00	-4.309354e-01
4.389000e-01	-6.755253e+00	-4.240661e-01
4.390000e-01	-6.756763e+00	-4.172297e-01
4.391000e-01	-6.758314e+00	-4.104280e-01
4.392000e-01	-6.759905e+00	-4.036626e-01
4.393000e-01	-6.761538e+00	-3.969357e-01
4.394000e-01	-6.763213e+00	-3.902492e-01
4.395000e-01	-6.764931e+00	-3.836052e-01
4.396000e-01	-6.766692e+00	-3.770057e-01
4.397000e-01	-6.768496e+00	-3.704533e-01
4.398000e-01	-6.770344e+00	-3.639501e-01
4.399000e-01	-6.772234e+00	-3.574987e-01
4.400000e-01	-6.774168e+00	-3.511015e-01
4.401000e-01	-6.776145e+00	-3.447611e-01
4.402000e-01	-6.778164e+00	-3.384801e-01
4.403000e-01	-6.780225e+00	-3.322611e-01
4.404000e-01	-6.782326e+00	-3.261069e-01
4.405000e-01	-6.784467e+00	-3.200200e-01
4.406000e-01	-6.786648e+00	-3.140031e-01
4.407000e-01	-6.788865e+00	-3.080589e-01
4.408000e-01	-6.791119e+00	-3.021901e-01
4.409000e-01	-6.793408e+00	-2.963992e-01
4.410000e-01	-6.795731e+00	-2.906887e-01
4.411000e-01	-6.798085e+00	-2.850611e-01
4.412000e-01	-6.800469e+00	-2.795188e-01
4.413000e-01	-6.802882e+00	-2.740640e-01
4.414000e-01	-6.805321e+00	-2.686989e-01
4.415000e-01	-6.807784e+00	-2.634254e-01
4.416000e-01	-6.810271e+00	-2.582454e-01
4.417000e-01	-6.812777e+00	-2.531604e-01
4.418000e-01	-6.815302e+00	-2.481719e-01
4.419000e-01	-6.817844e+00	-2.432813e-01
4.420000e-01	-6.820399e+00	-2.384895e-01
4.421000e-01	-6.822966e+00	-2.337975e-01
4.422000e-01	-6.825543e+00	-2.292058e-01
4.423000e-01	-6.828127e+00	-2.247150e-01
4.424000e-01	-6.830716e+00	-2.203253e-01
4.425000e-01	-6.833307e+00	-2.160368e-01
4.426000e-01	-6.835899e+00	-2.118494e-01
4.427000e-01	-6.838489e+00	-2.077629e-01
4.428000e-01	-6.841074e+00	-2.037769e-01
4.429000e-01	-6.843652e+00	-1.998909e-01
4.430000e-01	-6.846222e+00	-1.961043e-01
4.431000e-01	-6.848780e+00	-1.924165e-01
4.432000e-01	-6.851324e+00	-1.888267e-01
4.433000e-01	-6.853853e+00	-1.853342e-01
4.434000e-01	-6.856364e+00	-1.819382e-01
4.435000e-01	-6.858855e+00	-1.786379e-01
4.436000e-01	-6.861324e+00	-1.754327e-01
4.437000e-01	-6.863769e+00	-1.723218e-01
4.438000e-01	-6.866188e+00	-1.693048e-01
4.439000e-01	-6.868579e+00	-1.663812e-01
4.440000e-01	-6.870941e+00	-1.635505e-01
4.441000e-01	-6.873272e+00	-1.608125e-01
4.442000e-01	-6.875571e+00	-1.581673e-01
4.443000e-01	-6.877835e+00	-1.556147e-01
4.444000e-01	-6.880064e+00	-1.531552e-01
4.445000e-01	-6.882257e+00	-1.507889e-01
4.446000e-01	-6.884411e+00	-1.485165e-01
4.447000e-01	-6.886527e+00	-1.463386e-01
4.448000e-01	-6.888603e+00	-1.442561e-01
4.449000e-01	-6.890637e+00	-1.422700e-01
4.450000e-01	-6.892630e+00	-1.403816e-01
4.451000e-01	-6.894581e+00	-1.385920e-01
4.452000e-01	-6.896489e+00	-1.369024e-01
4.453000e-01	-6.898354e+00	-1.353144e-01
4.454000e-01	-6.900175e+00	-1.338298e-01
4.455000e-01	-6.901951e+00	-1.324499e-01
4.456000e-01	-6.903684e+00	-1.311764e-01
4.457000e-01	-6.905372e+00	-1.300109e-01
4.458000e-01	-6.907015e+00	-1.289550e-01
4.459000e-01	-6.908614e+00	-1.280103e-01
4.460000e-01	-6.910169e+00	-1.271784e-01
4.461000e-01	-6.911680e+00	-1.264609e-01
4.462000e-01	-6.913148e+00	-1.258589e-01
4.463000e-01	-6.914572e+00	-1.253740e-01
4.464000e-01	-6.915953e+00	-1.250071e-01
4.465000e-01	-6.917292e+00	-1.247594e-01
4.466000e-01	-6.918589e+00	-1.246318e-01
4.467000e-01	-6.919846e+00	-1.246248e-01
4.468000e-01	-6.921062e+00	-1.247391e-01
4.469000e-01	-6.922238e+00	-1.249746e-01
4.470000e-01	-6.923374e+00	-1.253313e-01
4.471000e-01	-6.924473e+00	-1.258090e-01
4.472000e-01	-6.925533e+00	-1.264071e-01
4.473000e-01	-6.926556e+00	-1.271252e-01
4.474000e-01	-6.927542e+00	-1.279627e-01
4.475000e-01	-6.928494e+00	-1.289187e-01
4.476000e-01	-6.929410e+00	-1.299922e-01
4.477000e-01	-6.930294e+00	-1.311824e-01
4.478000e-01	-6.931145e+00	-1.324879e-01
4.479000e-01	-6.931966e+00	-1.339078e-01
4.480000e-01	-6.932756e+00	-1.354409e-01
4.481000e-01	-6.933519e+00	-1.370860e-01
4.482000e-01	-6.934254e+00	-1.388420e-01
4.483000e-01	-6.934965e+00	-1.407076e-01
4.484000e-01	-6.935651e+00	-1.426818e-01
4.485000e-01	-6.936315e+00	-1.447634e-01
4.486000e-01	-6.936958e+00	-1.469515e-01
4.487000e-01	-6.937583e+00	-1.492452e-01
4.488000e-01	-6.938191e+00	-1.516435e-01
4.488500e-01	-6.938489e+00	-1.528817e-01
4.488764e-01	-6.938645e+00	-1.535456e-01
4.489000e-01	-6.938783e+00	-1.541458e-01
4.489454e-01	-6.939047e+00	-1.553152e-01
4.490000e-01	-6.939362e+00	-1.567513e-01
4.491000e-01	-6.939930e+00	-1.594597e-01
4.491266e-01	-6.940079e+00	-1.601963e-01
4.491531e-01	-6.940227e+00	-1.609401e-01
4.492000e-01	-6.940488e+00	-1.622704e-01
4.492333e-01	-6.940672e+00	-1.632300e-01
4.492583e-01	-6.940810e+00	-1.639571e-01
4.492875e-01	-6.940970e+00	-1.648135e-01
4.493000e-01	-6.941038e+00	-1.651832e-01
4.493271e-01	-6.941186e+00	-1.659896e-01
4.493583e-01	-6.941357e+00	-1.669294e-01
4.493861e-01	-6.941508e+00	-1.677731e-01
4.494000e-01	-6.941583e+00	-1.681979e-01
4.494285e-01	-6.941738e+00	-1.690773e-01
4.494557e-01	-6.941885e+00	-1.699221e-01
4.494881e-01	-6.942060e+00	-1.709369e-01
4.495000e-01	-6.942124e+00	-1.713145e-01
4.495271e-01	-6.942270e+00	-1.721769e-01
4.495541e-01	-6.942416e+00	-1.730439e-01
4.495809e-01	-6.942561e+00	-1.739111e-01
4.496000e-01	-6.942664e+00	-1.745330e-01
4.496256e-01	-6.942802e+00	-1.753739e-01
4.497000e-01	-6.943203e+00	-1.778536e-01
4.498000e-01	-6.943745e+00	-1.812764e-01
4.499000e-01	-6.944292e+00	-1.848018e-01
4.500000e-01	-6.944844e+00	-1.884301e-01
4.501000e-01	-6.945405e+00	-1.921618e-01
4.502000e-01	-6.945976e+00	-1.959973e-01
4.503000e-01	-6.946559e+00	-1.999371e-01
4.504000e-01	-6.947155e+00	-2.039814e-01
4.505000e-01	-6.947767e+00	-2.081309e-01
4.506000e-01	-6.948397e+00	-2.123858e-01
4.507000e-01	-6.949045e+00	-2.167465e-01
4.508000e-01	-6.949714e+00	-2.212131e-01
4.509000e-01	-6.950406e+00	-2.257857e-01
4.510000e-01	-6.951120e+00	-2.304634e-01
4.511000e-01	-6.951858e+00	-2.352451e-01
4.512000e-01	-6.952620e+00	-2.401297e-01
4.513000e-01	-6.953406e+00	-2.451160e-01
4.514000e-01	-6.954218e+00	-2.502026e-01
4.515000e-01	-6.955055e+00	-2.553882e-01
4.516000e-01	-6.955919e+00	-2.606713e-01
4.517000e-01	-6.956809e+00	-2.660503e-01
4.518000e-01	-6.957728e+00	-2.715235e-01
4.519000e-01	-6.958675e+00	-2.770895e-01
4.520000e-01	-6.959651e+00	-2.827464e-01
4.521000e-01	-6.960657e+00	-2.884925e-01
4.522000e-01	-6.961694e+00	-2.943261e-01
4.523000e-01	-6.962764e+00	-3.002453e-01
4.524000e-01	-6.963866e+00	-3.062481e-01
4.525000e-01	-6.965001e+00	-3.123325e-01
4.526000e-01	-6.966171e+00	-3.184965e-01
4.527000e-01	-6.967376e+00	-3.247378e-01
4.528000e-01	-6.968617e+00	-3.310545e-01
4.529000e-01	-6.969895e+00	-3.374444e-01
4.530000e-01	-6.971210e+00	-3.439054e-01
4.531000e-01	-6.972563e+00	-3.504355e-01
4.532000e-01	-6.973954e+00	-3.570325e-01
4.533000e-01	-6.975385e+00	-3.636944e-01
4.534000e-01	-6.976855e+00	-3.704192e-01
4.535000e-01	-6.978366e+00	-3.772049e-01
4.536000e-01	-6.979916e+00	-3.840497e-01
4.537000e-01	-6.981507e+00	-3.909516e-01
4.538000e-01	-6.983139e+00	-3.979089e-01
4.539000e-01	-6.984811e+00	-4.049198e-01
4.540000e-01	-6.986524e+00	-4.119827e-01
4.541000e-01	-6.988277e+00	-4.190958e-01
4.542000e-01	-6.990070e+00	-4.262578e-01
4.543000e-01	-6.991903e+00	-4.334671e-01
4.544000e-01	-6.993776e+00	-4.407223e-01
4.545000e-01	-6.995687e+00	-4.480220e-01
4.546000e-01	-6.997636e+00	-4.553650e-01
4.546971e-01	-6.999564e+00	-4.625322e-01
4.547000e-01	-6.999623e+00	-4.627501e-01
4.547287e-01	-7.000201e+00	-4.648783e-01
4.547562e-01	-7.000756e+00	-4.669168e-01
4.547825e-01	-7.001290e+00	-4.688742e-01
4.548000e-01	-7.001647e+00	-4.701761e-01
4.548305e-01	-7.002271e+00	-4.724454e-01
4.548566e-01	-7.002809e+00	-4.743974e-01
4.548851e-01	-7.003397e+00	-4.765238e-01
4.549000e-01	-7.003707e+00	-4.776419e-01
4.549316e-01	-7.004365e+00	-4.800098e-01
4.549571e-01	-7.004899e+00	-4.819210e-01
4.549836e-01	-7.005455e+00	-4.839099e-01
4.550000e-01	-7.005802e+00	-4.851463e-01
4.550291e-01	-7.006418e+00	-4.873365e-01
4.550549e-01	-7.006967e+00	-4.892819e-01
4.550806e-01	-7.007516e+00	-4.912242e-01
4.551000e-01	-7.007931e+00	-4.926885e-01
4.551265e-01	-7.008501e+00	-4.946921e-01
4.551521e-01	-7.009054e+00	-4.966325e-01
4.551782e-01	-7.009620e+00	-4.986110e-01
4.552000e-01	-7.010094e+00	-5.002674e-01
4.552263e-01	-7.010668e+00	-5.022652e-01
4.552525e-01	-7.011242e+00	-5.042568e-01
4.552789e-01	-7.011824e+00	-5.062716e-01
4.553000e-01	-7.012290e+00	-5.078820e-01
4.553331e-01	-7.013024e+00	-5.104112e-01
4.553626e-01	-7.013681e+00	-5.126689e-01
4.553890e-01	-7.014270e+00	-5.146876e-01
4.554000e-01	-7.014517e+00	-5.155313e-01
4.554261e-01	-7.015103e+00	-5.175325e-01
4.554513e-01	-7.015671e+00	-5.194664e-01
4.554772e-01	-7.016258e+00	-5.214625e-01
4.555000e-01	-7.016775e+00	-5.232147e-01
4.556000e-01	-7.019061e+00	-5.309314e-01
4.557000e-01	-7.021375e+00	-5.386812e-01
4.558000e-01	-7.023712e+00	-5.464637e-01
4.559000e-01	-7.026072e+00	-5.542788e-01
4.560000e-01	-7.028452e+00	-5.621259e-01
4.561000e-01	-7.030850e+00	-5.700048e-01
4.562000e-01	-7.033264e+00	-5.779150e-01
4.563000e-01	-7.035693e+00	-5.858561e-01
4.564000e-01	-7.038134e+00	-5.938276e-01
4.565000e-01	-7.040586e+00	-6.018288e-01
4.566000e-01	-7.043047e+00	-6.098593e-01
4.567000e-01	-7.045516e+00	-6.179182e-01
4.568000e-01	-7.047993e+00	-6.260047e-01
4.569000e-01	-7.050474e+00	-6.341181e-01
4.570000e-01	-7.052961e+00	-6.422572e-01
4.571000e-01	-7.055452e+00	-6.504211e-01
4.572000e-01	-7.057945e+00	-6.586085e-01
4.573000e-01	-7.060442e+00	-6.668180e-01
4.574000e-01	-7.062941e+00	-6.750484e-01
4.575000e-01	-7.065442e+00	-6.832980e-01
4.576000e-01	-7.067945e+00	-6.915650e-01
4.577000e-01	-7.070450e+00	-6.998477e-01
4.578000e-01	-7.072957e+00	-7.081441e-01
4.579000e-01	-7.075465e+00	-7.164521e-01
4.580000e-01	-7.077976e+00	-7.247695e-01
4.581000e-01	-7.080488e+00	-7.330940e-01
4.582000e-01	-7.083004e+00	-7.414230e-01
4.583000e-01	-7.085522e+00	-7.497542e-01
4.584000e-01	-7.088043e+00	-7.580847e-01
4.585000e-01	-7.090568e+00	-7.664121e-01
4.586000e-01	-7.093098e+00	-7.747333e-01
4.587000e-01	-7.095631e+00	-7.830457e-01
4.588000e-01	-7.098169e+00	-7.913463e-01
4.589000e-01	-7.100712e+00	-7.996321e-01
4.590000e-01	-7.103261e+00	-8.079005e-01
4.591000e-01	-7.105815e+00	-8.161482e-01
4.592000e-01	-7.108376e+00	-8.243726e-01
4.593000e-01	-7.110942e+00	-8.325708e-01
4.594000e-01	-7.113515e+00	-8.407399e-01
4.595000e-01	-7.116094e+00	-8.488773e-01
4.596000e-01	-7.118679e+00	-8.569803e-01
4.597000e-01	-7.121270e+00	-8.650465e-01
4.598000e-01	-7.123865e+00	-8.730736e-01
4.599000e-01	-7.126465e+00	-8.810593e-01
4.600000e-01	-7.129069e+00	-8.890018e-01
4.601000e-01	-7.131674e+00	-8.968990e-01
4.602000e-01	-7.134280e+00	-9.047492e-01
4.603000e-01	-7.136884e+00	-9.125505e-01
4.604000e-01	-7.139484e+00	-9.203011e-01
4.605000e-01	-7.142075e+00	-9.279991e-01
4.605648e-01	-7.143749e+00	-9.329611e-01
4.606000e-01	-7.144654e+00	-9.356429e-01
4.607000e-01	-7.147218e+00	-9.432308e-01
4.608000e-01	-7.149762e+00	-9.507613e-01
4.609000e-01	-7.152282e+00	-9.582330e-01
4.610000e-01	-7.154774e+00	-9.656449e-01
4.611000e-01	-7.157233e+00	-9.729958e-01
4.612000e-01	-7.159654e+00	-9.802848e-01
4.613000e-01	-7.162035e+00	-9.875110e-01
4.614000e-01	-7.164370e+00	-9.946737e-01
4.615000e-01	-7.166655e+00	-1.001772e+00
4.616000e-01	-7.168887e+00	-1.008805e+00
4.617000e-01	-7.171061e+00	-1.015773e+00
4.618000e-01	-7.173174e+00	-1.022674e+00
4.619000e-01	-7.175223e+00	-1.029509e+00
4.620000e-01	-7.177205e+00	-1.036275e+00
4.621000e-01	-7.179117e+00	-1.042973e+00
4.622000e-01	-7.180956e+00	-1.049602e+00
4.623000e-01	-7.182721e+00	-1.056160e+00
4.624000e-01	-7.184410e+00	-1.062647e+00
4.625000e-01	-7.186021e+00	-1.069062e+00
4.626000e-01	-7.187554e+00	-1.075403e+00
4.627000e-01	-7.189007e+00	-1.081669e+00
4.628000e-01	-7.190380e+00	-1.087858e+00
4.629000e-01	-7.191674e+00	-1.093970e+00
4.630000e-01	-7.192888e+00	-1.100001e+00
4.631000e-01	-7.194023e+00	-1.105952e+00
4.632000e-01	-7.195081e+00	-1.111819e+00
4.633000e-01	-7.196062e+00	-1.117602e+00
4.634000e-01	-7.196968e+00	-1.123297e+00
4.635000e-01	-7.197801e+00	-1.128904e+00
4.636000e-01	-7.198562e+00	-1.134420e+00
4.637000e-01	-7.199254e+00	-1.139842e+00
4.638000e-01	-7.199879e+00	-1.145170e+00
4.639000e-01	-7.200439e+00	-1.150400e+00
4.640000e-01	-7.200936e+00	-1.155531e+00
4.641000e-01	-7.201373e+00	-1.160561e+00
4.642000e-01	-7.201751e+00	-1.165488e+00
4.643000e-01	-7.202073e+00	-1.170309e+00
4.644000e-01	-7.202340e+00	-1.175023e+00
4.645000e-01	-7.202555e+00	-1.179629e+00
4.646000e-01	-7.202720e+00	-1.184124e+00
4.647000e-01	-7.202836e+00	-1.188507e+00
4.648000e-01	-7.202905e+00	-1.192776e+00
4.649000e-01	-7.202929e+00	-1.196932e+00
4.650000e-01	-7.202910e+00	-1.200972e+00
4.651000e-01	-7.202849e+00	-1.204896e+00
4.652000e-01	-7.202747e+00	-1.208703e+00
4.653000e-01	-7.202607e+00	-1.212393e+00
4.654000e-01	-7.202429e+00	-1.215967e+00
4.655000e-01	-7.202215e+00	-1.219423e+00
4.656000e-01	-7.201966e+00	-1.222762e+00
4.657000e-01	-7.201684e+00	-1.225985e+00
4.658000e-01	-7.201371e+00	-1.229092e+00
4.659000e-01	-7.201027e+00	-1.232084e+00
4.660000e-01	-7.200656e+00	-1.234961e+00
4.661000e-01	-7.200257e+00	-1.237725e+00
4.662000e-01	-7.199833e+00	-1.240376e+00
4.663000e-01	-7.199387e+00	-1.242915e+00
4.664000e-01	-7.198919e+00	-1.245345e+00
4.665000e-01	-7.198433e+00	-1.247665e+00
4.666000e-01	-7.197931e+00	-1.249877e+00
4.667000e-01	-7.197415e+00	-1.251982e+00
4.668000e-01	-7.196888e+00	-1.253982e+00
4.669000e-01	-7.196353e+00	-1.255877e+00
4.670000e-01	-7.195813e+00	-1.257668e+00
4.671000e-01	-7.195272e+00	-1.259356e+00
4.672000e-01	-7.194733e+00	-1.260943e+00
4.673000e-01	-7.194200e+00	-1.262428e+00
4.674000e-01	-7.193676e+00	-1.263813e+00
4.675000e-01	-7.193166e+00	-1.265097e+00
4.676000e-01	-7.192674e+00	-1.266283e+00
4.677000e-01	-7.192203e+00	-1.267369e+00
4.678000e-01	-7.191760e+00	-1.268356e+00
4.679000e-01	-7.191347e+00	-1.269243e+00
4.680000e-01	-7.190970e+00	-1.270032e+00
4.681000e-01	-7.190632e+00	-1.270722e+00
4.682000e-01	-7.190339e+00	-1.271313e+00
4.683000e-01	-7.190096e+00	-1.271803e+00
4.684000e-01	-7.189905e+00	-1.272194e+00
4.685000e-01	-7.189773e+00	-1.272485e+00
4.686000e-01	-7.189702e+00	-1.272675e+00
4.687000e-01	-7.189697e+00	-1.272764e+00
4.688000e-01	-7.189763e+00	-1.272752e+00
4.689000e-01	-7.189901e+00	-1.272637e+00
4.690000e-01	-7.190117e+00	-1.272421e+00
4.691000e-01	-7.190413e+00	-1.272102e+00
4.692000e-01	-7.190792e+00	-1.271681e+00
4.693000e-01	-7.191257e+00	-1.271157e+00
4.694000e-01	-7.191809e+00	-1.270530e+00
4.695000e-01	-7.192452e+00	-1.269801e+00
4.696000e-01	-7.193186e+00	-1.268969e+00
4.697000e-01	-7.194014e+00	-1.268035e+00
4.698000e-01	-7.194936e+00	-1.267000e+00
4.699000e-01	-7.195953e+00	-1.265865e+00
4.700000e-01	-7.197066e+00	-1.264629e+00
4.701000e-01	-7.198274e+00	-1.263294e+00
4.702000e-01	-7.199579e+00	-1.261861e+00
4.703000e-01	-7.200979e+00	-1.260332e+00
4.704000e-01	-7.202474e+00	-1.258708e+00
4.705000e-01	-7.204063e+00	-1.256989e+00
4.706000e-01	-7.205746e+00	-1.255179e+00
4.707000e-01	-7.207521e+00	-1.253278e+00
4.708000e-01	-7.209387e+00	-1.251288e+00
4.709000e-01	-7.211342e+00	-1.249212e+00
4.710000e-01	-7.213386e+00	-1.247051e+00
4.711000e-01	-7.215516e+00	-1.244807e+00
4.712000e-01	-7.217732e+00	-1.242483e+00
4.713000e-01	-7.220031e+00	-1.240080e+00
4.714000e-01	-7.222411e+00	-1.237600e+00
4.715000e-01	-7.224871e+00	-1.235045e+00
4.716000e-01	-7.227410e+00	-1.232418e+00
4.717000e-01	-7.230025e+00	-1.229720e+00
4.718000e-01	-7.232715e+00	-1.226954e+00
4.719000e-01	-7.235478e+00	-1.224120e+00
4.720000e-01	-7.238312e+00	-1.221220e+00
4.721000e-01	-7.241216e+00	-1.218257e+00
4.722000e-01	-7.244189e+00	-1.215231e+00
4.723000e-01	-7.247228e+00	-1.212144e+00
4.724000e-01	-7.250332e+00	-1.208997e+00
4.725000e-01	-7.253499e+00	-1.205791e+00
4.726000e-01	-7.256727e+00	-1.202528e+00
4.727000e-01	-7.260016e+00	-1.199207e+00
4.728000e-01	-7.263362e+00	-1.195830e+00
4.729000e-01	-7.266764e+00	-1.192398e+00
4.730000e-01	-7.270220e+00	-1.188911e+00
4.731000e-01	-7.273728e+00	-1.185369e+00
4.732000e-01	-7.277286e+00	-1.181773e+00
4.733000e-01	-7.280891e+00	-1.178122e+00
4.734000e-01	-7.284540e+00	-1.174418e+00
4.735000e-01	-7.288231e+00	-1.170661e+00
4.736000e-01	-7.291961e+00	-1.166850e+00
4.737000e-01	-7.295726e+00	-1.162986e+00
4.738000e-01	-7.299523e+00	-1.159070e+00
4.739000e-01	-7.303348e+00	-1.155100e+00
4.740000e-01	-7.307198e+00	-1.151078e+00
4.741000e-01	-7.311068e+00	-1.147003e+00
4.742000e-01	-7.314954e+00	-1.142877e+00
4.743000e-01	-7.318851e+00	-1.138699e+00
4.744000e-01	-7.322755e+00	-1.134471e+00
4.745000e-01	-7.326660e+00	-1.130191e+00
4.746000e-01	-7.330562e+00	-1.125863e+00
4.747000e-01	-7.334454e+00	-1.121485e+00
4.748000e-01	-7.338333e+00	-1.117059e+00
4.749000e-01	-7.342191e+00	-1.112587e+00
4.750000e-01	-7.346024e+00	-1.108068e+00
4.751000e-01	-7.349825e+00	-1.103505e+00
4.752000e-01	-7.353589e+00	-1.098899e+00
4.753000e-01	-7.357311e+00	-1.094252e+00
4.754000e-01	-7.360984e+00	-1.089564e+00
4.755000e-01	-7.364603e+00	-1.084838e+00
4.756000e-01	-7.368163e+00	-1.080075e+00
4.757000e-01	-7.371657e+00	-1.075277e+00
4.758000e-01	-7.375081e+00	-1.070446e+00
4.759000e-01	-7.378431e+00	-1.065584e+00
4.760000e-01	-7.381700e+00	-1.060693e+00
4.761000e-01	-7.384885e+00	-1.055775e+00
4.762000e-01	-7.387981e+00	-1.050831e+00
4.763000e-01	-7.390984e+00	-1.045864e+00
4.764000e-01	-7.393891e+00	-1.040875e+00
4.765000e-01	-7.396697e+00	-1.035866e+00
4.766000e-01	-7.399401e+00	-1.030840e+00
4.767000e-01	-7.401999e+00	-1.025798e+00
4.768000e-01	-7.404490e+00	-1.020741e+00
4.769000e-01	-7.406870e+00	-1.015671e+00
4.770000e-01	-7.409138e+00	-1.010590e+00
4.771000e-01	-7.411292e+00	-1.005500e+00
4.772000e-01	-7.413333e+00	-1.000400e+00
4.773000e-01	-7.415257e+00	-9.952930e-01
4.774000e-01	-7.417067e+00	-9.901797e-01
4.775000e-01	-7.418760e+00	-9.850610e-01
4.776000e-01	-7.420336e+00	-9.799379e-01
4.777000e-01	-7.421797e+00	-9.748111e-01
4.778000e-01	-7.423143e+00	-9.696815e-01
4.779000e-01	-7.424373e+00	-9.645495e-01
4.780000e-01	-7.425490e+00	-9.594157e-01
4.781000e-01	-7.426493e+00	-9.542807e-01
4.782000e-01	-7.427384e+00	-9.491448e-01
4.783000e-01	-7.428164e+00	-9.440085e-01
4.784000e-01	-7.428834e+00	-9.388721e-01
4.785000e-01	-7.429396e+00	-9.337359e-01
4.786000e-01	-7.429851e+00	-9.286003e-01
4.787000e-01	-7.430200e+00	-9.234657e-01
4.788000e-01	-7.430445e+00	-9.183323e-01
4.789000e-01	-7.430588e+00	-9.132005e-01
4.790000e-01	-7.430630e+00	-9.080708e-01
4.791000e-01	-7.430573e+00	-9.029436e-01
4.792000e-01	-7.430418e+00	-8.978195e-01
4.793000e-01	-7.430167e+00	-8.926991e-01
4.794000e-01	-7.429823e+00	-8.875829e-01
4.795000e-01	-7.429386e+00	-8.824719e-01
4.796000e-01	-7.428860e+00	-8.773667e-01
4.797000e-01	-7.428245e+00	-8.722683e-01
4.798000e-01	-7.427544e+00	-8.671776e-01
4.799000e-01	-7.426759e+00	-8.620958e-01
4.800000e-01	-7.425894e+00	-8.570240e-01
4.801000e-01	-7.424950e+00	-8.519634e-01
4.802000e-01	-7.423929e+00	-8.469153e-01
4.803000e-01	-7.422836e+00	-8.418811e-01
4.804000e-01	-7.421674e+00	-8.368622e-01
4.805000e-01	-7.420445e+00	-8.318600e-01
4.806000e-01	-7.419153e+00	-8.268761e-01
4.807000e-01	-7.417803e+00	-8.219118e-01
4.808000e-01	-7.416398e+00	-8.169689e-01
4.809000e-01	-7.414943e+00	-8.120487e-01
4.810000e-01	-7.413442e+00	-8.071529e-01
4.811000e-01	-7.411901e+00	-8.022829e-01
4.812000e-01	-7.410324e+00	-7.974402e-01
4.813000e-01	-7.408717e+00	-7.926261e-01
4.814000e-01	-7.407087e+00	-7.878421e-01
4.815000e-01	-7.405438e+00	-7.830894e-01
4.816000e-01	-7.403777e+00	-7.783693e-01
4.817000e-01	-7.402110e+00	-7.736828e-01
4.818000e-01	-7.400444e+00	-7.690310e-01
4.819000e-01	-7.398786e+00	-7.644148e-01
4.820000e-01	-7.397142e+00	-7.598350e-01
4.821000e-01	-7.395519e+00	-7.552924e-01
4.822000e-01	-7.393924e+00	-7.507876e-01
4.823000e-01	-7.392365e+00	-7.463211e-01
4.824000e-01	-7.390847e+00	-7.418933e-01
4.825000e-01	-7.389379e+00	-7.375044e-01
4.826000e-01	-7.387967e+00	-7.331547e-01
4.827000e-01	-7.386618e+00	-7.288443e-01
4.828000e-01	-7.385338e+00	-7.245732e-01
4.829000e-01	-7.384134e+00	-7.203412e-01
4.830000e-01	-7.383012e+00	-7.161483e-01
4.831000e-01	-7.381978e+00	-7.119943e-01
4.832000e-01	-7.381038e+00	-7.078788e-01
4.833000e-01	-7.380197e+00	-7.038017e-01
4.834000e-01	-7.379460e+00	-6.997625e-01
4.835000e-01	-7.378833e+00	-6.957609e-01
4.836000e-01	-7.378319e+00	-6.917965e-01
4.837000e-01	-7.377923e+00	-6.878690e-01
4.838000e-01	-7.377649e+00	-6.839780e-01
4.839000e-01	-7.377500e+00	-6.801232e-01
4.840000e-01	-7.377478e+00	-6.763043e-01
4.841000e-01	-7.377588e+00	-6.725210e-01
4.842000e-01	-7.377830e+00	-6.687731e-01
4.843000e-01	-7.378207e+00	-6.650605e-01
4.844000e-01	-7.378720e+00	-6.613830e-01
4.845000e-01	-7.379372e+00	-6.577406e-01
4.846000e-01	-7.380161e+00	-6.541333e-01
4.847000e-01	-7.381090e+00	-6.505612e-01
4.848000e-01	-7.382159e+00	-6.470244e-01
4.849000e-01	-7.383367e+00	-6.435233e-01
4.850000e-01	-7.384714e+00	-6.400580e-01
4.851000e-01	-7.386201e+00	-6.366289e-01
4.852000e-01	-7.387826e+00	-6.332364e-01
4.853000e-01	-7.389589e+00	-6.298809e-01
4.854000e-01	-7.391488e+00	-6.265630e-01
4.855000e-01	-7.393523e+00	-6.232833e-01
4.856000e-01	-7.395692e+00	-6.200421e-01
4.857000e-01	-7.397993e+00	-6.168403e-01
4.858000e-01	-7.400426e+00	-6.136783e-01
4.859000e-01	-7.402989e+00	-6.105568e-01
4.860000e-01	-7.405680e+00	-6.074763e-01
4.861000e-01	-7.408496e+00	-6.044376e-01
4.862000e-01	-7.411437e+00	-6.014411e-01
4.863000e-01	-7.414500e+00	-5.984875e-01
4.864000e-01	-7.417682e+00	-5.955773e-01
4.865000e-01	-7.420982e+00	-5.927109e-01
4.866000e-01	-7.424398e+00	-5.898888e-01
4.867000e-01	-7.427926e+00	-5.871113e-01
4.868000e-01	-7.431564e+00	-5.843790e-01
4.869000e-01	-7.435309e+00	-5.816919e-01
4.870000e-01	-7.439159e+00	-5.790504e-01
4.871000e-01	-7.443109e+00	-5.764546e-01
4.872000e-01	-7.447158e+00	-5.739047e-01
4.873000e-01	-7.451301e+00	-5.714006e-01
4.874000e-01	-7.455534e+00	-5.689424e-01
4.875000e-01	-7.459853e+00	-5.665301e-01
4.876000e-01	-7.464255e+00	-5.641635e-01
4.877000e-01	-7.468734e+00	-5.618426e-01
4.878000e-01	-7.473287e+00	-5.595671e-01
4.879000e-01	-7.477907e+00	-5.573369e-01
4.880000e-01	-7.482589e+00	-5.551517e-01
4.881000e-01	-7.487329e+00	-5.530113e-01
4.882000e-01	-7.492120e+00	-5.509156e-01
4.883000e-01	-7.496955e+00	-5.488641e-01
4.884000e-01	-7.501829e+00	-5.468569e-01
4.885000e-01	-7.506735e+00	-5.448935e-01
4.886000e-01	-7.511666e+00	-5.429739e-01
4.887000e-01	-7.516615e+00	-5.410979e-01
4.888000e-01	-7.521574e+00	-5.392655e-01
4.889000e-01	-7.526536e+00	-5.374765e-01
4.890000e-01	-7.531494e+00	-5.357309e-01
4.891000e-01	-7.536440e+00	-5.340289e-01
4.892000e-01	-7.541366e+00	-5.323705e-01
4.893000e-01	-7.546265e+00	-5.307558e-01
4.894000e-01	-7.551129e+00	-5.291852e-01
4.895000e-01	-7.555949e+00	-5.276588e-01
4.896000e-01	-7.560717e+00	-5.261772e-01
4.897000e-01	-7.565427e+00	-5.247407e-01
4.898000e-01	-7.570069e+00	-5.233502e-01
4.899000e-01	-7.574635e+00	-5.220067e-01
4.900000e-01	-7.579117e+00	-5.207111e-01
4.901000e-01	-7.583508e+00	-5.194644e-01
4.902000e-01	-7.587799e+00	-5.182676e-01
4.903000e-01	-7.591983e+00	-5.171218e-01
4.904000e-01	-7.596055e+00	-5.160280e-01
4.905000e-01	-7.600007e+00	-5.149873e-01
4.906000e-01	-7.603832e+00	-5.140008e-01
4.907000e-01	-7.607527e+00	-5.130696e-01
4.908000e-01	-7.611084e+00	-5.121947e-01
4.909000e-01	-7.614500e+00	-5.113772e-01
4.910000e-01	-7.617770e+00	-5.106180e-01
4.911000e-01	-7.620890e+00	-5.099181e-01
4.912000e-01	-7.623857e+00	-5.092785e-01
4.913000e-01	-7.626667e+00	-5.086991e-01
4.914000e-01	-7.629316e+00	-5.081795e-01
4.915000e-01	-7.631800e+00	-5.077188e-01
4.916000e-01	-7.634116e+00	-5.073162e-01
4.917000e-01	-7.636262e+00	-5.069709e-01
4.918000e-01	-7.638235e+00	-5.066822e-01
4.919000e-01	-7.640035e+00	-5.064493e-01
4.920000e-01	-7.641660e+00	-5.062712e-01
4.921000e-01	-7.643109e+00	-5.061471e-01
4.922000e-01	-7.644384e+00	-5.060761e-01
4.923000e-01	-7.645484e+00	-5.060574e-01
4.924000e-01	-7.646412e+00	-5.060901e-01
4.925000e-01	-7.647168e+00	-5.061735e-01
4.926000e-01	-7.647756e+00	-5.063065e-01
4.927000e-01	-7.648177e+00	-5.064886e-01
4.928000e-01	-7.648436e+00	-5.067190e-01
4.929000e-01	-7.648535e+00	-5.069969e-01
4.930000e-01	-7.648479e+00	-5.073218e-01
4.931000e-01	-7.648273e+00	-5.076930e-01
4.932000e-01	-7.647921e+00	-5.081101e-01
4.932263e-01	-7.647804e+00	-5.082275e-01
4.932544e-01	-7.647670e+00	-5.083562e-01
4.932825e-01	-7.647524e+00	-5.084884e-01
4.933000e-01	-7.647428e+00	-5.085725e-01
4.933326e-01	-7.647238e+00	-5.087328e-01
4.933666e-01	-7.647025e+00	-5.089053e-01
4.934000e-01	-7.646800e+00	-5.090800e-01
4.934378e-01	-7.646529e+00	-5.092834e-01
4.934644e-01	-7.646327e+00	-5.094305e-01
4.935000e-01	-7.646043e+00	-5.096322e-01
4.935253e-01	-7.645831e+00	-5.097789e-01
4.935506e-01	-7.645611e+00	-5.099289e-01
4.935760e-01	-7.645384e+00	-5.100814e-01
4.936000e-01	-7.645161e+00	-5.102290e-01
4.936262e-01	-7.644911e+00	-5.103925e-01
4.936515e-01	-7.644661e+00	-5.105535e-01
4.936770e-01	-7.644402e+00	-5.107188e-01
4.937000e-01	-7.644162e+00	-5.108704e-01
4.937258e-01	-7.643886e+00	-5.110431e-01
4.937519e-01	-7.643599e+00	-5.112205e-01
4.937784e-01	-7.643300e+00	-5.114044e-01
4.938000e-01	-7.643051e+00	-5.115563e-01
4.938252e-01	-7.642754e+00	-5.117362e-01
4.938506e-01	-7.642447e+00	-5.119204e-01
4.938757e-01	-7.642138e+00	-5.121057e-01
4.939000e-01	-7.641833e+00	-5.122870e-01
4.939273e-01	-7.641484e+00	-5.124940e-01
4.939528e-01	-7.641150e+00	-5.126908e-01
4.939778e-01	-7.640817e+00	-5.128866e-01
4.940000e-01	-7.640516e+00	-5.130627e-01
4.941000e-01	-7.639105e+00	-5.138839e-01
4.942000e-01	-7.637606e+00	-5.147509e-01
4.943000e-01	-7.636025e+00	-5.156644e-01
4.943933e-01	-7.634481e+00	-5.165587e-01
4.944000e-01	-7.634367e+00	-5.166250e-01
4.945000e-01	-7.632640e+00	-5.176335e-01
4.946000e-01	-7.630848e+00	-5.186908e-01
4.947000e-01	-7.628997e+00	-5.197977e-01
4.948000e-01	-7.627093e+00	-5.209551e-01
4.949000e-01	-7.625140e+00	-5.221639e-01
4.950000e-01	-7.623145e+00	-5.234251e-01
4.951000e-01	-7.621111e+00	-5.247396e-01
4.952000e-01	-7.619045e+00	-5.261080e-01
4.953000e-01	-7.616950e+00	-5.275313e-01
4.954000e-01	-7.614832e+00	-5.290100e-01
4.955000e-01	-7.612696e+00	-5.305447e-01
4.956000e-01	-7.610545e+00	-5.321359e-01
4.957000e-01	-7.608385e+00	-5.337837e-01
4.958000e-01	-7.606220e+00	-5.354885e-01
4.959000e-01	-7.604055e+00	-5.372500e-01
4.960000e-01	-7.601894e+00	-5.390681e-01
4.961000e-01	-7.599741e+00	-5.409426e-01
4.962000e-01	-7.597602e+00	-5.428727e-01
4.963000e-01	-7.595481e+00	-5.448578e-01
4.964000e-01	-7.593382e+00	-5.468971e-01
4.965000e-01	-7.591311e+00	-5.489895e-01
4.966000e-01	-7.589272e+00	-5.511339e-01
4.967000e-01	-7.587271e+00	-5.533288e-01
4.968000e-01	-7.585313e+00	-5.555728e-01
4.969000e-01	-7.583402e+00	-5.578644e-01
4.970000e-01	-7.581544e+00	-5.602019e-01
4.971000e-01	-7.579745e+00	-5.625836e-01
4.972000e-01	-7.578009e+00	-5.650077e-01
4.973000e-01	-7.576343e+00	-5.674724e-01
4.974000e-01	-7.574752e+00	-5.699759e-01
4.975000e-01	-7.573242e+00	-5.725163e-01
4.976000e-01	-7.571817e+00	-5.750919e-01
4.977000e-01	-7.570484e+00	-5.777010e-01
4.978000e-01	-7.569248e+00	-5.803419e-01
4.979000e-01	-7.568114e+00	-5.830131e-01
4.980000e-01	-7.567087e+00	-5.857131e-01
4.981000e-01	-7.566173e+00	-5.884406e-01
4.982000e-01	-7.565377e+00	-5.911944e-01
4.983000e-01	-7.564702e+00	-5.939735e-01
4.984000e-01	-7.564154e+00	-5.967771e-01
4.985000e-01	-7.563737e+00	-5.996044e-01
4.986000e-01	-7.563453e+00	-6.024548e-01
4.987000e-01	-7.563307e+00	-6.053281e-01
4.988000e-01	-7.563303e+00	-6.082240e-01
4.989000e-01	-7.563441e+00	-6.111425e-01
4.990000e-01	-7.563725e+00	-6.140837e-01
4.991000e-01	-7.564156e+00	-6.170478e-01
4.992000e-01	-7.564737e+00	-6.200353e-01
4.993000e-01	-7.565467e+00	-6.230467e-01
4.994000e-01	-7.566348e+00	-6.260827e-01
4.995000e-01	-7.567379e+00	-6.291438e-01
4.996000e-01	-7.568561e+00	-6.322310e-01
4.997000e-01	-7.569892e+00	-6.353450e-01
4.998000e-01	-7.571372e+00	-6.384867e-01
4.999000e-01	-7.572999e+00	-6.416568e-01
5.000000e-01	-7.574770e+00	-6.448564e-01
5.001000e-01	-7.576685e+00	-6.480862e-01
5.002000e-01	-7.578739e+00	-6.513470e-01
5.003000e-01	-7.580931e+00	-6.546394e-01
5.004000e-01	-7.583257e+00	-6.579641e-01
5.005000e-01	-7.585713e+00	-6.613217e-01
5.006000e-01	-7.588296e+00	-6.647125e-01
5.007000e-01	-7.591003e+00	-6.681368e-01
5.008000e-01	-7.593828e+00	-6.715948e-01
5.009000e-01	-7.596769e+00	-6.750864e-01
5.010000e-01	-7.599821e+00	-6.786115e-01
5.011000e-01	-7.602977e+00	-6.821688e-01
5.012000e-01	-7.606233e+00	-6.857576e-01
5.013000e-01	-7.609584e+00	-6.893767e-01
5.014000e-01	-7.613024e+00	-6.930246e-01
5.015000e-01	-7.616549e+00	-6.967001e-01
5.016000e-01	-7.620153e+00	-7.004016e-01
5.017000e-01	-7.623831e+00	-7.041277e-01
5.018000e-01	-7.627578e+00	-7.078767e-01
5.019000e-01	-7.631389e+00	-7.116473e-01
5.020000e-01	-7.635261e+00	-7.154381e-01
5.021000e-01	-7.639189e+00	-7.192474e-01
5.022000e-01	-7.643167e+00	-7.230739e-01
5.023000e-01	-7.647192e+00	-7.269157e-01
5.024000e-01	-7.651258e+00	-7.307713e-01
5.025000e-01	-7.655362e+00	-7.346391e-01
5.026000e-01	-7.659499e+00	-7.385175e-01
5.027000e-01	-7.663664e+00	-7.424050e-01
5.028000e-01	-7.667852e+00	-7.463003e-01
5.029000e-01	-7.672060e+00	-7.502021e-01
5.030000e-01	-7.676283e+00	-7.541092e-01
5.031000e-01	-7.680516e+00	-7.580205e-01
5.032000e-01	-7.684755e+00	-7.619352e-01
5.033000e-01	-7.688995e+00	-7.658525e-01
5.034000e-01	-7.693231e+00	-7.697717e-01
5.035000e-01	-7.697458e+00	-7.736925e-01
5.036000e-01	-7.701673e+00	-7.776146e-01
5.037000e-01	-7.705869e+00	-7.815378e-01
5.038000e-01	-7.710043e+00	-7.854622e-01
5.039000e-01	-7.714189e+00	-7.893881e-01
5.040000e-01	-7.718302e+00	-7.933157e-01
5.041000e-01	-7.722378e+00	-7.972456e-01
5.042000e-01	-7.726412e+00	-8.011786e-01
5.043000e-01	-7.730399e+00	-8.051153e-01
5.044000e-01	-7.734333e+00	-8.090568e-01
5.045000e-01	-7.738211e+00	-8.130041e-01
5.046000e-01	-7.742028e+00	-8.169582e-01
5.047000e-01	-7.745779e+00	-8.209205e-01
5.048000e-01	-7.749460e+00	-8.248921e-01
5.049000e-01	-7.753066e+00	-8.288745e-01
5.050000e-01	-7.756595e+00	-8.328690e-01
5.051000e-01	-7.760042e+00	-8.368768e-01
5.052000e-01	-7.763403e+00	-8.408995e-01
5.053000e-01	-7.766676e+00	-8.449383e-01
5.054000e-01	-7.769857e+00	-8.489945e-01
5.055000e-01	-7.772944e+00	-8.530694e-01
5.056000e-01	-7.775935e+00	-8.571640e-01
5.057000e-01	-7.778828e+00	-8.612794e-01
5.058000e-01	-7.781620e+00	-8.654164e-01
5.059000e-01	-7.784310e+00	-8.695759e-01
5.060000e-01	-7.786897e+00	-8.737582e-01
5.061000e-01	-7.789380e+00	-8.779639e-01
5.062000e-01	-7.791759e+00	-8.821930e-01
5.063000e-01	-7.794032e+00	-8.864455e-01
5.064000e-01	-7.796201e+00	-8.907211e-01
5.065000e-01	-7.798263e+00	-8.950192e-01
5.066000e-01	-7.800221e+00	-8.993393e-01
5.067000e-01	-7.802074e+00	-9.036804e-01
5.068000e-01	-7.803822e+00	-9.080413e-01
5.069000e-01	-7.805467e+00	-9.124207e-01
5.070000e-01	-7.807009e+00	-9.168171e-01
5.071000e-01	-7.808449e+00	-9.212289e-01
5.072000e-01	-7.809787e+00	-9.256543e-01
5.073000e-01	-7.811026e+00	-9.300912e-01
5.074000e-01	-7.812166e+00	-9.345378e-01
5.075000e-01	-7.813209e+00	-9.389916e-01
5.076000e-01	-7.814155e+00	-9.434507e-01
5.077000e-01	-7.815007e+00	-9.479128e-01
5.078000e-01	-7.815765e+00	-9.523759e-01
5.079000e-01	-7.816431e+00	-9.568376e-01
5.080000e-01	-7.817007e+00	-9.612960e-01
5.081000e-01	-7.817494e+00	-9.657488e-01
5.082000e-01	-7.817895e+00	-9.701940e-01
5.083000e-01	-7.818209e+00	-9.746299e-01
5.084000e-01	-7.818441e+00	-9.790546e-01
5.085000e-01	-7.818590e+00	-9.834664e-01
5.086000e-01	-7.818660e+00	-9.878640e-01
5.087000e-01	-7.818653e+00	-9.922458e-01
5.088000e-01	-7.818570e+00	-9.966108e-01
5.089000e-01	-7.818415e+00	-1.000958e+00
5.090000e-01	-7.818189e+00	-1.005286e+00
5.091000e-01	-7.817895e+00	-1.009595e+00
5.092000e-01	-7.817537e+00	-1.013885e+00
5.093000e-01	-7.817117e+00	-1.018153e+00
5.094000e-01	-7.816638e+00	-1.022401e+00
5.095000e-01	-7.816104e+00	-1.026629e+00
5.096000e-01	-7.815519e+00	-1.030835e+00
5.097000e-01	-7.814885e+00	-1.035021e+00
5.098000e-01	-7.814208e+00	-1.039187e+00
5.099000e-01	-7.813490e+00	-1.043332e+00
5.100000e-01	-7.812738e+00	-1.047456e+00
5.101000e-01	-7.811954e+00	-1.051561e+00
5.102000e-01	-7.811144e+00	-1.055646e+00
5.103000e-01	-7.810313e+00	-1.059711e+00
5.104000e-01	-7.809466e+00	-1.063756e+00
5.105000e-01	-7.808607e+00	-1.067781e+00
5.106000e-01	-7.807742e+00	-1.071787e+00
5.107000e-01	-7.806876e+00	-1.075773e+00
5.108000e-01	-7.806015e+00	-1.079738e+00
5.109000e-01	-7.805164e+00	-1.083681e+00
5.110000e-01	-7.804329e+00	-1.087604e+00
5.111000e-01	-7.803514e+00	-1.091503e+00
5.112000e-01	-7.802726e+00	-1.095379e+00
5.113000e-01	-7.801969e+00	-1.099229e+00
5.114000e-01	-7.801248e+00	-1.103053e+00
5.115000e-01	-7.800569e+00	-1.106849e+00
5.116000e-01	-7.799936e+00	-1.110616e+00
5.117000e-01	-7.799354e+00	-1.114350e+00
5.118000e-01	-7.798828e+00	-1.118050e+00
5.119000e-01	-7.798361e+00	-1.121715e+00
5.120000e-01	-7.797958e+00	-1.125340e+00
5.121000e-01	-7.797621e+00	-1.128924e+00
5.122000e-01	-7.797356e+00	-1.132465e+00
5.123000e-01	-7.797164e+00	-1.135959e+00
5.124000e-01	-7.797048e+00	-1.139404e+00
5.125000e-01	-7.797011e+00	-1.142797e+00
5.126000e-01	-7.797055e+00	-1.146136e+00
5.127000e-01	-7.797181e+00	-1.149417e+00
5.128000e-01	-7.797391e+00	-1.152638e+00
5.129000e-01	-7.797686e+00	-1.155796e+00
5.130000e-01	-7.798067e+00	-1.158889e+00
5.131000e-01	-7.798534e+00	-1.161914e+00
5.132000e-01	-7.799088e+00	-1.164869e+00
5.133000e-01	-7.799728e+00	-1.167751e+00
5.134000e-01	-7.800453e+00	-1.170559e+00
5.135000e-01	-7.801265e+00	-1.173291e+00
5.136000e-01	-7.802160e+00	-1.175945e+00
5.137000e-01	-7.803140e+00	-1.178519e+00
5.138000e-01	-7.804201e+00	-1.181012e+00
5.139000e-01	-7.805344e+00	-1.183422e+00
5.140000e-01	-7.806567e+00	-1.185750e+00
5.141000e-01	-7.807867e+00	-1.187993e+00
5.142000e-01	-7.809244e+00	-1.190151e+00
5.143000e-01	-7.810696e+00	-1.192224e+00
5.144000e-01	-7.812221e+00	-1.194212e+00
5.145000e-01	-7.813817e+00	-1.196114e+00
5.146000e-01	-7.815482e+00	-1.197929e+00
5.147000e-01	-7.817215e+00	-1.199659e+00
5.148000e-01	-7.819014e+00	-1.201302e+00
5.149000e-01	-7.820877e+00	-1.202860e+00
5.150000e-01	-7.822803e+00	-1.204333e+00
5.151000e-01	-7.824789e+00	-1.205720e+00
5.152000e-01	-7.826834e+00	-1.207022e+00
5.153000e-01	-7.828936e+00	-1.208240e+00
5.154000e-01	-7.831094e+00	-1.209373e+00
5.155000e-01	-7.833306e+00	-1.210422e+00
5.156000e-01	-7.835570e+00	-1.211387e+00
5.157000e-01	-7.837884e+00	-1.212268e+00
5.158000e-01	-7.840247e+00	-1.213065e+00
5.159000e-01	-7.842657e+00	-1.213778e+00
5.160000e-01	-7.845112e+00	-1.214407e+00
5.161000e-01	-7.847610e+00	-1.214952e+00
5.162000e-01	-7.850149e+00	-1.215412e+00
5.163000e-01	-7.852728e+00	-1.215787e+00
5.164000e-01	-7.855343e+00	-1.216076e+00
5.165000e-01	-7.857993e+00	-1.216279e+00
5.166000e-01	-7.860675e+00	-1.216395e+00
5.167000e-01	-7.863387e+00	-1.216423e+00
5.168000e-01	-7.866125e+00	-1.216361e+00
5.169000e-01	-7.868887e+00	-1.216210e+00
5.170000e-01	-7.871670e+00	-1.215968e+00
5.171000e-01	-7.874470e+00	-1.215634e+00
5.172000e-01	-7.877284e+00	-1.215207e+00
5.173000e-01	-7.880109e+00	-1.214685e+00
5.174000e-01	-7.882941e+00	-1.214068e+00
5.175000e-01	-7.885775e+00	-1.213354e+00
5.176000e-01	-7.888609e+00	-1.212543e+00
5.177000e-01	-7.891437e+00	-1.211633e+00
5.178000e-01	-7.894256e+00	-1.210624e+00
5.179000e-01	-7.897062e+00	-1.209514e+00
5.180000e-01	-7.899850e+00	-1.208304e+00
5.181000e-01	-7.902617e+00	-1.206991e+00
5.182000e-01	-7.905357e+00	-1.205577e+00
5.183000e-01	-7.908067e+00	-1.204060e+00
5.184000e-01	-7.910743e+00	-1.202441e+00
5.185000e-01	-7.913381e+00	-1.200720e+00
5.186000e-01	-7.915976e+00	-1.198896e+00
5.187000e-01	-7.918526e+00	-1.196970e+00
5.188000e-01	-7.921027e+00	-1.194942e+00
5.189000e-01	-7.923474e+00	-1.192814e+00
5.190000e-01	-7.925867e+00	-1.190586e+00
5.191000e-01	-7.928201e+00	-1.188259e+00
5.192000e-01	-7.930473e+00	-1.185833e+00
5.193000e-01	-7.932683e+00	-1.183312e+00
5.194000e-01	-7.934828e+00	-1.180695e+00
5.195000e-01	-7.936907e+00	-1.177984e+00
5.196000e-01	-7.938917e+00	-1.175182e+00
5.197000e-01	-7.940859e+00	-1.172289e+00
5.198000e-01	-7.942732e+00	-1.169307e+00
5.199000e-01	-7.944536e+00	-1.166238e+00
5.200000e-01	-7.946270e+00	-1.163085e+00
5.201000e-01	-7.947935e+00	-1.159848e+00
5.202000e-01	-7.949532e+00	-1.156530e+00
5.203000e-01	-7.951062e+00	-1.153132e+00
5.204000e-01	-7.952526e+00	-1.149656e+00
5.205000e-01	-7.953925e+00	-1.146104e+00
5.206000e-01	-7.955261e+00	-1.142478e+00
5.207000e-01	-7.956535e+00	-1.138780e+00
5.208000e-01	-7.957748e+00	-1.135012e+00
5.209000e-01	-7.958900e+00	-1.131176e+00
5.210000e-01	-7.959992e+00	-1.127273e+00
5.211000e-01	-7.961027e+00	-1.123306e+00
5.212000e-01	-7.962005e+00	-1.119275e+00
5.213000e-01	-7.962928e+00	-1.115183e+00
5.214000e-01	-7.963798e+00	-1.111031e+00
5.215000e-01	-7.964616e+00	-1.106820e+00
5.216000e-01	-7.965383e+00	-1.102550e+00
5.217000e-01	-7.966102e+00	-1.098224e+00
5.218000e-01	-7.966775e+00	-1.093842e+00
5.219000e-01	-7.967404e+00	-1.089404e+00
5.220000e-01	-7.967989e+00	-1.084911e+00
5.221000e-01	-7.968535e+00	-1.080364e+00
5.222000e-01	-7.969042e+00	-1.075763e+00
5.223000e-01	-7.969514e+00	-1.071109e+00
5.224000e-01	-7.969952e+00	-1.066401e+00
5.225000e-01	-7.970358e+00	-1.061640e+00
5.226000e-01	-7.970736e+00	-1.056825e+00
5.227000e-01	-7.971088e+00	-1.051959e+00
5.228000e-01	-7.971416e+00	-1.047039e+00
5.229000e-01	-7.971723e+00	-1.042066e+00
5.230000e-01	-7.972013e+00	-1.037042e+00
5.231000e-01	-7.972287e+00	-1.031965e+00
5.232000e-01	-7.972550e+00	-1.026835e+00
5.233000e-01	-7.972803e+00	-1.021654e+00
5.234000e-01	-7.973051e+00	-1.016422e+00
5.235000e-01	-7.973295e+00	-1.011139e+00
5.236000e-01	-7.973541e+00	-1.005805e+00
5.237000e-01	-7.973790e+00	-1.000422e+00
5.238000e-01	-7.974046e+00	-9.949898e-01
5.239000e-01	-7.974313e+00	-9.895098e-01
5.240000e-01	-7.974594e+00	-9.839829e-01
5.241000e-01	-7.974891e+00	-9.784105e-01
5.242000e-01	-7.975208e+00	-9.727938e-01
5.243000e-01	-7.975549e+00	-9.671344e-01
5.244000e-01	-7.975915e+00	-9.614340e-01
5.245000e-01	-7.976311e+00	-9.556943e-01
5.246000e-01	-7.976738e+00	-9.499171e-01
5.247000e-01	-7.977199e+00	-9.441047e-01
5.248000e-01	-7.977697e+00	-9.382590e-01
5.249000e-01	-7.978233e+00	-9.323822e-01
5.250000e-01	-7.978811e+00	-9.264767e-01
5.251000e-01	-7.979431e+00	-9.205448e-01
5.252000e-01	-7.980096e+00	-9.145890e-01
5.253000e-01	-7.980806e+00	-9.086115e-01
5.254000e-01	-7.981563e+00	-9.026149e-01
5.255000e-01	-7.982369e+00	-8.966014e-01
5.256000e-01	-7.983223e+00	-8.905736e-01
5.257000e-01	-7.984127e+00	-8.845335e-01
5.258000e-01	-7.985080e+00	-8.784837e-01
5.259000e-01	-7.986084e+00	-8.724262e-01
5.260000e-01	-7.987138e+00	-8.663633e-01
5.261000e-01	-7.988241e+00	-8.602967e-01
5.262000e-01	-7.989394e+00	-8.542285e-01
5.263000e-01	-7.990596e+00	-8.481603e-01
5.264000e-01	-7.991847e+00	-8.420938e-01
5.265000e-01	-7.993145e+00	-8.360302e-01
5.266000e-01	-7.994490e+00	-8.299711e-01
5.267000e-01	-7.995881e+00	-8.239175e-01
5.268000e-01	-7.997316e+00	-8.178705e-01
5.269000e-01	-7.998794e+00	-8.118310e-01
5.270000e-01	-8.000315e+00	-8.057997e-01
5.271000e-01	-8.001876e+00	-7.997774e-01
5.272000e-01	-8.003477e+00	-7.937645e-01
5.273000e-01	-8.005115e+00	-7.877615e-01
5.274000e-01	-8.006790e+00	-7.817688e-01
5.275000e-01	-8.008499e+00	-7.757865e-01
5.276000e-01	-8.010242e+00	-7.698150e-01
5.277000e-01	-8.012016e+00	-7.638543e-01
5.278000e-01	-8.013820e+00	-7.579046e-01
5.279000e-01	-8.015653e+00	-7.519661e-01
5.280000e-01	-8.017513e+00	-7.460389e-01
5.281000e-01	-8.019398e+00	-7.401231e-01
5.282000e-01	-8.021306e+00	-7.342189e-01
5.283000e-01	-8.023237e+00	-7.283266e-01
5.284000e-01	-8.025188e+00	-7.224465e-01
5.285000e-01	-8.027157e+00	-7.165790e-01
5.286000e-01	-8.029144e+00	-7.107245e-01
5.287000e-01	-8.031147e+00	-7.048838e-01
5.288000e-01	-8.033163e+00	-6.990574e-01
5.289000e-01	-8.035192e+00	-6.932461e-01
5.290000e-01	-8.037231e+00	-6.874510e-01
5.291000e-01	-8.039280e+00	-6.816731e-01
5.292000e-01	-8.041335e+00	-6.759135e-01
5.293000e-01	-8.043396e+00	-6.701736e-01
5.294000e-01	-8.045461e+00	-6.644547e-01
5.295000e-01	-8.047528e+00	-6.587583e-01
5.296000e-01	-8.049596e+00	-6.530861e-01
5.297000e-01	-8.051662e+00	-6.474398e-01
5.298000e-01	-8.053724e+00	-6.418212e-01
5.299000e-01	-8.055782e+00	-6.362321e-01
5.300000e-01	-8.057833e+00	-6.306743e-01
5.301000e-01	-8.059875e+00	-6.251499e-01
5.302000e-01	-8.061907e+00	-6.196608e-01
5.303000e-01	-8.063927e+00	-6.142089e-01
5.304000e-01	-8.065933e+00	-6.087963e-01
5.305000e-01	-8.067922e+00	-6.034248e-01
5.306000e-01	-8.069895e+00	-5.980964e-01
5.307000e-01	-8.071848e+00	-5.928128e-01
5.308000e-01	-8.073781e+00	-5.875758e-01
5.309000e-01	-8.075691e+00	-5.823872e-01
5.310000e-01	-8.077577e+00	-5.772485e-01
5.311000e-01	-8.079439e+00	-5.721612e-01
5.312000e-01	-8.081273e+00	-5.671268e-01
5.313000e-01	-8.083080e+00	-5.621464e-01
5.314000e-01	-8.084857e+00	-5.572212e-01
5.315000e-01	-8.086605e+00	-5.523523e-01
5.316000e-01	-8.088321e+00	-5.475406e-01
5.317000e-01	-8.090006e+00	-5.427869e-01
5.318000e-01	-8.091658e+00	-5.380918e-01
5.319000e-01	-8.093276e+00	-5.334559e-01
5.320000e-01	-8.094861e+00	-5.288797e-01
5.321000e-01	-8.096413e+00	-5.243635e-01
5.322000e-01	-8.097930e+00	-5.199076e-01
5.323000e-01	-8.099413e+00	-5.155122e-01
5.324000e-01	-8.100862e+00	-5.111775e-01
5.325000e-01	-8.102277e+00	-5.069035e-01
5.326000e-01	-8.103658e+00	-5.026903e-01
5.327000e-01	-8.105007e+00	-4.985380e-01
5.328000e-01	-8.106323e+00	-4.944467e-01
5.329000e-01	-8.107608e+00	-4.904163e-01
5.330000e-01	-8.108862e+00	-4.864469e-01
5.331000e-01	-8.110086e+00	-4.825388e-01
5.332000e-01	-8.111281e+00	-4.786921e-01
5.333000e-01	-8.112449e+00	-4.749070e-01
5.334000e-01	-8.113590e+00	-4.711839e-01
5.335000e-01	-8.114706e+00	-4.675232e-01
5.336000e-01	-8.115799e+00	-4.639254e-01
5.337000e-01	-8.116869e+00	-4.603912e-01
5.338000e-01	-8.117918e+00	-4.569212e-01
5.339000e-01	-8.118948e+00	-4.535164e-01
5.340000e-01	-8.119961e+00	-4.501777e-01
5.341000e-01	-8.120958e+00	-4.469062e-01
5.342000e-01	-8.121940e+00	-4.437028e-01
5.343000e-01	-8.122910e+00	-4.405692e-01
5.344000e-01	-8.123869e+00	-4.375066e-01
5.345000e-01	-8.124819e+00	-4.345164e-01
5.346000e-01	-8.125762e+00	-4.316004e-01
5.347000e-01	-8.126699e+00	-4.287601e-01
5.348000e-01	-8.127631e+00	-4.259972e-01
5.349000e-01	-8.128562e+00	-4.233135e-01
5.350000e-01	-8.129492e+00	-4.207107e-01
5.351000e-01	-8.130423e+00	-4.181907e-01
5.352000e-01	-8.131357e+00	-4.157552e-01
5.353000e-01	-8.132295e+00	-4.134059e-01
5.354000e-01	-8.133240e+00	-4.111447e-01
5.355000e-01	-8.134192e+00	-4.089734e-01
5.356000e-01	-8.135153e+00	-4.068936e-01
5.357000e-01	-8.136124e+00	-4.049068e-01
5.358000e-01	-8.137108e+00	-4.030146e-01
5.359000e-01	-8.138105e+00	-4.012184e-01
5.360000e-01	-8.139118e+00	-3.995196e-01
5.361000e-01	-8.140146e+00	-3.979193e-01
5.362000e-01	-8.141192e+00	-3.964187e-01
5.363000e-01	-8.142257e+00	-3.950186e-01
5.364000e-01	-8.143343e+00	-3.937201e-01
5.365000e-01	-8.144449e+00	-3.925237e-01
5.366000e-01	-8.145578e+00	-3.914302e-01
5.367000e-01	-8.146730e+00	-3.904398e-01
5.368000e-01	-8.147906e+00	-3.895532e-01
5.369000e-01	-8.149108e+00	-3.887704e-01
5.370000e-01	-8.150334e+00	-3.880919e-01
5.371000e-01	-8.151586e+00	-3.875180e-01
5.372000e-01	-8.152864e+00	-3.870488e-01
5.373000e-01	-8.154167e+00	-3.866844e-01
5.374000e-01	-8.155495e+00	-3.864249e-01
5.375000e-01	-8.156848e+00	-3.862703e-01
5.376000e-01	-8.158225e+00	-3.862204e-01
5.377000e-01	-8.159626e+00	-3.862751e-01
5.378000e-01	-8.161052e+00	-3.864343e-01
5.379000e-01	-8.162500e+00	-3.866977e-01
5.380000e-01	-8.163971e+00	-3.870652e-01
5.381000e-01	-8.165465e+00	-3.875365e-01
5.382000e-01	-8.166980e+00	-3.881113e-01
5.383000e-01	-8.168516e+00	-3.887895e-01
5.384000e-01	-8.170074e+00	-3.895707e-01
5.385000e-01	-8.171651e+00	-3.904547e-01
5.386000e-01	-8.173248e+00	-3.914413e-01
5.387000e-01	-8.174864e+00	-3.925302e-01
5.388000e-01	-8.176499e+00	-3.937214e-01
5.389000e-01	-8.178152e+00	-3.950145e-01
5.390000e-01	-8.179823e+00	-3.964095e-01
5.391000e-01	-8.181511e+00	-3.979063e-01
5.392000e-01	-8.183216e+00	-3.995047e-01
5.393000e-01	-8.184937e+00	-4.012046e-01
5.394000e-01	-8.186674e+00	-4.030060e-01
5.395000e-01	-8.188427e+00	-4.049088e-01
5.396000e-01	-8.190194e+00	-4.069130e-01
5.397000e-01	-8.191975e+00	-4.090185e-01
5.398000e-01	-8.193771e+00	-4.112253e-01
5.399000e-01	-8.195578e+00	-4.135333e-01
5.400000e-01	-8.197398e+00	-4.159425e-01
5.401000e-01	-8.199229e+00	-4.184529e-01
5.402000e-01	-8.201071e+00	-4.210642e-01
5.403000e-01	-8.202921e+00	-4.237765e-01
5.404000e-01	-8.204778e+00	-4.265895e-01
5.405000e-01	-8.206642e+00	-4.295029e-01
5.406000e-01	-8.208511e+00	-4.325167e-01
5.407000e-01	-8.210383e+00	-4.356304e-01
5.408000e-01	-8.212257e+00	-4.388436e-01
5.409000e-01	-8.214130e+00	-4.421559e-01
5.410000e-01	-8.216001e+00	-4.455668e-01
5.411000e-01	-8.217868e+00	-4.490755e-01
5.412000e-01	-8.219727e+00	-4.526814e-01
5.413000e-01	-8.221578e+00	-4.563838e-01
5.414000e-01	-8.223418e+00	-4.601817e-01
5.415000e-01	-8.225244e+00	-4.640742e-01
5.416000e-01	-8.227054e+00	-4.680602e-01
5.417000e-01	-8.228845e+00	-4.721386e-01
5.418000e-01	-8.230615e+00	-4.763080e-01
5.419000e-01	-8.232362e+00	-4.805672e-01
5.420000e-01	-8.234083e+00	-4.849148e-01
5.421000e-01	-8.235775e+00	-4.893492e-01
5.422000e-01	-8.237437e+00	-4.938688e-01
5.423000e-01	-8.239066e+00	-4.984721e-01
5.424000e-01	-8.240660e+00	-5.031573e-01
5.425000e-01	-8.242216e+00	-5.079227e-01
5.426000e-01	-8.243734e+00	-5.127664e-01
5.427000e-01	-8.245211e+00	-5.176867e-01
5.428000e-01	-8.246645e+00	-5.226816e-01
5.429000e-01	-8.248036e+00	-5.277492e-01
5.430000e-01	-8.249382e+00	-5.328877e-01
5.431000e-01	-8.250682e+00	-5.380951e-01
5.432000e-01	-8.251935e+00	-5.433696e-01
5.433000e-01	-8.253141e+00	-5.487092e-01
5.434000e-01	-8.254299e+00	-5.541120e-01
5.435000e-01	-8.255409e+00	-5.595763e-01
5.436000e-01	-8.256471e+00	-5.651001e-01
5.437000e-01	-8.257486e+00	-5.706818e-01
5.437258e-01	-8.257740e+00	-5.721300e-01
5.438000e-01	-8.258454e+00	-5.763196e-01
5.439000e-01	-8.259376e+00	-5.820117e-01
5.440000e-01	-8.260252e+00	-5.877564e-01
5.441000e-01	-8.261083e+00	-5.935522e-01
5.442000e-01	-8.261871e+00	-5.993976e-01
5.443000e-01	-8.262617e+00	-6.052911e-01
5.444000e-01	-8.263321e+00	-6.112300e-01
5.445000e-01	-8.263981e+00	-6.172118e-01
5.446000e-01	-8.264600e+00	-6.232340e-01
5.447000e-01	-8.265176e+00	-6.292939e-01
5.448000e-01	-8.265709e+00	-6.353894e-01
5.449000e-01	-8.266201e+00	-6.415179e-01
5.450000e-01	-8.266651e+00	-6.476774e-01
5.451000e-01	-8.267060e+00	-6.538656e-01
5.452000e-01	-8.267430e+00	-6.600806e-01
5.453000e-01	-8.267760e+00	-6.663204e-01
5.454000e-01	-8.268053e+00	-6.725832e-01
5.455000e-01	-8.268309e+00	-6.788672e-01
5.456000e-01	-8.268531e+00	-6.851708e-01
5.457000e-01	-8.268720e+00	-6.914926e-01
5.458000e-01	-8.268879e+00	-6.978311e-01
5.459000e-01	-8.269008e+00	-7.041851e-01
5.460000e-01	-8.269111e+00	-7.105533e-01
5.461000e-01	-8.269191e+00	-7.169346e-01
5.462000e-01	-8.269250e+00	-7.233281e-01
5.463000e-01	-8.269290e+00	-7.297329e-01
5.464000e-01	-8.269316e+00	-7.361480e-01
5.465000e-01	-8.269331e+00	-7.425729e-01
5.466000e-01	-8.269338e+00	-7.490067e-01
5.467000e-01	-8.269340e+00	-7.554489e-01
5.468000e-01	-8.269342e+00	-7.618990e-01
5.469000e-01	-8.269348e+00	-7.683564e-01
5.470000e-01	-8.269361e+00	-7.748206e-01
5.471000e-01	-8.269386e+00	-7.812913e-01
5.472000e-01	-8.269428e+00	-7.877680e-01
5.473000e-01	-8.269489e+00	-7.942504e-01
5.474000e-01	-8.269575e+00	-8.007381e-01
5.475000e-01	-8.269691e+00	-8.072306e-01
5.476000e-01	-8.269840e+00	-8.137277e-01
5.477000e-01	-8.270026e+00	-8.202289e-01
5.478000e-01	-8.270255e+00	-8.267338e-01
5.479000e-01	-8.270530e+00	-8.332420e-01
5.480000e-01	-8.270856e+00	-8.397529e-01
5.481000e-01	-8.271237e+00	-8.462661e-01
5.482000e-01	-8.271675e+00	-8.527810e-01
5.483000e-01	-8.272175e+00	-8.592967e-01
5.484000e-01	-8.272741e+00	-8.658127e-01
5.485000e-01	-8.273375e+00	-8.723280e-01
5.486000e-01	-8.274080e+00	-8.788417e-01
5.487000e-01	-8.274858e+00	-8.853528e-01
5.488000e-01	-8.275712e+00	-8.918599e-01
5.489000e-01	-8.276644e+00	-8.983620e-01
5.490000e-01	-8.277654e+00	-9.048576e-01
5.491000e-01	-8.278744e+00	-9.113453e-01
5.492000e-01	-8.279915e+00	-9.178234e-01
5.493000e-01	-8.281167e+00	-9.242903e-01
5.494000e-01	-8.282500e+00	-9.307443e-01
5.495000e-01	-8.283913e+00	-9.371835e-01
5.496000e-01	-8.285406e+00	-9.436060e-01
5.497000e-01	-8.286978e+00	-9.500098e-01
5.498000e-01	-8.288627e+00	-9.563930e-01
5.499000e-01	-8.290352e+00	-9.627534e-01
5.500000e-01	-8.292151e+00	-9.690891e-01
5.501000e-01	-8.294021e+00	-9.753980e-01
5.502000e-01	-8.295961e+00	-9.816779e-01
5.502269e-01	-8.296496e+00	-9.833649e-01
5.502529e-01	-8.297015e+00	-9.849879e-01
5.502794e-01	-8.297550e+00	-9.866429e-01
5.503000e-01	-8.297968e+00	-9.879269e-01
5.503270e-01	-8.298522e+00	-9.896115e-01
5.503538e-01	-8.299075e+00	-9.912739e-01
5.503834e-01	-8.299691e+00	-9.931120e-01
5.504000e-01	-8.300040e+00	-9.941430e-01
5.504290e-01	-8.300653e+00	-9.959422e-01
5.504554e-01	-8.301213e+00	-9.975699e-01
5.504831e-01	-8.301808e+00	-9.992847e-01
5.505000e-01	-8.302172e+00	-1.000324e+00
5.505317e-01	-8.302861e+00	-1.002279e+00
5.505571e-01	-8.303415e+00	-1.003837e+00
5.505830e-01	-8.303987e+00	-1.005430e+00
5.506000e-01	-8.304362e+00	-1.006469e+00
5.506294e-01	-8.305016e+00	-1.008268e+00
5.506603e-01	-8.305708e+00	-1.010155e+00
5.506854e-01	-8.306276e+00	-1.011689e+00
5.507000e-01	-8.306606e+00	-1.012576e+00
5.507332e-01	-8.307364e+00	-1.014597e+00
5.507585e-01	-8.307944e+00	-1.016131e+00
5.507887e-01	-8.308641e+00	-1.017961e+00
5.508000e-01	-8.308902e+00	-1.018642e+00
5.508334e-01	-8.309680e+00	-1.020659e+00
5.508603e-01	-8.310311e+00	-1.022282e+00
5.508877e-01	-8.310955e+00	-1.023927e+00
5.509000e-01	-8.311246e+00	-1.024667e+00
5.509321e-01	-8.312010e+00	-1.026594e+00
5.509589e-01	-8.312647e+00	-1.028192e+00
5.509853e-01	-8.313281e+00	-1.029769e+00
5.510000e-01	-8.313635e+00	-1.030648e+00
5.511000e-01	-8.316067e+00	-1.036584e+00
5.512000e-01	-8.318537e+00	-1.042475e+00
5.513000e-01	-8.321042e+00	-1.048318e+00
5.514000e-01	-8.323582e+00	-1.054112e+00
5.515000e-01	-8.326151e+00	-1.059856e+00
5.516000e-01	-8.328748e+00	-1.065550e+00
5.517000e-01	-8.331371e+00	-1.071191e+00
5.518000e-01	-8.334016e+00	-1.076780e+00
5.519000e-01	-8.336683e+00	-1.082315e+00
5.520000e-01	-8.339368e+00	-1.087795e+00
5.521000e-01	-8.342070e+00	-1.093220e+00
5.522000e-01	-8.344787e+00	-1.098589e+00
5.523000e-01	-8.347517e+00	-1.103901e+00
5.524000e-01	-8.350258e+00	-1.109156e+00
5.525000e-01	-8.353009e+00	-1.114352e+00
5.526000e-01	-8.355769e+00	-1.119490e+00
5.527000e-01	-8.358535e+00	-1.124567e+00
5.528000e-01	-8.361306e+00	-1.129584e+00
5.529000e-01	-8.364081e+00	-1.134540e+00
5.530000e-01	-8.366857e+00	-1.139433e+00
5.531000e-01	-8.369634e+00	-1.144263e+00
5.532000e-01	-8.372410e+00	-1.149028e+00
5.533000e-01	-8.375183e+00	-1.153728e+00
5.534000e-01	-8.377950e+00	-1.158361e+00
5.535000e-01	-8.380711e+00	-1.162925e+00
5.536000e-01	-8.383462e+00	-1.167420e+00
5.537000e-01	-8.386202e+00	-1.171843e+00
5.538000e-01	-8.388929e+00	-1.176194e+00
5.539000e-01	-8.391639e+00	-1.180469e+00
5.540000e-01	-8.394331e+00	-1.184668e+00
5.541000e-01	-8.397001e+00	-1.188788e+00
5.542000e-01	-8.399647e+00	-1.192827e+00
5.543000e-01	-8.402266e+00	-1.196783e+00
5.544000e-01	-8.404854e+00	-1.200654e+00
5.545000e-01	-8.407409e+00	-1.204438e+00
5.546000e-01	-8.409928e+00	-1.208133e+00
5.547000e-01	-8.412406e+00	-1.211735e+00
5.548000e-01	-8.414841e+00	-1.215243e+00
5.549000e-01	-8.417230e+00	-1.218654e+00
5.550000e-01	-8.419569e+00	-1.221966e+00
5.551000e-01	-8.421854e+00	-1.225178e+00
5.552000e-01	-8.424083e+00	-1.228285e+00
5.553000e-01	-8.426252e+00	-1.231287e+00
5.554000e-01	-8.428357e+00	-1.234182e+00
5.555000e-01	-8.430397e+00	-1.236967e+00
5.556000e-01	-8.432368e+00	-1.239640e+00
5.557000e-01	-8.434267e+00	-1.242200e+00
5.558000e-01	-8.436093e+00	-1.244645e+00
5.559000e-01	-8.437841e+00	-1.246973e+00
5.560000e-01	-8.439512e+00	-1.249184e+00
5.561000e-01	-8.441102e+00	-1.251275e+00
5.562000e-01	-8.442610e+00	-1.253246e+00
5.563000e-01	-8.444035e+00	-1.255096e+00
5.564000e-01	-8.445377e+00	-1.256823e+00
5.565000e-01	-8.446634e+00	-1.258428e+00
5.566000e-01	-8.447806e+00	-1.259909e+00
5.567000e-01	-8.448893e+00	-1.261265e+00
5.568000e-01	-8.449897e+00	-1.262498e+00
5.569000e-01	-8.450816e+00	-1.263605e+00
5.570000e-01	-8.451654e+00	-1.264588e+00
5.571000e-01	-8.452410e+00	-1.265446e+00
5.572000e-01	-8.453086e+00	-1.266178e+00
5.573000e-01	-8.453685e+00	-1.266786e+00
5.574000e-01	-8.454208e+00	-1.267268e+00
5.575000e-01	-8.454658e+00	-1.267626e+00
5.576000e-01	-8.455038e+00	-1.267859e+00
5.577000e-01	-8.455350e+00	-1.267967e+00
5.578000e-01	-8.455598e+00	-1.267951e+00
5.579000e-01	-8.455784e+00	-1.267811e+00
5.580000e-01	-8.455912e+00	-1.267546e+00
5.581000e-01	-8.455985e+00	-1.267158e+00
5.582000e-01	-8.456006e+00	-1.266646e+00
5.583000e-01	-8.455980e+00	-1.266010e+00
5.584000e-01	-8.455909e+00	-1.265250e+00
5.585000e-01	-8.455797e+00	-1.264366e+00
5.586000e-01	-8.455648e+00	-1.263359e+00
5.587000e-01	-8.455464e+00	-1.262228e+00
5.587766e-01	-8.455302e+00	-1.261279e+00
5.588000e-01	-8.455249e+00	-1.260973e+00
5.588333e-01	-8.455171e+00	-1.260527e+00
5.589000e-01	-8.455007e+00	-1.259594e+00
5.589796e-01	-8.454796e+00	-1.258407e+00
5.590000e-01	-8.454740e+00	-1.258091e+00
5.590333e-01	-8.454646e+00	-1.257563e+00
5.591000e-01	-8.454452e+00	-1.256464e+00
5.591825e-01	-8.454200e+00	-1.255029e+00
5.592000e-01	-8.454144e+00	-1.254712e+00
5.592333e-01	-8.454038e+00	-1.254101e+00
5.593000e-01	-8.453821e+00	-1.252836e+00
5.594000e-01	-8.453485e+00	-1.250835e+00
5.595000e-01	-8.453138e+00	-1.248709e+00
5.596000e-01	-8.452783e+00	-1.246459e+00
5.597000e-01	-8.452423e+00	-1.244083e+00
5.598000e-01	-8.452058e+00	-1.241583e+00
5.599000e-01	-8.451692e+00	-1.238957e+00
5.600000e-01	-8.451327e+00	-1.236207e+00
5.601000e-01	-8.450964e+00	-1.233333e+00
5.602000e-01	-8.450606e+00	-1.230335e+00
5.603000e-01	-8.450255e+00	-1.227213e+00
5.604000e-01	-8.449912e+00	-1.223969e+00
5.605000e-01	-8.449579e+00	-1.220602e+00
5.606000e-01	-8.449259e+00	-1.217114e+00
5.607000e-01	-8.448953e+00	-1.213505e+00
5.608000e-01	-8.448663e+00	-1.209777e+00
5.609000e-01	-8.448392e+00	-1.205932e+00
5.610000e-01	-8.448142e+00	-1.201970e+00
5.611000e-01	-8.447915e+00	-1.197893e+00
5.612000e-01	-8.447713e+00	-1.193702e+00
5.613000e-01	-8.447539e+00	-1.189401e+00
5.614000e-01	-8.447396e+00	-1.184990e+00
5.615000e-01	-8.447285e+00	-1.180472e+00
5.616000e-01	-8.447211e+00	-1.175849e+00
5.617000e-01	-8.447175e+00	-1.171123e+00
5.618000e-01	-8.447181e+00	-1.166297e+00
5.619000e-01	-8.447233e+00	-1.161374e+00
5.620000e-01	-8.447332e+00	-1.156355e+00
5.621000e-01	-8.447482e+00	-1.151245e+00
5.622000e-01	-8.447686e+00	-1.146045e+00
5.623000e-01	-8.447948e+00	-1.140758e+00
5.624000e-01	-8.448271e+00	-1.135388e+00
5.625000e-01	-8.448658e+00	-1.129936e+00
5.626000e-01	-8.449111e+00	-1.124407e+00
5.627000e-01	-8.449635e+00	-1.118802e+00
5.628000e-01	-8.450232e+00	-1.113126e+00
5.629000e-01	-8.450904e+00	-1.107379e+00
5.630000e-01	-8.451654e+00	-1.101567e+00
5.631000e-01	-8.452486e+00	-1.095690e+00
5.632000e-01	-8.453400e+00	-1.089752e+00
5.633000e-01	-8.454399e+00	-1.083756e+00
5.634000e-01	-8.455484e+00	-1.077704e+00
5.635000e-01	-8.456658e+00	-1.071599e+00
5.636000e-01	-8.457921e+00	-1.065442e+00
5.637000e-01	-8.459275e+00	-1.059238e+00
5.638000e-01	-8.460719e+00	-1.052987e+00
5.639000e-01	-8.462254e+00	-1.046692e+00
5.640000e-01	-8.463880e+00	-1.040355e+00
5.641000e-01	-8.465597e+00	-1.033979e+00
5.642000e-01	-8.467403e+00	-1.027565e+00
5.643000e-01	-8.469299e+00	-1.021116e+00
5.644000e-01	-8.471282e+00	-1.014633e+00
5.645000e-01	-8.473352e+00	-1.008119e+00
5.646000e-01	-8.475505e+00	-1.001575e+00
5.647000e-01	-8.477741e+00	-9.950027e-01
5.648000e-01	-8.480056e+00	-9.884044e-01
5.649000e-01	-8.482448e+00	-9.817819e-01
5.650000e-01	-8.484915e+00	-9.751369e-01
5.651000e-01	-8.487453e+00	-9.684712e-01
5.652000e-01	-8.490058e+00	-9.617867e-01
5.653000e-01	-8.492729e+00	-9.550852e-01
5.654000e-01	-8.495461e+00	-9.483685e-01
5.655000e-01	-8.498251e+00	-9.416386e-01
5.656000e-01	-8.501096e+00	-9.348972e-01
5.657000e-01	-8.503991e+00	-9.281464e-01
5.658000e-01	-8.506933e+00	-9.213885e-01
5.659000e-01	-8.509917e+00	-9.146257e-01
5.660000e-01	-8.512940e+00	-9.078602e-01
5.661000e-01	-8.515996e+00	-9.010942e-01
5.662000e-01	-8.519084e+00	-8.943303e-01
5.663000e-01	-8.522197e+00	-8.875705e-01
5.664000e-01	-8.525334e+00	-8.808175e-01
5.665000e-01	-8.528489e+00	-8.740735e-01
5.666000e-01	-8.531660e+00	-8.673409e-01
5.667000e-01	-8.534844e+00	-8.606223e-01
5.668000e-01	-8.538036e+00	-8.539200e-01
5.669000e-01	-8.541234e+00	-8.472364e-01
5.670000e-01	-8.544435e+00	-8.405740e-01
5.671000e-01	-8.547635e+00	-8.339352e-01
5.672000e-01	-8.550832e+00	-8.273221e-01
5.673000e-01	-8.554024e+00	-8.207373e-01
5.674000e-01	-8.557207e+00	-8.141829e-01
5.675000e-01	-8.560379e+00	-8.076610e-01
5.676000e-01	-8.563537e+00	-8.011739e-01
5.677000e-01	-8.566680e+00	-7.947234e-01
5.678000e-01	-8.569804e+00	-7.883116e-01
5.679000e-01	-8.572908e+00	-7.819403e-01
5.680000e-01	-8.575989e+00	-7.756111e-01
5.681000e-01	-8.579044e+00	-7.693258e-01
5.682000e-01	-8.582072e+00	-7.630857e-01
5.683000e-01	-8.585070e+00	-7.568925e-01
5.684000e-01	-8.588035e+00	-7.507472e-01
5.685000e-01	-8.590966e+00	-7.446511e-01
5.686000e-01	-8.593860e+00	-7.386053e-01
5.687000e-01	-8.596715e+00	-7.326106e-01
5.688000e-01	-8.599528e+00	-7.266680e-01
5.689000e-01	-8.602296e+00	-7.207781e-01
5.690000e-01	-8.605017e+00	-7.149415e-01
5.691000e-01	-8.607688e+00	-7.091585e-01
5.692000e-01	-8.610306e+00	-7.034291e-01
5.693000e-01	-8.612866e+00	-6.977534e-01
5.694000e-01	-8.615368e+00	-6.921314e-01
5.695000e-01	-8.617806e+00	-6.865632e-01
5.696000e-01	-8.620178e+00	-6.810487e-01
5.697000e-01	-8.622482e+00	-6.755880e-01
5.698000e-01	-8.624713e+00	-6.701812e-01
5.699000e-01	-8.626870e+00	-6.648282e-01
5.700000e-01	-8.628950e+00	-6.595293e-01
5.701000e-01	-8.630950e+00	-6.542848e-01
5.702000e-01	-8.632867e+00	-6.490948e-01
5.703000e-01	-8.634700e+00	-6.439599e-01
5.704000e-01	-8.636447e+00	-6.388805e-01
5.705000e-01	-8.638105e+00	-6.338572e-01
5.706000e-01	-8.639674e+00	-6.288909e-01
5.707000e-01	-8.641151e+00	-6.239823e-01
5.708000e-01	-8.642536e+00	-6.191323e-01
5.709000e-01	-8.643829e+00	-6.143421e-01
5.710000e-01	-8.645027e+00	-6.096129e-01
5.711000e-01	-8.646133e+00	-6.049458e-01
5.712000e-01	-8.647144e+00	-6.003424e-01
5.713000e-01	-8.648063e+00	-5.958039e-01
5.714000e-01	-8.648889e+00	-5.913319e-01
5.715000e-01	-8.649623e+00	-5.869280e-01
5.716000e-01	-8.650267e+00	-5.825935e-01
5.717000e-01	-8.650821e+00	-5.783295e-01
5.718000e-01	-8.651287e+00	-5.741372e-01
5.719000e-01	-8.651664e+00	-5.700175e-01
5.720000e-01	-8.651955e+00	-5.659717e-01
5.721000e-01	-8.652162e+00	-5.620007e-01
5.722000e-01	-8.652286e+00	-5.581057e-01
5.723000e-01	-8.652331e+00	-5.542876e-01
5.724000e-01	-8.652298e+00	-5.505474e-01
5.725000e-01	-8.652192e+00	-5.468861e-01
5.726000e-01	-8.652016e+00	-5.433045e-01
5.727000e-01	-8.651773e+00	-5.398035e-01
5.728000e-01	-8.651467e+00	-5.363839e-01
5.729000e-01	-8.651103e+00	-5.330464e-01
5.730000e-01	-8.650685e+00	-5.297916e-01
5.731000e-01	-8.650217e+00	-5.266201e-01
5.732000e-01	-8.649706e+00	-5.235326e-01
5.733000e-01	-8.649156e+00	-5.205294e-01
5.734000e-01	-8.648573e+00	-5.176109e-01
5.735000e-01	-8.647961e+00	-5.147774e-01
5.736000e-01	-8.647327e+00	-5.120292e-01
5.737000e-01	-8.646677e+00	-5.093665e-01
5.738000e-01	-8.646015e+00	-5.067894e-01
5.739000e-01	-8.645348e+00	-5.042978e-01
5.740000e-01	-8.644682e+00	-5.018918e-01
5.741000e-01	-8.644021e+00	-4.995713e-01
5.742000e-01	-8.643372e+00	-4.973360e-01
5.743000e-01	-8.642741e+00	-4.951857e-01
5.744000e-01	-8.642132e+00	-4.931202e-01
5.745000e-01	-8.641550e+00	-4.911392e-01
5.746000e-01	-8.641001e+00	-4.892422e-01
5.747000e-01	-8.640491e+00	-4.874290e-01
5.748000e-01	-8.640022e+00	-4.856989e-01
5.749000e-01	-8.639600e+00	-4.840515e-01
5.750000e-01	-8.639230e+00	-4.824865e-01
5.751000e-01	-8.638915e+00	-4.810031e-01
5.752000e-01	-8.638658e+00	-4.796009e-01
5.753000e-01	-8.638465e+00	-4.782794e-01
5.754000e-01	-8.638338e+00	-4.770379e-01
5.755000e-01	-8.638280e+00	-4.758760e-01
5.756000e-01	-8.638295e+00	-4.747930e-01
5.757000e-01	-8.638385e+00	-4.737884e-01
5.758000e-01	-8.638553e+00	-4.728616e-01
5.759000e-01	-8.638802e+00	-4.720120e-01
5.760000e-01	-8.639133e+00	-4.712392e-01
5.761000e-01	-8.639549e+00	-4.705425e-01
5.762000e-01	-8.640052e+00	-4.699214e-01
5.763000e-01	-8.640644e+00	-4.693753e-01
5.764000e-01	-8.641326e+00	-4.689036e-01
5.765000e-01	-8.642100e+00	-4.685059e-01
5.766000e-01	-8.642968e+00	-4.681815e-01
5.767000e-01	-8.643930e+00	-4.679299e-01
5.768000e-01	-8.644990e+00	-4.677504e-01
5.769000e-01	-8.646146e+00	-4.676425e-01
5.770000e-01	-8.647402e+00	-4.676056e-01
5.771000e-01	-8.648757e+00	-4.676389e-01
5.772000e-01	-8.650214e+00	-4.677419e-01
5.773000e-01	-8.651771e+00	-4.679139e-01
5.774000e-01	-8.653431e+00	-4.681541e-01
5.775000e-01	-8.655194e+00	-4.684618e-01
5.776000e-01	-8.657060e+00	-4.688360e-01
5.777000e-01	-8.659028e+00	-4.692752e-01
5.778000e-01	-8.661097e+00	-4.697780e-01
5.779000e-01	-8.663267e+00	-4.703430e-01
5.780000e-01	-8.665535e+00	-4.709688e-01
5.781000e-01	-8.667902e+00	-4.716539e-01
5.782000e-01	-8.670365e+00	-4.723969e-01
5.783000e-01	-8.672922e+00	-4.731963e-01
5.784000e-01	-8.675573e+00	-4.740509e-01
5.785000e-01	-8.678316e+00	-4.749592e-01
5.786000e-01	-8.681148e+00	-4.759199e-01
5.787000e-01	-8.684068e+00	-4.769318e-01
5.788000e-01	-8.687073e+00	-4.779936e-01
5.789000e-01	-8.690160e+00	-4.791042e-01
5.790000e-01	-8.693328e+00	-4.802624e-01
5.791000e-01	-8.696573e+00	-4.814668e-01
5.792000e-01	-8.699892e+00	-4.827163e-01
5.793000e-01	-8.703280e+00	-4.840096e-01
5.794000e-01	-8.706733e+00	-4.853454e-01
5.795000e-01	-8.710248e+00	-4.867227e-01
5.796000e-01	-8.713820e+00	-4.881403e-01
5.797000e-01	-8.717443e+00	-4.895973e-01
5.798000e-01	-8.721114e+00	-4.910926e-01
5.799000e-01	-8.724826e+00	-4.926253e-01
5.800000e-01	-8.728575e+00	-4.941945e-01
5.801000e-01	-8.732355e+00	-4.957995e-01
5.802000e-01	-8.736159e+00	-4.974395e-01
5.803000e-01	-8.739983e+00	-4.991137e-01
5.804000e-01	-8.743819e+00	-5.008216e-01
5.805000e-01	-8.747663e+00	-5.025625e-01
5.806000e-01	-8.751506e+00	-5.043360e-01
5.807000e-01	-8.755345e+00	-5.061415e-01
5.808000e-01	-8.759170e+00	-5.079785e-01
5.809000e-01	-8.762978e+00	-5.098466e-01
5.810000e-01	-8.766760e+00	-5.117455e-01
5.811000e-01	-8.770511e+00	-5.136748e-01
5.812000e-01	-8.774224e+00	-5.156341e-01
5.813000e-01	-8.777893e+00	-5.176232e-01
5.814000e-01	-8.781513e+00	-5.196417e-01
5.815000e-01	-8.785076e+00	-5.216893e-01
5.816000e-01	-8.788578e+00	-5.237659e-01
5.817000e-01	-8.792012e+00	-5.258710e-01
5.818000e-01	-8.795374e+00	-5.280044e-01
5.819000e-01	-8.798657e+00	-5.301659e-01
5.820000e-01	-8.801857e+00	-5.323550e-01
5.821000e-01	-8.804970e+00	-5.345716e-01
5.822000e-01	-8.807990e+00	-5.368153e-01
5.823000e-01	-8.810913e+00	-5.390857e-01
5.824000e-01	-8.813735e+00	-5.413824e-01
5.825000e-01	-8.816453e+00	-5.437052e-01
5.826000e-01	-8.819063e+00	-5.460535e-01
5.827000e-01	-8.821561e+00	-5.484269e-01
5.828000e-01	-8.823945e+00	-5.508250e-01
5.829000e-01	-8.826212e+00	-5.532473e-01
5.830000e-01	-8.828359e+00	-5.556933e-01
5.831000e-01	-8.830384e+00	-5.581625e-01
5.832000e-01	-8.832285e+00	-5.606544e-01
5.833000e-01	-8.834061e+00	-5.631684e-01
5.834000e-01	-8.835709e+00	-5.657041e-01
5.835000e-01	-8.837229e+00	-5.682610e-01
5.836000e-01	-8.838620e+00	-5.708385e-01
5.837000e-01	-8.839880e+00	-5.734362e-01
5.838000e-01	-8.841010e+00	-5.760536e-01
5.839000e-01	-8.842009e+00	-5.786902e-01
5.840000e-01	-8.842876e+00	-5.813457e-01
5.841000e-01	-8.843613e+00	-5.840196e-01
5.842000e-01	-8.844219e+00	-5.867117e-01
5.843000e-01	-8.844695e+00	-5.894217e-01
5.844000e-01	-8.845041e+00	-5.921493e-01
5.845000e-01	-8.845259e+00	-5.948943e-01
5.846000e-01	-8.845351e+00	-5.976568e-01
5.847000e-01	-8.845317e+00	-6.004365e-01
5.848000e-01	-8.845159e+00	-6.032335e-01
5.849000e-01	-8.844879e+00	-6.060478e-01
5.850000e-01	-8.844480e+00	-6.088796e-01
5.851000e-01	-8.843963e+00	-6.117290e-01
5.852000e-01	-8.843332e+00	-6.145963e-01
5.853000e-01	-8.842590e+00	-6.174818e-01
5.854000e-01	-8.841739e+00	-6.203857e-01
5.855000e-01	-8.840783e+00	-6.233086e-01
5.856000e-01	-8.839726e+00	-6.262509e-01
5.857000e-01	-8.838572e+00	-6.292131e-01
5.858000e-01	-8.837326e+00	-6.321956e-01
5.859000e-01	-8.835990e+00	-6.351991e-01
5.860000e-01	-8.834571e+00	-6.382242e-01
5.861000e-01	-8.833073e+00	-6.412714e-01
5.862000e-01	-8.831502e+00	-6.443415e-01
5.863000e-01	-8.829863e+00	-6.474351e-01
5.864000e-01	-8.828162e+00	-6.505528e-01
5.865000e-01	-8.826405e+00	-6.536953e-01
5.866000e-01	-8.824598e+00	-6.568633e-01
5.867000e-01	-8.822746e+00	-6.600575e-01
5.868000e-01	-8.820858e+00	-6.632784e-01
5.869000e-01	-8.818939e+00	-6.665268e-01
5.870000e-01	-8.816997e+00	-6.698031e-01
5.871000e-01	-8.815038e+00	-6.731081e-01
5.872000e-01	-8.813070e+00	-6.764422e-01
5.873000e-01	-8.811099e+00	-6.798059e-01
5.874000e-01	-8.809133e+00	-6.831999e-01
5.875000e-01	-8.807179e+00	-6.866245e-01
5.876000e-01	-8.805244e+00	-6.900802e-01
5.877000e-01	-8.803336e+00	-6.935673e-01
5.878000e-01	-8.801462e+00	-6.970864e-01
5.879000e-01	-8.799628e+00	-7.006376e-01
5.880000e-01	-8.797843e+00	-7.042213e-01
5.881000e-01	-8.796112e+00	-7.078378e-01
5.882000e-01	-8.794443e+00	-7.114873e-01
5.883000e-01	-8.792842e+00	-7.151701e-01
5.884000e-01	-8.791315e+00	-7.188863e-01
5.885000e-01	-8.789870e+00	-7.226362e-01
5.886000e-01	-8.788511e+00	-7.264199e-01
5.887000e-01	-8.787245e+00	-7.302376e-01
5.888000e-01	-8.786077e+00	-7.340894e-01
5.889000e-01	-8.785012e+00	-7.379755e-01
5.890000e-01	-8.784055e+00	-7.418959e-01
5.891000e-01	-8.783211e+00	-7.458508e-01
5.892000e-01	-8.782485e+00	-7.498404e-01
5.893000e-01	-8.781879e+00	-7.538646e-01
5.894000e-01	-8.781399e+00	-7.579236e-01
5.895000e-01	-8.781046e+00	-7.620176e-01
5.896000e-01	-8.780825e+00	-7.661466e-01
5.897000e-01	-8.780739e+00	-7.703107e-01
5.898000e-01	-8.780789e+00	-7.745100e-01
5.899000e-01	-8.780977e+00	-7.787446e-01
5.900000e-01	-8.781306e+00	-7.830146e-01
5.901000e-01	-8.781777e+00	-7.873200e-01
5.902000e-01	-8.782392e+00	-7.916609e-01
5.903000e-01	-8.783150e+00	-7.960373e-01
5.904000e-01	-8.784054e+00	-8.004493e-01
5.905000e-01	-8.785102e+00	-8.048968e-01
5.906000e-01	-8.786296e+00	-8.093798e-01
5.907000e-01	-8.787635e+00	-8.138982e-01
5.908000e-01	-8.789119e+00	-8.184519e-01
5.909000e-01	-8.790746e+00	-8.230408e-01
5.910000e-01	-8.792517e+00	-8.276646e-01
5.911000e-01	-8.794430e+00	-8.323232e-01
5.912000e-01	-8.796484e+00	-8.370161e-01
5.913000e-01	-8.798676e+00	-8.417430e-01
5.914000e-01	-8.801006e+00	-8.465035e-01
5.914500e-01	-8.802222e+00	-8.488963e-01
5.914778e-01	-8.802912e+00	-8.502291e-01
5.915000e-01	-8.803472e+00	-8.512972e-01
5.915417e-01	-8.804538e+00	-8.533042e-01
5.915708e-01	-8.805299e+00	-8.547124e-01
5.915968e-01	-8.805984e+00	-8.559664e-01
5.916000e-01	-8.806070e+00	-8.561233e-01
5.916259e-01	-8.806765e+00	-8.573798e-01
5.916519e-01	-8.807469e+00	-8.586390e-01
5.916802e-01	-8.808249e+00	-8.600170e-01
5.917000e-01	-8.808799e+00	-8.609814e-01
5.917284e-01	-8.809596e+00	-8.623649e-01
5.917600e-01	-8.810498e+00	-8.639116e-01
5.917923e-01	-8.811431e+00	-8.654934e-01
5.918000e-01	-8.811655e+00	-8.658709e-01
5.919000e-01	-8.814634e+00	-8.707913e-01
5.920000e-01	-8.817733e+00	-8.757420e-01
5.921000e-01	-8.820946e+00	-8.807224e-01
5.922000e-01	-8.824270e+00	-8.857318e-01
5.923000e-01	-8.827699e+00	-8.907692e-01
5.924000e-01	-8.831230e+00	-8.958339e-01
5.925000e-01	-8.834856e+00	-9.009247e-01
5.926000e-01	-8.838573e+00	-9.060406e-01
5.927000e-01	-8.842376e+00	-9.111805e-01
5.928000e-01	-8.846259e+00	-9.163430e-01
5.929000e-01	-8.850216e+00	-9.215267e-01
5.930000e-01	-8.854243e+00	-9.267303e-01
5.931000e-01	-8.858332e+00	-9.319521e-01
5.932000e-01	-8.862479e+00	-9.371904e-01
5.933000e-01	-8.866678e+00	-9.424437e-01
5.934000e-01	-8.870923e+00	-9.477099e-01
5.935000e-01	-8.875207e+00	-9.529872e-01
5.936000e-01	-8.879525e+00	-9.582737e-01
5.937000e-01	-8.883872e+00	-9.635673e-01
5.938000e-01	-8.888240e+00	-9.688658e-01
5.939000e-01	-8.892625e+00	-9.741672e-01
5.940000e-01	-8.897021e+00	-9.794690e-01
5.941000e-01	-8.901421e+00	-9.847692e-01
5.942000e-01	-8.905820e+00	-9.900652e-01
5.943000e-01	-8.910213e+00	-9.953549e-01
5.944000e-01	-8.914593e+00	-1.000636e+00
5.945000e-01	-8.918955e+00	-1.005905e+00
5.946000e-01	-8.923295e+00	-1.011161e+00
5.947000e-01	-8.927606e+00	-1.016401e+00
5.948000e-01	-8.931882e+00	-1.021621e+00
5.949000e-01	-8.936118e+00	-1.026820e+00
5.950000e-01	-8.940307e+00	-1.031995e+00
5.951000e-01	-8.944444e+00	-1.037141e+00
5.952000e-01	-8.948524e+00	-1.042258e+00
5.953000e-01	-8.952540e+00	-1.047342e+00
5.954000e-01	-8.956488e+00	-1.052390e+00
5.955000e-01	-8.960362e+00	-1.057400e+00
5.956000e-01	-8.964157e+00	-1.062370e+00
5.957000e-01	-8.967869e+00	-1.067296e+00
5.958000e-01	-8.971492e+00	-1.072178e+00
5.959000e-01	-8.975023e+00	-1.077011e+00
5.960000e-01	-8.978457e+00	-1.081795e+00
5.961000e-01	-8.981789e+00	-1.086527e+00
5.962000e-01	-8.985017e+00	-1.091206e+00
5.963000e-01	-8.988136e+00	-1.095829e+00
5.964000e-01	-8.991143e+00	-1.100394e+00
5.965000e-01	-8.994034e+00	-1.104900e+00
5.966000e-01	-8.996808e+00	-1.109346e+00
5.967000e-01	-8.999462e+00	-1.113729e+00
5.968000e-01	-9.001993e+00	-1.118050e+00
5.969000e-01	-9.004399e+00	-1.122305e+00
5.970000e-01	-9.006679e+00	-1.126494e+00
5.971000e-01	-9.008832e+00	-1.130616e+00
5.972000e-01	-9.010857e+00	-1.134669e+00
5.973000e-01	-9.012754e+00	-1.138653e+00
5.974000e-01	-9.014522e+00	-1.142566e+00
5.975000e-01	-9.016162e+00	-1.146408e+00
5.976000e-01	-9.017674e+00	-1.150177e+00
5.977000e-01	-9.019060e+00	-1.153872e+00
5.978000e-01	-9.020322e+00	-1.157494e+00
5.979000e-01	-9.021460e+00	-1.161039e+00
5.980000e-01	-9.022477e+00	-1.164508e+00
5.981000e-01	-9.023376e+00	-1.167900e+00
5.982000e-01	-9.024160e+00	-1.171214e+00
5.983000e-01	-9.024832e+00	-1.174448e+00
5.984000e-01	-9.025395e+00	-1.177601e+00
5.985000e-01	-9.025853e+00	-1.180673e+00
5.986000e-01	-9.026210e+00	-1.183662e+00
5.986435e-01	-9.026335e+00	-1.184937e+00
5.986718e-01	-9.026406e+00	-1.185755e+00
5.987000e-01	-9.026470e+00	-1.186567e+00
5.987452e-01	-9.026557e+00	-1.187852e+00
5.987726e-01	-9.026601e+00	-1.188623e+00
5.988000e-01	-9.026638e+00	-1.189387e+00
5.988362e-01	-9.026676e+00	-1.190388e+00
5.988681e-01	-9.026701e+00	-1.191258e+00
5.989000e-01	-9.026717e+00	-1.192120e+00
5.989489e-01	-9.026725e+00	-1.193425e+00
5.989745e-01	-9.026721e+00	-1.194098e+00
5.990000e-01	-9.026712e+00	-1.194765e+00
5.990509e-01	-9.026679e+00	-1.196076e+00
5.991000e-01	-9.026629e+00	-1.197320e+00
5.991523e-01	-9.026555e+00	-1.198620e+00
5.992000e-01	-9.026471e+00	-1.199784e+00
5.992575e-01	-9.026348e+00	-1.201160e+00
5.993000e-01	-9.026243e+00	-1.202156e+00
5.993596e-01	-9.026076e+00	-1.203525e+00
5.994000e-01	-9.025950e+00	-1.204434e+00
5.995000e-01	-9.025596e+00	-1.206616e+00
5.996000e-01	-9.025187e+00	-1.208700e+00
5.997000e-01	-9.024726e+00	-1.210686e+00
5.998000e-01	-9.024218e+00	-1.212571e+00
5.999000e-01	-9.023668e+00	-1.214353e+00
6.000000e-01	-9.023080e+00	-1.216032e+00


