" simu_foot"

"Time      "	"SPRING_1.force"
0.000000e+00	-7.812844e-11
1.000000e-03	1.176844e-03
2.000000e-03	3.291227e-03
3.000000e-03	5.581220e-03
4.000000e-03	5.974072e-03
5.000000e-03	1.184588e-02
6.000000e-03	1.493076e-02
7.000000e-03	1.786171e-02
8.000000e-03	2.000551e-02
9.000000e-03	1.301728e-02
1.000000e-02	1.659414e-02
1.100000e-02	1.912419e-02
1.200000e-02	2.023307e-02
1.300000e-02	2.038696e-02
1.400000e-02	2.014484e-02
1.500000e-02	1.986357e-02
1.600000e-02	1.968137e-02
1.700000e-02	1.960377e-02
1.800000e-02	1.816906e-02
1.900000e-02	1.563561e-02
2.000000e-02	7.080734e-03
2.100000e-02	1.194887e-02
2.200000e-02	5.994646e-03
2.239022e-02	-1.845381e-02
2.270875e-02	-9.486022e-02
2.300000e-02	-1.449071e-01
2.400000e-02	-2.770121e-01
2.500000e-02	-3.822705e-01
2.600000e-02	-4.567187e-01
2.625000e-02	-4.698970e-01
2.700000e-02	-4.965768e-01
2.800000e-02	-5.067454e-01
2.858984e-02	-5.017881e-01
2.884619e-02	-4.984688e-01
2.900000e-02	-4.964226e-01
2.932050e-02	-4.894732e-01
3.000000e-02	-4.679434e-01
3.100000e-02	-4.234705e-01
3.131250e-02	-4.073085e-01
3.156250e-02	-3.938398e-01
3.200000e-02	-3.696082e-01
3.300000e-02	-3.140006e-01
3.388095e-02	-2.690571e-01
3.400000e-02	-2.634595e-01
3.425000e-02	-2.522573e-01
3.451563e-02	-2.410016e-01
3.500000e-02	-2.225296e-01
3.600000e-02	-1.927843e-01
3.665185e-02	-1.833923e-01
3.700000e-02	-1.805717e-01
3.725000e-02	-1.803928e-01
3.800000e-02	-1.848142e-01
3.900000e-02	-2.081113e-01
3.931901e-02	-2.176589e-01
4.000000e-02	-2.483877e-01
4.100000e-02	-3.103610e-01
4.200000e-02	-3.891788e-01
4.226550e-02	-4.228125e-01
4.258975e-02	-4.546891e-01
4.300000e-02	-4.996396e-01
4.400000e-02	-6.305424e-01
4.500000e-02	-7.876363e-01
4.600000e-02	-9.735805e-01
4.700000e-02	-1.190360e+00
4.800000e-02	-1.439969e+00
4.900000e-02	-1.722988e+00
5.000000e-02	-2.038141e+00
5.100000e-02	-2.381539e+00
5.200000e-02	-2.746785e+00
5.300000e-02	-3.124083e+00
5.400000e-02	-3.501010e+00
5.500000e-02	-3.864402e+00
5.600000e-02	-4.202069e+00
5.700000e-02	-4.506119e+00
5.800000e-02	-4.775631e+00
5.900000e-02	-5.017415e+00
6.000000e-02	-5.245506e+00
6.100000e-02	-5.478841e+00
6.200000e-02	-5.737535e+00
6.300000e-02	-6.038456e+00
6.400000e-02	-6.390895e+00
6.500000e-02	-6.793263e+00
6.600000e-02	-7.231876e+00
6.700000e-02	-7.682896e+00
6.800000e-02	-8.117939e+00
6.900000e-02	-8.512528e+00
7.000000e-02	-8.854922e+00
7.100000e-02	-9.151589e+00
7.200000e-02	-9.426521e+00
7.300000e-02	-9.716098e+00
7.400000e-02	-1.005409e+01
7.500000e-02	-1.045806e+01
7.600000e-02	-1.092258e+01
7.700000e-02	-1.141714e+01
7.800000e-02	-1.189757e+01
7.900000e-02	-1.232469e+01
8.000000e-02	-1.268333e+01
8.100000e-02	-1.299252e+01
8.200000e-02	-1.329768e+01
8.300000e-02	-1.364948e+01
8.400000e-02	-1.407845e+01
8.500000e-02	-1.457794e+01
8.600000e-02	-1.510358e+01
8.700000e-02	-1.559501e+01
8.800000e-02	-1.601172e+01
8.900000e-02	-1.635534e+01
9.000000e-02	-1.667110e+01
9.100000e-02	-1.702692e+01
9.200000e-02	-1.746852e+01
9.300000e-02	-1.799048e+01
9.400000e-02	-1.853554e+01
9.500000e-02	-1.902885e+01
9.600000e-02	-1.942912e+01
9.700000e-02	-1.976030e+01
9.800000e-02	-2.009706e+01
9.900000e-02	-2.051275e+01
1.000000e-01	-2.102607e+01
1.010000e-01	-2.158393e+01
1.020000e-01	-2.209849e+01
1.030000e-01	-2.251365e+01
1.040000e-01	-2.285061e+01
1.050000e-01	-2.319416e+01
1.060000e-01	-2.362615e+01
1.070000e-01	-2.415796e+01
1.080000e-01	-2.471605e+01
1.090000e-01	-2.520350e+01
1.100000e-01	-2.558431e+01
1.110000e-01	-2.591299e+01
1.120000e-01	-2.629612e+01
1.130000e-01	-2.678982e+01
1.140000e-01	-2.734949e+01
1.150000e-01	-2.786648e+01
1.160000e-01	-2.827154e+01
1.170000e-01	-2.860125e+01
1.180000e-01	-2.896469e+01
1.190000e-01	-2.943855e+01
1.200000e-01	-2.998955e+01
1.210000e-01	-3.050378e+01
1.220000e-01	-3.090250e+01
1.230000e-01	-3.122656e+01
1.240000e-01	-3.159463e+01
1.250000e-01	-3.207686e+01
1.260000e-01	-3.261833e+01
1.270000e-01	-3.309744e+01
1.280000e-01	-3.345992e+01
1.290000e-01	-3.377918e+01
1.300000e-01	-3.417453e+01
1.310000e-01	-3.467726e+01
1.320000e-01	-3.519265e+01
1.330000e-01	-3.560855e+01
1.340000e-01	-3.592634e+01
1.350000e-01	-3.626254e+01
1.360000e-01	-3.670912e+01
1.370000e-01	-3.721997e+01
1.380000e-01	-3.766475e+01
1.390000e-01	-3.799297e+01
1.400000e-01	-3.829675e+01
1.410000e-01	-3.869434e+01
1.420000e-01	-3.918145e+01
1.430000e-01	-3.963433e+01
1.440000e-01	-3.996825e+01
1.450000e-01	-4.025128e+01
1.460000e-01	-4.061523e+01
1.470000e-01	-4.107896e+01
1.480000e-01	-4.152089e+01
1.490000e-01	-4.184473e+01
1.500000e-01	-4.210876e+01
1.510000e-01	-4.245053e+01
1.520000e-01	-4.289509e+01
1.530000e-01	-4.331815e+01
1.540000e-01	-4.361807e+01
1.550000e-01	-4.386020e+01
1.560000e-01	-4.418879e+01
1.570000e-01	-4.461992e+01
1.580000e-01	-4.501312e+01
1.590000e-01	-4.527406e+01
1.600000e-01	-4.549584e+01
1.610000e-01	-4.582331e+01
1.620000e-01	-4.624125e+01
1.630000e-01	-4.659339e+01
1.640000e-01	-4.680958e+01
1.650000e-01	-4.701648e+01
1.660000e-01	-4.734819e+01
1.670000e-01	-4.774537e+01
1.680000e-01	-4.804158e+01
1.690000e-01	-4.821145e+01
1.700000e-01	-4.841523e+01
1.710000e-01	-4.875650e+01
1.720000e-01	-4.912173e+01
1.730000e-01	-4.935085e+01
1.740000e-01	-4.947905e+01
1.750000e-01	-4.969247e+01
1.760000e-01	-5.004147e+01
1.770000e-01	-5.035431e+01
1.780000e-01	-5.050329e+01
1.785000e-01	-5.054790e+01
1.790000e-01	-5.061071e+01
1.800000e-01	-5.085693e+01
1.810000e-01	-5.119495e+01
1.820000e-01	-5.142270e+01
1.830000e-01	-5.150032e+01
1.840000e-01	-5.161849e+01
1.845000e-01	-5.174111e+01
1.850000e-01	-5.189537e+01
1.860000e-01	-5.218500e+01
1.870000e-01	-5.231123e+01
1.876667e-01	-5.233309e+01
1.880000e-01	-5.235100e+01
1.890000e-01	-5.250993e+01
1.900000e-01	-5.279172e+01
1.910000e-01	-5.299270e+01
1.920000e-01	-5.302835e+01
1.930000e-01	-5.307332e+01
1.935000e-01	-5.315665e+01
1.940000e-01	-5.327626e+01
1.950000e-01	-5.351692e+01
1.960000e-01	-5.360509e+01
1.963333e-01	-5.360133e+01
1.966667e-01	-5.359342e+01
1.970000e-01	-5.359094e+01
1.980000e-01	-5.368076e+01
1.990000e-01	-5.389754e+01
2.000000e-01	-5.404590e+01
2.010000e-01	-5.403323e+01
2.020000e-01	-5.402358e+01
2.030000e-01	-5.416301e+01
2.040000e-01	-5.433835e+01
2.050000e-01	-5.436849e+01
2.055000e-01	-5.433547e+01
2.060000e-01	-5.430506e+01
2.070000e-01	-5.434368e+01
2.080000e-01	-5.449485e+01
2.090000e-01	-5.457038e+01
2.100000e-01	-5.450197e+01
2.110000e-01	-5.445009e+01
2.120000e-01	-5.453363e+01
2.130000e-01	-5.463371e+01
2.140000e-01	-5.459413e+01
2.150000e-01	-5.448461e+01
2.160000e-01	-5.448176e+01
2.170000e-01	-5.456903e+01
2.180000e-01	-5.456695e+01
2.190000e-01	-5.444047e+01
2.200000e-01	-5.435293e+01
2.210000e-01	-5.439073e+01
2.220000e-01	-5.442005e+01
2.230000e-01	-5.431073e+01
2.240000e-01	-5.415629e+01
2.250000e-01	-5.411840e+01
2.253125e-01	-5.412903e+01
2.260000e-01	-5.414975e+01
2.270000e-01	-5.407812e+01
2.280000e-01	-5.389283e+01
2.290000e-01	-5.376308e+01
2.300000e-01	-5.375758e+01
2.310000e-01	-5.372921e+01
2.320000e-01	-5.355648e+01
2.330000e-01	-5.334585e+01
2.340000e-01	-5.326103e+01
2.350000e-01	-5.325043e+01
2.360000e-01	-5.312517e+01
2.370000e-01	-5.287537e+01
2.380000e-01	-5.268941e+01
2.390000e-01	-5.264273e+01
2.400000e-01	-5.257439e+01
2.410000e-01	-5.234656e+01
2.420000e-01	-5.207039e+01
2.430000e-01	-5.192921e+01
2.440000e-01	-5.188108e+01
2.450000e-01	-5.172180e+01
2.460000e-01	-5.141610e+01
2.470000e-01	-5.115521e+01
2.480000e-01	-5.105130e+01
2.490000e-01	-5.095980e+01
2.500000e-01	-5.070767e+01
2.510000e-01	-5.036558e+01
2.520000e-01	-5.013792e+01
2.530000e-01	-5.004349e+01
2.540000e-01	-4.988417e+01
2.550000e-01	-4.955256e+01
2.560000e-01	-4.920371e+01
2.570000e-01	-4.901015e+01
2.580000e-01	-4.889622e+01
2.590000e-01	-4.866083e+01
2.600000e-01	-4.828074e+01
2.610000e-01	-4.794186e+01
2.620000e-01	-4.776011e+01
2.630000e-01	-4.760918e+01
2.640000e-01	-4.731070e+01
2.650000e-01	-4.690143e+01
2.660000e-01	-4.657456e+01
2.670000e-01	-4.639159e+01
2.680000e-01	-4.619645e+01
2.690000e-01	-4.584964e+01
2.700000e-01	-4.542571e+01
2.710000e-01	-4.510071e+01
2.720000e-01	-4.490190e+01
2.730000e-01	-4.467119e+01
2.740000e-01	-4.429232e+01
2.750000e-01	-4.385557e+01
2.760000e-01	-4.352488e+01
2.770000e-01	-4.330653e+01
2.780000e-01	-4.304580e+01
2.790000e-01	-4.264564e+01
2.800000e-01	-4.219742e+01
2.810000e-01	-4.184958e+01
2.820000e-01	-4.160769e+01
2.830000e-01	-4.133055e+01
2.840000e-01	-4.092229e+01
2.850000e-01	-4.045988e+01
2.860000e-01	-4.008624e+01
2.870000e-01	-3.982028e+01
2.880000e-01	-3.953506e+01
2.890000e-01	-3.912725e+01
2.900000e-01	-3.865194e+01
2.910000e-01	-3.824496e+01
2.920000e-01	-3.794876e+01
2.930000e-01	-3.766375e+01
2.940000e-01	-3.727398e+01
2.950000e-01	-3.679201e+01
2.960000e-01	-3.634194e+01
2.970000e-01	-3.600471e+01
2.980000e-01	-3.571941e+01
2.990000e-01	-3.536063e+01
3.000000e-01	-3.489015e+01
3.010000e-01	-3.439993e+01
3.020000e-01	-3.400113e+01
3.030000e-01	-3.369692e+01
3.040000e-01	-3.338105e+01
3.050000e-01	-3.295725e+01
3.060000e-01	-3.244522e+01
3.070000e-01	-3.196286e+01
3.080000e-01	-3.159865e+01
3.090000e-01	-3.130053e+01
3.100000e-01	-3.095452e+01
3.110000e-01	-3.049600e+01
3.120000e-01	-2.997762e+01
3.130000e-01	-2.951230e+01
3.140000e-01	-2.915991e+01
3.150000e-01	-2.886516e+01
3.160000e-01	-2.851357e+01
3.170000e-01	-2.804791e+01
3.180000e-01	-2.752062e+01
3.190000e-01	-2.704288e+01
3.200000e-01	-2.667659e+01
3.210000e-01	-2.638280e+01
3.220000e-01	-2.605283e+01
3.230000e-01	-2.561096e+01
3.240000e-01	-2.508286e+01
3.250000e-01	-2.457007e+01
3.260000e-01	-2.415802e+01
3.270000e-01	-2.384771e+01
3.280000e-01	-2.355632e+01
3.290000e-01	-2.318669e+01
3.300000e-01	-2.270565e+01
3.310000e-01	-2.216996e+01
3.320000e-01	-2.167942e+01
3.330000e-01	-2.129771e+01
3.340000e-01	-2.100623e+01
3.350000e-01	-2.071995e+01
3.360000e-01	-2.035187e+01
3.370000e-01	-1.987714e+01
3.380000e-01	-1.934869e+01
3.390000e-01	-1.885567e+01
3.400000e-01	-1.846112e+01
3.410000e-01	-1.816230e+01
3.420000e-01	-1.789548e+01
3.430000e-01	-1.757997e+01
3.440000e-01	-1.717011e+01
3.450000e-01	-1.667852e+01
3.460000e-01	-1.616870e+01
3.470000e-01	-1.571348e+01
3.480000e-01	-1.535293e+01
3.490000e-01	-1.507581e+01
3.500000e-01	-1.482590e+01
3.510000e-01	-1.453456e+01
3.520000e-01	-1.416002e+01
3.530000e-01	-1.370563e+01
3.540000e-01	-1.321621e+01
3.550000e-01	-1.275417e+01
3.560000e-01	-1.236575e+01
3.570000e-01	-1.206266e+01
3.580000e-01	-1.182030e+01
3.590000e-01	-1.158976e+01
3.600000e-01	-1.132037e+01
3.610000e-01	-1.098158e+01
3.620000e-01	-1.057349e+01
3.630000e-01	-1.012509e+01
3.640000e-01	-9.679817e+00
3.650000e-01	-9.278839e+00
3.660000e-01	-8.946151e+00
3.670000e-01	-8.683926e+00
3.680000e-01	-8.471787e+00
3.690000e-01	-8.276569e+00
3.700000e-01	-8.061447e+00
3.710000e-01	-7.798328e+00
3.720000e-01	-7.477049e+00
3.730000e-01	-7.105659e+00
3.740000e-01	-6.706905e+00
3.750000e-01	-6.310430e+00
3.760000e-01	-5.943381e+00
3.770000e-01	-5.624879e+00
3.780000e-01	-5.362793e+00
3.790000e-01	-5.153587e+00
3.800000e-01	-4.984445e+00
3.810000e-01	-4.836527e+00
3.820000e-01	-4.688975e+00
3.830000e-01	-4.522976e+00
3.840000e-01	-4.325139e+00
3.850000e-01	-4.089507e+00
3.860000e-01	-3.817826e+00
3.870000e-01	-3.518194e+00
3.880000e-01	-3.202689e+00
3.890000e-01	-2.884749e+00
3.900000e-01	-2.576975e+00
3.910000e-01	-2.289700e+00
3.920000e-01	-2.030366e+00
3.930000e-01	-1.803507e+00
3.940000e-01	-1.611108e+00
3.950000e-01	-1.453095e+00
3.960000e-01	-1.327817e+00
3.970000e-01	-1.232437e+00
3.980000e-01	-1.163217e+00
3.990000e-01	-1.115726e+00
4.000000e-01	-1.084987e+00
4.010000e-01	-1.065642e+00
4.020000e-01	-1.052141e+00
4.030000e-01	-1.038992e+00
4.040000e-01	-1.021068e+00
4.050000e-01	-9.939470e-01
4.060000e-01	-9.542342e-01
4.070000e-01	-8.998104e-01
4.080000e-01	-8.299643e-01
4.090000e-01	-7.453753e-01
4.100000e-01	-6.479517e-01
4.110000e-01	-5.405584e-01
4.120000e-01	-4.266814e-01
4.130000e-01	-3.100878e-01
4.140000e-01	-1.945312e-01
4.150000e-01	-8.355827e-02
4.160000e-01	4.788632e-03
4.170000e-01	4.234818e-02
4.180000e-01	4.283730e-02
4.190000e-01	3.054310e-02
4.200000e-01	1.907751e-02
4.210000e-01	1.270033e-02
4.220000e-01	1.071314e-02
4.230000e-01	1.102905e-02
4.240000e-01	1.197214e-02
4.250000e-01	1.271351e-02
4.260000e-01	1.305981e-02
4.270000e-01	1.311335e-02
4.280000e-01	1.303235e-02
4.290000e-01	1.292701e-02
4.300000e-01	1.284286e-02
4.310000e-01	1.278351e-02
4.320000e-01	1.273675e-02
4.330000e-01	1.269036e-02
4.340000e-01	1.263790e-02
4.350000e-01	1.257891e-02
4.360000e-01	1.251393e-02
4.370000e-01	8.170259e-03
4.374961e-01	-7.510359e-02
4.377818e-01	-9.355678e-02
4.380000e-01	-1.168766e-01
4.390000e-01	-2.227787e-01
4.400000e-01	-3.298522e-01
4.404826e-01	-3.798804e-01
4.410000e-01	-4.345507e-01
4.420000e-01	-5.353543e-01
4.430000e-01	-6.270113e-01
4.440000e-01	-7.075684e-01
4.450000e-01	-7.764875e-01
4.454053e-01	-7.971069e-01
4.460000e-01	-8.286114e-01
4.470000e-01	-8.688500e-01
4.480000e-01	-8.969788e-01
4.483245e-01	-9.008140e-01
4.490000e-01	-9.140136e-01
4.500000e-01	-9.250004e-01
4.510000e-01	-9.319640e-01
4.520000e-01	-9.389158e-01
4.530000e-01	-9.498331e-01
4.540000e-01	-9.685858e-01
4.550000e-01	-9.990454e-01
4.560000e-01	-1.044728e+00
4.570000e-01	-1.108823e+00
4.580000e-01	-1.194168e+00
4.590000e-01	-1.303126e+00
4.600000e-01	-1.437473e+00
4.610000e-01	-1.598229e+00
4.620000e-01	-1.785429e+00
4.630000e-01	-1.997885e+00
4.640000e-01	-2.232950e+00
4.650000e-01	-2.486385e+00
4.660000e-01	-2.752401e+00
4.670000e-01	-3.023959e+00
4.680000e-01	-3.293385e+00
4.690000e-01	-3.553271e+00
4.700000e-01	-3.797563e+00
4.710000e-01	-4.022636e+00
4.720000e-01	-4.228124e+00
4.730000e-01	-4.417292e+00
4.740000e-01	-4.596807e+00
4.750000e-01	-4.775900e+00
4.760000e-01	-4.965021e+00
4.770000e-01	-5.174176e+00
4.780000e-01	-5.411166e+00
4.790000e-01	-5.680018e+00
4.800000e-01	-5.979879e+00
4.810000e-01	-6.304695e+00
4.820000e-01	-6.643938e+00
4.830000e-01	-6.984470e+00
4.840000e-01	-7.313324e+00
4.850000e-01	-7.620824e+00
4.860000e-01	-7.903170e+00
4.870000e-01	-8.163706e+00
4.880000e-01	-8.412363e+00
4.890000e-01	-8.663341e+00
4.900000e-01	-8.931557e+00
4.910000e-01	-9.228681e+00
4.920000e-01	-9.559747e+00
4.930000e-01	-9.921259e+00
4.940000e-01	-1.030155e+01
4.950000e-01	-1.068367e+01
4.960000e-01	-1.105034e+01
4.970000e-01	-1.138978e+01
4.980000e-01	-1.170018e+01
4.990000e-01	-1.199110e+01
5.000000e-01	-1.228087e+01
5.010000e-01	-1.259043e+01
5.020000e-01	-1.293567e+01
5.030000e-01	-1.331997e+01
5.040000e-01	-1.373399e+01
5.050000e-01	-1.415413e+01
5.060000e-01	-1.455311e+01
5.070000e-01	-1.491348e+01
5.080000e-01	-1.523442e+01
5.090000e-01	-1.553517e+01
5.100000e-01	-1.584922e+01
5.110000e-01	-1.620665e+01
5.120000e-01	-1.661759e+01
5.130000e-01	-1.706643e+01
5.140000e-01	-1.751569e+01
5.150000e-01	-1.792576e+01
5.160000e-01	-1.827822e+01
5.170000e-01	-1.858744e+01
5.180000e-01	-1.889628e+01
5.190000e-01	-1.925177e+01
5.200000e-01	-1.967612e+01
5.210000e-01	-2.015046e+01
5.220000e-01	-2.062320e+01
5.230000e-01	-2.103925e+01
5.240000e-01	-2.137797e+01
5.250000e-01	-2.167311e+01
5.260000e-01	-2.199337e+01
5.270000e-01	-2.239301e+01
5.280000e-01	-2.287528e+01
5.290000e-01	-2.337697e+01
5.300000e-01	-2.382109e+01
5.310000e-01	-2.416940e+01
5.320000e-01	-2.445603e+01
5.330000e-01	-2.476581e+01
5.340000e-01	-2.517055e+01
5.350000e-01	-2.566991e+01
5.360000e-01	-2.618270e+01
5.370000e-01	-2.660990e+01
5.380000e-01	-2.692301e+01
5.390000e-01	-2.719227e+01
5.400000e-01	-2.752883e+01
5.410000e-01	-2.798684e+01
5.420000e-01	-2.851269e+01
5.430000e-01	-2.898943e+01
5.440000e-01	-2.934101e+01
5.450000e-01	-2.960339e+01
5.460000e-01	-2.989555e+01
5.470000e-01	-3.031169e+01
5.480000e-01	-3.082943e+01
5.490000e-01	-3.132397e+01
5.500000e-01	-3.168805e+01
5.510000e-01	-3.194282e+01
5.520000e-01	-3.221911e+01
5.530000e-01	-3.262433e+01
5.540000e-01	-3.313293e+01
5.550000e-01	-3.361194e+01
5.560000e-01	-3.395936e+01
5.570000e-01	-3.420560e+01
5.580000e-01	-3.448139e+01
5.590000e-01	-3.488633e+01
5.600000e-01	-3.538303e+01
5.610000e-01	-3.583102e+01
5.620000e-01	-3.614009e+01
5.630000e-01	-3.637052e+01
5.640000e-01	-3.666804e+01
5.650000e-01	-3.709642e+01
5.660000e-01	-3.756988e+01
5.670000e-01	-3.795358e+01
5.680000e-01	-3.821191e+01
5.690000e-01	-3.844533e+01
5.700000e-01	-3.877769e+01
5.710000e-01	-3.921500e+01
5.720000e-01	-3.963813e+01
5.730000e-01	-3.994455e+01
5.740000e-01	-4.016672e+01
5.750000e-01	-4.043081e+01
5.760000e-01	-4.080421e+01
5.770000e-01	-4.121730e+01
5.780000e-01	-4.155540e+01
5.790000e-01	-4.179365e+01
5.800000e-01	-4.201981e+01
5.810000e-01	-4.232591e+01
5.820000e-01	-4.270055e+01
5.830000e-01	-4.304783e+01
5.840000e-01	-4.330639e+01
5.850000e-01	-4.351898e+01
5.860000e-01	-4.377261e+01
5.870000e-01	-4.409529e+01
5.880000e-01	-4.442898e+01
5.890000e-01	-4.470214e+01
5.900000e-01	-4.491122e+01
5.910000e-01	-4.512094e+01
5.920000e-01	-4.538845e+01
5.930000e-01	-4.569753e+01
5.940000e-01	-4.597771e+01
5.950000e-01	-4.618582e+01
5.960000e-01	-4.635844e+01
5.970000e-01	-4.657324e+01
5.980000e-01	-4.685438e+01
5.990000e-01	-4.713550e+01
6.000000e-01	-4.733779e+01
6.010000e-01	-4.747429e+01
6.020000e-01	-4.764020e+01
6.030000e-01	-4.789377e+01
6.040000e-01	-4.817241e+01
6.050000e-01	-4.836335e+01
6.060000e-01	-4.845815e+01
6.070000e-01	-4.857853e+01
6.080000e-01	-4.881456e+01
6.090000e-01	-4.908990e+01
6.100000e-01	-4.925825e+01
6.110000e-01	-4.930660e+01
6.120000e-01	-4.938541e+01
6.130000e-01	-4.960805e+01
6.140000e-01	-4.987850e+01
6.150000e-01	-5.000869e+01
6.160000e-01	-5.000061e+01
6.170000e-01	-5.005576e+01
6.180000e-01	-5.028062e+01
6.190000e-01	-5.052721e+01
6.200000e-01	-5.060377e+01
6.205000e-01	-5.058081e+01
6.210000e-01	-5.055202e+01
6.220000e-01	-5.059550e+01
6.225000e-01	-5.069116e+01
6.230000e-01	-5.081823e+01
6.240000e-01	-5.103156e+01
6.250000e-01	-5.104158e+01
6.260000e-01	-5.095041e+01
6.270000e-01	-5.100415e+01
6.280000e-01	-5.122480e+01
6.290000e-01	-5.138028e+01
6.300000e-01	-5.132792e+01
6.310000e-01	-5.121711e+01
6.320000e-01	-5.127758e+01
6.330000e-01	-5.147903e+01
6.340000e-01	-5.157342e+01
6.345000e-01	-5.153593e+01
6.350000e-01	-5.145950e+01
6.360000e-01	-5.134015e+01
6.370000e-01	-5.141572e+01
6.375000e-01	-5.150520e+01
6.380000e-01	-5.158541e+01
6.390000e-01	-5.160751e+01
6.400000e-01	-5.145236e+01
6.410000e-01	-5.133889e+01
6.420000e-01	-5.141112e+01
6.430000e-01	-5.153015e+01
6.440000e-01	-5.148666e+01
6.450000e-01	-5.130889e+01
6.460000e-01	-5.120965e+01
6.470000e-01	-5.126856e+01
6.480000e-01	-5.132918e+01
6.490000e-01	-5.123705e+01
6.500000e-01	-5.105331e+01
6.510000e-01	-5.095385e+01
6.520000e-01	-5.097697e+01
6.530000e-01	-5.098273e+01
6.540000e-01	-5.085888e+01
6.550000e-01	-5.067444e+01
6.560000e-01	-5.056196e+01
6.570000e-01	-5.054203e+01
6.580000e-01	-5.050640e+01
6.590000e-01	-5.037030e+01
6.600000e-01	-5.017780e+01
6.610000e-01	-5.003304e+01
6.620000e-01	-4.996574e+01
6.630000e-01	-4.990061e+01
6.640000e-01	-4.975900e+01
6.650000e-01	-4.955327e+01
6.660000e-01	-4.936715e+01
6.670000e-01	-4.925579e+01
6.680000e-01	-4.917553e+01
6.690000e-01	-4.903324e+01
6.700000e-01	-4.880394e+01
6.710000e-01	-4.856880e+01
6.720000e-01	-4.841796e+01
6.730000e-01	-4.833064e+01
6.740000e-01	-4.818907e+01
6.750000e-01	-4.793039e+01
6.760000e-01	-4.764409e+01
6.770000e-01	-4.746145e+01
6.775000e-01	-4.741340e+01
6.780000e-01	-4.737323e+01
6.790000e-01	-4.723126e+01
6.800000e-01	-4.694514e+01
6.810000e-01	-4.660995e+01
6.820000e-01	-4.638931e+01
6.830000e-01	-4.629537e+01
6.840000e-01	-4.615752e+01
6.850000e-01	-4.584859e+01
6.860000e-01	-4.546721e+01
6.870000e-01	-4.521089e+01
6.875000e-01	-4.514862e+01
6.880000e-01	-4.510776e+01
6.890000e-01	-4.497564e+01
6.900000e-01	-4.466079e+01
6.910000e-01	-4.424080e+01
6.920000e-01	-4.392955e+01
6.930000e-01	-4.379187e+01
6.940000e-01	-4.366702e+01
6.942620e-01	-4.361968e+01
6.945171e-01	-4.618761e+01
6.947732e-01	-4.060499e+01
6.950000e-01	-4.337242e+01
6.960000e-01	-4.292856e+01
6.970000e-01	-4.256075e+01
6.973333e-01	-4.248190e+01
6.976667e-01	-4.242451e+01
6.980000e-01	-4.238295e+01
6.990000e-01	-4.226744e+01
7.000000e-01	-4.200434e+01
7.010000e-01	-4.156100e+01
7.020000e-01	-4.112279e+01
7.030000e-01	-4.086889e+01
7.040000e-01	-4.074637e+01
7.050000e-01	-4.053575e+01
7.060000e-01	-4.012298e+01
7.070000e-01	-3.963648e+01
7.080000e-01	-3.929212e+01
7.090000e-01	-3.912412e+01
7.100000e-01	-3.895667e+01
7.110000e-01	-3.861769e+01
7.120000e-01	-3.812890e+01
7.130000e-01	-3.768045e+01
7.140000e-01	-3.741158e+01
7.150000e-01	-3.724983e+01
7.160000e-01	-3.700081e+01
7.170000e-01	-3.657223e+01
7.180000e-01	-3.607370e+01
7.190000e-01	-3.568490e+01
7.200000e-01	-3.545162e+01
7.210000e-01	-3.525084e+01
7.220000e-01	-3.493203e+01
7.230000e-01	-3.447367e+01
7.240000e-01	-3.399467e+01
7.250000e-01	-3.362560e+01
7.260000e-01	-3.337824e+01
7.270000e-01	-3.314038e+01
7.280000e-01	-3.279614e+01
7.290000e-01	-3.234248e+01
7.300000e-01	-3.188008e+01
7.310000e-01	-3.150617e+01
7.320000e-01	-3.122601e+01
7.330000e-01	-3.095965e+01
7.340000e-01	-3.062213e+01
7.350000e-01	-3.019714e+01
7.360000e-01	-2.974335e+01
7.370000e-01	-2.933762e+01
7.380000e-01	-2.900919e+01
7.390000e-01	-2.872119e+01
7.400000e-01	-2.840768e+01
7.410000e-01	-2.802861e+01
7.420000e-01	-2.759620e+01
7.430000e-01	-2.716208e+01
7.436807e-01	-2.689333e+01
7.440000e-01	-2.677787e+01
7.450000e-01	-2.644741e+01
7.460000e-01	-2.614487e+01
7.470000e-01	-2.582434e+01
7.480000e-01	-2.545246e+01
7.490000e-01	-2.503080e+01
7.500000e-01	-2.459623e+01
7.510000e-01	-2.419510e+01
7.520000e-01	-2.385259e+01
7.530000e-01	-2.355520e+01
7.540000e-01	-2.325798e+01
7.550000e-01	-2.291290e+01
7.560000e-01	-2.250231e+01
7.570000e-01	-2.205391e+01
7.580000e-01	-2.162467e+01
7.590000e-01	-2.126190e+01
7.600000e-01	-2.097062e+01
7.610000e-01	-2.070912e+01
7.620000e-01	-2.041536e+01
7.630000e-01	-2.004640e+01
7.640000e-01	-1.960671e+01
7.650000e-01	-1.914634e+01
7.660000e-01	-1.873086e+01
7.670000e-01	-1.840219e+01
7.680000e-01	-1.815240e+01
7.690000e-01	-1.792631e+01
7.700000e-01	-1.765215e+01
7.710000e-01	-1.728521e+01
7.720000e-01	-1.683680e+01
7.730000e-01	-1.636516e+01
7.740000e-01	-1.594437e+01
7.750000e-01	-1.562061e+01
7.760000e-01	-1.539055e+01
7.770000e-01	-1.520487e+01
7.780000e-01	-1.499300e+01
7.790000e-01	-1.469887e+01
7.800000e-01	-1.430242e+01
7.810000e-01	-1.384132e+01
7.820000e-01	-1.338078e+01
7.830000e-01	-1.298640e+01
7.840000e-01	-1.269587e+01
7.850000e-01	-1.250303e+01
7.860000e-01	-1.236042e+01
7.870000e-01	-1.219931e+01
7.880000e-01	-1.195979e+01
7.890000e-01	-1.161672e+01
7.900000e-01	-1.118967e+01
7.910000e-01	-1.073272e+01
7.920000e-01	-1.031055e+01
7.930000e-01	-9.973367e+00
7.940000e-01	-9.740205e+00
7.950000e-01	-9.595320e+00
7.960000e-01	-9.496097e+00
7.970000e-01	-9.386808e+00
7.980000e-01	-9.217284e+00
7.990000e-01	-8.959102e+00
8.000000e-01	-8.613351e+00
8.010000e-01	-8.208562e+00
8.020000e-01	-7.789961e+00
8.030000e-01	-7.405154e+00
8.040000e-01	-7.091482e+00
8.050000e-01	-6.867972e+00
8.060000e-01	-6.732304e+00
8.070000e-01	-6.662236e+00
8.080000e-01	-6.620962e+00
8.090000e-01	-6.565779e+00
8.100000e-01	-6.458627e+00
8.110000e-01	-6.275780e+00
8.120000e-01	-6.013437e+00
8.130000e-01	-5.687281e+00
8.140000e-01	-5.326655e+00
8.150000e-01	-4.966126e+00
8.160000e-01	-4.637626e+00
8.170000e-01	-4.365154e+00
8.180000e-01	-4.162326e+00
8.190000e-01	-4.032066e+00
8.200000e-01	-3.967509e+00
8.210000e-01	-3.953565e+00
8.220000e-01	-3.969052e+00
8.230000e-01	-3.989504e+00
8.240000e-01	-3.990632e+00
8.250000e-01	-3.952038e+00
8.260000e-01	-3.860445e+00
8.270000e-01	-3.711608e+00
8.280000e-01	-3.510395e+00
8.290000e-01	-3.269122e+00
8.300000e-01	-3.004728e+00
8.310000e-01	-2.735695e+00
8.320000e-01	-2.479440e+00
8.330000e-01	-2.250605e+00
8.340000e-01	-2.060260e+00
8.350000e-01	-1.915788e+00
8.360000e-01	-1.821120e+00
8.370000e-01	-1.777046e+00
8.380000e-01	-1.781423e+00
8.390000e-01	-1.829220e+00
8.400000e-01	-1.912489e+00
8.410000e-01	-2.020425e+00
8.420000e-01	-2.139728e+00
8.430000e-01	-2.255479e+00
8.440000e-01	-2.352577e+00
8.450000e-01	-2.417610e+00
8.460000e-01	-2.440786e+00
8.470000e-01	-2.417420e+00
8.480000e-01	-2.348566e+00
8.490000e-01	-2.240595e+00
8.500000e-01	-2.103895e+00
8.510000e-01	-1.951096e+00
8.520000e-01	-1.795296e+00
8.530000e-01	-1.648660e+00
8.540000e-01	-1.521547e+00
8.550000e-01	-1.422140e+00
8.560000e-01	-1.356432e+00
8.570000e-01	-1.328385e+00
8.580000e-01	-1.340112e+00
8.590000e-01	-1.391959e+00
8.600000e-01	-1.482470e+00
8.610000e-01	-1.608229e+00
8.620000e-01	-1.763662e+00
8.630000e-01	-1.940935e+00
8.640000e-01	-2.130109e+00
8.650000e-01	-2.319679e+00
8.660000e-01	-2.497580e+00
8.670000e-01	-2.652574e+00
8.680000e-01	-2.775823e+00
8.690000e-01	-2.862300e+00
8.700000e-01	-2.911696e+00
8.710000e-01	-2.928590e+00
8.720000e-01	-2.921856e+00
8.730000e-01	-2.903462e+00
8.740000e-01	-2.886973e+00
8.750000e-01	-2.886024e+00
8.760000e-01	-2.912963e+00
8.770000e-01	-2.977713e+00
8.780000e-01	-3.086818e+00
8.790000e-01	-3.242618e+00
8.800000e-01	-3.442567e+00
8.810000e-01	-3.678861e+00
8.820000e-01	-3.938657e+00
8.830000e-01	-4.205243e+00
8.840000e-01	-4.460365e+00
8.850000e-01	-4.687505e+00
8.860000e-01	-4.875449e+00
8.870000e-01	-5.021081e+00
8.880000e-01	-5.130458e+00
8.890000e-01	-5.217705e+00
8.900000e-01	-5.302051e+00
8.910000e-01	-5.403811e+00
8.920000e-01	-5.540295e+00
8.930000e-01	-5.722397e+00
8.940000e-01	-5.952380e+00
8.950000e-01	-6.223209e+00
8.960000e-01	-6.519716e+00
8.970000e-01	-6.821695e+00
8.980000e-01	-7.108570e+00
8.990000e-01	-7.364650e+00
9.000000e-01	-7.583455e+00
9.010000e-01	-7.769674e+00
9.020000e-01	-7.937954e+00
9.030000e-01	-8.108803e+00
9.040000e-01	-8.302756e+00
9.050000e-01	-8.534424e+00
9.060000e-01	-8.808056e+00
9.070000e-01	-9.115975e+00
9.080000e-01	-9.440732e+00
9.090000e-01	-9.760832e+00
9.100000e-01	-1.005842e+01
9.110000e-01	-1.032596e+01
9.120000e-01	-1.056894e+01
9.130000e-01	-1.080300e+01
9.140000e-01	-1.104701e+01
9.150000e-01	-1.131502e+01
9.160000e-01	-1.161104e+01
9.170000e-01	-1.192852e+01
9.180000e-01	-1.225444e+01
9.190000e-01	-1.257577e+01
9.200000e-01	-1.288504e+01
9.210000e-01	-1.318277e+01
9.220000e-01	-1.347583e+01
9.230000e-01	-1.377296e+01
9.240000e-01	-1.407984e+01
9.250000e-01	-1.439647e+01
9.260000e-01	-1.471819e+01
9.270000e-01	-1.503987e+01
9.280000e-01	-1.536062e+01
9.290000e-01	-1.568510e+01
9.300000e-01	-1.601974e+01
9.310000e-01	-1.636592e+01
9.320000e-01	-1.671565e+01
9.330000e-01	-1.705476e+01
9.340000e-01	-1.737349e+01
9.350000e-01	-1.767726e+01
9.360000e-01	-1.798569e+01
9.370000e-01	-1.832117e+01
9.380000e-01	-1.869261e+01
9.390000e-01	-1.908566e+01
9.400000e-01	-1.946905e+01
9.410000e-01	-1.981366e+01
9.420000e-01	-2.011466e+01
9.430000e-01	-2.039926e+01
9.440000e-01	-2.071247e+01
9.450000e-01	-2.108604e+01
9.460000e-01	-2.151061e+01
9.470000e-01	-2.193459e+01
9.480000e-01	-2.230179e+01
9.490000e-01	-2.259505e+01
9.500000e-01	-2.285520e+01
9.510000e-01	-2.315611e+01
9.520000e-01	-2.354442e+01
9.530000e-01	-2.400032e+01
9.540000e-01	-2.444674e+01
9.550000e-01	-2.480867e+01
9.560000e-01	-2.507592e+01
9.570000e-01	-2.531760e+01
9.580000e-01	-2.563045e+01
9.590000e-01	-2.605726e+01
9.600000e-01	-2.654271e+01
9.610000e-01	-2.697280e+01
9.620000e-01	-2.727595e+01
9.630000e-01	-2.749449e+01
9.640000e-01	-2.775118e+01
9.650000e-01	-2.813732e+01
9.660000e-01	-2.862641e+01
9.670000e-01	-2.909408e+01
9.680000e-01	-2.943050e+01
9.690000e-01	-2.964523e+01
9.700000e-01	-2.986647e+01
9.710000e-01	-3.021757e+01
9.720000e-01	-3.069975e+01
9.730000e-01	-3.118024e+01
9.740000e-01	-3.152058e+01
9.750000e-01	-3.172241e+01
9.760000e-01	-3.193012e+01
9.770000e-01	-3.228107e+01
9.780000e-01	-3.276324e+01
9.790000e-01	-3.322682e+01
9.800000e-01	-3.353898e+01
9.810000e-01	-3.372300e+01
9.815000e-01	-3.381489e+01
9.820000e-01	-3.393557e+01
9.830000e-01	-3.430259e+01
9.840000e-01	-3.478184e+01
9.850000e-01	-3.520377e+01
9.860000e-01	-3.545899e+01
9.870000e-01	-3.562589e+01
9.880000e-01	-3.587677e+01
9.890000e-01	-3.628242e+01
9.900000e-01	-3.673580e+01
9.910000e-01	-3.707794e+01
9.920000e-01	-3.727514e+01
9.925000e-01	-3.735611e+01
9.930000e-01	-3.745475e+01
9.936000e-01	-3.761909e+01
9.940000e-01	-3.776006e+01
9.950000e-01	-3.818189e+01
9.960000e-01	-3.857055e+01
9.970000e-01	-3.881665e+01
9.980000e-01	-3.898268e+01
9.990000e-01	-3.921914e+01
1.000000e+00	-3.957850e+01
1.001000e+00	-3.996003e+01
1.002000e+00	-4.024056e+01
1.003000e+00	-4.042298e+01
1.004000e+00	-4.062171e+01
1.005000e+00	-4.091744e+01
1.006000e+00	-4.126352e+01
1.007000e+00	-4.155186e+01
1.008000e+00	-4.175301e+01
1.009000e+00	-4.194377e+01
1.010000e+00	-4.219632e+01
1.011000e+00	-4.249046e+01
1.012000e+00	-4.275700e+01
1.013000e+00	-4.296938e+01
1.014000e+00	-4.316483e+01
1.015000e+00	-4.338720e+01
1.016000e+00	-4.363039e+01
1.017000e+00	-4.386153e+01
1.018000e+00	-4.407151e+01
1.019000e+00	-4.427834e+01
1.020000e+00	-4.448481e+01
1.021000e+00	-4.467635e+01
1.022000e+00	-4.485918e+01
1.023000e+00	-4.506004e+01
1.024000e+00	-4.527780e+01
1.025000e+00	-4.547129e+01
1.026000e+00	-4.561545e+01
1.027000e+00	-4.574965e+01
1.028000e+00	-4.593532e+01
1.029000e+00	-4.616195e+01
1.030000e+00	-4.634280e+01
1.031000e+00	-4.643604e+01
1.032000e+00	-4.652218e+01
1.033000e+00	-4.669833e+01
1.034000e+00	-4.693051e+01
1.035000e+00	-4.709000e+01
1.036000e+00	-4.713431e+01
1.037000e+00	-4.717872e+01
1.038000e+00	-4.734434e+01
1.039000e+00	-4.757667e+01
1.040000e+00	-4.770643e+01
1.041000e+00	-4.769756e+01
1.042000e+00	-4.771153e+01
1.043000e+00	-4.787724e+01
1.044000e+00	-4.809971e+01
1.045000e+00	-4.818994e+01
1.045500e+00	-4.817124e+01
1.046000e+00	-4.813510e+01
1.047000e+00	-4.812494e+01
1.048000e+00	-4.828562e+01
1.048369e+00	-4.836783e+01
1.049000e+00	-4.848438e+01
1.050000e+00	-4.852791e+01
1.050667e+00	-4.846816e+01
1.051000e+00	-4.843378e+01
1.052000e+00	-4.841667e+01
1.052333e+00	-4.845343e+01
1.052667e+00	-4.850843e+01
1.053000e+00	-4.857429e+01
1.054000e+00	-4.874279e+01
1.055000e+00	-4.873493e+01
1.056000e+00	-4.860783e+01
1.057000e+00	-4.858329e+01
1.058000e+00	-4.873033e+01
1.059000e+00	-4.886013e+01
1.060000e+00	-4.879926e+01
1.061000e+00	-4.864923e+01
1.062000e+00	-4.863213e+01
1.063000e+00	-4.876430e+01
1.064000e+00	-4.884125e+01
1.065000e+00	-4.873670e+01
1.066000e+00	-4.857779e+01
1.067000e+00	-4.855905e+01
1.068000e+00	-4.866357e+01
1.069000e+00	-4.869070e+01
1.070000e+00	-4.855089e+01
1.071000e+00	-4.839351e+01
1.072000e+00	-4.837580e+01
1.073000e+00	-4.843936e+01
1.074000e+00	-4.841218e+01
1.074750e+00	-4.829958e+01
1.075000e+00	-4.825351e+01
1.076000e+00	-4.809955e+01
1.077000e+00	-4.806474e+01
1.078000e+00	-4.808304e+01
1.079000e+00	-4.801412e+01
1.080000e+00	-4.784706e+01
1.081000e+00	-4.770131e+01
1.082000e+00	-4.764350e+01
1.083000e+00	-4.760552e+01
1.084000e+00	-4.749850e+01
1.085000e+00	-4.733430e+01
1.086000e+00	-4.718990e+01
1.087000e+00	-4.709518e+01
1.088000e+00	-4.700355e+01
1.089000e+00	-4.687118e+01
1.090000e+00	-4.671525e+01
1.091000e+00	-4.657012e+01
1.092000e+00	-4.643278e+01
1.093000e+00	-4.628564e+01
1.094000e+00	-4.613450e+01
1.095000e+00	-4.599066e+01
1.096000e+00	-4.584003e+01
1.097000e+00	-4.565984e+01
1.098000e+00	-4.546265e+01
1.099000e+00	-4.529250e+01
1.100000e+00	-4.515956e+01
1.100466e+00	-4.509556e+01
1.101000e+00	-4.500720e+01
1.102000e+00	-4.478637e+01
1.103000e+00	-4.453803e+01
1.104000e+00	-4.434713e+01
1.105000e+00	-4.422284e+01
1.106000e+00	-4.407231e+01
1.107000e+00	-4.382205e+01
1.108000e+00	-4.352462e+01
1.109000e+00	-4.330061e+01
1.110000e+00	-4.317764e+01
1.111000e+00	-4.303850e+01
1.112000e+00	-4.277028e+01
1.113000e+00	-4.242590e+01
1.114000e+00	-4.216176e+01
1.115000e+00	-4.203002e+01
1.116000e+00	-4.190556e+01
1.117000e+00	-4.164266e+01
1.118000e+00	-4.126543e+01
1.119000e+00	-4.094264e+01
1.120000e+00	-4.077622e+01
1.121000e+00	-4.066730e+01
1.122000e+00	-4.043324e+01
1.123000e+00	-4.004304e+01
1.124000e+00	-3.966030e+01
1.125000e+00	-3.943617e+01
1.125500e+00	-3.937695e+01
1.126000e+00	-3.932410e+01
1.127000e+00	-3.913789e+01
1.128000e+00	-3.877709e+01
1.129000e+00	-3.834505e+01
1.130000e+00	-3.802924e+01
1.131000e+00	-3.787808e+01
1.132000e+00	-3.773971e+01
1.133000e+00	-3.744431e+01
1.134000e+00	-3.700306e+01
1.135000e+00	-3.659714e+01
1.136000e+00	-3.636123e+01
1.137000e+00	-3.622584e+01
1.138000e+00	-3.601742e+01
1.139000e+00	-3.563457e+01
1.140000e+00	-3.517459e+01
1.141000e+00	-3.481335e+01
1.142000e+00	-3.461432e+01
1.143000e+00	-3.446111e+01
1.144000e+00	-3.418622e+01
1.145000e+00	-3.375937e+01
1.146000e+00	-3.331394e+01
1.147000e+00	-3.299173e+01
1.148000e+00	-3.279628e+01
1.149000e+00	-3.260052e+01
1.150000e+00	-3.228501e+01
1.151000e+00	-3.185544e+01
1.152000e+00	-3.142403e+01
1.153000e+00	-3.110521e+01
1.154000e+00	-3.088685e+01
1.155000e+00	-3.066502e+01
1.156000e+00	-3.034513e+01
1.157000e+00	-2.993205e+01
1.158000e+00	-2.951803e+01
1.159000e+00	-2.918810e+01
1.160000e+00	-2.893799e+01
1.161000e+00	-2.869092e+01
1.162000e+00	-2.837716e+01
1.163000e+00	-2.799314e+01
1.164000e+00	-2.759547e+01
1.165000e+00	-2.724505e+01
1.166000e+00	-2.695486e+01
1.167000e+00	-2.668478e+01
1.168000e+00	-2.638350e+01
1.169000e+00	-2.603488e+01
1.170000e+00	-2.566543e+01
1.171000e+00	-2.531294e+01
1.172000e+00	-2.499179e+01
1.173000e+00	-2.468741e+01
1.174000e+00	-2.437703e+01
1.175000e+00	-2.405108e+01
1.176000e+00	-2.371661e+01
1.177000e+00	-2.338575e+01
1.178000e+00	-2.306207e+01
1.179000e+00	-2.273941e+01
1.180000e+00	-2.241044e+01
1.180472e+00	-2.230998e+01
1.181000e+00	-2.207408e+01
1.182000e+00	-2.174645e+01
1.183000e+00	-2.143823e+01
1.184000e+00	-2.114772e+01
1.185000e+00	-2.085472e+01
1.186000e+00	-2.053572e+01
1.187000e+00	-2.018519e+01
1.188000e+00	-1.982403e+01
1.189000e+00	-1.948607e+01
1.190000e+00	-1.919336e+01
1.191000e+00	-1.893894e+01
1.192000e+00	-1.868969e+01
1.193000e+00	-1.840659e+01
1.194000e+00	-1.807069e+01
1.195000e+00	-1.769666e+01
1.196000e+00	-1.732592e+01
1.197000e+00	-1.700278e+01
1.198000e+00	-1.674639e+01
1.199000e+00	-1.653882e+01
1.200000e+00	-1.633137e+01
1.201000e+00	-1.607440e+01
1.202000e+00	-1.574280e+01
1.203000e+00	-1.535857e+01
1.204000e+00	-1.497386e+01
1.205000e+00	-1.464311e+01
1.206000e+00	-1.439463e+01
1.207000e+00	-1.421594e+01
1.208000e+00	-1.406111e+01
1.209000e+00	-1.387425e+01
1.210000e+00	-1.361209e+01
1.211000e+00	-1.327161e+01
1.212000e+00	-1.288596e+01
1.213000e+00	-1.251026e+01
1.214000e+00	-1.219730e+01
1.215000e+00	-1.197441e+01
1.216000e+00	-1.183195e+01
1.217000e+00	-1.172635e+01
1.218000e+00	-1.159871e+01
1.219000e+00	-1.140002e+01
1.220000e+00	-1.111221e+01
1.221000e+00	-1.075517e+01
1.222000e+00	-1.037739e+01
1.223000e+00	-1.003511e+01
1.224000e+00	-9.770808e+00
1.225000e+00	-9.599076e+00
1.226000e+00	-9.503761e+00
1.227000e+00	-9.444789e+00
1.228000e+00	-9.371431e+00
1.229000e+00	-9.239464e+00
1.230000e+00	-9.025717e+00
1.231000e+00	-8.734958e+00
1.232000e+00	-8.397084e+00
1.233000e+00	-8.056338e+00
1.234000e+00	-7.757282e+00
1.235000e+00	-7.532452e+00
1.236000e+00	-7.394566e+00
1.237000e+00	-7.334029e+00
1.238000e+00	-7.321595e+00
1.239000e+00	-7.315832e+00
1.240000e+00	-7.274227e+00
1.241000e+00	-7.165221e+00
1.242000e+00	-6.977232e+00
1.243000e+00	-6.721249e+00
1.244000e+00	-6.426281e+00
1.245000e+00	-6.130083e+00
1.246000e+00	-5.869035e+00
1.247000e+00	-5.670285e+00
1.248000e+00	-5.547342e+00
1.249000e+00	-5.498811e+00
1.250000e+00	-5.509555e+00
1.251000e+00	-5.553842e+00
1.252000e+00	-5.600249e+00
1.253000e+00	-5.617914e+00
1.254000e+00	-5.583023e+00
1.255000e+00	-5.483899e+00
1.256000e+00	-5.323160e+00
1.257000e+00	-5.116373e+00
1.258000e+00	-4.887878e+00
1.259000e+00	-4.665312e+00
1.260000e+00	-4.474432e+00
1.261000e+00	-4.335203e+00
1.262000e+00	-4.259408e+00
1.263000e+00	-4.249504e+00
1.264000e+00	-4.298440e+00
1.265000e+00	-4.390413e+00
1.266000e+00	-4.502779e+00
1.267000e+00	-4.609387e+00
1.268000e+00	-4.685172e+00
1.269000e+00	-4.711176e+00
1.270000e+00	-4.678606e+00
1.271000e+00	-4.590604e+00
1.272000e+00	-4.461140e+00
1.273000e+00	-4.311561e+00
1.274000e+00	-4.166023e+00
1.275000e+00	-4.047168e+00
1.276000e+00	-3.972852e+00
1.277000e+00	-3.954137e+00
1.278000e+00	-3.994318e+00
1.279000e+00	-4.088740e+00
1.280000e+00	-4.225314e+00
1.281000e+00	-4.385904e+00
1.282000e+00	-4.548763e+00
1.283000e+00	-4.691986e+00
1.284000e+00	-4.797498e+00
1.285000e+00	-4.854662e+00
1.286000e+00	-4.862487e+00
1.287000e+00	-4.829782e+00
1.288000e+00	-4.773246e+00
1.289000e+00	-4.714104e+00
1.290000e+00	-4.674214e+00
1.291000e+00	-4.672434e+00
1.292000e+00	-4.721706e+00
1.293000e+00	-4.827024e+00
1.294000e+00	-4.984366e+00
1.295000e+00	-5.180797e+00
1.296000e+00	-5.396124e+00
1.297000e+00	-5.606354e+00
1.298000e+00	-5.788690e+00
1.299000e+00	-5.927015e+00
1.300000e+00	-6.016168e+00
1.301000e+00	-6.063475e+00
1.302000e+00	-6.086887e+00
1.303000e+00	-6.110368e+00
1.304000e+00	-6.158031e+00
1.305000e+00	-6.248590e+00
1.306000e+00	-6.391297e+00
1.307000e+00	-6.583986e+00
1.308000e+00	-6.813530e+00
1.309000e+00	-7.058804e+00
1.310000e+00	-7.295832e+00
1.311000e+00	-7.504070e+00
1.312000e+00	-7.672120e+00
1.313000e+00	-7.801019e+00
1.314000e+00	-7.903903e+00
1.315000e+00	-8.002111e+00
1.316000e+00	-8.118954e+00
1.317000e+00	-8.272974e+00
1.318000e+00	-8.472506e+00
1.319000e+00	-8.713014e+00
1.320000e+00	-8.978175e+00
1.321000e+00	-9.244899e+00
1.322000e+00	-9.491182e+00
1.323000e+00	-9.704162e+00
1.324000e+00	-9.884997e+00
1.325000e+00	-1.004819e+01
1.326000e+00	-1.021542e+01
1.327000e+00	-1.040657e+01
1.328000e+00	-1.063181e+01
1.329000e+00	-1.088806e+01
1.330000e+00	-1.116118e+01
1.331000e+00	-1.143264e+01
1.332000e+00	-1.168779e+01
1.333000e+00	-1.192199e+01
1.334000e+00	-1.214195e+01
1.335000e+00	-1.236176e+01
1.336000e+00	-1.259577e+01
1.337000e+00	-1.285151e+01
1.338000e+00	-1.312607e+01
1.339000e+00	-1.340783e+01
1.340000e+00	-1.368308e+01
1.341000e+00	-1.394430e+01
1.342000e+00	-1.419519e+01
1.343000e+00	-1.444890e+01
1.344000e+00	-1.471947e+01
1.345000e+00	-1.501157e+01
1.346000e+00	-1.531561e+01
1.347000e+00	-1.561264e+01
1.348000e+00	-1.588772e+01
1.349000e+00	-1.614163e+01
1.350000e+00	-1.639204e+01
1.351000e+00	-1.666343e+01
1.352000e+00	-1.697097e+01
1.353000e+00	-1.730867e+01
1.354000e+00	-1.764980e+01
1.355000e+00	-1.796154e+01
1.356000e+00	-1.822966e+01
1.357000e+00	-1.846827e+01
1.358000e+00	-1.871585e+01
1.359000e+00	-1.901139e+01
1.360000e+00	-1.936586e+01
1.361000e+00	-1.974896e+01
1.362000e+00	-2.010540e+01
1.363000e+00	-2.039426e+01
1.364000e+00	-2.062289e+01
1.365000e+00	-2.084612e+01
1.366000e+00	-2.112807e+01
1.367000e+00	-2.149397e+01
1.368000e+00	-2.190768e+01
1.369000e+00	-2.229432e+01
1.370000e+00	-2.259647e+01
1.371000e+00	-2.281667e+01
1.372000e+00	-2.302350e+01
1.373000e+00	-2.330312e+01
1.374000e+00	-2.368936e+01
1.375000e+00	-2.413059e+01
1.376000e+00	-2.452413e+01
1.377000e+00	-2.480102e+01
1.378000e+00	-2.498973e+01
1.379000e+00	-2.519666e+01
1.380000e+00	-2.551630e+01
1.381000e+00	-2.594906e+01
1.382000e+00	-2.639651e+01
1.382727e+00	-2.667045e+01
1.383000e+00	-2.674554e+01
1.384000e+00	-2.696362e+01
1.385000e+00	-2.713378e+01
1.386000e+00	-2.738324e+01
1.387000e+00	-2.777354e+01
1.388000e+00	-2.823950e+01
1.389000e+00	-2.863970e+01
1.390000e+00	-2.888888e+01
1.391000e+00	-2.904465e+01
1.392000e+00	-2.925563e+01
1.393000e+00	-2.961593e+01
1.394000e+00	-3.007826e+01
1.395000e+00	-3.049456e+01
1.396000e+00	-3.075851e+01
1.397000e+00	-3.091008e+01
1.398000e+00	-3.110029e+01
1.399000e+00	-3.144016e+01
1.399701e+00	-3.175102e+01
1.400000e+00	-3.188914e+01
1.401000e+00	-3.229540e+01
1.402000e+00	-3.254800e+01
1.403000e+00	-3.269767e+01
1.404000e+00	-3.289377e+01
1.405000e+00	-3.323641e+01
1.406000e+00	-3.366771e+01
1.407000e+00	-3.403820e+01
1.408000e+00	-3.426698e+01
1.409000e+00	-3.441728e+01
1.410000e+00	-3.462682e+01
1.411000e+00	-3.497101e+01
1.412000e+00	-3.537864e+01
1.413000e+00	-3.570371e+01
1.414000e+00	-3.589362e+01
1.414500e+00	-3.596529e+01
1.415000e+00	-3.604750e+01
1.416000e+00	-3.629924e+01
1.417000e+00	-3.666053e+01
1.418000e+00	-3.701568e+01
1.419000e+00	-3.726069e+01
1.420000e+00	-3.741984e+01
1.421000e+00	-3.760969e+01
1.422000e+00	-3.790110e+01
1.423000e+00	-3.823944e+01
1.424000e+00	-3.851464e+01
1.425000e+00	-3.869812e+01
1.426000e+00	-3.887064e+01
1.427000e+00	-3.911168e+01
1.428000e+00	-3.940444e+01
1.429000e+00	-3.966984e+01
1.430000e+00	-3.987018e+01
1.431000e+00	-4.004709e+01
1.432000e+00	-4.025923e+01
1.433000e+00	-4.050771e+01
1.434000e+00	-4.074344e+01
1.435000e+00	-4.093879e+01
1.436000e+00	-4.112274e+01
1.437000e+00	-4.132981e+01
1.438000e+00	-4.154594e+01
1.439000e+00	-4.173664e+01
1.440000e+00	-4.190636e+01
1.441000e+00	-4.209220e+01
1.442000e+00	-4.230316e+01
1.443000e+00	-4.249979e+01
1.444000e+00	-4.264896e+01
1.445000e+00	-4.278033e+01
1.446000e+00	-4.295500e+01
1.447000e+00	-4.317406e+01
1.448000e+00	-4.336105e+01
1.449000e+00	-4.346754e+01
1.450000e+00	-4.355390e+01
1.451000e+00	-4.371312e+01
1.452000e+00	-4.393734e+01
1.453000e+00	-4.411806e+01
1.454000e+00	-4.419052e+01
1.454500e+00	-4.420586e+01
1.455000e+00	-4.423111e+01
1.456000e+00	-4.436494e+01
1.457000e+00	-4.459059e+01
1.458000e+00	-4.476602e+01
1.459000e+00	-4.480234e+01
1.459500e+00	-4.479422e+01
1.460000e+00	-4.479920e+01
1.461000e+00	-4.491235e+01
1.462000e+00	-4.513465e+01
1.463000e+00	-4.529947e+01
1.464000e+00	-4.530612e+01
1.465000e+00	-4.526352e+01
1.466000e+00	-4.534945e+01
1.467000e+00	-4.556340e+01
1.468000e+00	-4.571505e+01
1.469000e+00	-4.568863e+01
1.470000e+00	-4.561301e+01
1.471000e+00	-4.568217e+01
1.472000e+00	-4.588202e+01
1.473000e+00	-4.601020e+01
1.474000e+00	-4.595681e+01
1.475000e+00	-4.585503e+01
1.476000e+00	-4.590096e+01
1.476312e+00	-4.595058e+01
1.476582e+00	-4.600106e+01
1.476861e+00	-4.605430e+01
1.477000e+00	-4.607983e+01
1.478000e+00	-4.618433e+01
1.478667e+00	-4.614640e+01
1.479000e+00	-4.610313e+01
1.480000e+00	-4.597923e+01
1.481000e+00	-4.600890e+01
1.481500e+00	-4.608222e+01
1.482000e+00	-4.616291e+01
1.483000e+00	-4.623475e+01
1.484000e+00	-4.613069e+01
1.485000e+00	-4.599488e+01
1.486000e+00	-4.600475e+01
1.487000e+00	-4.612755e+01
1.488000e+00	-4.616822e+01
1.489000e+00	-4.604641e+01
1.490000e+00	-4.590499e+01
1.491000e+00	-4.589889e+01
1.492000e+00	-4.598378e+01
1.493000e+00	-4.598978e+01
1.494000e+00	-4.585902e+01
1.495000e+00	-4.571575e+01
1.496000e+00	-4.568675e+01
1.497000e+00	-4.573017e+01
1.498000e+00	-4.570461e+01
1.499000e+00	-4.556691e+01
1.500000e+00	-4.542590e+01
1.501000e+00	-4.537733e+01
1.502000e+00	-4.537597e+01
1.503000e+00	-4.531500e+01
1.504000e+00	-4.517498e+01
1.505000e+00	-4.503625e+01
1.506000e+00	-4.496170e+01
1.507000e+00	-4.491367e+01
1.508000e+00	-4.481976e+01
1.509000e+00	-4.467826e+01
1.510000e+00	-4.454847e+01
1.511000e+00	-4.445347e+01
1.512000e+00	-4.435419e+01
1.513000e+00	-4.422164e+01
1.514000e+00	-4.408011e+01
1.515000e+00	-4.396019e+01
1.516000e+00	-4.384652e+01
1.517000e+00	-4.370146e+01
1.518000e+00	-4.352994e+01
1.519000e+00	-4.338131e+01
1.520000e+00	-4.327252e+01
1.521000e+00	-4.314938e+01
1.522000e+00	-4.296144e+01
1.523000e+00	-4.274590e+01
1.524000e+00	-4.258357e+01
1.525000e+00	-4.248320e+01
1.526000e+00	-4.236072e+01
1.527000e+00	-4.214680e+01
1.528000e+00	-4.188658e+01
1.529000e+00	-4.169196e+01
1.530000e+00	-4.159261e+01
1.531000e+00	-4.148316e+01
1.532000e+00	-4.125664e+01
1.533000e+00	-4.095318e+01
1.534000e+00	-4.071529e+01
1.535000e+00	-4.060238e+01
1.536000e+00	-4.051012e+01
1.537000e+00	-4.029896e+01
1.538000e+00	-3.997023e+01
1.539000e+00	-3.967071e+01
1.540000e+00	-3.951421e+01
1.541000e+00	-3.943589e+01
1.542000e+00	-3.926309e+01
1.543000e+00	-3.893207e+01
1.544000e+00	-3.857504e+01
1.545000e+00	-3.835438e+01
1.546000e+00	-3.826299e+01
1.547000e+00	-3.813620e+01
1.548000e+00	-3.784750e+01
1.549000e+00	-3.745766e+01
1.550000e+00	-3.714405e+01
1.551000e+00	-3.699418e+01
1.552000e+00	-3.690074e+01
1.553000e+00	-3.668585e+01
1.554000e+00	-3.631153e+01
1.555000e+00	-3.592349e+01
1.556000e+00	-3.567738e+01
1.557000e+00	-3.556243e+01
1.558000e+00	-3.542003e+01
1.559000e+00	-3.512374e+01
1.560000e+00	-3.471631e+01
1.561000e+00	-3.435768e+01
1.562000e+00	-3.415030e+01
1.563000e+00	-3.402936e+01
1.564000e+00	-3.383514e+01
1.565000e+00	-3.348968e+01
1.566000e+00	-3.307909e+01
1.567000e+00	-3.275239e+01
1.567368e+00	-3.266856e+01
1.568000e+00	-3.256144e+01
1.569000e+00	-3.241421e+01
1.570000e+00	-3.217918e+01
1.571000e+00	-3.181793e+01
1.572000e+00	-3.141919e+01
1.573000e+00	-3.110214e+01
1.574000e+00	-3.089897e+01
1.575000e+00	-3.072632e+01
1.576000e+00	-3.047483e+01
1.577000e+00	-3.011888e+01
1.578000e+00	-2.973556e+01
1.579000e+00	-2.942047e+01
1.580000e+00	-2.919446e+01
1.581000e+00	-2.899318e+01
1.582000e+00	-2.873612e+01
1.583000e+00	-2.840123e+01
1.584000e+00	-2.803767e+01
1.585000e+00	-2.771433e+01
1.586000e+00	-2.745720e+01
1.587000e+00	-2.723076e+01
1.588000e+00	-2.697591e+01
1.589000e+00	-2.666598e+01
1.590000e+00	-2.632709e+01
1.591000e+00	-2.600684e+01
1.592000e+00	-2.572798e+01
1.593000e+00	-2.547280e+01
1.594000e+00	-2.520645e+01
1.595000e+00	-2.491123e+01
1.596000e+00	-2.459926e+01
1.597000e+00	-2.429464e+01
1.598000e+00	-2.401143e+01
1.599000e+00	-2.374149e+01
1.600000e+00	-2.346448e+01
1.601000e+00	-2.316891e+01
1.602000e+00	-2.286434e+01
1.603000e+00	-2.257255e+01
1.604000e+00	-2.230534e+01
1.605000e+00	-2.205055e+01
1.606000e+00	-2.178143e+01
1.607000e+00	-2.148159e+01
1.608000e+00	-2.116181e+01
1.609000e+00	-2.085301e+01
1.610000e+00	-2.058151e+01
1.611000e+00	-2.034748e+01
1.612000e+00	-2.012301e+01
1.613000e+00	-1.987109e+01
1.614000e+00	-1.957232e+01
1.615000e+00	-1.924043e+01
1.616000e+00	-1.891535e+01
1.617000e+00	-1.863722e+01
1.618000e+00	-1.841824e+01
1.619000e+00	-1.823168e+01
1.620000e+00	-1.802760e+01
1.621000e+00	-1.776549e+01
1.622000e+00	-1.744161e+01
1.623000e+00	-1.709369e+01
1.624000e+00	-1.677739e+01
1.625000e+00	-1.653139e+01
1.626000e+00	-1.635294e+01
1.627000e+00	-1.620357e+01
1.628000e+00	-1.602921e+01
1.629000e+00	-1.578664e+01
1.630000e+00	-1.547379e+01
1.631000e+00	-1.512701e+01
1.632000e+00	-1.480310e+01
1.633000e+00	-1.454897e+01
1.634000e+00	-1.437860e+01
1.635000e+00	-1.426316e+01
1.636000e+00	-1.414609e+01
1.637000e+00	-1.397290e+01
1.638000e+00	-1.371472e+01
1.639000e+00	-1.338937e+01
1.640000e+00	-1.304800e+01
1.641000e+00	-1.274969e+01
1.642000e+00	-1.253356e+01
1.643000e+00	-1.240377e+01
1.644000e+00	-1.232744e+01
1.645000e+00	-1.225085e+01
1.646000e+00	-1.212126e+01
1.647000e+00	-1.190777e+01
1.648000e+00	-1.162008e+01
1.649000e+00	-1.129737e+01
1.650000e+00	-1.099370e+01
1.651000e+00	-1.075612e+01
1.652000e+00	-1.060753e+01
1.653000e+00	-1.053819e+01
1.654000e+00	-1.050892e+01
1.655000e+00	-1.046624e+01
1.656000e+00	-1.036289e+01
1.657000e+00	-1.017614e+01
1.658000e+00	-9.916321e+00
1.659000e+00	-9.621720e+00
1.660000e+00	-9.342766e+00
1.661000e+00	-9.123513e+00
1.662000e+00	-8.987535e+00
1.663000e+00	-8.931928e+00
1.664000e+00	-8.929596e+00
1.665000e+00	-8.938161e+00
1.666000e+00	-8.913511e+00
1.667000e+00	-8.823881e+00
1.668000e+00	-8.659737e+00
1.669000e+00	-8.436075e+00
1.670000e+00	-8.186591e+00
1.671000e+00	-7.952500e+00
1.672000e+00	-7.770303e+00
1.673000e+00	-7.662097e+00
1.674000e+00	-7.630301e+00
1.675000e+00	-7.657297e+00
1.676000e+00	-7.710034e+00
1.677000e+00	-7.748991e+00
1.678000e+00	-7.739624e+00
1.679000e+00	-7.662832e+00
1.680000e+00	-7.520576e+00
1.681000e+00	-7.334503e+00
1.682000e+00	-7.138462e+00
1.683000e+00	-6.968220e+00
1.684000e+00	-6.852006e+00
1.685000e+00	-6.804187e+00
1.686000e+00	-6.822772e+00
1.687000e+00	-6.890543e+00
1.688000e+00	-6.979419e+00
1.689000e+00	-7.057358e+00
1.690000e+00	-7.096488e+00
1.691000e+00	-7.080370e+00
1.692000e+00	-7.008165e+00
1.693000e+00	-6.894363e+00
1.694000e+00	-6.764374e+00
1.695000e+00	-6.647643e+00
1.696000e+00	-6.570428e+00
1.697000e+00	-6.549927e+00
1.698000e+00	-6.590645e+00
1.699000e+00	-6.683421e+00
1.700000e+00	-6.807299e+00
1.701000e+00	-6.934297e+00
1.702000e+00	-7.036439e+00
1.703000e+00	-7.093400e+00
1.704000e+00	-7.098328e+00
1.705000e+00	-7.059679e+00
1.706000e+00	-6.998375e+00
1.707000e+00	-6.941467e+00
1.708000e+00	-6.914603e+00
1.709000e+00	-6.935542e+00
1.710000e+00	-7.010131e+00
1.711000e+00	-7.131307e+00
1.712000e+00	-7.281149e+00
1.713000e+00	-7.435608e+00
1.714000e+00	-7.570941e+00
1.715000e+00	-7.670258e+00
1.716000e+00	-7.728208e+00
1.717000e+00	-7.752280e+00
1.718000e+00	-7.760314e+00
1.719000e+00	-7.775141e+00
1.720000e+00	-7.818060e+00
1.721000e+00	-7.902971e+00
1.722000e+00	-8.032569e+00
1.723000e+00	-8.197539e+00
1.724000e+00	-8.379143e+00
1.725000e+00	-8.554865e+00
1.726000e+00	-8.705683e+00
1.727000e+00	-8.822543e+00
1.728000e+00	-8.909437e+00
1.729000e+00	-8.981687e+00
1.730000e+00	-9.060071e+00
1.731000e+00	-9.163184e+00
1.732000e+00	-9.300937e+00
1.733000e+00	-9.471509e+00
1.734000e+00	-9.662657e+00
1.735000e+00	-9.856742e+00
1.736000e+00	-1.003760e+01
1.737000e+00	-1.019661e+01
1.738000e+00	-1.033557e+01
1.739000e+00	-1.046544e+01
1.740000e+00	-1.060142e+01
1.741000e+00	-1.075668e+01
1.742000e+00	-1.093690e+01
1.743000e+00	-1.113806e+01
1.744000e+00	-1.134828e+01
1.745000e+00	-1.155331e+01
1.746000e+00	-1.174341e+01
1.747000e+00	-1.191850e+01
1.748000e+00	-1.208842e+01
1.749000e+00	-1.226782e+01
1.750000e+00	-1.246790e+01
1.751000e+00	-1.268959e+01
1.752000e+00	-1.292218e+01
1.753000e+00	-1.314905e+01
1.754000e+00	-1.335751e+01
1.755000e+00	-1.354676e+01
1.756000e+00	-1.372941e+01
1.757000e+00	-1.392500e+01
1.758000e+00	-1.414908e+01
1.759000e+00	-1.440363e+01
1.760000e+00	-1.467427e+01
1.761000e+00	-1.493676e+01
1.762000e+00	-1.517021e+01
1.763000e+00	-1.536983e+01
1.764000e+00	-1.555225e+01
1.765000e+00	-1.574855e+01
1.766000e+00	-1.598693e+01
1.767000e+00	-1.627440e+01
1.768000e+00	-1.658860e+01
1.769000e+00	-1.688692e+01
1.770000e+00	-1.713439e+01
1.771000e+00	-1.732686e+01
1.772000e+00	-1.749771e+01
1.773000e+00	-1.769809e+01
1.774000e+00	-1.796473e+01
1.775000e+00	-1.829447e+01
1.776000e+00	-1.864629e+01
1.777000e+00	-1.895807e+01
1.778000e+00	-1.919416e+01
1.779000e+00	-1.936714e+01
1.780000e+00	-1.953490e+01
1.781000e+00	-1.976506e+01
1.782000e+00	-2.008716e+01
1.783000e+00	-2.046784e+01
1.784000e+00	-2.082692e+01
1.785000e+00	-2.109877e+01
1.786000e+00	-2.127599e+01
1.787000e+00	-2.142649e+01
1.788000e+00	-2.164035e+01
1.789000e+00	-2.196323e+01
1.790000e+00	-2.236467e+01
1.791000e+00	-2.274776e+01
1.792000e+00	-2.303039e+01
1.793000e+00	-2.320422e+01
1.793500e+00	-2.327217e+01
1.794000e+00	-2.334615e+01
1.795000e+00	-2.356301e+01
1.796000e+00	-2.390602e+01
1.797000e+00	-2.432623e+01
1.798000e+00	-2.470476e+01
1.799000e+00	-2.495975e+01
1.800000e+00	-2.510632e+01
1.801000e+00	-2.525609e+01
1.802000e+00	-2.551624e+01
1.803000e+00	-2.590401e+01
1.804000e+00	-2.632653e+01
1.805000e+00	-2.665921e+01
1.806000e+00	-2.685361e+01
1.806500e+00	-2.691770e+01
1.807000e+00	-2.698155e+01
1.808000e+00	-2.717522e+01
1.809000e+00	-2.750941e+01
1.810000e+00	-2.793201e+01
1.811000e+00	-2.830659e+01
1.812000e+00	-2.853993e+01
1.813000e+00	-2.867207e+01
1.814000e+00	-2.883807e+01
1.815000e+00	-2.913768e+01
1.816000e+00	-2.954124e+01
1.817000e+00	-2.992017e+01
1.818000e+00	-3.017061e+01
1.819000e+00	-3.031204e+01
1.819717e+00	-3.041655e+01
1.820000e+00	-3.047096e+01
1.821000e+00	-3.074976e+01
1.822000e+00	-3.113158e+01
1.823000e+00	-3.149774e+01
1.824000e+00	-3.174196e+01
1.825000e+00	-3.188713e+01
1.826000e+00	-3.205503e+01
1.827000e+00	-3.233733e+01
1.828000e+00	-3.270063e+01
1.829000e+00	-3.302790e+01
1.830000e+00	-3.324509e+01
1.831000e+00	-3.339449e+01
1.832000e+00	-3.358380e+01
1.833000e+00	-3.387111e+01
1.834000e+00	-3.420502e+01
1.835000e+00	-3.448452e+01
1.836000e+00	-3.467305e+01
1.837000e+00	-3.483538e+01
1.838000e+00	-3.505619e+01
1.839000e+00	-3.534310e+01
1.840000e+00	-3.562734e+01
1.841000e+00	-3.584979e+01
1.842000e+00	-3.602507e+01
1.843000e+00	-3.621570e+01
1.844000e+00	-3.645565e+01
1.845000e+00	-3.671408e+01
1.846000e+00	-3.693890e+01
1.847000e+00	-3.712394e+01
1.848000e+00	-3.731214e+01
1.849000e+00	-3.753239e+01
1.850000e+00	-3.776079e+01
1.851000e+00	-3.795908e+01
1.852000e+00	-3.813192e+01
1.853000e+00	-3.831933e+01
1.854000e+00	-3.853785e+01
1.855000e+00	-3.875350e+01
1.856000e+00	-3.892542e+01
1.857000e+00	-3.906628e+01
1.858000e+00	-3.923450e+01
1.859000e+00	-3.945574e+01
1.860000e+00	-3.967661e+01
1.861000e+00	-3.982925e+01
1.862000e+00	-3.992870e+01
1.863000e+00	-4.006256e+01
1.864000e+00	-4.027770e+01
1.865000e+00	-4.051175e+01
1.866000e+00	-4.066502e+01
1.867000e+00	-4.072923e+01
1.868000e+00	-4.081052e+01
1.869000e+00	-4.100170e+01
1.870000e+00	-4.125126e+01
1.871000e+00	-4.141365e+01
1.872000e+00	-4.144523e+01
1.872500e+00	-4.144890e+01
1.873000e+00	-4.147389e+01
1.874000e+00	-4.163337e+01
1.875000e+00	-4.188487e+01
1.876000e+00	-4.206101e+01
1.877000e+00	-4.208125e+01
1.878000e+00	-4.206094e+01
1.879000e+00	-4.217148e+01
1.879333e+00	-4.224428e+01
1.879667e+00	-4.232765e+01
1.880000e+00	-4.241367e+01
1.881000e+00	-4.260579e+01
1.882000e+00	-4.261821e+01
1.882500e+00	-4.258214e+01
1.883000e+00	-4.255548e+01
1.884000e+00	-4.262150e+01
1.885000e+00	-4.284538e+01
1.886000e+00	-4.304199e+01
1.887000e+00	-4.305448e+01
1.888000e+00	-4.296281e+01
1.889000e+00	-4.298007e+01
1.889500e+00	-4.306130e+01
1.890000e+00	-4.317327e+01
1.891000e+00	-4.336846e+01
1.892000e+00	-4.338271e+01
1.892333e+00	-4.334859e+01
1.892667e+00	-4.330724e+01
1.893000e+00	-4.326855e+01
1.894000e+00	-4.324902e+01
1.894333e+00	-4.328668e+01
1.894667e+00	-4.334297e+01
1.895000e+00	-4.341071e+01
1.896000e+00	-4.359172e+01
1.897000e+00	-4.360365e+01
1.897500e+00	-4.354638e+01
1.898000e+00	-4.347803e+01
1.899000e+00	-4.342056e+01
1.900000e+00	-4.353901e+01
1.901000e+00	-4.370041e+01
1.902000e+00	-4.371000e+01
1.903000e+00	-4.357788e+01
1.904000e+00	-4.349866e+01
1.905000e+00	-4.358036e+01
1.906000e+00	-4.370726e+01
1.907000e+00	-4.370876e+01
1.908000e+00	-4.358017e+01
1.909000e+00	-4.348238e+01
1.910000e+00	-4.352223e+01
1.911000e+00	-4.361540e+01
1.912000e+00	-4.360772e+01
1.913000e+00	-4.348265e+01
1.914000e+00	-4.337749e+01
1.915000e+00	-4.338442e+01
1.916000e+00	-4.343401e+01
1.917000e+00	-4.340526e+01
1.918000e+00	-4.328772e+01
1.919000e+00	-4.318081e+01
1.920000e+00	-4.315494e+01
1.921000e+00	-4.316038e+01
1.922000e+00	-4.310709e+01
1.923000e+00	-4.299232e+01
1.924000e+00	-4.289386e+01
1.925000e+00	-4.284852e+01
1.926000e+00	-4.280588e+01
1.927000e+00	-4.271480e+01
1.928000e+00	-4.259865e+01
1.929000e+00	-4.251126e+01
1.930000e+00	-4.245313e+01
1.931000e+00	-4.237146e+01
1.932000e+00	-4.224191e+01
1.933000e+00	-4.211103e+01
1.934000e+00	-4.203287e+01
1.935000e+00	-4.197731e+01
1.936000e+00	-4.186510e+01
1.937000e+00	-4.168749e+01
1.938000e+00	-4.152980e+01
1.939000e+00	-4.145463e+01
1.940000e+00	-4.140919e+01
1.941000e+00	-4.128640e+01
1.942000e+00	-4.106961e+01
1.943000e+00	-4.086694e+01
1.944000e+00	-4.077643e+01
1.945000e+00	-4.074779e+01
1.946000e+00	-4.063381e+01
1.947000e+00	-4.038623e+01
1.948000e+00	-4.013114e+01
1.949000e+00	-4.000781e+01
1.950000e+00	-3.998723e+01
1.951000e+00	-3.990310e+01
1.952000e+00	-3.965854e+01
1.953000e+00	-3.934974e+01
1.954000e+00	-3.915768e+01
1.955000e+00	-3.912227e+01
1.956000e+00	-3.908352e+01
1.957000e+00	-3.887278e+01
1.958000e+00	-3.852757e+01
1.959000e+00	-3.825211e+01
1.959667e+00	-3.817830e+01
1.960000e+00	-3.816928e+01
1.961000e+00	-3.816197e+01
1.962000e+00	-3.801812e+01
1.963000e+00	-3.768261e+01
1.964000e+00	-3.732408e+01
1.965000e+00	-3.713836e+01
1.966000e+00	-3.711777e+01
1.967000e+00	-3.705364e+01
1.968000e+00	-3.678241e+01
1.969000e+00	-3.638642e+01
1.970000e+00	-3.609081e+01
1.971000e+00	-3.599516e+01
1.972000e+00	-3.596870e+01
1.973000e+00	-3.580318e+01
1.974000e+00	-3.544796e+01
1.975000e+00	-3.506065e+01
1.976000e+00	-3.482978e+01
1.977000e+00	-3.476738e+01
1.978000e+00	-3.469528e+01
1.979000e+00	-3.444580e+01
1.980000e+00	-3.405257e+01
1.981000e+00	-3.370341e+01
1.982000e+00	-3.352736e+01
1.982500e+00	-3.349068e+01
1.983000e+00	-3.345985e+01
1.984000e+00	-3.332576e+01
1.985000e+00	-3.302712e+01
1.986000e+00	-3.263629e+01
1.987000e+00	-3.231804e+01
1.988000e+00	-3.215402e+01
1.989000e+00	-3.206171e+01
1.990000e+00	-3.188838e+01
1.991000e+00	-3.157005e+01
1.992000e+00	-3.119368e+01
1.993000e+00	-3.089920e+01
1.994000e+00	-3.073160e+01
1.995000e+00	-3.060434e+01
1.996000e+00	-3.039881e+01
1.997000e+00	-3.008309e+01
1.998000e+00	-2.973186e+01
1.999000e+00	-2.944558e+01
2.000000e+00	-2.925385e+01
2.001000e+00	-2.909294e+01
2.002000e+00	-2.887417e+01
2.003000e+00	-2.857354e+01
2.004000e+00	-2.824885e+01
2.005000e+00	-2.797299e+01
2.006000e+00	-2.776130e+01
2.007000e+00	-2.756504e+01
2.008000e+00	-2.732804e+01
2.009000e+00	-2.704110e+01
2.010000e+00	-2.674354e+01
2.011000e+00	-2.647977e+01
2.012000e+00	-2.625662e+01
2.013000e+00	-2.603972e+01
2.014000e+00	-2.578977e+01
2.015000e+00	-2.550313e+01
2.016000e+00	-2.521598e+01
2.017000e+00	-2.496718e+01
2.017631e+00	-2.482897e+01
2.018000e+00	-2.475670e+01
2.019000e+00	-2.454281e+01
2.020000e+00	-2.428500e+01
2.021000e+00	-2.398279e+01
2.022000e+00	-2.368119e+01
2.023000e+00	-2.342698e+01
2.024000e+00	-2.322954e+01
2.025000e+00	-2.305018e+01
2.026000e+00	-2.283111e+01
2.027000e+00	-2.254319e+01
2.028000e+00	-2.221266e+01
2.029000e+00	-2.190488e+01
2.030000e+00	-2.167449e+01
2.031000e+00	-2.151806e+01
2.032000e+00	-2.137240e+01
2.033000e+00	-2.115940e+01
2.034000e+00	-2.085271e+01
2.035000e+00	-2.049709e+01
2.036000e+00	-2.017523e+01
2.037000e+00	-1.995117e+01
2.038000e+00	-1.981970e+01
2.039000e+00	-1.971343e+01
2.040000e+00	-1.954595e+01
2.041000e+00	-1.926984e+01
2.042000e+00	-1.891207e+01
2.043000e+00	-1.855428e+01
2.044000e+00	-1.828228e+01
2.045000e+00	-1.813085e+01
2.046000e+00	-1.805834e+01
2.047000e+00	-1.797050e+01
2.048000e+00	-1.778091e+01
2.049000e+00	-1.746804e+01
2.050000e+00	-1.708982e+01
2.051000e+00	-1.674476e+01
2.052000e+00	-1.651152e+01
2.053000e+00	-1.640403e+01
2.054000e+00	-1.636565e+01
2.055000e+00	-1.630269e+01
2.055553e+00	-1.622132e+01
2.056000e+00	-1.613549e+01
2.057000e+00	-1.584399e+01
2.058000e+00	-1.547775e+01
2.059000e+00	-1.512648e+01
2.060000e+00	-1.487247e+01
2.061000e+00	-1.474889e+01
2.062000e+00	-1.472515e+01
2.063000e+00	-1.471641e+01
2.064000e+00	-1.462983e+01
2.065000e+00	-1.441449e+01
2.066000e+00	-1.408943e+01
2.067000e+00	-1.373004e+01
2.068000e+00	-1.342769e+01
2.069000e+00	-1.324329e+01
2.070000e+00	-1.318385e+01
2.071000e+00	-1.319875e+01
2.072000e+00	-1.320501e+01
2.073000e+00	-1.312665e+01
2.074000e+00	-1.292870e+01
2.075000e+00	-1.263153e+01
2.076000e+00	-1.230071e+01
2.077000e+00	-1.201542e+01
2.078000e+00	-1.183527e+01
2.078500e+00	-1.179030e+01
2.079000e+00	-1.177456e+01
2.080000e+00	-1.180108e+01
2.081000e+00	-1.184493e+01
2.082000e+00	-1.183006e+01
2.083000e+00	-1.170902e+01
2.084000e+00	-1.148160e+01
2.085000e+00	-1.119192e+01
2.086000e+00	-1.091201e+01
2.087000e+00	-1.070560e+01
2.088000e+00	-1.060656e+01
2.088500e+00	-1.059676e+01
2.089000e+00	-1.060813e+01
2.090000e+00	-1.066715e+01
2.091000e+00	-1.072258e+01
2.092000e+00	-1.071314e+01
2.093000e+00	-1.060999e+01
2.094000e+00	-1.041874e+01
2.095000e+00	-1.017944e+01
2.096000e+00	-9.947871e+00
2.097000e+00	-9.777097e+00
2.098000e+00	-9.697804e+00
2.099000e+00	-9.709960e+00
2.100000e+00	-9.782389e+00
2.101000e+00	-9.864012e+00
2.102000e+00	-9.902155e+00
2.103000e+00	-9.862082e+00
2.104000e+00	-9.740079e+00
2.105000e+00	-9.563860e+00
2.106000e+00	-9.380368e+00
2.107000e+00	-9.237516e+00
2.108000e+00	-9.167539e+00
2.109000e+00	-9.177450e+00
2.110000e+00	-9.248595e+00
2.111000e+00	-9.343930e+00
2.112000e+00	-9.420902e+00
2.113000e+00	-9.446057e+00
2.114000e+00	-9.406127e+00
2.115000e+00	-9.311649e+00
2.116000e+00	-9.192111e+00
2.117000e+00	-9.084992e+00
2.118000e+00	-9.023093e+00
2.119000e+00	-9.024288e+00
2.120000e+00	-9.086384e+00
2.121000e+00	-9.188198e+00
2.122000e+00	-9.296684e+00
2.123000e+00	-9.378436e+00
2.124000e+00	-9.411806e+00
2.125000e+00	-9.394768e+00
2.126000e+00	-9.345045e+00
2.127000e+00	-9.292474e+00
2.128000e+00	-9.267202e+00
2.129000e+00	-9.288655e+00
2.130000e+00	-9.359297e+00
2.131000e+00	-9.464946e+00
2.132000e+00	-9.580919e+00
2.133000e+00	-9.681644e+00
2.134000e+00	-9.750203e+00
2.135000e+00	-9.784122e+00
2.136000e+00	-9.795386e+00
2.137000e+00	-9.805043e+00
2.138000e+00	-9.834821e+00
2.139000e+00	-9.898979e+00
2.140000e+00	-9.999192e+00
2.141000e+00	-1.012413e+01
2.142000e+00	-1.025400e+01
2.143000e+00	-1.036863e+01
2.144000e+00	-1.045625e+01
2.145000e+00	-1.051896e+01
2.146000e+00	-1.057207e+01
2.147000e+00	-1.063712e+01
2.148000e+00	-1.073168e+01
2.149000e+00	-1.086064e+01
2.150000e+00	-1.101330e+01
2.151000e+00	-1.116819e+01
2.152000e+00	-1.130347e+01
2.153000e+00	-1.140797e+01
2.154000e+00	-1.148717e+01
2.155000e+00	-1.156108e+01
2.156000e+00	-1.165487e+01
2.157000e+00	-1.178698e+01
2.158000e+00	-1.195995e+01
2.159000e+00	-1.215809e+01
2.160000e+00	-1.235363e+01
2.161000e+00	-1.251899e+01
2.162000e+00	-1.264039e+01
2.163000e+00	-1.272647e+01
2.164000e+00	-1.280639e+01
2.165000e+00	-1.291714e+01
2.166000e+00	-1.308520e+01
2.167000e+00	-1.331114e+01
2.168000e+00	-1.356552e+01
2.169000e+00	-1.380136e+01
2.170000e+00	-1.397935e+01
2.171000e+00	-1.408996e+01
2.172000e+00	-1.416155e+01
2.173000e+00	-1.424689e+01
2.174000e+00	-1.439575e+01
2.175000e+00	-1.462829e+01
2.176000e+00	-1.492239e+01
2.177000e+00	-1.522031e+01
2.178000e+00	-1.546016e+01
2.179000e+00	-1.561206e+01
2.179750e+00	-1.567641e+01
2.180000e+00	-1.569224e+01
2.181000e+00	-1.576028e+01
2.182000e+00	-1.588975e+01
2.183000e+00	-1.612368e+01
2.184000e+00	-1.644785e+01
2.185000e+00	-1.679338e+01
2.186000e+00	-1.707386e+01
2.187000e+00	-1.723948e+01
2.188000e+00	-1.731206e+01
2.189000e+00	-1.737383e+01
2.190000e+00	-1.751728e+01
2.191000e+00	-1.778807e+01
2.192000e+00	-1.815466e+01
2.193000e+00	-1.852469e+01
2.194000e+00	-1.880051e+01
2.195000e+00	-1.894397e+01
2.195500e+00	-1.897729e+01
2.196000e+00	-1.900130e+01
2.197000e+00	-1.907938e+01
2.197405e+00	-1.914121e+01
2.198000e+00	-1.927591e+01
2.199000e+00	-1.961423e+01
2.200000e+00	-2.002164e+01
2.201000e+00	-2.037341e+01
2.202000e+00	-2.058036e+01
2.203000e+00	-2.065696e+01
2.204000e+00	-2.071366e+01
2.205000e+00	-2.087626e+01
2.206000e+00	-2.119551e+01
2.207000e+00	-2.160956e+01
2.208000e+00	-2.198932e+01
2.209000e+00	-2.223080e+01
2.210000e+00	-2.232798e+01
2.211000e+00	-2.238658e+01
2.212000e+00	-2.253922e+01
2.213000e+00	-2.285324e+01
2.214000e+00	-2.327013e+01
2.215000e+00	-2.365600e+01
2.216000e+00	-2.389044e+01
2.217000e+00	-2.397879e+01
2.218000e+00	-2.404886e+01
2.218500e+00	-2.412364e+01
2.219000e+00	-2.424025e+01
2.220000e+00	-2.459200e+01
2.221000e+00	-2.501104e+01
2.222000e+00	-2.535050e+01
2.223000e+00	-2.553155e+01
2.224000e+00	-2.560782e+01
2.225000e+00	-2.571763e+01
2.225312e+00	-2.578091e+01
2.225625e+00	-2.586052e+01
2.226000e+00	-2.597684e+01
2.227000e+00	-2.636369e+01
2.228000e+00	-2.675028e+01
2.229000e+00	-2.700914e+01
2.230000e+00	-2.712710e+01
2.231000e+00	-2.722080e+01
2.231500e+00	-2.730353e+01
2.232000e+00	-2.742373e+01
2.233000e+00	-2.776281e+01
2.234000e+00	-2.814112e+01
2.235000e+00	-2.843125e+01
2.236000e+00	-2.858975e+01
2.236500e+00	-2.864076e+01
2.237000e+00	-2.869473e+01
2.238000e+00	-2.887077e+01
2.239000e+00	-2.916946e+01
2.240000e+00	-2.952248e+01
2.241000e+00	-2.981245e+01
2.242000e+00	-2.998835e+01
2.242500e+00	-3.005025e+01
2.243000e+00	-3.011420e+01
2.244000e+00	-3.029824e+01
2.245000e+00	-3.057996e+01
2.246000e+00	-3.089502e+01
2.247000e+00	-3.115130e+01
2.248000e+00	-3.132519e+01
2.249000e+00	-3.147695e+01
2.250000e+00	-3.168145e+01
2.251000e+00	-3.194987e+01
2.252000e+00	-3.222225e+01
2.253000e+00	-3.243758e+01
2.254000e+00	-3.260445e+01
2.255000e+00	-3.278633e+01
2.256000e+00	-3.302011e+01
2.257000e+00	-3.327212e+01
2.258000e+00	-3.348500e+01
2.259000e+00	-3.365246e+01
2.260000e+00	-3.382558e+01
2.261000e+00	-3.404711e+01
2.262000e+00	-3.429650e+01
2.263000e+00	-3.451083e+01
2.264000e+00	-3.466191e+01
2.265000e+00	-3.479981e+01
2.266000e+00	-3.499861e+01
2.267000e+00	-3.525969e+01
2.268000e+00	-3.549748e+01
2.269000e+00	-3.564141e+01
2.270000e+00	-3.573196e+01
2.271000e+00	-3.587943e+01
2.272000e+00	-3.613034e+01
2.273000e+00	-3.640501e+01
2.274000e+00	-3.658319e+01
2.275000e+00	-3.664802e+01
2.276000e+00	-3.671854e+01
2.277000e+00	-3.691622e+01
2.278000e+00	-3.721145e+01
2.279000e+00	-3.744450e+01
2.280000e+00	-3.751728e+01
2.280500e+00	-3.751709e+01
2.281000e+00	-3.752428e+01
2.282000e+00	-3.764374e+01
2.283000e+00	-3.791947e+01
2.284000e+00	-3.820236e+01
2.285000e+00	-3.832500e+01
2.285500e+00	-3.832261e+01
2.286000e+00	-3.830399e+01
2.287000e+00	-3.832930e+01
2.288000e+00	-3.854039e+01
2.289000e+00	-3.884844e+01
2.290000e+00	-3.903294e+01
2.291000e+00	-3.901705e+01
2.292000e+00	-3.897180e+01
2.293000e+00	-3.910350e+01
2.294000e+00	-3.939664e+01
2.295000e+00	-3.963279e+01
2.296000e+00	-3.965809e+01
2.297000e+00	-3.957216e+01
2.298000e+00	-3.960935e+01
2.299000e+00	-3.984895e+01
2.299324e+00	-4.659172e+01
2.299575e+00	-5.037157e+01
2.300000e+00	-4.325286e+01
2.300421e+00	-3.328721e+01
2.300741e+00	-4.017643e+01
2.301000e+00	-4.017394e+01
2.302000e+00	-4.008541e+01
2.302500e+00	-4.005160e+01
2.302750e+00	-4.004991e+01
2.303000e+00	-4.006137e+01
2.304000e+00	-4.023571e+01
2.305000e+00	-4.048799e+01
2.306000e+00	-4.060168e+01
2.306500e+00	-4.058151e+01
2.307000e+00	-4.052934e+01
2.308000e+00	-4.044845e+01
2.309000e+00	-4.054460e+01
2.310000e+00	-4.077423e+01
2.311000e+00	-4.092175e+01
2.311750e+00	-4.089948e+01
2.312000e+00	-4.087203e+01
2.313000e+00	-4.076105e+01
2.314000e+00	-4.079489e+01
2.315000e+00	-4.098175e+01
2.316000e+00	-4.113324e+01
2.317000e+00	-4.111067e+01
2.318000e+00	-4.099536e+01
2.319000e+00	-4.097422e+01
2.319500e+00	-4.102520e+01
2.320000e+00	-4.110267e+01
2.321000e+00	-4.124040e+01
2.322000e+00	-4.123757e+01
2.323000e+00	-4.113059e+01
2.324000e+00	-4.108144e+01
2.325000e+00	-4.115818e+01
2.326000e+00	-4.125865e+01
2.326750e+00	-4.127060e+01
2.327000e+00	-4.125890e+01
2.328000e+00	-4.116879e+01
2.329000e+00	-4.110517e+01
2.330000e+00	-4.113540e+01
2.331000e+00	-4.119587e+01
2.332000e+00	-4.118613e+01
2.333000e+00	-4.110624e+01
2.334000e+00	-4.104650e+01
2.335000e+00	-4.105239e+01
2.336000e+00	-4.106752e+01
2.337000e+00	-4.102615e+01
2.338000e+00	-4.094721e+01
2.339000e+00	-4.089756e+01
2.340000e+00	-4.089246e+01
2.341000e+00	-4.087466e+01
2.342000e+00	-4.079864e+01
2.343000e+00	-4.070066e+01
2.344000e+00	-4.065501e+01
2.345000e+00	-4.065834e+01
2.346000e+00	-4.062270e+01
2.347000e+00	-4.050239e+01
2.348000e+00	-4.036811e+01
2.349000e+00	-4.031543e+01
2.350000e+00	-4.033117e+01
2.351000e+00	-4.030097e+01
2.352000e+00	-4.015571e+01
2.353000e+00	-3.997172e+01
2.354000e+00	-3.988383e+01
2.354500e+00	-3.988833e+01
2.355000e+00	-3.990802e+01
2.356000e+00	-3.990369e+01
2.357000e+00	-3.974996e+01
2.358000e+00	-3.951480e+01
2.359000e+00	-3.937441e+01
2.360000e+00	-3.938765e+01
2.361000e+00	-3.941621e+01
2.362000e+00	-3.929064e+01
2.363000e+00	-3.902474e+01
2.364000e+00	-3.880635e+01
2.365000e+00	-3.876994e+01
2.366000e+00	-3.882434e+01
2.367000e+00	-3.875346e+01
2.368000e+00	-3.848820e+01
2.369000e+00	-3.819861e+01
2.370000e+00	-3.808338e+01
2.371000e+00	-3.812863e+01
2.372000e+00	-3.812369e+01
2.373000e+00	-3.791139e+01
2.374000e+00	-3.757862e+01
2.375000e+00	-3.735382e+01
2.376000e+00	-3.733649e+01
2.376333e+00	-3.735643e+01
2.377000e+00	-3.737840e+01
2.378000e+00	-3.725314e+01
2.379000e+00	-3.693141e+01
2.380000e+00	-3.661520e+01
2.381000e+00	-3.649417e+01
2.382000e+00	-3.652599e+01
2.383000e+00	-3.649075e+01
2.384000e+00	-3.624652e+01
2.385000e+00	-3.588899e+01
2.386000e+00	-3.563628e+01
2.387000e+00	-3.558432e+01
2.388000e+00	-3.559804e+01
2.389000e+00	-3.546820e+01
2.390000e+00	-3.514952e+01
2.391000e+00	-3.480854e+01
2.392000e+00	-3.463026e+01
2.392500e+00	-3.460871e+01
2.393000e+00	-3.460847e+01
2.394000e+00	-3.456676e+01
2.395000e+00	-3.435599e+01
2.396000e+00	-3.401052e+01
2.397000e+00	-3.370534e+01
2.398000e+00	-3.356744e+01
2.399000e+00	-3.353511e+01
2.400000e+00	-3.343351e+01
2.401000e+00	-3.316995e+01
2.402000e+00	-3.283068e+01
2.403000e+00	-3.257331e+01
2.404000e+00	-3.245438e+01
2.405000e+00	-3.238080e+01
2.406000e+00	-3.222100e+01
2.407000e+00	-3.194176e+01
2.408000e+00	-3.163117e+01
2.409000e+00	-3.139948e+01
2.410000e+00	-3.126765e+01
2.411000e+00	-3.115253e+01
2.412000e+00	-3.095966e+01
2.413000e+00	-3.068351e+01
2.414000e+00	-3.040412e+01
2.415000e+00	-3.019383e+01
2.416000e+00	-3.004297e+01
2.417000e+00	-2.988171e+01
2.418000e+00	-2.966020e+01
2.419000e+00	-2.939635e+01
2.420000e+00	-2.914818e+01
2.421000e+00	-2.895048e+01
2.422000e+00	-2.878111e+01
2.423000e+00	-2.858736e+01
2.424000e+00	-2.834366e+01
2.425000e+00	-2.808085e+01
2.426000e+00	-2.785397e+01
2.427000e+00	-2.767911e+01
2.427405e+00	-2.761229e+01
2.428000e+00	-2.750942e+01
2.429000e+00	-2.729161e+01
2.430000e+00	-2.702106e+01
2.431000e+00	-2.675000e+01
2.432000e+00	-2.653386e+01
2.433000e+00	-2.637829e+01
2.434000e+00	-2.622987e+01
2.435000e+00	-2.602189e+01
2.436000e+00	-2.573757e+01
2.437000e+00	-2.543211e+01
2.438000e+00	-2.518640e+01
2.439000e+00	-2.503463e+01
2.440000e+00	-2.492591e+01
2.441000e+00	-2.476485e+01
2.442000e+00	-2.449675e+01
2.443000e+00	-2.415960e+01
2.444000e+00	-2.385461e+01
2.445000e+00	-2.365849e+01
2.446000e+00	-2.356155e+01
2.447000e+00	-2.347398e+01
2.448000e+00	-2.329613e+01
2.449000e+00	-2.299700e+01
2.450000e+00	-2.263785e+01
2.451000e+00	-2.232984e+01
2.452000e+00	-2.215055e+01
2.452667e+00	-2.209838e+01
2.453000e+00	-2.208295e+01
2.454000e+00	-2.202365e+01
2.454600e+00	-2.194140e+01
2.455000e+00	-2.185714e+01
2.456000e+00	-2.155013e+01
2.457000e+00	-2.117443e+01
2.458000e+00	-2.085329e+01
2.459000e+00	-2.067056e+01
2.459667e+00	-2.062420e+01
2.460000e+00	-2.061475e+01
2.461000e+00	-2.058702e+01
2.462000e+00	-2.046766e+01
2.463000e+00	-2.020161e+01
2.464000e+00	-1.983379e+01
2.465000e+00	-1.947722e+01
2.466000e+00	-1.923812e+01
2.467000e+00	-1.915013e+01
2.467783e+00	-1.914244e+01
2.468000e+00	-1.914257e+01
2.469000e+00	-1.909861e+01
2.470000e+00	-1.891915e+01
2.471000e+00	-1.860436e+01
2.472000e+00	-1.823246e+01
2.473000e+00	-1.792296e+01
2.474000e+00	-1.775390e+01
2.474667e+00	-1.771972e+01
2.475000e+00	-1.771871e+01
2.476000e+00	-1.773050e+01
2.477000e+00	-1.767542e+01
2.478000e+00	-1.748216e+01
2.479000e+00	-1.716382e+01
2.480000e+00	-1.680829e+01
2.481000e+00	-1.652380e+01
2.482000e+00	-1.637778e+01
2.482312e+00	-1.636097e+01
2.482720e+00	-1.635342e+01
2.483000e+00	-1.635915e+01
2.484000e+00	-1.638506e+01
2.485000e+00	-1.634865e+01
2.486000e+00	-1.618005e+01
2.487000e+00	-1.588907e+01
2.488000e+00	-1.555592e+01
2.489000e+00	-1.528117e+01
2.490000e+00	-1.513101e+01
2.491000e+00	-1.510445e+01
2.492000e+00	-1.513703e+01
2.493000e+00	-1.513658e+01
2.494000e+00	-1.503215e+01
2.495000e+00	-1.481033e+01
2.496000e+00	-1.451915e+01
2.497000e+00	-1.423967e+01
2.498000e+00	-1.404420e+01
2.499000e+00	-1.396601e+01
2.500000e+00	-1.398062e+01
2.501000e+00	-1.401916e+01
2.502000e+00	-1.400067e+01
2.503000e+00	-1.388405e+01
2.504000e+00	-1.366940e+01
2.505000e+00	-1.341435e+01
2.506000e+00	-1.319157e+01
2.507000e+00	-1.305481e+01
2.508000e+00	-1.301597e+01
2.509000e+00	-1.304257e+01
2.510000e+00	-1.307508e+01
2.511000e+00	-1.305595e+01
2.512000e+00	-1.295549e+01
2.513000e+00	-1.278350e+01
2.514000e+00	-1.258247e+01
2.515000e+00	-1.240677e+01
2.516000e+00	-1.229823e+01
2.517000e+00	-1.226863e+01
2.518000e+00	-1.229531e+01
2.519000e+00	-1.233305e+01
2.520000e+00	-1.233533e+01
2.521000e+00	-1.227428e+01
2.522000e+00	-1.215440e+01
2.523000e+00	-1.200830e+01
2.524000e+00	-1.187934e+01
2.525000e+00	-1.180113e+01
2.526000e+00	-1.178315e+01
2.527000e+00	-1.180832e+01
2.528000e+00	-1.184370e+01
2.529000e+00	-1.185610e+01
2.530000e+00	-1.182626e+01
2.531000e+00	-1.175667e+01
2.532000e+00	-1.166848e+01
2.533000e+00	-1.159060e+01
2.534000e+00	-1.154680e+01
2.535000e+00	-1.154571e+01
2.536000e+00	-1.157778e+01
2.537000e+00	-1.162025e+01
2.538000e+00	-1.164781e+01
2.539000e+00	-1.164465e+01
2.540000e+00	-1.161211e+01
2.541000e+00	-1.156792e+01
2.542000e+00	-1.153700e+01
2.543000e+00	-1.153857e+01
2.544000e+00	-1.157620e+01
2.545000e+00	-1.163585e+01
2.546000e+00	-1.169338e+01
2.547000e+00	-1.172710e+01
2.548000e+00	-1.172899e+01
2.549000e+00	-1.170895e+01
2.550000e+00	-1.168987e+01
2.551000e+00	-1.169650e+01
2.552000e+00	-1.174347e+01
2.553000e+00	-1.182807e+01
2.554000e+00	-1.193068e+01
2.555000e+00	-1.202307e+01
2.556000e+00	-1.208105e+01
2.557000e+00	-1.209660e+01
2.558000e+00	-1.208336e+01
2.559000e+00	-1.207199e+01
2.560000e+00	-1.209673e+01
2.561000e+00	-1.217879e+01
2.562000e+00	-1.231428e+01
2.563000e+00	-1.247308e+01
2.564000e+00	-1.261178e+01
2.565000e+00	-1.269509e+01
2.566000e+00	-1.271453e+01
2.567000e+00	-1.269479e+01
2.568000e+00	-1.268272e+01
2.569000e+00	-1.272494e+01
2.570000e+00	-1.284567e+01
2.571000e+00	-1.303382e+01
2.572000e+00	-1.324584e+01
2.573000e+00	-1.342630e+01
2.574000e+00	-1.353335e+01
2.575000e+00	-1.355907e+01
2.576000e+00	-1.353773e+01
2.577000e+00	-1.353026e+01
2.578000e+00	-1.359553e+01
2.579000e+00	-1.376139e+01
2.580000e+00	-1.400765e+01
2.581000e+00	-1.426978e+01
2.582000e+00	-1.447083e+01
2.583000e+00	-1.456747e+01
2.584000e+00	-1.456928e+01
2.585000e+00	-1.453886e+01
2.586000e+00	-1.456097e+01
2.587000e+00	-1.469382e+01
2.588000e+00	-1.494048e+01
2.589000e+00	-1.524500e+01
2.590000e+00	-1.552045e+01
2.591000e+00	-1.569241e+01
2.592000e+00	-1.574186e+01
2.593000e+00	-1.571886e+01
2.594000e+00	-1.571566e+01
2.594750e+00	-1.577913e+01
2.595000e+00	-1.581704e+01
2.596000e+00	-1.605333e+01
2.597000e+00	-1.638351e+01
2.598000e+00	-1.670793e+01
2.599000e+00	-1.692662e+01
2.600000e+00	-1.700192e+01
2.601000e+00	-1.698429e+01
2.602000e+00	-1.698217e+01
2.603000e+00	-1.709610e+01
2.604000e+00	-1.735881e+01
2.605000e+00	-1.771481e+01
2.606000e+00	-1.805318e+01
2.607000e+00	-1.827090e+01
2.608000e+00	-1.834038e+01
2.609000e+00	-1.832783e+01
2.610000e+00	-1.835157e+01
2.610500e+00	-1.841085e+01
2.611000e+00	-1.851081e+01
2.612000e+00	-1.882083e+01
2.613000e+00	-1.919916e+01
2.614000e+00	-1.951584e+01
2.615000e+00	-1.968121e+01
2.615500e+00	-1.970756e+01
2.616000e+00	-1.971066e+01
2.617000e+00	-1.971415e+01
2.618000e+00	-1.981825e+01
2.619000e+00	-2.007964e+01
2.620000e+00	-2.044776e+01
2.621000e+00	-2.079924e+01
2.622000e+00	-2.102618e+01
2.623000e+00	-2.110813e+01
2.624000e+00	-2.112793e+01
2.625000e+00	-2.120920e+01
2.626000e+00	-2.143416e+01
2.627000e+00	-2.178274e+01
2.628000e+00	-2.214361e+01
2.629000e+00	-2.239574e+01
2.630000e+00	-2.250280e+01
2.631000e+00	-2.254339e+01
2.632000e+00	-2.264158e+01
2.633000e+00	-2.287487e+01
2.634000e+00	-2.321511e+01
2.635000e+00	-2.355337e+01
2.636000e+00	-2.378641e+01
2.637000e+00	-2.389674e+01
2.638000e+00	-2.396461e+01
2.639000e+00	-2.409972e+01
2.640000e+00	-2.435575e+01
2.641000e+00	-2.468582e+01
2.642000e+00	-2.498364e+01
2.643000e+00	-2.517458e+01
2.643500e+00	-2.523283e+01
2.644000e+00	-2.527958e+01
2.645000e+00	-2.539156e+01
2.646000e+00	-2.558977e+01
2.647000e+00	-2.587219e+01
2.648000e+00	-2.616470e+01
2.649000e+00	-2.639184e+01
2.650000e+00	-2.654210e+01
2.651000e+00	-2.667148e+01
2.652000e+00	-2.684852e+01
2.653000e+00	-2.709268e+01
2.654000e+00	-2.735945e+01
2.655000e+00	-2.758712e+01
2.656000e+00	-2.775624e+01
2.657000e+00	-2.790866e+01
2.658000e+00	-2.809852e+01
2.659000e+00	-2.833379e+01
2.660000e+00	-2.857093e+01
2.661000e+00	-2.876690e+01
2.662000e+00	-2.892758e+01
2.663000e+00	-2.909840e+01
2.664000e+00	-2.931234e+01
2.665000e+00	-2.955273e+01
2.666000e+00	-2.976868e+01
2.667000e+00	-2.993056e+01
2.668000e+00	-3.006823e+01
2.669000e+00	-3.024510e+01
2.670000e+00	-3.048682e+01
2.671000e+00	-3.074289e+01
2.672000e+00	-3.093581e+01
2.673000e+00	-3.105022e+01
2.674000e+00	-3.116023e+01
2.675000e+00	-3.134960e+01
2.676000e+00	-3.162097e+01
2.677000e+00	-3.188501e+01
2.678000e+00	-3.205028e+01
2.679000e+00	-3.212261e+01
2.680000e+00	-3.220991e+01
2.681000e+00	-3.241031e+01
2.682000e+00	-3.271088e+01
2.683000e+00	-3.297212e+01
2.684000e+00	-3.308987e+01
2.684667e+00	-3.310716e+01
2.685000e+00	-3.311398e+01
2.686000e+00	-3.320101e+01
2.687000e+00	-3.344335e+01
2.688000e+00	-3.376343e+01
2.689000e+00	-3.399077e+01
2.690000e+00	-3.404730e+01
2.691000e+00	-3.403831e+01
2.692000e+00	-3.414542e+01
2.693000e+00	-3.442833e+01
2.694000e+00	-3.474681e+01
2.695000e+00	-3.490814e+01
2.696000e+00	-3.489222e+01
2.697000e+00	-3.488085e+01
2.698000e+00	-3.505052e+01
2.699000e+00	-3.537121e+01
2.700000e+00	-3.564087e+01
2.701000e+00	-3.570974e+01
2.701500e+00	-3.568301e+01
2.702000e+00	-3.564946e+01
2.703000e+00	-3.567619e+01
2.703500e+00	-3.576890e+01
2.704000e+00	-3.590906e+01
2.705000e+00	-3.622900e+01
2.706000e+00	-3.640960e+01
2.707000e+00	-3.638269e+01
2.708000e+00	-3.632122e+01
2.709000e+00	-3.643273e+01
2.710000e+00	-3.671837e+01
2.711000e+00	-3.697648e+01
2.712000e+00	-3.703763e+01
2.712500e+00	-3.700313e+01
2.713000e+00	-3.695801e+01
2.714000e+00	-3.695095e+01
2.714500e+00	-3.702289e+01
2.715000e+00	-3.714117e+01
2.716000e+00	-3.741904e+01
2.717000e+00	-3.756838e+01
2.717500e+00	-3.756515e+01
2.718000e+00	-3.752702e+01
2.719000e+00	-3.745875e+01
2.720000e+00	-3.754822e+01
2.721000e+00	-3.778260e+01
2.722000e+00	-3.797787e+01
2.723000e+00	-3.800215e+01
2.724000e+00	-3.792506e+01
2.725000e+00	-3.792646e+01
2.725500e+00	-3.798874e+01
2.726000e+00	-3.808330e+01
2.727000e+00	-3.828241e+01
2.728000e+00	-3.835998e+01
2.728312e+00	-3.835311e+01
2.728687e+00	-3.833169e+01
2.729000e+00	-3.830885e+01
2.730000e+00	-3.826979e+01
2.730667e+00	-3.831234e+01
2.731000e+00	-3.835479e+01
2.732000e+00	-3.851427e+01
2.733000e+00	-3.861367e+01
2.734000e+00	-3.859931e+01
2.735000e+00	-3.855128e+01
2.736000e+00	-3.857909e+01
2.737000e+00	-3.868770e+01
2.738000e+00	-3.878051e+01
2.739000e+00	-3.878610e+01
2.740000e+00	-3.874571e+01
2.741000e+00	-3.875047e+01
2.741500e+00	-3.877974e+01
2.742000e+00	-3.881760e+01
2.743000e+00	-3.887449e+01
2.744000e+00	-3.886977e+01
2.745000e+00	-3.883788e+01
2.746000e+00	-3.884171e+01
2.747000e+00	-3.888498e+01
2.748000e+00	-3.890936e+01
2.749000e+00	-3.887801e+01
2.750000e+00	-3.883330e+01
2.751000e+00	-3.884049e+01
2.752000e+00	-3.888851e+01
2.753000e+00	-3.889587e+01
2.754000e+00	-3.882624e+01
2.755000e+00	-3.874711e+01
2.756000e+00	-3.874492e+01
2.757000e+00	-3.880692e+01
2.758000e+00	-3.882795e+01
2.759000e+00	-3.873933e+01
2.760000e+00	-3.860632e+01
2.761000e+00	-3.855996e+01
2.762000e+00	-3.862894e+01
2.763000e+00	-3.868637e+01
2.764000e+00	-3.860209e+01
2.765000e+00	-3.841922e+01
2.766000e+00	-3.830947e+01
2.767000e+00	-3.835747e+01
2.768000e+00	-3.845042e+01
2.769000e+00	-3.841123e+01
2.770000e+00	-3.821276e+01
2.771000e+00	-3.801976e+01
2.772000e+00	-3.799778e+01
2.773000e+00	-3.810500e+01
2.774000e+00	-3.813509e+01
2.774625e+00	-3.804762e+01
2.775000e+00	-3.796097e+01
2.776000e+00	-3.770481e+01
2.777000e+00	-3.758822e+01
2.778000e+00	-3.766480e+01
2.779000e+00	-3.775474e+01
2.779500e+00	-3.773405e+01
2.780000e+00	-3.765485e+01
2.781000e+00	-3.738264e+01
2.782000e+00	-3.715679e+01
2.783000e+00	-3.714213e+01
2.784000e+00	-3.725401e+01
2.785000e+00	-3.724972e+01
2.786000e+00	-3.702028e+01
2.787000e+00	-3.672329e+01
2.788000e+00	-3.659088e+01
2.788500e+00	-3.660829e+01
2.789000e+00	-3.665807e+01
2.790000e+00	-3.672678e+01
2.790500e+00	-3.669121e+01
2.791000e+00	-3.659638e+01
2.792000e+00	-3.629553e+01
2.793000e+00	-3.604304e+01
2.794000e+00	-3.599711e+01
2.794500e+00	-3.603550e+01
2.795000e+00	-3.607800e+01
2.796000e+00	-3.605711e+01
2.797000e+00	-3.582430e+01
2.798000e+00	-3.551376e+01
2.799000e+00	-3.534070e+01
2.799500e+00	-3.533025e+01
2.800000e+00	-3.535295e+01
2.801000e+00	-3.538959e+01
2.801667e+00	-3.533130e+01
2.802000e+00	-3.526847e+01
2.803000e+00	-3.498612e+01
2.804000e+00	-3.471132e+01
2.805000e+00	-3.459594e+01
2.806000e+00	-3.461148e+01
2.807000e+00	-3.458340e+01
2.808000e+00	-3.439107e+01
2.809000e+00	-3.410123e+01
2.810000e+00	-3.387992e+01
2.811000e+00	-3.380343e+01
2.812000e+00	-3.378522e+01
2.813000e+00	-3.368387e+01
2.814000e+00	-3.345610e+01
2.815000e+00	-3.319177e+01
2.816000e+00	-3.300913e+01
2.817000e+00	-3.293059e+01
2.818000e+00	-3.286566e+01
2.819000e+00	-3.271532e+01
2.820000e+00	-3.248096e+01
2.821000e+00	-3.225218e+01
2.822000e+00	-3.209927e+01
2.823000e+00	-3.200037e+01
2.824000e+00	-3.187884e+01
2.825000e+00	-3.169253e+01
2.826000e+00	-3.147231e+01
2.827000e+00	-3.127951e+01
2.828000e+00	-3.113743e+01
2.829000e+00	-3.100858e+01
2.830000e+00	-3.084275e+01
2.831000e+00	-3.063516e+01
2.832000e+00	-3.043172e+01
2.833000e+00	-3.027288e+01
2.834000e+00	-3.014225e+01
2.835000e+00	-2.998389e+01
2.836000e+00	-2.977138e+01
2.837000e+00	-2.954149e+01
2.838000e+00	-2.935417e+01
2.839000e+00	-2.922615e+01
2.840000e+00	-2.910936e+01
2.841000e+00	-2.893698e+01
2.842000e+00	-2.869284e+01
2.843000e+00	-2.843476e+01
2.844000e+00	-2.824262e+01
2.845000e+00	-2.813647e+01
2.846000e+00	-2.804795e+01
2.847000e+00	-2.788206e+01
2.848000e+00	-2.761412e+01
2.849000e+00	-2.731964e+01
2.850000e+00	-2.710394e+01
2.851000e+00	-2.700279e+01
2.852000e+00	-2.694658e+01
2.853000e+00	-2.682094e+01
2.854000e+00	-2.656885e+01
2.855000e+00	-2.624381e+01
2.856000e+00	-2.596856e+01
2.857000e+00	-2.582987e+01
2.857500e+00	-2.580629e+01
2.858000e+00	-2.579498e+01
2.859000e+00	-2.573509e+01
2.859312e+00	-2.569111e+01
2.860000e+00	-2.553767e+01
2.861000e+00	-2.520905e+01
2.862000e+00	-2.487268e+01
2.863000e+00	-2.465845e+01
2.864000e+00	-2.459570e+01
2.865000e+00	-2.458937e+01
2.866000e+00	-2.449732e+01
2.867000e+00	-2.424364e+01
2.868000e+00	-2.388321e+01
2.869000e+00	-2.355889e+01
2.870000e+00	-2.338725e+01
2.870500e+00	-2.336380e+01
2.871000e+00	-2.336669e+01
2.872000e+00	-2.337255e+01
2.873000e+00	-2.325669e+01
2.874000e+00	-2.296807e+01
2.875000e+00	-2.259449e+01
2.876000e+00	-2.228866e+01
2.877000e+00	-2.214906e+01
2.877500e+00	-2.213801e+01
2.878000e+00	-2.214851e+01
2.879000e+00	-2.215766e+01
2.880000e+00	-2.204216e+01
2.881000e+00	-2.176100e+01
2.882000e+00	-2.139583e+01
2.883000e+00	-2.108631e+01
2.884000e+00	-2.093286e+01
2.884500e+00	-2.091623e+01
2.885000e+00	-2.092531e+01
2.886000e+00	-2.094921e+01
2.887000e+00	-2.086780e+01
2.888000e+00	-2.062294e+01
2.889000e+00	-2.027588e+01
2.890000e+00	-1.995847e+01
2.891000e+00	-1.977706e+01
2.892000e+00	-1.974199e+01
2.893000e+00	-1.976646e+01
2.894000e+00	-1.973162e+01
2.895000e+00	-1.955866e+01
2.896000e+00	-1.926446e+01
2.897000e+00	-1.894484e+01
2.898000e+00	-1.870675e+01
2.899000e+00	-1.860575e+01
2.899500e+00	-1.859994e+01
2.900000e+00	-1.861013e+01
2.901000e+00	-1.862197e+01
2.902000e+00	-1.853993e+01
2.903000e+00	-1.833025e+01
2.904000e+00	-1.804188e+01
2.905000e+00	-1.777295e+01
2.906000e+00	-1.760353e+01
2.907000e+00	-1.754922e+01
2.908000e+00	-1.755642e+01
2.909000e+00	-1.753939e+01
2.910000e+00	-1.743311e+01
2.911000e+00	-1.723024e+01
2.912000e+00	-1.698104e+01
2.913000e+00	-1.676045e+01
2.914000e+00	-1.662364e+01
2.915000e+00	-1.657678e+01
2.916000e+00	-1.657480e+01
2.917000e+00	-1.655005e+01
2.918000e+00	-1.645279e+01
2.919000e+00	-1.628025e+01
2.920000e+00	-1.607594e+01
2.921000e+00	-1.589885e+01
2.922000e+00	-1.578815e+01
2.923000e+00	-1.574155e+01
2.924000e+00	-1.572461e+01
2.925000e+00	-1.568859e+01
2.926000e+00	-1.560312e+01
2.927000e+00	-1.546925e+01
2.928000e+00	-1.531568e+01
2.929000e+00	-1.518042e+01
2.930000e+00	-1.508931e+01
2.931000e+00	-1.504362e+01
2.932000e+00	-1.501980e+01
2.933000e+00	-1.498439e+01
2.934000e+00	-1.491437e+01
2.935000e+00	-1.481135e+01
2.936000e+00	-1.469822e+01
2.937000e+00	-1.460435e+01
2.938000e+00	-1.454704e+01
2.939000e+00	-1.451981e+01
2.939529e+00	-1.450821e+01
2.940000e+00	-1.450062e+01
2.941000e+00	-1.446079e+01
2.942000e+00	-1.439074e+01
2.943000e+00	-1.429957e+01
2.944000e+00	-1.421170e+01
2.945000e+00	-1.415162e+01
2.946000e+00	-1.412983e+01
2.947000e+00	-1.413734e+01
2.948000e+00	-1.414810e+01
2.949000e+00	-1.413384e+01
2.950000e+00	-1.407933e+01
2.951000e+00	-1.399304e+01
2.952000e+00	-1.390379e+01
2.953000e+00	-1.384713e+01
2.954000e+00	-1.384495e+01
2.955000e+00	-1.389226e+01
2.956000e+00	-1.395624e+01
2.957000e+00	-1.399232e+01
2.958000e+00	-1.397034e+01
2.959000e+00	-1.389122e+01
2.960000e+00	-1.378864e+01
2.961000e+00	-1.371250e+01
2.962000e+00	-1.370247e+01
2.963000e+00	-1.376770e+01
2.964000e+00	-1.388013e+01
2.965000e+00	-1.398632e+01
2.966000e+00	-1.403641e+01
2.967000e+00	-1.400753e+01
2.968000e+00	-1.391458e+01
2.969000e+00	-1.381048e+01
2.970000e+00	-1.375660e+01
2.971000e+00	-1.379378e+01
2.972000e+00	-1.392014e+01
2.973000e+00	-1.408831e+01
2.974000e+00	-1.422611e+01
2.975000e+00	-1.427571e+01
2.975562e+00	-1.425844e+01
2.976000e+00	-1.422515e+01
2.977000e+00	-1.411520e+01
2.978000e+00	-1.402170e+01
2.979000e+00	-1.401278e+01
2.980000e+00	-1.411747e+01
2.981000e+00	-1.430788e+01
2.982000e+00	-1.451514e+01
2.983000e+00	-1.465944e+01
2.984000e+00	-1.469228e+01
2.984354e+00	-1.467707e+01
2.984677e+00	-1.465351e+01
2.985000e+00	-1.462305e+01
2.986000e+00	-1.451495e+01
2.987000e+00	-1.445371e+01
2.988000e+00	-1.450494e+01
2.989000e+00	-1.467983e+01
2.990000e+00	-1.492594e+01
2.991000e+00	-1.515020e+01
2.992000e+00	-1.526885e+01
2.993000e+00	-1.525647e+01
2.994000e+00	-1.516075e+01
2.995000e+00	-1.507540e+01
2.996000e+00	-1.509188e+01
2.996333e+00	-1.512836e+01
2.997000e+00	-1.524662e+01
2.998000e+00	-1.550421e+01
2.999000e+00	-1.577566e+01
3.000000e+00	-1.596169e+01
3.001000e+00	-1.601128e+01
3.002000e+00	-1.595033e+01
3.003000e+00	-1.586522e+01
3.004000e+00	-1.585569e+01
3.004500e+00	-1.590077e+01
3.005000e+00	-1.598303e+01
3.006000e+00	-1.623790e+01
3.007000e+00	-1.653702e+01
3.008000e+00	-1.676933e+01
3.009000e+00	-1.686234e+01
3.009500e+00	-1.685688e+01
3.010000e+00	-1.682808e+01
3.011000e+00	-1.675572e+01
3.012000e+00	-1.675622e+01
3.013000e+00	-1.689897e+01
3.014000e+00	-1.716622e+01
3.015000e+00	-1.747390e+01
3.016000e+00	-1.770950e+01
3.017000e+00	-1.780927e+01
3.018000e+00	-1.779153e+01
3.019000e+00	-1.774606e+01
3.020000e+00	-1.777976e+01
3.021000e+00	-1.795167e+01
3.022000e+00	-1.823715e+01
3.023000e+00	-1.854145e+01
3.024000e+00	-1.875719e+01
3.025000e+00	-1.883526e+01
3.026000e+00	-1.882168e+01
3.027000e+00	-1.882044e+01
3.028000e+00	-1.892482e+01
3.029000e+00	-1.915699e+01
3.030000e+00	-1.945578e+01
3.031000e+00	-1.971956e+01
3.032000e+00	-1.987433e+01
3.032500e+00	-1.990812e+01
3.033000e+00	-1.992175e+01
3.034000e+00	-1.993499e+01
3.035000e+00	-2.000876e+01
3.036000e+00	-2.019379e+01
3.037000e+00	-2.046547e+01
3.038000e+00	-2.073960e+01
3.039000e+00	-2.093340e+01
3.040000e+00	-2.102656e+01
3.041000e+00	-2.107366e+01
3.042000e+00	-2.115867e+01
3.043000e+00	-2.133677e+01
3.044000e+00	-2.158574e+01
3.045000e+00	-2.183718e+01
3.046000e+00	-2.202727e+01
3.047000e+00	-2.214438e+01
3.048000e+00	-2.223051e+01
3.049000e+00	-2.234788e+01
3.050000e+00	-2.253155e+01
3.051000e+00	-2.276275e+01
3.052000e+00	-2.298720e+01
3.053000e+00	-2.316065e+01
3.054000e+00	-2.328566e+01
3.055000e+00	-2.340756e+01
3.056000e+00	-2.356891e+01
3.057000e+00	-2.377190e+01
3.058000e+00	-2.398045e+01
3.059000e+00	-2.415789e+01
3.060000e+00	-2.430122e+01
3.061000e+00	-2.444134e+01
3.062000e+00	-2.461111e+01
3.063000e+00	-2.481442e+01
3.064000e+00	-2.501994e+01
3.065000e+00	-2.519156e+01
3.066000e+00	-2.532436e+01
3.067000e+00	-2.545479e+01
3.068000e+00	-2.562851e+01
3.069000e+00	-2.585246e+01
3.070000e+00	-2.608013e+01
3.071000e+00	-2.625306e+01
3.072000e+00	-2.636170e+01
3.073000e+00	-2.646100e+01
3.074000e+00	-2.662107e+01
3.075000e+00	-2.685942e+01
3.076000e+00	-2.711918e+01
3.077000e+00	-2.731652e+01
3.078000e+00	-2.741847e+01
3.078500e+00	-2.744817e+01
3.079000e+00	-2.748031e+01
3.080000e+00	-2.760227e+01
3.081000e+00	-2.783647e+01
3.082000e+00	-2.812831e+01
3.083000e+00	-2.835814e+01
3.084000e+00	-2.845748e+01
3.084500e+00	-2.847173e+01
3.085000e+00	-2.848351e+01
3.086000e+00	-2.856883e+01
3.087000e+00	-2.879389e+01
3.088000e+00	-2.910604e+01
3.089000e+00	-2.936422e+01
3.090000e+00	-2.947205e+01
3.090500e+00	-2.947806e+01
3.091000e+00	-2.947424e+01
3.092000e+00	-2.952066e+01
3.092500e+00	-2.960159e+01
3.093000e+00	-2.972559e+01
3.094000e+00	-3.005027e+01
3.095000e+00	-3.032936e+01
3.096000e+00	-3.043444e+01
3.096500e+00	-3.042907e+01
3.097000e+00	-3.041113e+01
3.098000e+00	-3.043636e+01
3.098500e+00	-3.051411e+01
3.099000e+00	-3.063912e+01
3.100000e+00	-3.096996e+01
3.101000e+00	-3.124755e+01
3.101377e+00	-3.146410e+01
3.102000e+00	-3.134494e+01
3.102585e+00	-3.132883e+01
3.103000e+00	-3.130788e+01
3.104000e+00	-3.131826e+01
3.104750e+00	-3.144569e+01
3.105000e+00	-3.151224e+01
3.106000e+00	-3.184160e+01
3.107000e+00	-3.211366e+01
3.108000e+00	-3.218800e+01
3.108500e+00	-3.216399e+01
3.109000e+00	-3.213122e+01
3.110000e+00	-3.214824e+01
3.110500e+00	-3.223079e+01
3.111000e+00	-3.236148e+01
3.112000e+00	-3.268712e+01
3.113000e+00	-3.292098e+01
3.114000e+00	-3.295831e+01
3.115000e+00	-3.289652e+01
3.116000e+00	-3.293317e+01
3.116333e+00	-3.298931e+01
3.117000e+00	-3.316043e+01
3.118000e+00	-3.346578e+01
3.119000e+00	-3.365203e+01
3.120000e+00	-3.364982e+01
3.121000e+00	-3.359364e+01
3.122000e+00	-3.367135e+01
3.123000e+00	-3.391793e+01
3.124000e+00	-3.418268e+01
3.125000e+00	-3.429960e+01
3.125500e+00	-3.429429e+01
3.126000e+00	-3.426654e+01
3.127000e+00	-3.423795e+01
3.128000e+00	-3.435521e+01
3.129000e+00	-3.459544e+01
3.130000e+00	-3.479910e+01
3.131000e+00	-3.485106e+01
3.132000e+00	-3.481045e+01
3.133000e+00	-3.483236e+01
3.134000e+00	-3.498625e+01
3.135000e+00	-3.518896e+01
3.136000e+00	-3.531014e+01
3.137000e+00	-3.531818e+01
3.138000e+00	-3.530427e+01
3.139000e+00	-3.537229e+01
3.140000e+00	-3.552384e+01
3.141000e+00	-3.566465e+01
3.142000e+00	-3.571936e+01
3.143000e+00	-3.571823e+01
3.144000e+00	-3.574965e+01
3.145000e+00	-3.584737e+01
3.146000e+00	-3.595877e+01
3.147000e+00	-3.602154e+01
3.148000e+00	-3.603960e+01
3.149000e+00	-3.606763e+01
3.150000e+00	-3.613731e+01
3.151000e+00	-3.621915e+01
3.152000e+00	-3.626443e+01
3.153000e+00	-3.627332e+01
3.154000e+00	-3.629797e+01
3.155000e+00	-3.636914e+01
3.155381e+00	-3.640165e+01
3.156000e+00	-3.644651e+01
3.157000e+00	-3.646831e+01
3.158000e+00	-3.644188e+01
3.159000e+00	-3.644001e+01
3.160000e+00	-3.650903e+01
3.161000e+00	-3.660403e+01
3.162000e+00	-3.663633e+01
3.162500e+00	-3.661680e+01
3.163000e+00	-3.658175e+01
3.164000e+00	-3.652169e+01
3.165000e+00	-3.655399e+01
3.165500e+00	-3.660708e+01
3.166000e+00	-3.666813e+01
3.167000e+00	-3.674197e+01
3.168000e+00	-3.668692e+01
3.169000e+00	-3.656765e+01
3.170000e+00	-3.653099e+01
3.170500e+00	-3.656705e+01
3.171000e+00	-3.662943e+01
3.172000e+00	-3.675232e+01
3.173000e+00	-3.675006e+01
3.174000e+00	-3.660998e+01
3.175000e+00	-3.647996e+01
3.176000e+00	-3.650424e+01
3.176500e+00	-3.657178e+01
3.177000e+00	-3.664943e+01
3.178000e+00	-3.673022e+01
3.179000e+00	-3.662437e+01
3.180000e+00	-3.642546e+01
3.181000e+00	-3.634187e+01
3.182000e+00	-3.644981e+01
3.183000e+00	-3.659894e+01
3.184000e+00	-3.658245e+01
3.185000e+00	-3.638007e+01
3.186000e+00	-3.618292e+01
3.187000e+00	-3.617899e+01
3.188000e+00	-3.633491e+01
3.189000e+00	-3.642427e+01
3.189500e+00	-3.638490e+01
3.190000e+00	-3.629043e+01
3.191000e+00	-3.603824e+01
3.192000e+00	-3.590672e+01
3.193000e+00	-3.599138e+01
3.194000e+00	-3.613776e+01
3.195000e+00	-3.611985e+01
3.196000e+00	-3.589868e+01
3.197000e+00	-3.566034e+01
3.198000e+00	-3.560688e+01
3.198500e+00	-3.565666e+01
3.199000e+00	-3.572908e+01
3.200000e+00	-3.581517e+01
3.201000e+00	-3.569314e+01
3.202000e+00	-3.543106e+01
3.203000e+00	-3.525126e+01
3.203500e+00	-3.523882e+01
3.204000e+00	-3.527262e+01
3.205000e+00	-3.538358e+01
3.206000e+00	-3.537685e+01
3.207000e+00	-3.518080e+01
3.208000e+00	-3.493029e+01
3.209000e+00	-3.481202e+01
3.210000e+00	-3.486036e+01
3.211000e+00	-3.492300e+01
3.212000e+00	-3.483406e+01
3.213000e+00	-3.460481e+01
3.214000e+00	-3.439657e+01
3.215000e+00	-3.433482e+01
3.216000e+00	-3.437444e+01
3.217000e+00	-3.436370e+01
3.218000e+00	-3.421592e+01
3.219000e+00	-3.399410e+01
3.220000e+00	-3.383149e+01
3.221000e+00	-3.378738e+01
3.222000e+00	-3.378888e+01
3.223000e+00	-3.371721e+01
3.224000e+00	-3.354293e+01
3.225000e+00	-3.335001e+01
3.226000e+00	-3.322958e+01
3.227000e+00	-3.318038e+01
3.228000e+00	-3.312383e+01
3.229000e+00	-3.300023e+01
3.230000e+00	-3.282872e+01
3.231000e+00	-3.267470e+01
3.232000e+00	-3.257390e+01
3.233000e+00	-3.249671e+01
3.234000e+00	-3.238779e+01
3.235000e+00	-3.223419e+01
3.236000e+00	-3.207907e+01
3.237000e+00	-3.196375e+01
3.238000e+00	-3.187353e+01
3.239000e+00	-3.175688e+01
3.240000e+00	-3.159332e+01
3.241000e+00	-3.142131e+01
3.242000e+00	-3.129279e+01
3.243000e+00	-3.121097e+01
3.244000e+00	-3.112169e+01
3.245000e+00	-3.097002e+01
3.246000e+00	-3.076450e+01
3.247000e+00	-3.057652e+01
3.248000e+00	-3.046751e+01
3.249000e+00	-3.041680e+01
3.250000e+00	-3.033278e+01
3.251000e+00	-3.014901e+01
3.252000e+00	-2.990139e+01
3.253000e+00	-2.969642e+01
3.254000e+00	-2.960238e+01
3.255000e+00	-2.957775e+01
3.256000e+00	-2.950773e+01
3.257000e+00	-2.931427e+01
3.258000e+00	-2.903508e+01
3.259000e+00	-2.879873e+01
3.260000e+00	-2.869494e+01
3.260333e+00	-2.868808e+01
3.261000e+00	-2.869093e+01
3.262000e+00	-2.865320e+01
3.263000e+00	-2.846929e+01
3.264000e+00	-2.816696e+01
3.265000e+00	-2.788962e+01
3.266000e+00	-2.775928e+01
3.267000e+00	-2.776373e+01
3.268000e+00	-2.776343e+01
3.269000e+00	-2.762089e+01
3.270000e+00	-2.732506e+01
3.271000e+00	-2.700281e+01
3.272000e+00	-2.680795e+01
3.273000e+00	-2.678410e+01
3.274000e+00	-2.682039e+01
3.275000e+00	-2.674661e+01
3.276000e+00	-2.649035e+01
3.277000e+00	-2.614405e+01
3.278000e+00	-2.587868e+01
3.279000e+00	-2.579261e+01
3.280000e+00	-2.582939e+01
3.281000e+00	-2.582886e+01
3.282000e+00	-2.566364e+01
3.283000e+00	-2.534578e+01
3.284000e+00	-2.501420e+01
3.285000e+00	-2.481852e+01
3.286000e+00	-2.479647e+01
3.287000e+00	-2.484023e+01
3.287386e+00	-2.485297e+01
3.288000e+00	-2.479010e+01
3.289000e+00	-2.456076e+01
3.290000e+00	-2.422287e+01
3.291000e+00	-2.392951e+01
3.292000e+00	-2.380207e+01
3.293000e+00	-2.381230e+01
3.294000e+00	-2.383953e+01
3.294750e+00	-2.378377e+01
3.295000e+00	-2.374422e+01
3.296000e+00	-2.349190e+01
3.297000e+00	-2.316899e+01
3.298000e+00	-2.291128e+01
3.299000e+00	-2.280417e+01
3.299500e+00	-2.280228e+01
3.300000e+00	-2.281784e+01
3.301000e+00	-2.283032e+01
3.302000e+00	-2.272053e+01
3.303000e+00	-2.247022e+01
3.304000e+00	-2.216893e+01
3.305000e+00	-2.193715e+01
3.306000e+00	-2.184594e+01
3.307000e+00	-2.185017e+01
3.308000e+00	-2.184250e+01
3.309000e+00	-2.173197e+01
3.310000e+00	-2.150754e+01
3.311000e+00	-2.123944e+01
3.312000e+00	-2.102513e+01
3.313000e+00	-2.091936e+01
3.314000e+00	-2.089882e+01
3.315000e+00	-2.088304e+01
3.316000e+00	-2.079035e+01
3.317000e+00	-2.060295e+01
3.318000e+00	-2.037221e+01
3.319000e+00	-2.017645e+01
3.320000e+00	-2.006259e+01
3.321000e+00	-2.001715e+01
3.322000e+00	-1.998184e+01
3.323000e+00	-1.989850e+01
3.324000e+00	-1.974973e+01
3.325000e+00	-1.956402e+01
3.326000e+00	-1.939255e+01
3.327000e+00	-1.927266e+01
3.328000e+00	-1.920443e+01
3.329000e+00	-1.915357e+01
3.330000e+00	-1.907751e+01
3.331000e+00	-1.895663e+01
3.332000e+00	-1.880814e+01
3.333000e+00	-1.866883e+01
3.334000e+00	-1.856607e+01
3.335000e+00	-1.849726e+01
3.336000e+00	-1.843450e+01
3.337000e+00	-1.834851e+01
3.338000e+00	-1.823151e+01
3.339000e+00	-1.810211e+01
3.340000e+00	-1.798977e+01
3.341000e+00	-1.791272e+01
3.342000e+00	-1.786451e+01
3.343000e+00	-1.781788e+01
3.344000e+00	-1.774308e+01
3.345000e+00	-1.762914e+01
3.346000e+00	-1.749419e+01
3.347000e+00	-1.737590e+01
3.348000e+00	-1.730640e+01
3.349000e+00	-1.728754e+01
3.350000e+00	-1.728560e+01
3.351000e+00	-1.725358e+01
3.352000e+00	-1.716188e+01
3.353000e+00	-1.701873e+01
3.354000e+00	-1.687104e+01
3.355000e+00	-1.677166e+01
3.356000e+00	-1.674732e+01
3.357000e+00	-1.678119e+01
3.358000e+00	-1.682082e+01
3.359000e+00	-1.680836e+01
3.360000e+00	-1.671507e+01
3.361000e+00	-1.656059e+01
3.362000e+00	-1.640391e+01
3.363000e+00	-1.630995e+01
3.364000e+00	-1.631209e+01
3.365000e+00	-1.639060e+01
3.366000e+00	-1.647843e+01
3.367000e+00	-1.649545e+01
3.368000e+00	-1.640668e+01
3.369000e+00	-1.624051e+01
3.370000e+00	-1.607305e+01
3.371000e+00	-1.598361e+01
3.371500e+00	-1.598183e+01
3.372000e+00	-1.600866e+01
3.373000e+00	-1.612326e+01
3.374000e+00	-1.625097e+01
3.375000e+00	-1.630803e+01
3.376000e+00	-1.624895e+01
3.377000e+00	-1.609418e+01
3.378000e+00	-1.591943e+01
3.379000e+00	-1.581547e+01
3.380000e+00	-1.583732e+01
3.381000e+00	-1.597243e+01
3.382000e+00	-1.614352e+01
3.383000e+00	-1.624861e+01
3.384000e+00	-1.622456e+01
3.385000e+00	-1.608312e+01
3.386000e+00	-1.590583e+01
3.387000e+00	-1.579355e+01
3.388000e+00	-1.581272e+01
3.389000e+00	-1.595970e+01
3.390000e+00	-1.616093e+01
3.391000e+00	-1.630927e+01
3.392000e+00	-1.633182e+01
3.393000e+00	-1.622395e+01
3.394000e+00	-1.605677e+01
3.395000e+00	-1.593615e+01
3.396000e+00	-1.594312e+01
3.397000e+00	-1.608983e+01
3.398000e+00	-1.631108e+01
3.399000e+00	-1.649588e+01
3.400000e+00	-1.655570e+01
3.401000e+00	-1.647562e+01
3.402000e+00	-1.632428e+01
3.403000e+00	-1.621044e+01
3.404000e+00	-1.621985e+01
3.405000e+00	-1.637034e+01
3.406000e+00	-1.660254e+01
3.407000e+00	-1.680554e+01
3.408000e+00	-1.689332e+01
3.408500e+00	-1.688497e+01
3.409000e+00	-1.684666e+01
3.410000e+00	-1.672221e+01
3.411000e+00	-1.662572e+01
3.411800e+00	-1.662859e+01
3.412000e+00	-1.664355e+01
3.413000e+00	-1.679808e+01
3.414000e+00	-1.703299e+01
3.415000e+00	-1.724471e+01
3.416000e+00	-1.734398e+01
3.417000e+00	-1.731432e+01
3.418000e+00	-1.721702e+01
3.419000e+00	-1.715522e+01
3.420000e+00	-1.720655e+01
3.421000e+00	-1.737958e+01
3.422000e+00	-1.761177e+01
3.423000e+00	-1.780846e+01
3.424000e+00	-1.790015e+01
3.424500e+00	-1.790284e+01
3.425000e+00	-1.788397e+01
3.426000e+00	-1.782271e+01
3.427000e+00	-1.780477e+01
3.427500e+00	-1.783346e+01
3.428000e+00	-1.789122e+01
3.429000e+00	-1.807874e+01
3.430000e+00	-1.830213e+01
3.431000e+00	-1.847596e+01
3.432000e+00	-1.855048e+01
3.433000e+00	-1.854351e+01
3.434000e+00	-1.852631e+01
3.434937e+00	-1.856685e+01
3.435000e+00	-1.857244e+01
3.435656e+00	-1.865352e+01
3.436000e+00	-1.871047e+01
3.437000e+00	-1.890834e+01
3.438000e+00	-1.909923e+01
3.439000e+00	-1.922679e+01
3.440000e+00	-1.928152e+01
3.441000e+00	-1.930202e+01
3.442000e+00	-1.934700e+01
3.443000e+00	-1.945569e+01
3.444000e+00	-1.962299e+01
3.445000e+00	-1.980506e+01
3.446000e+00	-1.995167e+01
3.447000e+00	-2.004323e+01
3.448000e+00	-2.010320e+01
3.449000e+00	-2.017646e+01
3.450000e+00	-2.029457e+01
3.451000e+00	-2.044999e+01
3.452000e+00	-2.060582e+01
3.453000e+00	-2.073633e+01
3.454000e+00	-2.083549e+01
3.455000e+00	-2.092685e+01
3.456000e+00	-2.103941e+01
3.457000e+00	-2.118340e+01
3.458000e+00	-2.134136e+01
3.459000e+00	-2.148470e+01
3.460000e+00	-2.159425e+01
3.461000e+00	-2.168408e+01
3.462000e+00	-2.178974e+01
3.463000e+00	-2.193821e+01
3.464000e+00	-2.212020e+01
3.465000e+00	-2.229258e+01
3.466000e+00	-2.241527e+01
3.467000e+00	-2.248937e+01
3.468000e+00	-2.256067e+01
3.469000e+00	-2.268277e+01
3.470000e+00	-2.287175e+01
3.471000e+00	-2.308923e+01
3.472000e+00	-2.326920e+01
3.473000e+00	-2.337050e+01
3.474000e+00	-2.341398e+01
3.475000e+00	-2.347313e+01
3.476000e+00	-2.361584e+01
3.477000e+00	-2.384659e+01
3.478000e+00	-2.409333e+01
3.479000e+00	-2.426315e+01
3.480000e+00	-2.432233e+01
3.480500e+00	-2.432668e+01
3.481000e+00	-2.433204e+01
3.482000e+00	-2.440015e+01
3.483000e+00	-2.459131e+01
3.484000e+00	-2.486765e+01
3.485000e+00	-2.511738e+01
3.486000e+00	-2.524563e+01
3.486500e+00	-2.526083e+01
3.487000e+00	-2.525629e+01
3.488000e+00	-2.525396e+01
3.489000e+00	-2.536036e+01
3.489312e+00	-2.542538e+01
3.489578e+00	-2.642796e+01
3.489839e+00	-2.347926e+01
3.490000e+00	-2.560849e+01
3.491000e+00	-2.591160e+01
3.492000e+00	-2.612304e+01
3.493000e+00	-2.617599e+01
3.493500e+00	-2.616097e+01
3.494000e+00	-2.614261e+01
3.495000e+00	-2.617401e+01
3.495500e+00	-2.624923e+01
3.496000e+00	-2.636644e+01
3.497000e+00	-2.667687e+01
3.498000e+00	-2.695467e+01
3.499000e+00	-2.707564e+01
3.499500e+00	-2.707501e+01
3.500000e+00	-2.705181e+01
3.501000e+00	-2.702381e+01
3.502000e+00	-2.713946e+01
3.503000e+00	-2.742093e+01
3.504000e+00	-2.773748e+01
3.505000e+00	-2.792049e+01
3.506000e+00	-2.792388e+01
3.507000e+00	-2.786971e+01
3.508000e+00	-2.793239e+01
3.509000e+00	-2.817526e+01
3.510000e+00	-2.849355e+01
3.511000e+00	-2.871792e+01
3.512000e+00	-2.876041e+01
3.513000e+00	-2.870456e+01
3.514000e+00	-2.872272e+01
3.514500e+00	-2.879818e+01
3.515000e+00	-2.891806e+01
3.516000e+00	-2.922597e+01
3.517000e+00	-2.947131e+01
3.518000e+00	-2.953952e+01
3.519000e+00	-2.949011e+01
3.520000e+00	-2.949408e+01
3.520500e+00	-2.955752e+01
3.521000e+00	-2.966399e+01
3.522000e+00	-2.994805e+01
3.523000e+00	-3.018592e+01
3.524000e+00	-3.026687e+01
3.524500e+00	-3.025602e+01
3.525000e+00	-3.023345e+01
3.526000e+00	-3.023480e+01
3.526500e+00	-3.028786e+01
3.527000e+00	-3.038009e+01
3.528000e+00	-3.063479e+01
3.529000e+00	-3.085579e+01
3.530000e+00	-3.093749e+01
3.531000e+00	-3.091840e+01
3.532000e+00	-3.092981e+01
3.532312e+00	-3.096019e+01
3.532687e+00	-3.101422e+01
3.533000e+00	-3.107200e+01
3.534000e+00	-3.129500e+01
3.535000e+00	-3.147974e+01
3.536000e+00	-3.155318e+01
3.536500e+00	-3.155660e+01
3.537000e+00	-3.155453e+01
3.538000e+00	-3.158956e+01
3.538500e+00	-3.164406e+01
3.539000e+00	-3.172280e+01
3.540000e+00	-3.191157e+01
3.541000e+00	-3.205720e+01
3.542000e+00	-3.211421e+01
3.543000e+00	-3.213382e+01
3.544000e+00	-3.219850e+01
3.545000e+00	-3.232921e+01
3.546000e+00	-3.247166e+01
3.547000e+00	-3.256638e+01
3.548000e+00	-3.261383e+01
3.549000e+00	-3.266379e+01
3.550000e+00	-3.275343e+01
3.551000e+00	-3.286737e+01
3.552000e+00	-3.295977e+01
3.553000e+00	-3.301305e+01
3.554000e+00	-3.306119e+01
3.555000e+00	-3.314498e+01
3.556000e+00	-3.325454e+01
3.557000e+00	-3.333774e+01
3.558000e+00	-3.336935e+01
3.559000e+00	-3.338966e+01
3.560000e+00	-3.345759e+01
3.561000e+00	-3.357696e+01
3.562000e+00	-3.368577e+01
3.563000e+00	-3.372285e+01
3.563500e+00	-3.371543e+01
3.564000e+00	-3.370257e+01
3.565000e+00	-3.370952e+01
3.566000e+00	-3.380655e+01
3.567000e+00	-3.395371e+01
3.568000e+00	-3.404066e+01
3.569000e+00	-3.401398e+01
3.570000e+00	-3.394976e+01
3.571000e+00	-3.397215e+01
3.572000e+00	-3.411109e+01
3.573000e+00	-3.426390e+01
3.574000e+00	-3.430275e+01
3.574500e+00	-3.426982e+01
3.575000e+00	-3.421725e+01
3.576000e+00	-3.413448e+01
3.577000e+00	-3.418582e+01
3.577500e+00	-3.426460e+01
3.578000e+00	-3.435766e+01
3.579000e+00	-3.449279e+01
3.580000e+00	-3.446273e+01
3.581000e+00	-3.432275e+01
3.582000e+00	-3.425337e+01
3.583000e+00	-3.435672e+01
3.584000e+00	-3.454310e+01
3.585000e+00	-3.462640e+01
3.585500e+00	-3.459649e+01
3.586000e+00	-3.452747e+01
3.587000e+00	-3.436358e+01
3.588000e+00	-3.432490e+01
3.589000e+00	-3.446763e+01
3.590000e+00	-3.464351e+01
3.591000e+00	-3.465762e+01
3.592000e+00	-3.449433e+01
3.593000e+00	-3.433624e+01
3.594000e+00	-3.435580e+01
3.595000e+00	-3.452674e+01
3.596000e+00	-3.465548e+01
3.596500e+00	-3.465017e+01
3.597000e+00	-3.459386e+01
3.598000e+00	-3.439884e+01
3.599000e+00	-3.426940e+01
3.600000e+00	-3.433225e+01
3.601000e+00	-3.450199e+01
3.602000e+00	-3.457052e+01
3.603000e+00	-3.444222e+01
3.604000e+00	-3.424134e+01
3.605000e+00	-3.416527e+01
3.606000e+00	-3.426640e+01
3.607000e+00	-3.440222e+01
3.608000e+00	-3.439693e+01
3.609000e+00	-3.422989e+01
3.610000e+00	-3.405122e+01
3.611000e+00	-3.401686e+01
3.612000e+00	-3.412225e+01
3.613000e+00	-3.420968e+01
3.614000e+00	-3.414365e+01
3.615000e+00	-3.396224e+01
3.616000e+00	-3.382333e+01
3.617000e+00	-3.382692e+01
3.618000e+00	-3.391212e+01
3.619000e+00	-3.393524e+01
3.620000e+00	-3.382704e+01
3.621000e+00	-3.365907e+01
3.622000e+00	-3.355740e+01
3.623000e+00	-3.356840e+01
3.624000e+00	-3.361464e+01
3.625000e+00	-3.358521e+01
3.626000e+00	-3.345863e+01
3.627000e+00	-3.331847e+01
3.628000e+00	-3.325082e+01
3.629000e+00	-3.325135e+01
3.630000e+00	-3.324327e+01
3.631000e+00	-3.316913e+01
3.632000e+00	-3.304761e+01
3.633000e+00	-3.294237e+01
3.634000e+00	-3.288878e+01
3.635000e+00	-3.285953e+01
3.636000e+00	-3.280217e+01
3.637000e+00	-3.270269e+01
3.638000e+00	-3.259885e+01
3.639000e+00	-3.252791e+01
3.640000e+00	-3.247820e+01
3.641000e+00	-3.240690e+01
3.642000e+00	-3.229888e+01
3.643000e+00	-3.218769e+01
3.644000e+00	-3.211287e+01
3.645000e+00	-3.206953e+01
3.646000e+00	-3.201015e+01
3.647000e+00	-3.189714e+01
3.648000e+00	-3.175077e+01
3.649000e+00	-3.163501e+01
3.650000e+00	-3.158658e+01
3.651000e+00	-3.156809e+01
3.652000e+00	-3.149618e+01
3.653000e+00	-3.133918e+01
3.654000e+00	-3.115699e+01
3.655000e+00	-3.104308e+01
3.656000e+00	-3.102385e+01
3.657000e+00	-3.102504e+01
3.658000e+00	-3.094262e+01
3.659000e+00	-3.075156e+01
3.660000e+00	-3.053698e+01
3.661000e+00	-3.041490e+01
3.661500e+00	-3.040285e+01
3.662000e+00	-3.041370e+01
3.663000e+00	-3.043548e+01
3.664000e+00	-3.034899e+01
3.665000e+00	-3.012808e+01
3.666000e+00	-2.988394e+01
3.667000e+00	-2.975393e+01
3.667500e+00	-2.974584e+01
3.668000e+00	-2.976375e+01
3.669000e+00	-2.980049e+01
3.669368e+00	-2.979200e+01
3.670000e+00	-2.972500e+01
3.671000e+00	-2.949872e+01
3.672000e+00	-2.922893e+01
3.673000e+00	-2.906491e+01
3.673667e+00	-2.904783e+01
3.674000e+00	-2.906109e+01
3.674333e+00	-2.908177e+01
3.675000e+00	-2.911829e+01
3.676000e+00	-2.907077e+01
3.677000e+00	-2.885094e+01
3.678000e+00	-2.855829e+01
3.679000e+00	-2.836124e+01
3.680000e+00	-2.833692e+01
3.681000e+00	-2.840065e+01
3.682000e+00	-2.838488e+01
3.682312e+00	-2.834646e+01
3.683000e+00	-2.819911e+01
3.684000e+00	-2.790476e+01
3.685000e+00	-2.765999e+01
3.686000e+00	-2.757902e+01
3.686333e+00	-2.758754e+01
3.687000e+00	-2.763040e+01
3.688000e+00	-2.765971e+01
3.689000e+00	-2.753110e+01
3.690000e+00	-2.725360e+01
3.691000e+00	-2.697311e+01
3.692000e+00	-2.683138e+01
3.692333e+00	-2.682250e+01
3.692667e+00	-2.682897e+01
3.693000e+00	-2.684577e+01
3.694000e+00	-2.689649e+01
3.695000e+00	-2.683531e+01
3.696000e+00	-2.661262e+01
3.697000e+00	-2.631941e+01
3.698000e+00	-2.610610e+01
3.699000e+00	-2.605035e+01
3.700000e+00	-2.609335e+01
3.701000e+00	-2.609138e+01
3.702000e+00	-2.594368e+01
3.703000e+00	-2.567949e+01
3.704000e+00	-2.542668e+01
3.705000e+00	-2.529632e+01
3.705500e+00	-2.528259e+01
3.706000e+00	-2.529070e+01
3.707000e+00	-2.530899e+01
3.708000e+00	-2.523499e+01
3.709000e+00	-2.504025e+01
3.710000e+00	-2.479041e+01
3.711000e+00	-2.459401e+01
3.712000e+00	-2.451099e+01
3.713000e+00	-2.450467e+01
3.714000e+00	-2.448621e+01
3.715000e+00	-2.437345e+01
3.716000e+00	-2.417058e+01
3.717000e+00	-2.395531e+01
3.718000e+00	-2.380954e+01
3.719000e+00	-2.375093e+01
3.720000e+00	-2.372606e+01
3.721000e+00	-2.366199e+01
3.722000e+00	-2.352471e+01
3.723000e+00	-2.334077e+01
3.724000e+00	-2.316995e+01
3.725000e+00	-2.305609e+01
3.726000e+00	-2.299488e+01
3.727000e+00	-2.294154e+01
3.728000e+00	-2.284940e+01
3.729000e+00	-2.271087e+01
3.730000e+00	-2.255846e+01
3.731000e+00	-2.243209e+01
3.732000e+00	-2.234458e+01
3.733000e+00	-2.227326e+01
3.734000e+00	-2.218497e+01
3.735000e+00	-2.206685e+01
3.736000e+00	-2.193550e+01
3.737000e+00	-2.181987e+01
3.738000e+00	-2.173517e+01
3.739000e+00	-2.166804e+01
3.740000e+00	-2.158921e+01
3.741000e+00	-2.147743e+01
3.742000e+00	-2.134086e+01
3.743000e+00	-2.121182e+01
3.744000e+00	-2.112404e+01
3.745000e+00	-2.107930e+01
3.746000e+00	-2.104196e+01
3.747000e+00	-2.096559e+01
3.748000e+00	-2.083224e+01
3.749000e+00	-2.067046e+01
3.750000e+00	-2.053493e+01
3.751000e+00	-2.046528e+01
3.752000e+00	-2.045507e+01
3.753000e+00	-2.045416e+01
3.754000e+00	-2.040202e+01
3.755000e+00	-2.027239e+01
3.756000e+00	-2.009413e+01
3.757000e+00	-1.993472e+01
3.758000e+00	-1.985449e+01
3.759000e+00	-1.986339e+01
3.760000e+00	-1.990634e+01
3.761000e+00	-1.990119e+01
3.762000e+00	-1.979550e+01
3.763000e+00	-1.960821e+01
3.764000e+00	-1.941803e+01
3.765000e+00	-1.930895e+01
3.766000e+00	-1.931312e+01
3.767000e+00	-1.938779e+01
3.768000e+00	-1.944236e+01
3.768500e+00	-1.943527e+01
3.769000e+00	-1.939773e+01
3.770000e+00	-1.923947e+01
3.771000e+00	-1.902929e+01
3.772000e+00	-1.886561e+01
3.773000e+00	-1.882267e+01
3.774000e+00	-1.889535e+01
3.775000e+00	-1.900582e+01
3.776000e+00	-1.904400e+01
3.777000e+00	-1.894849e+01
3.778000e+00	-1.874816e+01
3.779000e+00	-1.854417e+01
3.780000e+00	-1.843820e+01
3.781000e+00	-1.847178e+01
3.782000e+00	-1.859887e+01
3.783000e+00	-1.871479e+01
3.783625e+00	-1.873635e+01
3.784000e+00	-1.872230e+01
3.785000e+00	-1.859002e+01
3.786000e+00	-1.837952e+01
3.787000e+00	-1.820148e+01
3.788000e+00	-1.814805e+01
3.789000e+00	-1.823573e+01
3.790000e+00	-1.839261e+01
3.791000e+00	-1.850125e+01
3.792000e+00	-1.847480e+01
3.793000e+00	-1.831585e+01
3.794000e+00	-1.811336e+01
3.795000e+00	-1.798240e+01
3.795312e+00	-1.797002e+01
3.795687e+00	-1.797445e+01
3.796000e+00	-1.799360e+01
3.797000e+00	-1.812700e+01
3.798000e+00	-1.829083e+01
3.799000e+00	-1.837590e+01
3.799500e+00	-1.836727e+01
3.800000e+00	-1.832374e+01
3.801000e+00	-1.816260e+01
3.802000e+00	-1.798785e+01
3.803000e+00	-1.790303e+01
3.803500e+00	-1.791306e+01
3.804000e+00	-1.795741e+01
3.805000e+00	-1.811504e+01
3.806000e+00	-1.827581e+01
3.807000e+00	-1.833851e+01
3.807500e+00	-1.831827e+01
3.808000e+00	-1.826725e+01
3.809000e+00	-1.811380e+01
3.810000e+00	-1.798036e+01
3.811000e+00	-1.795514e+01
3.812000e+00	-1.805442e+01
3.813000e+00	-1.822052e+01
3.814000e+00	-1.835735e+01
3.815000e+00	-1.839080e+01
3.815500e+00	-1.836366e+01
3.816000e+00	-1.831414e+01
3.817000e+00	-1.818913e+01
3.818000e+00	-1.810559e+01
3.819000e+00	-1.812665e+01
3.820000e+00	-1.825001e+01
3.821000e+00	-1.841035e+01
3.822000e+00	-1.852130e+01
3.823000e+00	-1.853210e+01
3.824000e+00	-1.845981e+01
3.825000e+00	-1.837564e+01
3.826000e+00	-1.835412e+01
3.826312e+00	-1.836681e+01
3.826656e+00	-1.839143e+01
3.827000e+00	-1.842594e+01
3.828000e+00	-1.856129e+01
3.829000e+00	-1.869383e+01
3.830000e+00	-1.876466e+01
3.830500e+00	-1.877042e+01
3.831000e+00	-1.875960e+01
3.832000e+00	-1.871346e+01
3.833000e+00	-1.868529e+01
3.833812e+00	-1.870746e+01
3.834000e+00	-1.871936e+01
3.835000e+00	-1.881878e+01
3.836000e+00	-1.894478e+01
3.837000e+00	-1.904472e+01
3.838000e+00	-1.908834e+01
3.839000e+00	-1.908756e+01
3.840000e+00	-1.908526e+01
3.841000e+00	-1.912082e+01
3.842000e+00	-1.920317e+01
3.843000e+00	-1.930695e+01
3.843448e+00	-1.935531e+01
3.844000e+00	-1.939820e+01
3.845000e+00	-1.945618e+01
3.846000e+00	-1.948862e+01
3.847000e+00	-1.952206e+01
3.848000e+00	-1.958006e+01
3.849000e+00	-1.966661e+01
3.850000e+00	-1.976361e+01
3.851000e+00	-1.984525e+01
3.852000e+00	-1.989952e+01
3.853000e+00	-1.993971e+01
3.854000e+00	-1.999533e+01
3.855000e+00	-2.008578e+01
3.856000e+00	-2.020156e+01
3.857000e+00	-2.030926e+01
3.858000e+00	-2.037891e+01
3.859000e+00	-2.041099e+01
3.860000e+00	-2.043911e+01
3.861000e+00	-2.050466e+01
3.862000e+00	-2.062517e+01
3.863000e+00	-2.077608e+01
3.864000e+00	-2.090810e+01
3.865000e+00	-2.098179e+01
3.866000e+00	-2.099918e+01
3.867000e+00	-2.100723e+01
3.868000e+00	-2.106675e+01
3.869000e+00	-2.120619e+01
3.870000e+00	-2.139438e+01
3.871000e+00	-2.155796e+01
3.872000e+00	-2.163660e+01
3.873000e+00	-2.163374e+01
3.874000e+00	-2.161840e+01
3.875000e+00	-2.167360e+01
3.876000e+00	-2.183291e+01
3.877000e+00	-2.205217e+01
3.878000e+00	-2.224064e+01
3.879000e+00	-2.232805e+01
3.879500e+00	-2.232979e+01
3.880000e+00	-2.231398e+01
3.881000e+00	-2.228096e+01
3.882000e+00	-2.232975e+01
3.882500e+00	-2.240257e+01
3.883000e+00	-2.250508e+01
3.884000e+00	-2.275462e+01
3.885000e+00	-2.296274e+01
3.886000e+00	-2.304139e+01
3.886500e+00	-2.303201e+01
3.887000e+00	-2.300437e+01
3.888000e+00	-2.295974e+01
3.889000e+00	-2.302369e+01
3.890000e+00	-2.322902e+01
3.891000e+00	-2.349730e+01
3.892000e+00	-2.370210e+01
3.892417e+00	-2.374962e+01
3.893000e+00	-2.376396e+01
3.893286e+00	-2.375597e+01
3.893714e+00	-2.373129e+01
3.894000e+00	-2.371100e+01
3.895000e+00	-2.366903e+01
3.896000e+00	-2.375643e+01
3.897000e+00	-2.399159e+01
3.898000e+00	-2.427288e+01
3.899000e+00	-2.445716e+01
3.900000e+00	-2.447825e+01
3.901000e+00	-2.440668e+01
3.902000e+00	-2.439027e+01
3.902500e+00	-2.443943e+01
3.903000e+00	-2.453142e+01
3.904000e+00	-2.480252e+01
3.905000e+00	-2.506926e+01
3.906000e+00	-2.520205e+01
3.906500e+00	-2.520626e+01
3.907000e+00	-2.518053e+01
3.908000e+00	-2.511168e+01
3.909000e+00	-2.514310e+01
3.909500e+00	-2.522190e+01
3.910000e+00	-2.533867e+01
3.911000e+00	-2.562414e+01
3.912000e+00	-2.584683e+01
3.913000e+00	-2.590857e+01
3.914000e+00	-2.585236e+01
3.915000e+00	-2.582234e+01
3.915500e+00	-2.585820e+01
3.916000e+00	-2.593560e+01
3.917000e+00	-2.618284e+01
3.918000e+00	-2.644026e+01
3.919000e+00	-2.657936e+01
3.919500e+00	-2.659186e+01
3.920000e+00	-2.657668e+01
3.921000e+00	-2.652989e+01
3.922000e+00	-2.657134e+01
3.923000e+00	-2.675435e+01
3.924000e+00	-2.700691e+01
3.925000e+00	-2.719572e+01
3.926000e+00	-2.724881e+01
3.927000e+00	-2.721971e+01
3.928000e+00	-2.723204e+01
3.929000e+00	-2.736389e+01
3.930000e+00	-2.758137e+01
3.931000e+00	-2.777695e+01
3.932000e+00	-2.786985e+01
3.932500e+00	-2.787875e+01
3.933000e+00	-2.787528e+01
3.934000e+00	-2.788395e+01
3.935000e+00	-2.797692e+01
3.936000e+00	-2.815372e+01
3.937000e+00	-2.833628e+01
3.938000e+00	-2.844774e+01
3.938333e+00	-2.846539e+01
3.938667e+00	-2.847595e+01
3.939000e+00	-2.848228e+01
3.940000e+00	-2.850775e+01
3.941000e+00	-2.859118e+01
3.942000e+00	-2.873538e+01
3.943000e+00	-2.888482e+01
3.944000e+00	-2.898689e+01
3.945000e+00	-2.904117e+01
3.946000e+00	-2.909181e+01
3.947000e+00	-2.917897e+01
3.948000e+00	-2.929983e+01
3.949000e+00	-2.941586e+01
3.950000e+00	-2.949733e+01
3.951000e+00	-2.955681e+01
3.952000e+00	-2.963200e+01
3.953000e+00	-2.973765e+01
3.954000e+00	-2.984651e+01
3.955000e+00	-2.992329e+01
3.956000e+00	-2.997025e+01
3.957000e+00	-3.002740e+01
3.958000e+00	-3.012623e+01
3.959000e+00	-3.025343e+01
3.960000e+00	-3.035598e+01
3.961000e+00	-3.040081e+01
3.962000e+00	-3.041324e+01
3.963000e+00	-3.045950e+01
3.964000e+00	-3.057796e+01
3.965000e+00	-3.072896e+01
3.966000e+00	-3.082736e+01
3.967000e+00	-3.083475e+01
3.967500e+00	-3.081954e+01
3.968000e+00	-3.080890e+01
3.969000e+00	-3.084801e+01
3.970000e+00	-3.098740e+01
3.971000e+00	-3.115738e+01
3.972000e+00	-3.124902e+01
3.973000e+00	-3.122584e+01
3.974000e+00	-3.116763e+01
3.975000e+00	-3.119649e+01
3.975500e+00	-3.126137e+01
3.976000e+00	-3.135137e+01
3.977000e+00	-3.153739e+01
3.978000e+00	-3.161622e+01
3.979000e+00	-3.155554e+01
3.980000e+00	-3.146970e+01
3.981000e+00	-3.150225e+01
3.982000e+00	-3.167604e+01
3.983000e+00	-3.186599e+01
3.984000e+00	-3.192480e+01
3.984500e+00	-3.189279e+01
3.985000e+00	-3.183526e+01
3.986000e+00	-3.173084e+01
3.987000e+00	-3.176381e+01
3.987312e+00	-3.180989e+01
3.987722e+00	-3.188650e+01
3.988000e+00	-3.194383e+01
3.989000e+00	-3.212742e+01
3.990000e+00	-3.216064e+01
3.990542e+00	-3.210876e+01
3.991000e+00	-3.204581e+01
3.992000e+00	-3.193718e+01
3.993000e+00	-3.198039e+01
3.994000e+00	-3.216593e+01
3.995000e+00	-3.233551e+01
3.996000e+00	-3.234571e+01
3.996500e+00	-3.228863e+01
3.997000e+00	-3.221203e+01
3.998000e+00	-3.209796e+01
3.999000e+00	-3.214665e+01
4.000000e+00	-3.233360e+01


